Stim,Trigger
50.0,1.0
50.62830199416763,0.0
51.25650477216688,0.0
51.88450913349673,0.0
52.51221590898848,0.0
53.13952597646567,0.0
53.76634027639663,0.0
54.392559827537156,0.0
55.01808574256074,0.0
55.64281924367408,0.0
56.266661678215215,0.0
56.88951453423191,0.0
57.511279456037855,0.0
58.13185825974418,0.0
58.7511529487638,0.0
59.369065729286234,0.0
59.98549902572035,0.0
60.60035549610273,0.0
61.21353804746906,0.0
61.82494985118623,0.0
62.43449435824274,0.0
63.042075314494845,0.0
63.64759677586626,0.0
64.2509631234988,0.0
64.85207907885174,0.0
65.45084971874736,0.0
66.04718049036047,0.0
66.64097722614933,0.0
67.23214615872585,0.0
67.82059393566254,0.0
68.4062276342339,0.0
68.98895477609005,0.0
69.56868334186012,0.0
70.14532178568314,0.0
70.7187790496642,0.0
71.28896457825363,0.0
71.85578833254664,0.0
72.41916080450162,0.0
72.9789930310744,0.0
73.53519660826663,0.0
74.08768370508577,0.0
74.63636707741458,0.0
75.18116008178804,0.0
75.72197668907532,0.0
76.25873149806479,0.0
76.79133974894984,0.0
77.31971733671345,0.0
77.8437808244094,0.0
78.36344745633782,0.0
78.87863517111337,0.0
79.38926261462366,0.0
79.89524915287595,0.0
80.39651488473027,0.0
80.89298065451672,0.0
81.38456806453502,0.0
81.87119948743448,0.0
82.3527980784722,0.0
82.82928778764783,0.0
83.30059337171258,0.0
83.76664040605122,0.0
84.22735529643444,0.0
84.68266529064024,0.0
85.13249848994246,0.0
85.57678386046427,0.0
86.01545124439534,0.0
86.44843137107057,0.0
86.87565586790869,0.0
87.2970572712091,0.0
87.71256903680518,0.0
88.12212555057239,0.0
88.52566213878946,0.0
88.92311507835117,0.0
89.31442160683095,0.0
89.69951993239177,0.0
90.07834924354383,0.0
90.45084971874738,0.0
90.8169625358592,0.0
91.17662988142138,0.0
91.52979495979062,0.0
91.87640200210708,0.0
92.21639627510075,0.0
92.54972408973458,0.0
92.87633280968261,0.0
93.19617085964177,0.0
93.50918773347628,0.0
93.81533400219318,0.0
94.11456132174766,0.0
94.40682244067722,0.0
94.69207120756319,0.0
94.97026257831854,0.0
95.24135262330097,0.0
95.50529853424979,0.0
95.76205863104587,0.0
96.01159236829352,0.0
96.25386034172291,0.0
96.48882429441258,0.0
96.7164471228306,0.0
96.9366928826937,0.0
97.14952679464322,0.0
97.35491524973722,0.0
97.55282581475768,0.0
97.74322723733215,0.0
97.9260894508688,0.0
98.1013835793043,0.0
98.2690819416637,0.0
98.42915805643156,0.0
98.5815866457337,0.0
98.72634363932886,0.0
98.86340617840968,0.0
98.99275261921234,0.0
99.11436253643443,0.0
99.22821672646026,0.0
99.3342972103934,0.0
99.4325872368957,0.0
99.52307128483255,0.0
99.60573506572389,0.0
99.68056552600042,0.0
99.74755084906501,0.0
99.80668045715862,0.0
99.8579450130307,0.0
99.90133642141357,0.0
99.93684783030088,0.0
99.96447363202947,0.0
99.98420946416499,0.0
99.99605221019081,0.0
100.0,0.0
99.99605221019081,0.0
99.98420946416499,0.0
99.96447363202947,0.0
99.93684783030088,0.0
99.90133642141357,0.0
99.8579450130307,0.0
99.80668045715862,0.0
99.74755084906501,0.0
99.68056552600042,0.0
99.60573506572389,0.0
99.52307128483255,0.0
99.4325872368957,0.0
99.3342972103934,0.0
99.22821672646027,0.0
99.11436253643444,0.0
98.99275261921234,0.0
98.86340617840968,0.0
98.72634363932886,0.0
98.5815866457337,0.0
98.42915805643156,0.0
98.2690819416637,0.0
98.1013835793043,0.0
97.9260894508688,0.0
97.74322723733215,0.0
97.55282581475768,0.0
97.35491524973722,0.0
97.14952679464324,0.0
96.9366928826937,0.0
96.7164471228306,0.0
96.48882429441258,0.0
96.25386034172291,0.0
96.01159236829352,0.0
95.76205863104587,0.0
95.50529853424979,0.0
95.24135262330097,0.0
94.97026257831857,0.0
94.6920712075632,0.0
94.40682244067723,0.0
94.11456132174767,0.0
93.81533400219317,0.0
93.50918773347628,0.0
93.19617085964177,0.0
92.87633280968261,0.0
92.5497240897346,0.0
92.21639627510075,0.0
91.87640200210708,0.0
91.52979495979064,0.0
91.17662988142138,0.0
90.8169625358592,0.0
90.45084971874738,0.0
90.07834924354383,0.0
89.69951993239177,0.0
89.31442160683096,0.0
88.92311507835117,0.0
88.52566213878947,0.0
88.1221255505724,0.0
87.7125690368052,0.0
87.29705727120911,0.0
86.8756558679087,0.0
86.44843137107057,0.0
86.01545124439535,0.0
85.57678386046427,0.0
85.13249848994246,0.0
84.68266529064027,0.0
84.22735529643442,0.0
83.76664040605124,0.0
83.30059337171258,0.0
82.82928778764781,0.0
82.35279807847223,0.0
81.87119948743448,0.0
81.38456806453503,0.0
80.89298065451673,0.0
80.39651488473027,0.0
79.89524915287595,0.0
79.38926261462366,0.0
78.87863517111339,0.0
78.36344745633784,0.0
77.8437808244094,0.0
77.31971733671347,0.0
76.79133974894984,0.0
76.25873149806478,0.0
75.72197668907533,0.0
75.18116008178805,0.0
74.63636707741458,0.0
74.08768370508577,0.0
73.53519660826663,0.0
72.9789930310744,0.0
72.41916080450162,0.0
71.85578833254664,0.0
71.28896457825364,0.0
70.71877904966422,0.0
70.14532178568314,0.0
69.56868334186012,0.0
68.98895477609007,0.0
68.40622763423391,0.0
67.82059393566254,0.0
67.23214615872585,0.0
66.64097722614932,0.0
66.04718049036049,0.0
65.45084971874738,0.0
64.85207907885174,0.0
64.25096312349882,0.0
63.647596775866255,0.0
63.04207531449485,0.0
62.43449435824276,0.0
61.82494985118623,0.0
61.21353804746907,0.0
60.600355496102736,0.0
59.98549902572035,0.0
59.36906572928625,0.0
58.751152948763796,0.0
58.13185825974419,0.0
57.511279456037855,0.0
56.8895145342319,0.0
56.26666167821523,0.0
55.6428192436741,0.0
55.01808574256075,0.0
54.39255982753718,0.0
53.76634027639663,0.0
53.13952597646568,0.0
52.51221590898848,0.0
51.88450913349673,0.0
51.25650477216689,0.0
50.62830199416764,0.0
50.00000000000001,0.0
49.37169800583237,0.0
48.74349522783312,0.0
48.115490866503286,0.0
47.48778409101153,0.0
46.86047402353433,0.0
46.23365972360336,0.0
45.60744017246286,0.0
44.981914257439264,0.0
44.35718075632592,0.0
43.73333832178481,0.0
43.11048546576811,0.0
42.48872054396216,0.0
41.868141740255844,0.0
41.24884705123622,0.0
40.630934270713766,0.0
40.014500974279656,0.0
39.39964450389727,0.0
38.78646195253096,0.0
38.17505014881378,0.0
37.56550564175725,0.0
36.95792468550516,0.0
36.35240322413374,0.0
35.74903687650121,0.0
35.14792092114826,0.0
34.54915028125266,0.0
33.952819509639525,0.0
33.35902277385067,0.0
32.76785384127416,0.0
32.17940606433747,0.0
31.593772365766128,0.0
31.011045223909942,0.0
30.43131665813987,0.0
29.854678214316873,0.0
29.281220950335797,0.0
28.711035421746388,0.0
28.144211667453348,0.0
27.580839195498378,0.0
27.02100696892561,0.0
26.464803391733373,0.0
25.912316294914252,0.0
25.36363292258545,0.0
24.818839918211943,0.0
24.27802331092468,0.0
23.74126850193523,0.0
23.20866025105018,0.0
22.680282663286572,0.0
22.156219175590603,0.0
21.636552543662173,0.0
21.12136482888663,0.0
20.61073738537635,0.0
20.104750847124077,0.0
19.60348511526975,0.0
19.107019345483277,0.0
18.615431935464983,0.0
18.12880051256552,0.0
17.647201921527802,0.0
17.170712212352193,0.0
16.699406628287413,0.0
16.233359593948784,0.0
15.772644703565561,0.0
15.317334709359763,0.0
14.867501510057544,0.0
14.423216139535747,0.0
13.984548755604656,0.0
13.551568628929424,0.0
13.124344132091316,0.0
12.702942728790894,0.0
12.287430963194822,0.0
11.877874449427608,0.0
11.474337861210529,0.0
11.07688492164882,0.0
10.685578393169074,0.0
10.300480067608248,0.0
9.92165075645618,0.0
9.549150281252636,0.0
9.183037464140803,0.0
8.82337011857863,0.0
8.470205040209386,0.0
8.123597997892936,0.0
7.783603724899237,0.0
7.450275910265418,0.0
7.1236671903173985,0.0
6.803829140358239,0.0
6.490812266523719,0.0
6.1846659978068175,0.0
5.885438678252328,0.0
5.593177559322768,0.0
5.307928792436826,0.0
5.02973742168146,0.0
4.758647376699031,0.0
4.494701465750225,0.0
4.237941368954125,0.0
3.9884076317064796,0.0
3.7461396582770945,0.0
3.5111757055874406,0.0
3.2835528771693916,0.0
3.0633071173062945,0.0
2.850473205356785,0.0
2.6450847502627894,0.0
2.447174185242325,0.0
2.2567727626678504,0.0
2.073910549131206,0.0
1.8986164206957028,0.0
1.7309180583363002,0.0
1.5708419435684533,0.0
1.4184133542663062,0.0
1.27365636067114,0.0
1.1365938215903313,0.0
1.0072473807876605,0.0
0.8856374635655655,0.0
0.7717832735397394,0.0
0.6657027896066054,0.0
0.5674127631042936,0.0
0.47692871516743907,0.0
0.39426493427610865,0.0
0.31943447399957847,0.0
0.25244915093499287,0.0
0.19331954284137254,0.0
0.14205498696930619,0.0
0.09866357858642516,0.0
0.06315216969912996,0.0
0.03552636797054021,0.0
0.015790535835002117,0.0
0.003947789809195967,0.0
0.0,0.0
0.003947789809195967,0.0
0.015790535835002117,0.0
0.0355263679705331,0.0
0.06315216969912996,0.0
0.09866357858642516,0.0
0.14205498696930619,0.0
0.19331954284137254,0.0
0.25244915093499287,0.0
0.31943447399957847,0.0
0.39426493427610865,0.0
0.47692871516743907,0.0
0.5674127631043007,0.0
0.6657027896065912,0.0
0.7717832735397252,0.0
0.8856374635655726,0.0
1.0072473807876534,0.0
1.1365938215903242,0.0
1.273656360671147,0.0
1.418413354266299,0.0
1.5708419435684462,0.0
1.7309180583363144,0.0
1.8986164206956957,0.0
2.073910549131206,0.0
2.2567727626678504,0.0
2.447174185242318,0.0
2.6450847502627823,0.0
2.850473205356778,0.0
3.0633071173062945,0.0
3.2835528771693845,0.0
3.5111757055874193,0.0
3.7461396582771016,0.0
3.9884076317064725,0.0
4.237941368954118,0.0
4.494701465750211,0.0
4.758647376699024,0.0
5.029737421681432,0.0
5.307928792436819,0.0
5.593177559322783,0.0
5.885438678252328,0.0
6.18466599780681,0.0
6.490812266523712,0.0
6.803829140358232,0.0
7.123667190317384,0.0
7.450275910265411,0.0
7.783603724899251,0.0
8.123597997892894,0.0
8.470205040209358,0.0
8.823370118578644,0.0
9.183037464140789,0.0
9.549150281252622,0.0
9.921650756456167,0.0
10.300480067608206,0.0
10.68557839316906,0.0
11.07688492164884,0.0
11.474337861210522,0.0
11.877874449427587,0.0
12.2874309631948,0.0
12.70294272879088,0.0
13.124344132091295,0.0
13.551568628929424,0.0
13.984548755604656,0.0
14.423216139535711,0.0
14.867501510057515,0.0
15.317334709359763,0.0
15.772644703565554,0.0
16.23335959394877,0.0
16.699406628287413,0.0
17.17071221235217,0.0
17.64720192152778,0.0
18.12880051256552,0.0
18.615431935464986,0.0
19.107019345483263,0.0
19.603485115269713,0.0
20.10475084712404,0.0
20.610737385376332,0.0
21.121364828886612,0.0
21.636552543662173,0.0
22.156219175590603,0.0
22.680282663286516,0.0
23.208660251050183,0.0
23.74126850193523,0.0
24.278023310924663,0.0
24.81883991821195,0.0
25.363632922585417,0.0
25.912316294914195,0.0
26.464803391733373,0.0
27.021006968925615,0.0
27.58083919549836,0.0
28.14421166745333,0.0
28.71103542174635,0.0
29.28122095033578,0.0
29.854678214316856,0.0
30.431316658139878,0.0
31.011045223909946,0.0
31.593772365766064,0.0
32.179406064337435,0.0
32.76785384127416,0.0
33.35902277385065,0.0
33.95281950963951,0.0
34.549150281252615,0.0
35.14792092114825,0.0
35.749036876501194,0.0
36.35240322413374,0.0
36.95792468550516,0.0
37.565505641757234,0.0
38.17505014881374,0.0
38.78646195253092,0.0
39.39964450389726,0.0
40.01450097427964,0.0
40.630934270713766,0.0
41.248847051236154,0.0
41.86814174025578,0.0
42.48872054396216,0.0
43.110485465768114,0.0
43.73333832178477,0.0
44.3571807563259,0.0
44.98191425743924,0.0
45.60744017246284,0.0
46.23365972360337,0.0
46.86047402353434,0.0
47.48778409101149,0.0
48.115490866503244,0.0
48.7434952278331,0.0
49.37169800583235,0.0
49.999999999999986,0.0
50.62830199416762,0.0
51.25650477216687,0.0
51.884509133496685,0.0
52.51221590898849,0.0
53.139525976465684,0.0
53.76634027639661,0.0
54.39255982753714,0.0
55.01808574256073,0.0
55.642819243674076,0.0
56.26666167821521,0.0
56.88951453423191,0.0
57.51127945603786,0.0
58.13185825974415,0.0
58.751152948763774,0.0
59.369065729286255,0.0
59.98549902572034,0.0
60.60035549610272,0.0
61.21353804746906,0.0
61.82494985118619,0.0
62.4344943582427,0.0
63.04207531449485,0.0
63.64759677586623,0.0
64.25096312349878,0.0
64.85207907885173,0.0
65.45084971874736,0.0
66.04718049036043,0.0
66.64097722614929,0.0
67.23214615872581,0.0
67.82059393566254,0.0
68.40622763423391,0.0
68.98895477609007,0.0
69.5686833418601,0.0
70.14532178568312,0.0
70.71877904966419,0.0
71.28896457825363,0.0
71.85578833254661,0.0
72.41916080450159,0.0
72.97899303107437,0.0
73.5351966082666,0.0
74.08768370508578,0.0
74.6363670774146,0.0
75.18116008178804,0.0
75.72197668907532,0.0
76.25873149806479,0.0
76.79133974894984,0.0
77.31971733671342,0.0
77.84378082440938,0.0
78.36344745633781,0.0
78.87863517111333,0.0
79.38926261462362,0.0
79.89524915287598,0.0
80.39651488473027,0.0
80.89298065451672,0.0
81.38456806453503,0.0
81.87119948743447,0.0
82.3527980784722,0.0
82.82928778764781,0.0
83.30059337171258,0.0
83.76664040605118,0.0
84.2273552964344,0.0
84.68266529064022,0.0
85.13249848994246,0.0
85.57678386046427,0.0
86.01545124439536,0.0
86.44843137107057,0.0
86.87565586790868,0.0
87.2970572712091,0.0
87.71256903680518,0.0
88.12212555057236,0.0
88.52566213878944,0.0
88.92311507835115,0.0
89.31442160683096,0.0
89.69951993239178,0.0
90.07834924354384,0.0
90.45084971874736,0.0
90.81696253585919,0.0
91.17662988142138,0.0
91.52979495979064,0.0
91.87640200210706,0.0
92.21639627510073,0.0
92.54972408973458,0.0
92.87633280968258,0.0
93.19617085964178,0.0
93.5091877334763,0.0
93.81533400219318,0.0
94.11456132174766,0.0
94.40682244067723,0.0
94.69207120756317,0.0
94.97026257831854,0.0
95.24135262330097,0.0
95.50529853424977,0.0
95.76205863104585,0.0
96.01159236829349,0.0
96.25386034172291,0.0
96.48882429441258,0.0
96.7164471228306,0.0
96.9366928826937,0.0
97.14952679464321,0.0
97.3549152497372,0.0
97.55282581475768,0.0
97.74322723733215,0.0
97.92608945086877,0.0
98.10138357930428,0.0
98.26908194166369,0.0
98.42915805643156,0.0
98.5815866457337,0.0
98.72634363932886,0.0
98.86340617840966,0.0
98.99275261921234,0.0
99.11436253643443,0.0
99.22821672646026,0.0
99.3342972103934,0.0
99.4325872368957,0.0
99.52307128483255,0.0
99.60573506572388,0.0
99.68056552600044,0.0
99.74755084906501,0.0
99.80668045715862,0.0
99.8579450130307,0.0
99.90133642141357,0.0
99.93684783030088,0.0
99.96447363202947,0.0
99.98420946416499,0.0
99.99605221019081,0.0
100.0,0.0
99.99605221019081,0.0
99.98420946416499,0.0
99.96447363202947,0.0
99.93684783030088,0.0
99.90133642141357,0.0
99.8579450130307,0.0
99.80668045715862,0.0
99.74755084906501,0.0
99.68056552600042,0.0
99.6057350657239,0.0
99.52307128483257,0.0
99.4325872368957,0.0
99.3342972103934,0.0
99.22821672646027,0.0
99.11436253643443,0.0
98.99275261921235,0.0
98.86340617840966,0.0
98.72634363932886,0.0
98.58158664573371,0.0
98.42915805643156,0.0
98.2690819416637,0.0
98.10138357930431,0.0
97.9260894508688,0.0
97.74322723733215,0.0
97.55282581475768,0.0
97.3549152497372,0.0
97.14952679464324,0.0
96.93669288269372,0.0
96.7164471228306,0.0
96.48882429441258,0.0
96.25386034172293,0.0
96.01159236829352,0.0
95.7620586310459,0.0
95.50529853424979,0.0
95.24135262330097,0.0
94.97026257831855,0.0
94.6920712075632,0.0
94.40682244067722,0.0
94.11456132174769,0.0
93.81533400219317,0.0
93.5091877334763,0.0
93.1961708596418,0.0
92.87633280968262,0.0
92.54972408973461,0.0
92.21639627510075,0.0
91.87640200210706,0.0
91.52979495979062,0.0
91.17662988142138,0.0
90.81696253585918,0.0
90.45084971874738,0.0
90.07834924354387,0.0
89.69951993239177,0.0
89.31442160683098,0.0
88.92311507835123,0.0
88.52566213878949,0.0
88.12212555057238,0.0
87.7125690368052,0.0
87.2970572712091,0.0
86.8756558679087,0.0
86.44843137107061,0.0
86.01545124439534,0.0
85.5767838604643,0.0
85.13249848994246,0.0
84.68266529064027,0.0
84.2273552964345,0.0
83.76664040605124,0.0
83.30059337171255,0.0
82.82928778764783,0.0
82.35279807847218,0.0
81.8711994874345,0.0
81.38456806453506,0.0
80.89298065451672,0.0
80.3965148847303,0.0
79.895249152876,0.0
79.38926261462368,0.0
78.87863517111343,0.0
78.36344745633784,0.0
77.84378082440936,0.0
77.31971733671345,0.0
76.79133974894987,0.0
76.25873149806478,0.0
75.72197668907535,0.0
75.18116008178802,0.0
74.63636707741459,0.0
74.08768370508581,0.0
73.53519660826663,0.0
72.97899303107442,0.0
72.41916080450169,0.0
71.8557883325466,0.0
71.28896457825361,0.0
70.71877904966422,0.0
70.14532178568311,0.0
69.56868334186012,0.0
68.9889547760901,0.0
68.4062276342339,0.0
67.82059393566257,0.0
67.23214615872593,0.0
66.64097722614936,0.0
66.04718049036055,0.0
65.45084971874739,0.0
64.85207907885172,0.0
64.25096312349882,0.0
63.647596775866305,0.0
63.042075314494845,0.0
62.43449435824277,0.0
61.82494985118622,0.0
61.213538047469086,0.0
60.60035549610279,0.0
59.985499025720365,0.0
59.369065729286284,0.0
58.7511529487638,0.0
58.131858259744135,0.0
57.51127945603785,0.0
56.889514534231935,0.0
56.26666167821519,0.0
55.642819243674104,0.0
55.01808574256081,0.0
54.39255982753717,0.0
53.76634027639668,0.0
53.139525976465755,0.0
52.512215908988516,0.0
51.884509133496714,0.0
51.256504772166906,0.0
50.62830199416761,0.0
50.00000000000002,0.0
49.37169800583243,0.0
48.74349522783314,0.0
48.11549086650332,0.0
47.48778409101152,0.0
46.860474023534366,0.0
46.23365972360344,0.0
45.607440172462866,0.0
44.98191425743923,0.0
44.35718075632593,0.0
43.73333832178476,0.0
43.1104854657681,0.0
42.48872054396219,0.0
41.868141740255815,0.0
41.24884705123623,0.0
40.63093427071384,0.0
40.01450097427967,0.0
39.39964450389733,0.0
38.786461952530956,0.0
38.175050148813725,0.0
37.56550564175726,0.0
36.95792468550519,0.0
36.352403224133724,0.0
35.74903687650122,0.0
35.147920921148234,0.0
34.54915028125265,0.0
33.95281950963958,0.0
33.359022773850675,0.0
32.76785384127419,0.0
32.17940606433746,0.0
31.593772365766053,0.0
31.01104522390993,0.0
30.431316658139902,0.0
29.854678214316845,0.0
29.281220950335808,0.0
28.711035421746416,0.0
28.14421166745336,0.0
27.580839195498427,0.0
27.021006968925683,0.0
26.4648033917334,0.0
25.912316294914223,0.0
25.36363292258544,0.0
24.81883991821194,0.0
24.27802331092469,0.0
23.74126850193526,0.0
23.208660251050173,0.0
22.680282663286583,0.0
22.156219175590593,0.0
21.6365525436622,0.0
21.12136482888668,0.0
20.61073738537636,0.0
20.10475084712403,0.0
19.603485115269738,0.0
19.107019345483252,0.0
18.615431935464976,0.0
18.12880051256554,0.0
17.64720192152778,0.0
17.170712212352193,0.0
16.69940662828747,0.0
16.23335959394879,0.0
15.77264470356561,0.0
15.31733470935982,0.0
14.867501510057508,0.0
14.423216139535725,0.0
13.984548755604678,0.0
13.55156862892941,0.0
13.124344132091323,0.0
12.70294272879093,0.0
12.287430963194815,0.0
11.877874449427637,0.0
11.474337861210543,0.0
11.076884921648855,0.0
10.685578393169102,0.0
10.300480067608255,0.0
9.92165075645616,0.0
9.549150281252636,0.0
9.183037464140789,0.0
8.82337011857863,0.0
8.470205040209393,0.0
8.123597997892915,0.0
7.783603724899265,0.0
7.4502759102654466,0.0
7.1236671903173985,0.0
6.803829140358268,0.0
6.490812266523726,0.0
6.184665997806803,0.0
5.885438678252342,0.0
5.59317755932279,0.0
5.307928792436812,0.0
5.02973742168146,0.0
4.758647376699017,0.0
4.494701465750225,0.0
4.2379413689541465,0.0
3.9884076317064867,0.0
3.746139658277123,0.0
3.5111757055874335,0.0
3.2835528771693845,0.0
3.0633071173062945,0.0
2.850473205356785,0.0
2.6450847502627823,0.0
2.447174185242332,0.0
2.2567727626678717,0.0
2.073910549131206,0.0
1.898616420695717,0.0
1.7309180583363286,0.0
1.5708419435684533,0.0
1.418413354266299,0.0
1.273656360671147,0.0
1.136593821590317,0.0
1.0072473807876605,0.0
0.8856374635655726,0.0
0.7717832735397323,0.0
0.6657027896066054,0.0
0.5674127631042936,0.0
0.47692871516744617,0.0
0.39426493427611575,0.0
0.31943447399957847,0.0
0.25244915093499287,0.0
0.19331954284137964,0.0
0.14205498696930619,0.0
0.09866357858642516,0.0
0.06315216969912996,0.0
0.03552636797054021,0.0
0.015790535835002117,0.0
0.003947789809195967,0.0
0.0,0.0
0.003947789809195967,0.0
0.015790535835002117,0.0
0.03552636797054021,0.0
0.06315216969912996,0.0
0.09866357858642516,0.0
0.14205498696930619,0.0
0.19331954284137254,0.0
0.25244915093498577,0.0
0.31943447399957847,0.0
0.39426493427610154,0.0
0.47692871516743907,0.0
0.5674127631042936,0.0
0.6657027896065983,0.0
0.7717832735397252,0.0
0.8856374635655726,0.0
1.0072473807876534,0.0
1.1365938215903313,0.0
1.27365636067114,0.0
1.418413354266292,0.0
1.570841943568439,0.0
1.730918058336293,0.0
1.8986164206956815,0.0
2.073910549131199,0.0
2.2567727626678575,0.0
2.447174185242311,0.0
2.6450847502627965,0.0
2.8504732053567707,0.0
3.0633071173062802,0.0
3.2835528771693987,0.0
3.5111757055874193,0.0
3.7461396582771016,0.0
3.9884076317064725,0.0
4.237941368954097,0.0
4.494701465750204,0.0
4.758647376699038,0.0
5.029737421681446,0.0
5.307928792436826,0.0
5.5931775593227755,0.0
5.885438678252321,0.0
6.184665997806825,0.0
6.4908122665237045,0.0
6.803829140358204,0.0
7.123667190317377,0.0
7.450275910265383,0.0
7.783603724899194,0.0
8.123597997892936,0.0
8.470205040209372,0.0
8.823370118578609,0.0
9.183037464140817,0.0
9.549150281252615,0.0
9.921650756456138,0.0
10.300480067608227,0.0
10.685578393169024,0.0
11.076884921648826,0.0
11.474337861210508,0.0
11.877874449427559,0.0
12.287430963194787,0.0
12.702942728790909,0.0
13.124344132091295,0.0
13.551568628929445,0.0
13.98454875560465,0.0
14.423216139535697,0.0
14.867501510057544,0.0
15.317334709359727,0.0
15.772644703565511,0.0
16.233359593948762,0.0
16.69940662828737,0.0
17.17071221235217,0.0
17.64720192152781,0.0
18.128800512565512,0.0
18.615431935464944,0.0
19.107019345483288,0.0
19.603485115269702,0.0
20.104750847124,0.0
20.610737385376325,0.0
21.12136482888657,0.0
21.636552543662162,0.0
22.156219175590557,0.0
22.680282663286544,0.0
23.208660251050134,0.0
23.74126850193522,0.0
24.278023310924652,0.0
24.818839918211978,0.0
25.363632922585406,0.0
25.912316294914184,0.0
26.464803391733362,0.0
27.021006968925565,0.0
27.580839195498307,0.0
28.14421166745332,0.0
28.711035421746377,0.0
29.28122095033577,0.0
29.854678214316888,0.0
30.431316658139863,0.0
31.011045223909896,0.0
31.593772365766096,0.0
32.17940606433743,0.0
32.76785384127407,0.0
33.35902277385064,0.0
33.952819509639454,0.0
34.54915028125261,0.0
35.14792092114828,0.0
35.74903687650118,0.0
36.352403224133774,0.0
36.95792468550515,0.0
37.56550564175722,0.0
38.175050148813774,0.0
38.786461952530914,0.0
39.3996445038972,0.0
40.01450097427963,0.0
40.63093427071371,0.0
41.24884705123619,0.0
41.86814174025586,0.0
42.488720543962145,0.0
43.11048546576806,0.0
43.7333383217848,0.0
44.35718075632589,0.0
44.981914257439186,0.0
45.60744017246282,0.0
46.23365972360331,0.0
46.86047402353432,0.0
47.48778409101148,0.0
48.11549086650328,0.0
48.743495227833094,0.0
49.371698005832386,0.0
49.99999999999998,0.0
50.62830199416766,0.0
51.25650477216686,0.0
51.88450913349667,0.0
52.51221590898847,0.0
53.13952597646563,0.0
53.766340276396555,0.0
54.39255982753713,0.0
55.018085742560764,0.0
55.64281924367406,0.0
56.26666167821524,0.0
56.88951453423189,0.0
57.511279456037805,0.0
58.13185825974418,0.0
58.75115294876376,0.0
59.369065729286156,0.0
59.98549902572032,0.0
60.600355496102665,0.0
61.213538047469044,0.0
61.82494985118627,0.0
62.43449435824273,0.0
63.0420753144948,0.0
63.64759677586626,0.0
64.25096312349878,0.0
64.85207907885176,0.0
65.45084971874735,0.0
66.04718049036042,0.0
66.64097722614932,0.0
67.23214615872581,0.0
67.82059393566244,0.0
68.40622763423394,0.0
68.98895477609005,0.0
69.5686833418601,0.0
70.14532178568315,0.0
70.71877904966419,0.0
71.28896457825357,0.0
71.85578833254664,0.0
72.41916080450156,0.0
72.97899303107431,0.0
73.53519660826659,0.0
74.0876837050857,0.0
74.63636707741455,0.0
75.18116008178806,0.0
75.7219766890753,0.0
76.25873149806473,0.0
76.79133974894982,0.0
77.31971733671341,0.0
77.84378082440941,0.0
78.3634474563378,0.0
78.87863517111332,0.0
79.38926261462363,0.0
79.89524915287589,0.0
80.39651488473018,0.0
80.89298065451668,0.0
81.38456806453495,0.0
81.87119948743445,0.0
82.35279807847215,0.0
82.82928778764787,0.0
83.3005933717126,0.0
83.76664040605127,0.0
84.22735529643445,0.0
84.68266529064024,0.0
85.13249848994249,0.0
85.57678386046427,0.0
86.01545124439532,0.0
86.44843137107058,0.0
86.87565586790868,0.0
87.29705727120913,0.0
87.71256903680518,0.0
88.12212555057235,0.0
88.52566213878946,0.0
88.92311507835115,0.0
89.31442160683089,0.0
89.69951993239175,0.0
90.07834924354378,0.0
90.4508497187473,0.0
90.81696253585916,0.0
91.17662988142132,0.0
91.52979495979059,0.0
91.87640200210714,0.0
92.21639627510078,0.0
92.5497240897346,0.0
92.87633280968265,0.0
93.19617085964177,0.0
93.50918773347627,0.0
93.8153340021932,0.0
94.11456132174766,0.0
94.4068224406772,0.0
94.69207120756319,0.0
94.97026257831854,0.0
95.24135262330097,0.0
95.50529853424977,0.0
95.76205863104585,0.0
96.0115923682935,0.0
96.25386034172288,0.0
96.48882429441252,0.0
96.71644712283059,0.0
96.93669288269368,0.0
97.14952679464318,0.0
97.35491524973719,0.0
97.55282581475765,0.0
97.74322723733215,0.0
97.92608945086882,0.0
98.1013835793043,0.0
98.2690819416637,0.0
98.42915805643156,0.0
98.5815866457337,0.0
98.72634363932886,0.0
98.86340617840968,0.0
98.99275261921234,0.0
99.11436253643443,0.0
99.22821672646026,0.0
99.3342972103934,0.0
99.4325872368957,0.0
99.52307128483255,0.0
99.60573506572388,0.0
99.68056552600041,0.0
99.747550849065,0.0
99.80668045715862,0.0
99.8579450130307,0.0
99.90133642141357,0.0
99.93684783030088,0.0
99.96447363202947,0.0
99.984209464165,0.0
99.99605221019081,0.0
100.0,0.0
99.99605221019081,0.0
99.98420946416499,0.0
99.96447363202947,0.0
99.93684783030088,0.0
99.90133642141359,0.0
99.8579450130307,0.0
99.80668045715862,0.0
99.74755084906501,0.0
99.68056552600044,0.0
99.6057350657239,0.0
99.52307128483257,0.0
99.4325872368957,0.0
99.33429721039342,0.0
99.22821672646027,0.0
99.11436253643444,0.0
98.99275261921237,0.0
98.86340617840969,0.0
98.72634363932889,0.0
98.5815866457337,0.0
98.42915805643153,0.0
98.26908194166369,0.0
98.1013835793043,0.0
97.92608945086877,0.0
97.74322723733215,0.0
97.55282581475768,0.0
97.3549152497372,0.0
97.14952679464324,0.0
96.93669288269373,0.0
96.7164471228306,0.0
96.48882429441258,0.0
96.25386034172291,0.0
96.01159236829352,0.0
95.7620586310459,0.0
95.50529853424979,0.0
95.241352623301,0.0
94.9702625783186,0.0
94.6920712075632,0.0
94.40682244067727,0.0
94.11456132174771,0.0
93.81533400219323,0.0
93.50918773347627,0.0
93.19617085964177,0.0
92.87633280968258,0.0
92.54972408973458,0.0
92.21639627510075,0.0
91.87640200210706,0.0
91.52979495979064,0.0
91.1766298814214,0.0
90.81696253585919,0.0
90.45084971874739,0.0
90.07834924354387,0.0
89.69951993239178,0.0
89.31442160683098,0.0
88.92311507835117,0.0
88.5256621387895,0.0
88.12212555057245,0.0
87.7125690368052,0.0
87.29705727120916,0.0
86.87565586790878,0.0
86.44843137107063,0.0
86.01545124439542,0.0
85.57678386046436,0.0
85.13249848994246,0.0
84.68266529064022,0.0
84.22735529643444,0.0
83.76664040605118,0.0
83.30059337171257,0.0
82.82928778764784,0.0
82.3527980784722,0.0
81.8711994874345,0.0
81.38456806453506,0.0
80.89298065451672,0.0
80.3965148847303,0.0
79.89524915287593,0.0
79.38926261462368,0.0
78.87863517111344,0.0
78.36344745633784,0.0
77.84378082440945,0.0
77.31971733671354,0.0
76.79133974894987,0.0
76.25873149806486,0.0
75.72197668907543,0.0
75.18116008178811,0.0
74.63636707741468,0.0
74.08768370508574,0.0
73.53519660826656,0.0
72.97899303107437,0.0
72.41916080450162,0.0
71.85578833254661,0.0
71.28896457825363,0.0
70.71877904966424,0.0
70.14532178568312,0.0
69.56868334186014,0.0
68.98895477609011,0.0
68.40622763423391,0.0
67.82059393566259,0.0
67.23214615872585,0.0
66.64097722614937,0.0
66.04718049036055,0.0
65.4508497187474,0.0
64.85207907885182,0.0
64.2509631234989,0.0
63.64759677586632,0.0
63.04207531449494,0.0
62.43449435824287,0.0
61.82494985118623,0.0
61.21353804746901,0.0
60.60035549610272,0.0
59.98549902572029,0.0
59.369065729286206,0.0
58.75115294876382,0.0
58.13185825974415,0.0
57.51127945603786,0.0
56.88951453423195,0.0
56.26666167821521,0.0
55.64281924367412,0.0
55.018085742560814,0.0
54.392559827537184,0.0
53.7663402763967,0.0
53.139525976465684,0.0
52.51221590898853,0.0
51.88450913349682,0.0
51.25650477216691,0.0
50.628301994167714,0.0
50.00000000000012,0.0
49.37169800583244,0.0
48.743495227833236,0.0
48.115490866503244,0.0
47.487784091011534,0.0
46.860474023534294,0.0
46.23365972360336,0.0
45.60744017246279,0.0
44.98191425743924,0.0
44.357180756325945,0.0
43.733338321784764,0.0
43.110485465768114,0.0
42.4887205439622,0.0
41.86814174025582,0.0
41.24884705123624,0.0
40.63093427071385,0.0
40.014500974279684,0.0
39.39964450389734,0.0
38.78646195253096,0.0
38.175050148813824,0.0
37.56550564175736,0.0
36.957924685505205,0.0
36.35240322413382,0.0
35.74903687650132,0.0
35.147920921148334,0.0
34.54915028125257,0.0
33.95281950963951,0.0
33.35902277385069,0.0
32.7678538412742,0.0
32.179406064337385,0.0
31.593772365766064,0.0
31.011045223909946,0.0
30.431316658139913,0.0
29.854678214316937,0.0
29.281220950335737,0.0
28.71103542174635,0.0
28.14421166745337,0.0
27.580839195498438,0.0
27.021006968925693,0.0
26.46480339173349,0.0
25.912316294914234,0.0
25.363632922585452,0.0
24.81883991821202,0.0
24.278023310924773,0.0
23.74126850193534,0.0
23.208660251050183,0.0
22.68028266328659,0.0
22.15621917559053,0.0
21.636552543662134,0.0
21.121364828886612,0.0
20.61073738537637,0.0
20.104750847124116,0.0
19.603485115269674,0.0
19.107019345483263,0.0
18.615431935464983,0.0
18.12880051256555,0.0
17.647201921527852,0.0
17.170712212352143,0.0
16.699406628287413,0.0
16.233359593948798,0.0
15.772644703565618,0.0
15.317334709359834,0.0
14.867501510057643,0.0
14.42321613953574,0.0
13.984548755604685,0.0
13.55156862892948,0.0
13.124344132091387,0.0
12.702942728791001,0.0
12.287430963194822,0.0
11.87787444942753,0.0
11.474337861210493,0.0
11.076884921648805,0.0
10.68557839316906,0.0
10.300480067608255,0.0
9.921650756456216,0.0
9.549150281252594,0.0
9.183037464140789,0.0
8.823370118578637,0.0
8.4702050402094,0.0
8.123597997892965,0.0
7.783603724899223,0.0
7.450275910265411,0.0
7.123667190317406,0.0
6.803829140358275,0.0
6.4908122665237755,0.0
6.184665997806896,0.0
5.885438678252349,0.0
5.593177559322797,0.0
5.307928792436854,0.0
5.02973742168151,0.0
4.758647376699024,0.0
4.494701465750232,0.0
4.237941368954083,0.0
3.9884076317064583,0.0
3.7461396582770874,0.0
3.5111757055874335,0.0
3.283552877169413,0.0
3.06330711730633,0.0
2.8504732053567636,0.0
2.6450847502627823,0.0
2.447174185242332,0.0
2.2567727626678717,0.0
2.0739105491312344,0.0
1.8986164206956957,0.0
1.7309180583363144,0.0
1.5708419435684604,0.0
1.4184133542663204,0.0
1.2736563606711684,0.0
1.1365938215903668,0.0
1.0072473807876605,0.0
0.8856374635655797,0.0
0.7717832735397536,0.0
0.6657027896065912,0.0
0.5674127631043007,0.0
0.47692871516744617,0.0
0.39426493427609444,0.0
0.31943447399957137,0.0
0.25244915093499287,0.0
0.19331954284137964,0.0
0.14205498696930619,0.0
0.09866357858642516,0.0
0.06315216969912285,0.0
0.03552636797054021,0.0
0.015790535835002117,0.0
0.003947789809195967,0.0
0.0,0.0
0.003947789809195967,0.0
0.015790535835002117,0.0
0.0355263679705331,0.0
0.06315216969912285,0.0
0.09866357858641095,0.0
0.14205498696930619,0.0
0.19331954284137254,0.0
0.25244915093498577,0.0
0.3194344739995856,0.0
0.39426493427610865,0.0
0.47692871516743196,0.0
0.5674127631042936,0.0
0.6657027896066126,0.0
0.7717832735397394,0.0
0.8856374635655655,0.0
1.0072473807876534,0.0
1.13659382159031,0.0
1.2736563606711542,0.0
1.4184133542663062,0.0
1.570841943568439,0.0
1.730918058336286,0.0
1.8986164206956815,0.0
2.0739105491311705,0.0
2.2567727626678504,0.0
2.447174185242311,0.0
2.645084750262761,0.0
2.8504732053567423,0.0
3.0633071173062376,0.0
3.2835528771693916,0.0
3.511175705587412,0.0
3.74613965827713,0.0
3.988407631706501,0.0
4.237941368954125,0.0
4.494701465750204,0.0
4.758647376698995,0.0
5.029737421681482,0.0
5.307928792436826,0.0
5.593177559322768,0.0
5.885438678252314,0.0
6.184665997806775,0.0
6.49081226652374,0.0
6.803829140358239,0.0
7.12366719031737,0.0
7.4502759102653755,0.0
7.783603724899194,0.0
8.123597997892837,0.0
8.470205040209365,0.0
8.823370118578602,0.0
9.183037464140753,0.0
9.549150281252558,0.0
9.921650756456074,0.0
10.30048006760822,0.0
10.685578393169124,0.0
11.076884921648876,0.0
11.474337861210557,0.0
11.877874449427608,0.0
12.28743096319478,0.0
12.702942728790838,0.0
13.124344132091345,0.0
13.55156862892943,0.0
13.984548755604642,0.0
14.42321613953569,0.0
14.867501510057465,0.0
15.317334709359784,0.0
15.772644703565568,0.0
16.233359593948748,0.0
16.699406628287363,0.0
17.170712212352093,0.0
17.647201921527667,0.0
18.1288005125655,0.0
18.615431935464933,0.0
19.107019345483206,0.0
19.603485115269624,0.0
20.10475084712406,0.0
20.610737385376314,0.0
21.1213648288867,0.0
21.63655254366223,0.0
22.156219175590618,0.0
22.680282663286533,0.0
23.208660251050123,0.0
23.741268501935135,0.0
24.278023310924716,0.0
24.818839918211964,0.0
25.363632922585396,0.0
25.912316294914174,0.0
26.464803391733273,0.0
27.021006968925633,0.0
27.580839195498378,0.0
28.14421166745331,0.0
28.711035421746285,0.0
29.281220950335676,0.0
29.854678214316714,0.0
30.431316658139853,0.0
31.011045223909882,0.0
31.593772365766,0.0
32.17940606433749,0.0
32.76785384127414,0.0
33.359022773850626,0.0
33.95281950963961,0.0
34.54915028125268,0.0
35.14792092114827,0.0
35.749036876501165,0.0
36.352403224133674,0.0
36.957924685505056,0.0
37.5655056417573,0.0
38.17505014881376,0.0
38.7864619525309,0.0
39.399644503897186,0.0
40.01450097427953,0.0
40.63093427071379,0.0
41.248847051236176,0.0
41.86814174025576,0.0
42.488720543962046,0.0
43.11048546576796,0.0
43.733338321784615,0.0
44.357180756325874,0.0
44.98191425743918,0.0
45.6074401724629,0.0
46.23365972360338,0.0
46.860474023534316,0.0
47.48778409101146,0.0
48.11549086650335,0.0
48.743495227833165,0.0
49.37169800583237,0.0
49.999999999999964,0.0
50.62830199416756,0.0
51.25650477216676,0.0
51.88450913349675,0.0
52.51221590898846,0.0
53.13952597646561,0.0
53.76634027639654,0.0
54.39255982753703,0.0
55.01808574256075,0.0
55.642819243674055,0.0
56.266661678215144,0.0
56.88951453423179,0.0
57.511279456037705,0.0
58.13185825974399,0.0
58.75115294876375,0.0
59.36906572928632,0.0
59.9854990257204,0.0
60.60035549610274,0.0
61.21353804746903,0.0
61.82494985118617,0.0
62.43449435824281,0.0
63.04207531449487,0.0
63.647596775866255,0.0
64.25096312349876,0.0
64.85207907885166,0.0
65.45084971874742,0.0
66.04718049036049,0.0
66.6409772261493,0.0
67.23214615872578,0.0
67.82059393566243,0.0
68.40622763423376,0.0
68.98895477609005,0.0
69.56868334186008,0.0
70.14532178568305,0.0
70.7187790496641,0.0
71.28896457825348,0.0
71.85578833254662,0.0
72.41916080450171,0.0
72.97899303107445,0.0
73.53519660826666,0.0
74.08768370508577,0.0
74.63636707741455,0.0
75.18116008178797,0.0
75.72197668907538,0.0
76.2587314980648,0.0
76.79133974894981,0.0
77.31971733671341,0.0
77.84378082440932,0.0
78.36344745633787,0.0
78.87863517111339,0.0
79.38926261462362,0.0
79.89524915287588,0.0
80.39651488473018,0.0
80.89298065451659,0.0
81.38456806453502,0.0
81.87119948743444,0.0
82.35279807847215,0.0
82.82928778764773,0.0
83.30059337171258,0.0
83.7666404060512,0.0
84.22735529643451,0.0
84.6826652906403,0.0
85.13249848994248,0.0
85.57678386046425,0.0
86.01545124439531,0.0
86.44843137107051,0.0
86.87565586790873,0.0
87.29705727120911,0.0
87.71256903680518,0.0
88.12212555057235,0.0
88.52566213878939,0.0
88.92311507835119,0.0
89.31442160683093,0.0
89.69951993239174,0.0
90.07834924354378,0.0
90.45084971874729,0.0
90.8169625358591,0.0
91.17662988142135,0.0
91.52979495979059,0.0
91.87640200210703,0.0
92.21639627510078,0.0
92.54972408973458,0.0
92.8763328096826,0.0
93.19617085964181,0.0
93.50918773347631,0.0
93.81533400219318,0.0
94.11456132174766,0.0
94.40682244067719,0.0
94.69207120756315,0.0
94.97026257831857,0.0
95.24135262330097,0.0
95.50529853424976,0.0
95.76205863104585,0.0
96.01159236829346,0.0
96.25386034172291,0.0
96.48882429441255,0.0
96.71644712283057,0.0
96.93669288269368,0.0
97.14952679464318,0.0
97.35491524973716,0.0
97.55282581475767,0.0
97.74322723733212,0.0
97.92608945086882,0.0
98.1013835793043,0.0
98.26908194166369,0.0
98.42915805643153,0.0
98.58158664573372,0.0
98.72634363932886,0.0
98.86340617840968,0.0
98.99275261921234,0.0
99.11436253643441,0.0
99.22821672646025,0.0
99.3342972103934,0.0
99.4325872368957,0.0
99.52307128483255,0.0
99.60573506572388,0.0
99.68056552600041,0.0
99.74755084906501,0.0
99.80668045715862,0.0
99.8579450130307,0.0
99.90133642141357,0.0
99.93684783030088,0.0
99.96447363202945,0.0
99.98420946416499,0.0
99.99605221019081,0.0
100.0,0.0
99.99605221019081,0.0
99.984209464165,0.0
99.96447363202947,0.0
99.93684783030088,0.0
99.90133642141357,0.0
99.8579450130307,0.0
99.80668045715862,0.0
99.74755084906502,0.0
99.68056552600044,0.0
99.60573506572389,0.0
99.52307128483257,0.0
99.4325872368957,0.0
99.33429721039342,0.0
99.22821672646029,0.0
99.11436253643444,0.0
98.99275261921235,0.0
98.86340617840969,0.0
98.72634363932889,0.0
98.58158664573374,0.0
98.42915805643156,0.0
98.26908194166371,0.0
98.10138357930427,0.0
97.92608945086879,0.0
97.74322723733215,0.0
97.5528258147577,0.0
97.35491524973725,0.0
97.14952679464321,0.0
96.9366928826937,0.0
96.71644712283062,0.0
96.48882429441258,0.0
96.25386034172294,0.0
96.01159236829358,0.0
95.76205863104587,0.0
95.50529853424979,0.0
95.241352623301,0.0
94.9702625783186,0.0
94.69207120756326,0.0
94.40682244067723,0.0
94.11456132174769,0.0
93.81533400219323,0.0
93.50918773347635,0.0
93.19617085964177,0.0
92.87633280968262,0.0
92.54972408973454,0.0
92.21639627510072,0.0
91.87640200210707,0.0
91.52979495979065,0.0
91.1766298814214,0.0
90.81696253585926,0.0
90.45084971874735,0.0
90.07834924354383,0.0
89.69951993239178,0.0
89.31442160683099,0.0
88.92311507835123,0.0
88.52566213878944,0.0
88.1221255505724,0.0
87.71256903680522,0.0
87.29705727120917,0.0
86.87565586790879,0.0
86.44843137107068,0.0
86.01545124439536,0.0
85.5767838604643,0.0
85.13249848994253,0.0
84.68266529064022,0.0
84.22735529643444,0.0
83.76664040605127,0.0
83.30059337171251,0.0
82.82928778764779,0.0
82.3527980784722,0.0
81.8711994874345,0.0
81.38456806453507,0.0
80.8929806545168,0.0
80.39651488473024,0.0
79.89524915287595,0.0
79.38926261462369,0.0
78.87863517111344,0.0
78.36344745633792,0.0
77.84378082440938,0.0
77.31971733671347,0.0
76.79133974894988,0.0
76.25873149806486,0.0
75.72197668907545,0.0
75.18116008178819,0.0
74.6363670774146,0.0
74.08768370508584,0.0
73.53519660826657,0.0
72.97899303107437,0.0
72.41916080450163,0.0
71.8557883325467,0.0
71.28896457825356,0.0
70.71877904966416,0.0
70.14532178568314,0.0
69.56868334186015,0.0
68.98895477609013,0.0
68.406227634234,0.0
67.82059393566252,0.0
67.23214615872587,0.0
66.64097722614937,0.0
66.04718049036056,0.0
65.45084971874749,0.0
64.85207907885174,0.0
64.25096312349883,0.0
63.64759677586633,0.0
63.04207531449495,0.0
62.43449435824289,0.0
61.82494985118642,0.0
61.21353804746911,0.0
60.600355496102644,0.0
59.9854990257203,0.0
59.36906572928622,0.0
58.75115294876383,0.0
58.13185825974425,0.0
57.511279456037784,0.0
56.88951453423187,0.0
56.26666167821522,0.0
55.64281924367413,0.0
55.01808574256083,0.0
54.39255982753728,0.0
53.76634027639662,0.0
53.13952597646569,0.0
52.512215908988544,0.0
51.88450913349683,0.0
51.25650477216702,0.0
50.628301994167636,0.0
50.00000000000004,0.0
49.37169800583245,0.0
48.74349522783325,0.0
48.115490866503436,0.0
47.48778409101154,0.0
46.860474023534394,0.0
46.23365972360329,0.0
45.6074401724628,0.0
44.98191425743926,0.0
44.35718075632595,0.0
43.73333832178486,0.0
43.110485465768036,0.0
42.48872054396213,0.0
41.86814174025584,0.0
41.248847051236254,0.0
40.630934270713865,0.0
40.014500974279784,0.0
39.399644503897264,0.0
38.78646195253098,0.0
38.17505014881384,0.0
37.56550564175737,0.0
36.957924685505304,0.0
36.35240322413375,0.0
35.74903687650124,0.0
35.14792092114834,0.0
34.54915028125276,0.0
33.952819509639525,0.0
33.3590227738507,0.0
32.76785384127422,0.0
32.1794060643374,0.0
31.593772365766075,0.0
31.011045223909957,0.0
30.431316658139927,0.0
29.854678214316948,0.0
29.281220950335747,0.0
28.71103542174636,0.0
28.14421166745338,0.0
27.58083919549845,0.0
27.021006968925704,0.0
26.4648033917335,0.0
25.912316294914245,0.0
25.363632922585463,0.0
24.81883991821203,0.0
24.278023310924784,0.0
23.74126850193535,0.0
23.20866025105019,0.0
22.6802826632866,0.0
22.156219175590685,0.0
21.636552543662148,0.0
21.121364828886623,0.0
20.610737385376375,0.0
20.104750847124127,0.0
19.603485115269688,0.0
19.107019345483266,0.0
18.615431935464994,0.0
18.12880051256556,0.0
17.64720192152786,0.0
17.17071221235215,0.0
16.69940662828742,0.0
16.233359593948812,0.0
15.772644703565625,0.0
15.317334709359834,0.0
14.867501510057522,0.0
14.423216139535747,0.0
13.984548755604699,0.0
13.551568628929488,0.0
13.124344132091394,0.0
12.702942728791008,0.0
12.287430963194836,0.0
11.877874449427658,0.0
11.4743378612105,0.0
11.07688492164882,0.0
10.685578393169067,0.0
10.30048006760827,0.0
9.921650756456124,0.0
9.549150281252608,0.0
9.183037464140796,0.0
8.823370118578651,0.0
8.470205040209407,0.0
8.123597997892979,0.0
7.78360372489923,0.0
7.450275910265411,0.0
7.123667190317413,0.0
6.803829140358282,0.0
6.490812266523783,0.0
6.1846659978068175,0.0
5.885438678252356,0.0
5.593177559322804,0.0
5.307928792436861,0.0
5.02973742168151,0.0
4.758647376699102,0.0
4.494701465750232,0.0
4.237941368954083,0.0
3.9884076317064654,0.0
3.7461396582770945,0.0
3.5111757055874406,0.0
3.28355287716942,0.0
3.063307117306266,0.0
2.8504732053567636,0.0
2.6450847502627894,0.0
2.447174185242332,0.0
2.2567727626678717,0.0
2.0739105491312415,0.0
1.8986164206957028,0.0
1.7309180583363144,0.0
1.5708419435684604,0.0
1.4184133542663275,0.0
1.2736563606711755,0.0
1.1365938215903242,0.0
1.0072473807876605,0.0
0.8856374635655797,0.0
0.7717832735397536,0.0
0.6657027896066197,0.0
0.5674127631043007,0.0
0.47692871516744617,0.0
0.39426493427610154,0.0
0.31943447399957137,0.0
0.25244915093499287,0.0
0.19331954284137964,0.0
0.14205498696930619,0.0
0.09866357858641805,0.0
0.06315216969912996,0.0
0.03552636797054021,0.0
0.015790535835002117,0.0
0.003947789809195967,0.0
0.0,0.0
0.003947789809195967,0.0
0.015790535834995012,0.0
0.0355263679705331,0.0
0.06315216969912285,0.0
0.09866357858641095,0.0
0.14205498696930619,0.0
0.19331954284137254,0.0
0.25244915093497866,0.0
0.31943447399956426,0.0
0.39426493427610865,0.0
0.47692871516743196,0.0
0.5674127631042936,0.0
0.6657027896066126,0.0
0.7717832735397323,0.0
0.8856374635655655,0.0
1.0072473807876463,0.0
1.13659382159031,0.0
1.2736563606711542,0.0
1.4184133542663062,0.0
1.570841943568432,0.0
1.730918058336286,0.0
1.8986164206956744,0.0
2.0739105491311634,0.0
2.2567727626678504,0.0
2.4471741852423037,0.0
2.645084750262761,0.0
2.850473205356735,0.0
3.0633071173062376,0.0
3.2835528771693845,0.0
3.511175705587405,0.0
3.746139658277059,0.0
3.988407631706501,0.0
4.237941368954118,0.0
4.494701465750204,0.0
4.758647376698988,0.0
5.0297374216814745,0.0
5.307928792436819,0.0
5.593177559322768,0.0
5.8854386782523065,0.0
6.184665997806768,0.0
6.49081226652374,0.0
6.803829140358239,0.0
7.12366719031737,0.0
7.450275910265361,0.0
7.783603724899187,0.0
8.12359799789283,0.0
8.470205040209358,0.0
8.823370118578595,0.0
9.183037464140746,0.0
9.549150281252551,0.0
9.921650756456067,0.0
10.300480067608213,0.0
10.68557839316901,0.0
11.076884921648869,0.0
11.474337861210557,0.0
11.877874449427594,0.0
12.287430963194772,0.0
12.70294272879083,0.0
13.124344132091338,0.0
13.55156862892943,0.0
13.984548755604628,0.0
14.423216139535683,0.0
14.867501510057465,0.0
15.31733470935977,0.0
15.772644703565561,0.0
16.23335959394874,0.0
16.69940662828735,0.0
17.17071221235208,0.0
17.647201921527653,0.0
18.12880051256549,0.0
18.615431935464922,0.0
19.107019345483202,0.0
19.603485115269613,0.0
20.10475084712391,0.0
20.610737385376304,0.0
21.121364828886698,0.0
21.63655254366222,0.0
22.156219175590607,0.0
22.680282663286523,0.0
23.208660251050112,0.0
23.741268501935274,0.0
24.278023310924706,0.0
24.818839918211953,0.0
25.36363292258538,0.0
25.912316294914163,0.0
26.464803391733263,0.0
27.02100696892562,0.0
27.580839195498367,0.0
28.1442116674533,0.0
28.711035421746274,0.0
29.281220950335666,0.0
29.854678214316866,0.0
30.43131665813984,0.0
31.011045223909868,0.0
31.59377236576599,0.0
32.179406064337314,0.0
32.76785384127413,0.0
33.35902277385061,0.0
33.952819509639596,0.0
34.549150281252665,0.0
35.147920921148256,0.0
35.74903687650116,0.0
36.35240322413367,0.0
36.95792468550521,0.0
37.565505641757284,0.0
38.17505014881375,0.0
38.786461952530885,0.0
39.39964450389718,0.0
40.014500974279514,0.0
40.63093427071377,0.0
41.24884705123616,0.0
41.86814174025575,0.0
42.48872054396204,0.0
43.110485465767944,0.0
43.73333832178477,0.0
44.35718075632586,0.0
44.981914257439165,0.0
45.60744017246271,0.0
46.233659723603374,0.0
46.8604740235343,0.0
47.48778409101145,0.0
48.11549086650334,0.0
48.74349522783316,0.0
49.37169800583236,0.0
49.99999999999995,0.0
50.62830199416754,0.0
51.25650477216693,0.0
51.884509133496735,0.0
52.51221590898845,0.0
53.1395259764656,0.0
53.766340276396534,0.0
54.39255982753701,0.0
55.018085742560736,0.0
55.64281924367404,0.0
56.26666167821513,0.0
56.88951453423178,0.0
57.51127945603769,0.0
58.131858259744156,0.0
58.75115294876374,0.0
59.369065729286135,0.0
59.98549902572039,0.0
60.60035549610273,0.0
61.213538047469015,0.0
61.824949851186155,0.0
62.434494358242794,0.0
63.042075314494866,0.0
63.64759677586624,0.0
64.25096312349875,0.0
64.85207907885166,0.0
65.4508497187474,0.0
66.04718049036047,0.0
66.64097722614929,0.0
67.23214615872578,0.0
67.82059393566243,0.0
68.40622763423374,0.0
68.98895477609004,0.0
69.56868334186007,0.0
70.14532178568305,0.0
70.71877904966408,0.0
71.28896457825347,0.0
71.85578833254661,0.0
72.41916080450154,0.0
72.97899303107445,0.0
73.53519660826666,0.0
74.08768370508575,0.0
74.63636707741453,0.0
75.18116008178797,0.0
75.72197668907536,0.0
76.25873149806479,0.0
76.79133974894981,0.0
77.3197173367134,0.0
77.84378082440931,0.0
78.36344745633785,0.0
78.87863517111337,0.0
79.38926261462362,0.0
79.89524915287588,0.0
80.39651488473017,0.0
80.89298065451658,0.0
81.384568064535,0.0
81.87119948743444,0.0
82.35279807847213,0.0
82.8292877876477,0.0
83.30059337171244,0.0
83.76664040605118,0.0
84.2273552964345,0.0
84.68266529064029,0.0
85.13249848994246,0.0
85.57678386046425,0.0
86.01545124439531,0.0
86.44843137107051,0.0
86.87565586790872,0.0
87.2970572712091,0.0
87.71256903680516,0.0
88.12212555057235,0.0
88.52566213878939,0.0
88.92311507835117,0.0
89.31442160683093,0.0
89.69951993239172,0.0
90.07834924354377,0.0
90.45084971874729,0.0
90.81696253585909,0.0
91.17662988142135,0.0
91.52979495979059,0.0
91.87640200210703,0.0
92.21639627510066,0.0
92.54972408973458,0.0
92.87633280968258,0.0
93.19617085964181,0.0
93.50918773347631,0.0
93.81533400219318,0.0
94.11456132174764,0.0
94.4068224406771,0.0
94.69207120756315,0.0
94.97026257831848,0.0
95.24135262330097,0.0
95.50529853424969,0.0
95.76205863104585,0.0
96.01159236829353,0.0
96.25386034172291,0.0
96.48882429441262,0.0
96.71644712283057,0.0
96.93669288269373,0.0
97.14952679464318,0.0
97.35491524973722,0.0
97.55282581475767,0.0
97.74322723733218,0.0
97.92608945086876,0.0
98.1013835793043,0.0
98.26908194166364,0.0
98.42915805643153,0.0
98.58158664573367,0.0
98.72634363932886,0.0
98.86340617840963,0.0
98.99275261921233,0.0
99.11436253643441,0.0
99.22821672646027,0.0
99.33429721039337,0.0
99.4325872368957,0.0
99.52307128483258,0.0
99.60573506572388,0.0
99.68056552600044,0.0
99.74755084906501,0.0
99.80668045715863,0.0
99.8579450130307,0.0
99.90133642141359,0.0
99.93684783030088,0.0
99.96447363202947,0.0
99.98420946416499,0.0
99.99605221019081,0.0
100.0,0.0
99.99605221019081,0.0
99.984209464165,0.0
99.96447363202947,0.0
99.93684783030088,0.0
99.90133642141357,0.0
99.85794501303072,0.0
99.80668045715862,0.0
99.74755084906502,0.0
99.68056552600041,0.0
99.6057350657239,0.0
99.52307128483257,0.0
99.43258723689569,0.0
99.33429721039343,0.0
99.22821672646026,0.0
99.11436253643444,0.0
98.99275261921233,0.0
98.86340617840969,0.0
98.72634363932885,0.0
98.58158664573374,0.0
98.42915805643156,0.0
98.26908194166371,0.0
98.10138357930427,0.0
97.92608945086883,0.0
97.74322723733215,0.0
97.55282581475774,0.0
97.35491524973725,0.0
97.14952679464326,0.0
96.9366928826937,0.0
96.71644712283069,0.0
96.4888242944126,0.0
96.25386034172294,0.0
96.0115923682935,0.0
95.76205863104582,0.0
95.5052985342498,0.0
95.24135262330094,0.0
94.97026257831861,0.0
94.69207120756317,0.0
94.40682244067725,0.0
94.11456132174762,0.0
93.81533400219323,0.0
93.50918773347627,0.0
93.19617085964185,0.0
92.87633280968264,0.0
92.54972408973464,0.0
92.21639627510072,0.0
91.87640200210717,0.0
91.52979495979065,0.0
91.1766298814215,0.0
90.81696253585926,0.0
90.45084971874746,0.0
90.07834924354384,0.0
89.6995199323919,0.0
89.31442160683099,0.0
88.92311507835113,0.0
88.52566213878944,0.0
88.12212555057229,0.0
87.71256903680523,0.0
87.29705727120906,0.0
86.87565586790879,0.0
86.44843137107057,0.0
86.01545124439536,0.0
85.57678386046419,0.0
85.13249848994255,0.0
84.68266529064024,0.0
84.22735529643458,0.0
83.76664040605127,0.0
83.30059337171265,0.0
82.82928778764779,0.0
82.35279807847235,0.0
81.87119948743452,0.0
81.38456806453522,0.0
80.8929806545168,0.0
80.3965148847304,0.0
79.89524915287596,0.0
79.38926261462385,0.0
78.87863517111346,0.0
78.36344745633778,0.0
77.8437808244094,0.0
77.31971733671334,0.0
76.7913397489499,0.0
76.25873149806473,0.0
75.72197668907545,0.0
75.18116008178805,0.0
74.63636707741462,0.0
74.08768370508568,0.0
73.53519660826674,0.0
72.97899303107438,0.0
72.4191608045018,0.0
71.85578833254671,0.0
71.28896457825373,0.0
70.71877904966418,0.0
70.14532178568331,0.0
69.56868334186017,0.0
68.9889547760903,0.0
68.40622763423401,0.0
67.82059393566269,0.0
67.23214615872588,0.0
66.64097722614923,0.0
66.04718049036057,0.0
65.45084971874734,0.0
64.85207907885174,0.0
64.25096312349868,0.0
63.64759677586634,0.0
63.042075314494795,0.0
62.434494358242894,0.0
61.824949851186254,0.0
61.21353804746912,0.0
60.60035549610266,0.0
59.985499025720486,0.0
59.369065729286234,0.0
58.751152948764016,0.0
58.131858259744256,0.0
57.51127945603797,0.0
56.889514534231886,0.0
56.26666167821541,0.0
55.64281924367414,0.0
55.01808574256102,0.0
54.39255982753712,0.0
53.76634027639681,0.0
53.139525976465706,0.0
52.512215908988374,0.0
51.88450913349684,0.0
51.25650477216685,0.0
50.62830199416764,0.0
49.99999999999988,0.0
49.371698005832464,0.0
48.74349522783308,0.0
48.11549086650344,0.0
47.487784091011555,0.0
46.8604740235344,0.0
46.233659723603296,0.0
45.607440172462994,0.0
44.98191425743927,0.0
44.357180756326144,0.0
43.73333832178488,0.0
43.11048546576823,0.0
42.48872054396214,0.0
41.86814174025602,0.0
41.24884705123627,0.0
40.63093427071388,0.0
40.01450097427962,0.0
39.39964450389711,0.0
38.786461952530985,0.0
38.17505014881368,0.0
37.56550564175738,0.0
36.95792468550514,0.0
36.35240322413377,0.0
35.74903687650109,0.0
35.147920921148355,0.0
34.549150281252594,0.0
33.952819509639696,0.0
33.35902277385071,0.0
32.767853841274224,0.0
32.179406064337414,0.0
31.593772365766252,0.0
31.011045223909967,0.0
30.4313166581401,0.0
29.85467821431696,0.0
29.28122095033592,0.0
28.71103542174637,0.0
28.144211667453554,0.0
27.58083919549846,0.0
27.02100696892556,0.0
26.464803391733355,0.0
25.9123162949141,0.0
25.363632922585474,0.0
24.81883991821189,0.0
24.278023310924794,0.0
23.741268501935213,0.0
23.2086602510502,0.0
22.680282663286462,0.0
22.156219175590696,0.0
21.63655254366216,0.0
21.12136482888678,0.0
20.61073738537639,0.0
20.10475084712413,0.0
19.6034851152697,0.0
19.107019345483415,0.0
18.615431935465004,0.0
18.128800512565707,0.0
17.647201921527873,0.0
17.1707122123523,0.0
16.699406628287427,0.0
16.233359593948947,0.0
15.77264470356564,0.0
15.31733470935972,0.0
14.867501510057537,0.0
14.423216139535633,0.0
13.984548755604706,0.0
13.551568628929381,0.0
13.124344132091402,0.0
12.702942728790902,0.0
12.287430963194836,0.0
11.877874449427551,0.0
11.474337861210621,0.0
11.07688492164882,0.0
10.68557839316918,0.0
10.300480067608277,0.0
9.921650756456238,0.0
9.549150281252608,0.0
9.18303746414091,0.0
8.823370118578651,0.0
8.470205040209514,0.0
8.123597997892986,0.0
7.783603724899336,0.0
7.450275910265418,0.0
7.123667190317327,0.0
6.803829140358289,0.0
6.490812266523697,0.0
6.1846659978068175,0.0
5.885438678252278,0.0
5.593177559322811,0.0
5.307928792436783,0.0
5.029737421681517,0.0
4.758647376699031,0.0
4.494701465750239,0.0
4.23794136895409,0.0
3.9884076317065364,0.0
3.7461396582770945,0.0
3.5111757055875117,0.0
3.283552877169427,0.0
3.063307117306337,0.0
2.8504732053567707,0.0
2.6450847502628463,0.0
2.447174185242339,0.0
2.2567727626679357,0.0
2.0739105491312415,0.0
1.8986164206957525,0.0
1.7309180583363144,0.0
1.5708419435684178,0.0
1.4184133542663275,0.0
1.27365636067114,0.0
1.1365938215903313,0.0
1.007247380787632,0.0
0.8856374635655868,0.0
0.7717832735397252,0.0
0.6657027896066268,0.0
0.5674127631043007,0.0
0.47692871516744617,0.0
0.39426493427610154,0.0
0.3194344739995998,0.0
0.25244915093499287,0.0
0.19331954284139385,0.0
0.14205498696930619,0.0
0.09866357858642516,0.0
0.06315216969912996,0.0
0.03552636797054731,0.0
0.015790535835002117,0.0
0.003947789809203073,0.0
0.0,0.0
0.003947789809195967,0.0
0.015790535834995012,0.0
0.03552636797054021,0.0
0.06315216969912285,0.0
0.09866357858642516,0.0
0.14205498696930619,0.0
0.19331954284138675,0.0
0.25244915093497866,0.0
0.3194344739995856,0.0
0.39426493427608733,0.0
0.47692871516743196,0.0
0.5674127631042865,0.0
0.6657027896066054,0.0
0.7717832735396968,0.0
0.8856374635655655,0.0
1.0072473807876037,0.0
1.1365938215903029,0.0
1.2736563606711115,0.0
1.418413354266299,0.0
1.5708419435683894,0.0
1.730918058336286,0.0
1.898616420695717,0.0
2.073910549131213,0.0
2.2567727626679,0.0
2.4471741852423037,0.0
2.6450847502628108,0.0
2.850473205356728,0.0
3.0633071173062945,0.0
3.2835528771693845,0.0
3.511175705587469,0.0
3.746139658277052,0.0
3.988407631706494,0.0
4.237941368954047,0.0
4.494701465750197,0.0
4.758647376698981,0.0
5.029737421681467,0.0
5.3079287924367335,0.0
5.593177559322761,0.0
5.885438678252221,0.0
6.184665997806768,0.0
6.4908122665236405,0.0
6.803829140358225,0.0
7.123667190317271,0.0
7.450275910265361,0.0
7.783603724899272,0.0
8.123597997892915,0.0
8.47020504020945,0.0
8.823370118578588,0.0
9.183037464140838,0.0
9.549150281252544,0.0
9.921650756456167,0.0
10.300480067608206,0.0
10.68557839316911,0.0
11.076884921648748,0.0
11.474337861210543,0.0
11.877874449427473,0.0
12.287430963194765,0.0
12.702942728790823,0.0
13.124344132091323,0.0
13.551568628929303,0.0
13.984548755604628,0.0
14.423216139535548,0.0
14.867501510057451,0.0
15.317334709359635,0.0
15.772644703565554,0.0
16.23335959394886,0.0
16.699406628287342,0.0
17.170712212352207,0.0
17.64720192152778,0.0
18.12880051256562,0.0
18.615431935464912,0.0
19.107019345483327,0.0
19.603485115269603,0.0
20.10475084712404,0.0
20.610737385376293,0.0
21.121364828886684,0.0
21.636552543662063,0.0
22.156219175590603,0.0
22.680282663286366,0.0
23.208660251050105,0.0
23.741268501935114,0.0
24.278023310924695,0.0
24.818839918211786,0.0
25.36363292258537,0.0
25.912316294914,0.0
26.464803391733252,0.0
27.021006968925608,0.0
27.580839195498356,0.0
28.144211667453447,0.0
28.711035421746264,0.0
29.281220950335815,0.0
29.854678214316856,0.0
30.43131665813999,0.0
31.011045223909857,0.0
31.593772365766146,0.0
32.1794060643373,0.0
32.76785384127412,0.0
33.3590227738506,0.0
33.95281950963959,0.0
34.54915028125249,0.0
35.14792092114824,0.0
35.74903687650097,0.0
36.35240322413365,0.0
36.957924685505034,0.0
37.56550564175727,0.0
38.17505014881357,0.0
38.78646195253087,0.0
39.399644503896994,0.0
40.01450097427951,0.0
40.630934270713766,0.0
41.248847051236154,0.0
41.86814174025591,0.0
42.488720543962025,0.0
43.11048546576811,0.0
43.733338321784764,0.0
44.35718075632603,0.0
44.98191425743915,0.0
45.60744017246287,0.0
46.23365972360318,0.0
46.86047402353429,0.0
47.48778409101144,0.0
48.11549086650333,0.0
48.743495227832966,0.0
49.37169800583235,0.0
49.99999999999976,0.0
50.62830199416753,0.0
51.256504772166736,0.0
51.88450913349673,0.0
52.51221590898826,0.0
53.13952597646559,0.0
53.7663402763967,0.0
54.392559827537,0.0
55.01808574256073,0.0
55.642819243674026,0.0
56.26666167821529,0.0
56.889514534231765,0.0
57.511279456037855,0.0
58.13185825974414,0.0
58.7511529487639,0.0
59.36906572928612,0.0
59.98549902572037,0.0
60.600355496102544,0.0
61.21353804746901,0.0
61.82494985118615,0.0
62.43449435824278,0.0
63.04207531449468,0.0
63.64759677586623,0.0
64.25096312349856,0.0
64.85207907885163,0.0
65.45084971874724,0.0
66.04718049036046,0.0
66.64097722614912,0.0
67.23214615872577,0.0
67.82059393566257,0.0
68.40622763423374,0.0
68.9889547760902,0.0
69.56868334186007,0.0
70.1453217856832,0.0
70.71877904966408,0.0
71.28896457825363,0.0
71.85578833254661,0.0
72.4191608045017,0.0
72.97899303107428,0.0
73.53519660826663,0.0
74.08768370508558,0.0
74.63636707741452,0.0
75.18116008178795,0.0
75.72197668907535,0.0
76.25873149806463,0.0
76.7913397489498,0.0
77.31971733671324,0.0
77.8437808244093,0.0
78.3634474563377,0.0
78.87863517111322,0.0
79.38926261462375,0.0
79.895249152876,0.0
80.3965148847303,0.0
80.89298065451672,0.0
81.38456806453499,0.0
81.87119948743442,0.0
82.35279807847212,0.0
82.8292877876477,0.0
83.3005933717127,0.0
83.76664040605104,0.0
84.2273552964345,0.0
84.68266529064002,0.0
85.13249848994246,0.0
85.57678386046425,0.0
86.0154512443953,0.0
86.4484313710705,0.0
86.87565586790859,0.0
87.29705727120898,0.0
87.71256903680526,0.0
88.1221255505722,0.0
88.5256621387895,0.0
88.92311507835117,0.0
89.31442160683093,0.0
89.69951993239172,0.0
90.07834924354376,0.0
90.45084971874749,0.0
90.81696253585909,0.0
91.17662988142143,0.0
91.52979495979048,0.0
91.87640200210711,0.0
92.21639627510075,0.0
92.54972408973458,0.0
92.87633280968258,0.0
93.19617085964171,0.0
93.50918773347621,0.0
93.81533400219308,0.0
94.11456132174756,0.0
94.40682244067727,0.0
94.69207120756306,0.0
94.97026257831857,0.0
95.24135262330097,0.0
95.50529853424976,0.0
95.76205863104585,0.0
96.01159236829346,0.0
96.25386034172297,0.0
96.4888242944125,0.0
96.71644712283063,0.0
96.93669288269372,0.0
97.14952679464324,0.0
97.3549152497372,0.0
97.55282581475765,0.0
97.74322723733212,0.0
97.92608945086874,0.0
98.10138357930424,0.0
98.26908194166373,0.0
98.42915805643149,0.0
98.58158664573371,0.0
98.72634363932886,0.0
98.86340617840966,0.0
98.99275261921233,0.0
99.11436253643441,0.0
99.22821672646025,0.0
99.33429721039337,0.0
99.43258723689567,0.0
99.52307128483258,0.0
99.6057350657239,0.0
99.68056552600044,0.0
99.74755084906501,0.0
99.80668045715862,0.0
99.8579450130307,0.0
99.90133642141356,0.0
99.93684783030088,0.0
99.96447363202945,0.0
99.984209464165,0.0
99.9960522101908,0.0
100.0,0.0
99.99605221019081,0.0
99.984209464165,0.0
99.96447363202947,0.0
99.93684783030088,0.0
99.90133642141359,0.0
99.85794501303069,0.0
99.80668045715865,0.0
99.747550849065,0.0
99.68056552600046,0.0
99.60573506572389,0.0
99.52307128483257,0.0
99.43258723689571,0.0
99.33429721039337,0.0
99.2282167264603,0.0
99.11436253643441,0.0
98.9927526192124,0.0
98.86340617840966,0.0
98.72634363932886,0.0
98.5815866457337,0.0
98.42915805643156,0.0
98.26908194166371,0.0
98.10138357930433,0.0
97.92608945086884,0.0
97.7432272373322,0.0
97.55282581475765,0.0
97.3549152497373,0.0
97.14952679464321,0.0
96.9366928826937,0.0
96.71644712283062,0.0
96.48882429441261,0.0
96.25386034172294,0.0
96.01159236829358,0.0
95.76205863104596,0.0
95.50529853424973,0.0
95.24135262330094,0.0
94.97026257831854,0.0
94.69207120756319,0.0
94.40682244067725,0.0
94.1145613217477,0.0
93.81533400219323,0.0
93.50918773347635,0.0
93.19617085964168,0.0
92.87633280968274,0.0
92.54972408973455,0.0
92.21639627510092,0.0
91.87640200210708,0.0
91.52979495979065,0.0
91.17662988142142,0.0
90.81696253585926,0.0
90.45084971874746,0.0
90.07834924354394,0.0
89.6995199323917,0.0
89.3144216068311,0.0
88.92311507835115,0.0
88.52566213878946,0.0
88.12212555057242,0.0
87.71256903680523,0.0
87.29705727120918,0.0
86.87565586790856,0.0
86.44843137107071,0.0
86.01545124439525,0.0
85.57678386046446,0.0
85.13249848994244,0.0
84.68266529064024,0.0
84.22735529643445,0.0
83.76664040605127,0.0
83.30059337171267,0.0
82.82928778764793,0.0
82.35279807847235,0.0
81.87119948743467,0.0
81.38456806453495,0.0
80.89298065451695,0.0
80.39651488473027,0.0
79.89524915287596,0.0
79.3892626146237,0.0
78.87863517111347,0.0
78.36344745633795,0.0
77.84378082440927,0.0
77.31971733671364,0.0
76.79133974894975,0.0
76.25873149806475,0.0
75.7219766890753,0.0
75.18116008178806,0.0
74.63636707741463,0.0
74.08768370508585,0.0
73.53519660826676,0.0
72.97899303107455,0.0
72.41916080450149,0.0
71.85578833254688,0.0
71.28896457825358,0.0
70.7187790496645,0.0
70.14532178568315,0.0
69.56868334186018,0.0
68.98895477609014,0.0
68.40622763423403,0.0
67.8205939356627,0.0
67.23214615872605,0.0
66.64097722614923,0.0
66.04718049036042,0.0
65.45084971874735,0.0
64.85207907885176,0.0
64.25096312349886,0.0
63.647596775866354,0.0
63.04207531449498,0.0
62.43449435824256,0.0
61.82494985118644,0.0
61.21353804746896,0.0
60.60035549610301,0.0
59.98549902572033,0.0
59.36906572928625,0.0
58.75115294876385,0.0
58.13185825974427,0.0
57.51127945603798,0.0
56.88951453423207,0.0
56.26666167821542,0.0
55.64281924367433,0.0
55.01808574256068,0.0
54.39255982753748,0.0
53.76634027639665,0.0
53.13952597646572,0.0
52.512215908988566,0.0
51.8845091334965,0.0
51.25650477216704,0.0
50.62830199416748,0.0
50.00000000000024,0.0
49.3716980058323,0.0
48.743495227833094,0.0
48.11549086650328,0.0
47.48778409101157,0.0
46.860474023534415,0.0
46.23365972360349,0.0
45.607440172463,0.0
44.981914257439456,0.0
44.3571807563258,0.0
43.73333832178507,0.0
43.110485465768065,0.0
42.48872054396215,0.0
41.868141740255865,0.0
41.24884705123628,0.0
40.63093427071389,0.0
40.014500974279805,0.0
39.39964450389746,0.0
38.78646195253083,0.0
38.17505014881369,0.0
37.56550564175723,0.0
36.957924685505155,0.0
36.352403224133774,0.0
35.74903687650127,0.0
35.14792092114837,0.0
34.54915028125278,0.0
33.952819509639376,0.0
33.35902277385089,0.0
32.767853841274075,0.0
32.179406064337755,0.0
31.5937723657661,0.0
31.011045223909978,0.0
30.43131665813995,0.0
29.85467821431697,0.0
29.281220950335932,0.0
28.71103542174654,0.0
28.144211667453245,0.0
27.58083919549863,0.0
27.02100696892557,0.0
26.464803391733366,0.0
25.912316294914266,0.0
25.363632922585484,0.0
24.818839918212056,0.0
24.278023310924503,0.0
23.741268501935377,0.0
23.208660251050063,0.0
22.68028266328677,0.0
22.156219175590557,0.0
21.63655254366217,0.0
21.121364828886648,0.0
20.6107373853764,0.0
20.10475084712414,0.0
19.603485115269848,0.0
19.10701934548343,0.0
18.61543193546515,0.0
18.128800512565448,0.0
17.647201921528016,0.0
17.17071221235217,0.0
16.69940662828744,0.0
16.233359593948826,0.0
15.77264470356564,0.0
15.317334709359855,0.0
14.867501510057416,0.0
14.423216139535889,0.0
13.984548755604585,0.0
13.551568628929381,0.0
13.124344132091295,0.0
12.702942728790909,0.0
12.28743096319485,0.0
11.877874449427672,0.0
11.474337861210628,0.0
11.076884921648947,0.0
10.685578393168967,0.0
10.30048006760839,0.0
9.921650756456138,0.0
9.549150281252828,0.0
9.183037464140817,0.0
8.823370118578659,0.0
8.470205040209422,0.0
8.123597997892986,0.0
7.7836037248993435,0.0
7.450275910265518,0.0
7.1236671903173345,0.0
6.803829140358204,0.0
6.4908122665237045,0.0
6.184665997806825,0.0
5.885438678252363,0.0
5.593177559322818,0.0
5.307928792436876,0.0
5.029737421681368,0.0
4.758647376699116,0.0
4.494701465750175,0.0
4.237941368954239,0.0
3.9884076317064725,0.0
3.7461396582771016,0.0
3.5111757055874477,0.0
3.2835528771694342,0.0
3.063307117306344,0.0
2.8504732053568347,0.0
2.6450847502628534,0.0
2.447174185242396,0.0
2.256772762667829,0.0
2.0739105491312984,0.0
1.89861642069571,0.0
1.7309180583363144,0.0
1.5708419435684675,0.0
1.4184133542662494,0.0
1.2736563606711826,0.0
1.1365938215902958,0.0
1.0072473807877103,0.0
0.8856374635655513,0.0
0.7717832735397252,0.0
0.6657027896065983,0.0
0.5674127631043078,0.0
0.4769287151674533,0.0
0.39426493427612286,0.0
0.3194344739995998,0.0
0.2524491509350142,0.0
0.19331954284137254,0.0
0.1420549869693275,0.0
0.09866357858642516,0.0
0.06315216969914417,0.0
0.03552636797054021,0.0
0.015790535835002117,0.0
0.003947789809195967,0.0
0.0,0.0
0.003947789809188862,0.0
0.015790535835002117,0.0
0.03552636797054021,0.0
0.06315216969912996,0.0
0.09866357858642516,0.0
0.14205498696929908,0.0
0.19331954284137254,0.0
0.25244915093497866,0.0
0.31943447399956426,0.0
0.39426493427612996,0.0
0.47692871516741064,0.0
0.5674127631043149,0.0
0.6657027896065486,0.0
0.7717832735397323,0.0
0.8856374635655584,0.0
1.0072473807876392,0.0
1.1365938215903029,0.0
1.2736563606711115,0.0
1.4184133542662565,0.0
1.5708419435684746,0.0
1.7309180583362362,0.0
1.898616420695717,0.0
2.073910549131206,0.0
2.2567727626678433,0.0
2.4471741852423037,0.0
2.645084750262747,0.0
2.850473205356849,0.0
3.0633071173062305,0.0
3.2835528771694413,0.0
3.511175705587334,0.0
3.746139658277116,0.0
3.9884076317064867,0.0
4.237941368954111,0.0
4.49470146575019,0.0
4.758647376698974,0.0
5.029737421681382,0.0
5.307928792436726,0.0
5.593177559322669,0.0
5.8854386782523775,0.0
6.184665997806675,0.0
6.490812266523719,0.0
6.803829140358218,0.0
7.123667190317349,0.0
7.450275910265354,0.0
7.783603724899166,0.0
8.123597997893008,0.0
8.470205040209244,0.0
8.82337011857868,0.0
9.183037464140838,0.0
9.549150281252636,0.0
9.92165075645616,0.0
10.300480067608198,0.0
10.685578393168996,0.0
11.076884921648741,0.0
11.47433786121043,0.0
11.877874449427694,0.0
12.287430963194637,0.0
12.70294272879093,0.0
13.124344132091082,0.0
13.55156862892941,0.0
13.984548755604614,0.0
14.423216139535668,0.0
14.867501510057444,0.0
15.317334709359628,0.0
15.772644703565405,0.0
16.233359593948855,0.0
16.69940662828747,0.0
17.170712212352193,0.0
17.647201921527774,0.0
18.128800512565473,0.0
18.615431935464905,0.0
19.107019345483177,0.0
19.603485115269876,0.0
20.10475084712389,0.0
20.61073738537643,0.0
21.121364828886385,0.0
21.636552543662198,0.0
22.156219175590593,0.0
22.680282663286505,0.0
23.208660251050095,0.0
23.741268501935103,0.0
24.278023310924535,0.0
24.818839918211776,0.0
25.363632922585207,0.0
25.912316294914298,0.0
26.464803391733085,0.0
27.021006968925597,0.0
27.580839195498346,0.0
28.144211667453277,0.0
28.711035421746576,0.0
29.281220950335644,0.0
29.854678214317005,0.0
30.431316658139657,0.0
31.01104522391001,0.0
31.593772365766135,0.0
32.179406064337456,0.0
32.7678538412741,0.0
33.35902277385059,0.0
33.95281950963941,0.0
34.54915028125247,0.0
35.147920921148064,0.0
35.7490368765013,0.0
36.35240322413347,0.0
36.95792468550519,0.0
37.565505641756914,0.0
38.175050148813725,0.0
38.786461952530864,0.0
39.39964450389715,0.0
40.01450097427949,0.0
40.630934270713574,0.0
41.24884705123631,0.0
41.8681417402559,0.0
42.48872054396219,0.0
43.1104854657681,0.0
43.73333832178475,0.0
44.35718075632584,0.0
44.98191425743914,0.0
45.60744017246269,0.0
46.23365972360352,0.0
46.860474023534096,0.0
47.487784091011605,0.0
48.11549086650296,0.0
48.74349522783313,0.0
49.371698005832336,0.0
49.99999999999993,0.0
50.628301994167515,0.0
51.25650477216672,0.0
51.884509133496536,0.0
52.512215908988246,0.0
53.1395259764654,0.0
53.76634027639668,0.0
54.39255982753717,0.0
55.018085742560714,0.0
55.64281924367401,0.0
56.2666616782151,0.0
56.889514534232106,0.0
57.51127945603767,0.0
58.131858259744305,0.0
58.75115294876354,0.0
59.369065729286284,0.0
59.98549902572036,0.0
60.60035549610271,0.0
61.213538047468994,0.0
61.82494985118613,0.0
62.4344943582426,0.0
63.04207531449467,0.0
63.64759677586605,0.0
64.25096312349889,0.0
64.85207907885146,0.0
65.45084971874739,0.0
66.04718049036012,0.0
66.64097722614927,0.0
67.23214615872575,0.0
67.8205939356624,0.0
68.40622763423406,0.0
68.98895477608986,0.0
69.56868334186021,0.0
70.14532178568318,0.0
70.71877904966422,0.0
71.28896457825361,0.0
71.8557883325466,0.0
72.41916080450153,0.0
72.97899303107427,0.0
73.53519660826647,0.0
74.08768370508588,0.0
74.63636707741435,0.0
75.1811600817881,0.0
75.72197668907503,0.0
76.25873149806478,0.0
76.79133974894978,0.0
77.31971733671338,0.0
77.8437808244093,0.0
78.36344745633768,0.0
78.8786351711132,0.0
79.38926261462373,0.0
79.895249152876,0.0
80.3965148847303,0.0
80.8929806545167,0.0
81.38456806453499,0.0
81.87119948743441,0.0
82.35279807847212,0.0
82.82928778764796,0.0
83.30059337171242,0.0
83.7666404060513,0.0
84.22735529643423,0.0
84.68266529064027,0.0
85.13249848994246,0.0
85.57678386046422,0.0
86.01545124439528,0.0
86.44843137107048,0.0
86.87565586790858,0.0
87.29705727120896,0.0
87.71256903680504,0.0
88.12212555057243,0.0
88.52566213878926,0.0
88.92311507835117,0.0
89.31442160683092,0.0
89.69951993239172,0.0
90.07834924354397,0.0
90.45084971874726,0.0
90.81696253585929,0.0
91.17662988142123,0.0
91.52979495979068,0.0
91.87640200210711,0.0
92.21639627510075,0.0
92.54972408973457,0.0
92.87633280968257,0.0
93.19617085964171,0.0
93.50918773347621,0.0
93.81533400219308,0.0
94.11456132174771,0.0
94.4068224406771,0.0
94.6920712075632,0.0
94.9702625783184,0.0
95.24135262330097,0.0
95.50529853424975,0.0
95.76205863104583,0.0
96.01159236829345,0.0
96.25386034172283,0.0
96.48882429441261,0.0
96.71644712283063,0.0
96.93669288269372,0.0
97.14952679464324,0.0
97.3549152497372,0.0
97.55282581475765,0.0
97.74322723733212,0.0
97.92608945086874,0.0
98.10138357930434,0.0
98.26908194166364,0.0
98.42915805643158,0.0
98.58158664573362,0.0
98.72634363932886,0.0
98.86340617840966,0.0
98.99275261921233,0.0
99.11436253643441,0.0
99.22821672646025,0.0
99.33429721039337,0.0
99.43258723689567,0.0
99.52307128483253,0.0
99.6057350657239,0.0
99.68056552600042,0.0
99.747550849065,0.0
99.80668045715862,0.0
99.8579450130307,0.0
99.90133642141359,0.0
99.93684783030088,0.0
99.96447363202947,0.0
99.98420946416499,0.0
99.99605221019081,0.0
100.0,0.0
99.99605221019081,0.0
99.984209464165,0.0
99.96447363202947,0.0
99.93684783030088,0.0
99.90133642141359,0.0
99.85794501303072,0.0
99.80668045715862,0.0
99.74755084906504,0.0
99.68056552600042,0.0
99.60573506572393,0.0
99.52307128483257,0.0
99.43258723689571,0.0
99.33429721039343,0.0
99.22821672646023,0.0
99.11436253643447,0.0
98.99275261921233,0.0
98.86340617840966,0.0
98.72634363932886,0.0
98.5815866457337,0.0
98.42915805643156,0.0
98.26908194166373,0.0
98.10138357930433,0.0
97.92608945086884,0.0
97.7432272373321,0.0
97.55282581475777,0.0
97.35491524973719,0.0
97.14952679464334,0.0
96.9366928826937,0.0
96.71644712283063,0.0
96.48882429441261,0.0
96.25386034172296,0.0
96.01159236829358,0.0
95.76205863104596,0.0
95.50529853424989,0.0
95.24135262330094,0.0
94.97026257831854,0.0
94.6920712075632,0.0
94.40682244067725,0.0
94.11456132174771,0.0
93.81533400219324,0.0
93.50918773347618,0.0
93.19617085964187,0.0
92.87633280968257,0.0
92.54972408973474,0.0
92.21639627510073,0.0
91.87640200210708,0.0
91.52979495979066,0.0
91.17662988142142,0.0
90.81696253585926,0.0
90.45084971874746,0.0
90.07834924354395,0.0
89.69951993239192,0.0
89.3144216068309,0.0
88.92311507835137,0.0
88.52566213878947,0.0
88.12212555057242,0.0
87.71256903680523,0.0
87.29705727120896,0.0
86.8756558679088,0.0
86.44843137107047,0.0
86.0154512443955,0.0
85.57678386046422,0.0
85.13249848994244,0.0
84.68266529064024,0.0
84.22735529643447,0.0
83.7666404060513,0.0
83.30059337171267,0.0
82.82928778764794,0.0
82.35279807847238,0.0
81.8711994874344,0.0
81.38456806453524,0.0
80.89298065451669,0.0
80.39651488473055,0.0
79.89524915287598,0.0
79.38926261462372,0.0
78.87863517111347,0.0
78.36344745633795,0.0
77.84378082440956,0.0
77.31971733671335,0.0
76.79133974894975,0.0
76.25873149806475,0.0
75.72197668907532,0.0
75.18116008178808,0.0
74.63636707741465,0.0
74.08768370508587,0.0
73.53519660826676,0.0
72.97899303107425,0.0
72.41916080450181,0.0
71.85578833254657,0.0
71.28896457825391,0.0
70.7187790496642,0.0
70.14532178568317,0.0
69.56868334186018,0.0
68.98895477609015,0.0
68.40622763423404,0.0
67.82059393566271,0.0
67.23214615872607,0.0
66.64097722614959,0.0
66.04718049036043,0.0
65.45084971874736,0.0
64.85207907885177,0.0
64.25096312349888,0.0
63.64759677586637,0.0
63.042075314494646,0.0
62.434494358242915,0.0
61.824949851186105,0.0
61.213538047469314,0.0
60.60035549610268,0.0
59.98549902572034,0.0
59.369065729286255,0.0
58.75115294876387,0.0
58.131858259744284,0.0
57.511279456038,0.0
56.889514534232084,0.0
56.266661678215435,0.0
55.64281924367399,0.0
55.01808574256104,0.0
54.39255982753714,0.0
53.76634027639701,0.0
53.139525976465734,0.0
52.51221590898858,0.0
51.88450913349687,0.0
51.2565047721667,0.0
50.62830199416785,0.0
49.9999999999999,0.0
49.37169800583231,0.0
48.74349522783311,0.0
48.11549086650329,0.0
47.487784091011584,0.0
46.86047402353443,0.0
46.2336597236035,0.0
45.607440172463015,0.0
44.981914257439115,0.0
44.357180756326166,0.0
43.73333832178473,0.0
43.11048546576843,0.0
42.48872054396216,0.0
41.86814174025587,0.0
41.24884705123629,0.0
40.6309342707139,0.0
40.01450097427982,0.0
39.39964450389748,0.0
38.786461952531184,0.0
38.1750501488137,0.0
37.565505641757234,0.0
36.95792468550517,0.0
36.35240322413379,0.0
35.74903687650128,0.0
35.14792092114838,0.0
34.54915028125245,0.0
33.952819509639724,0.0
33.35902277385057,0.0
32.767853841274416,0.0
32.17940606433744,0.0
31.59377236576611,0.0
31.01104522390999,0.0
30.43131665813996,0.0
29.854678214316984,0.0
29.281220950335943,0.0
28.71103542174655,0.0
28.144211667453575,0.0
27.58083919549832,0.0
27.021006968925892,0.0
26.464803391733376,0.0
25.912316294914277,0.0
25.363632922585495,0.0
24.818839918212067,0.0
24.27802331092482,0.0
23.741268501935085,0.0
23.20866025105037,0.0
22.680282663286484,0.0
22.156219175590568,0.0
21.63655254366218,0.0
21.12136482888666,0.0
20.61073738537641,0.0
20.10475084712415,0.0
19.60348511526986,0.0
19.10701934548344,0.0
18.615431935464883,0.0
18.12880051256573,0.0
17.647201921527753,0.0
17.17071221235245,0.0
16.69940662828745,0.0
16.23335959394884,0.0
15.772644703565653,0.0
15.317334709359862,0.0
14.867501510057679,0.0
14.423216139535647,0.0
13.984548755604841,0.0
13.551568628929395,0.0
13.124344132091302,0.0
12.702942728790916,0.0
12.287430963194858,0.0
11.87787444942768,0.0
11.474337861210635,0.0
11.076884921648727,0.0
10.685578393169202,0.0
10.300480067608184,0.0
9.921650756456359,0.0
9.54915028125263,0.0
9.183037464140817,0.0
8.823370118578666,0.0
8.470205040209429,0.0
8.123597997892993,0.0
7.7836037248993435,0.0
7.450275910265525,0.0
7.123667190317526,0.0
6.803829140358211,0.0
6.490812266523712,0.0
6.184665997806832,0.0
5.88543867825237,0.0
5.593177559322818,0.0
5.307928792436719,0.0
5.029737421681531,0.0
4.758647376698967,0.0
4.494701465750325,0.0
4.237941368954104,0.0
3.9884076317064725,0.0
3.7461396582771087,0.0
3.511175705587455,0.0
3.2835528771694342,0.0
3.063307117306344,0.0
2.8504732053568347,0.0
2.6450847502628534,0.0
2.4471741852422895,0.0
2.256772762667943,0.0
2.073910549131206,0.0
1.8986164206958094,0.0
1.7309180583363215,0.0
1.5708419435684675,0.0
1.4184133542663346,0.0
1.2736563606711044,0.0
1.1365938215903668,0.0
1.007247380787632,0.0
0.8856374635655513,0.0
0.7717832735397252,0.0
0.6657027896065983,0.0
0.5674127631043078,0.0
0.4769287151674533,0.0
0.39426493427612286,0.0
0.3194344739995998,0.0
0.25244915093497866,0.0
0.19331954284139385,0.0
0.14205498696929908,0.0
0.09866357858644648,0.0
0.06315216969912996,0.0
0.03552636797054021,0.0
0.015790535835002117,0.0
0.003947789809195967,0.0
0.0,0.0
0.003947789809188862,0.0
0.015790535834995012,0.0
0.03552636797054021,0.0
0.06315216969912996,0.0
0.09866357858642516,0.0
0.14205498696929908,0.0
0.19331954284137254,0.0
0.25244915093497866,0.0
0.3194344739995998,0.0
0.39426493427608733,0.0
0.4769287151674533,0.0
0.567412763104258,0.0
0.6657027896066054,0.0
0.7717832735397252,0.0
0.8856374635655584,0.0
1.0072473807876392,0.0
1.1365938215902958,0.0
1.2736563606711044,0.0
1.4184133542662565,0.0
1.5708419435683822,0.0
1.7309180583363215,0.0
1.8986164206956175,0.0
2.073910549131206,0.0
2.2567727626678433,0.0
2.4471741852422966,0.0
2.645084750262747,0.0
2.850473205356721,0.0
3.063307117306344,0.0
3.2835528771693134,0.0
3.511175705587462,0.0
3.746139658277116,0.0
3.9884076317064796,0.0
4.237941368954104,0.0
4.4947014657501825,0.0
4.758647376698974,0.0
5.029737421681382,0.0
5.307928792436719,0.0
5.593177559322825,0.0
5.885438678252207,0.0
6.184665997806839,0.0
6.490812266523541,0.0
6.803829140358211,0.0
7.123667190317349,0.0
7.450275910265347,0.0
7.783603724899166,0.0
8.123597997892809,0.0
8.470205040209436,0.0
8.823370118578481,0.0
9.183037464140824,0.0
9.549150281252636,0.0
9.921650756456152,0.0
10.300480067608184,0.0
10.685578393168988,0.0
11.076884921648734,0.0
11.474337861210643,0.0
11.877874449427459,0.0
12.287430963194865,0.0
12.702942728790688,0.0
13.12434413209131,0.0
13.551568628929402,0.0
13.984548755604607,0.0
14.423216139535654,0.0
14.867501510057437,0.0
15.31733470935962,0.0
15.772644703565405,0.0
16.233359593948585,0.0
16.699406628287456,0.0
17.170712212352186,0.0
17.64720192152776,0.0
18.128800512565462,0.0
18.615431935464894,0.0
19.107019345483167,0.0
19.603485115269585,0.0
20.104750847124166,0.0
20.610737385376133,0.0
21.121364828886662,0.0
21.636552543662184,0.0
22.15621917559058,0.0
22.680282663286494,0.0
23.208660251050084,0.0
23.741268501935092,0.0
24.278023310924524,0.0
24.818839918211772,0.0
25.363632922585506,0.0
25.912316294913975,0.0
26.464803391733387,0.0
27.021006968925274,0.0
27.58083919549833,0.0
28.144211667453266,0.0
28.711035421746242,0.0
29.281220950335957,0.0
29.854678214316667,0.0
30.43131665813997,0.0
31.011045223909672,0.0
31.59377236576612,0.0
32.17940606433745,0.0
32.76785384127409,0.0
33.359022773850576,0.0
33.9528195096394,0.0
34.549150281252466,0.0
35.14792092114839,0.0
35.74903687650095,0.0
36.3524032241338,0.0
36.957924685504835,0.0
37.56550564175725,0.0
38.17505014881371,0.0
38.78646195253085,0.0
39.399644503897136,0.0
40.014500974279485,0.0
40.63093427071357,0.0
41.248847051235956,0.0
41.868141740255886,0.0
42.488720543962174,0.0
43.110485465768086,0.0
43.733338321784736,0.0
44.357180756325825,0.0
44.98191425743913,0.0
45.60744017246303,0.0
46.23365972360316,0.0
46.860474023534444,0.0
47.487784091011235,0.0
48.11549086650331,0.0
48.743495227833115,0.0
49.37169800583232,0.0
49.999999999999915,0.0
50.62830199416751,0.0
51.25650477216671,0.0
51.88450913349652,0.0
52.51221590898824,0.0
53.13952597646574,0.0
53.76634027639632,0.0
54.392559827537156,0.0
55.0180857425607,0.0
55.642819243674005,0.0
56.266661678215094,0.0
56.88951453423174,0.0
57.51127945603801,0.0
58.13185825974394,0.0
58.751152948763874,0.0
59.36906572928627,0.0
59.98549902572035,0.0
60.600355496102694,0.0
61.21353804746898,0.0
61.82494985118612,0.0
62.43449435824259,0.0
63.04207531449466,0.0
63.647596775866376,0.0
64.25096312349855,0.0
64.85207907885179,0.0
65.45084971874704,0.0
66.04718049036043,0.0
66.64097722614926,0.0
67.23214615872574,0.0
67.82059393566239,0.0
68.40622763423372,0.0
68.98895477609017,0.0
69.56868334185987,0.0
70.14532178568317,0.0
70.71877904966422,0.0
71.2889645782536,0.0
71.85578833254658,0.0
72.41916080450152,0.0
72.97899303107425,0.0
73.53519660826677,0.0
74.08768370508557,0.0
74.63636707741466,0.0
75.18116008178778,0.0
75.72197668907533,0.0
76.25873149806476,0.0
76.79133974894977,0.0
77.31971733671335,0.0
77.84378082440928,0.0
78.36344745633767,0.0
78.87863517111319,0.0
79.38926261462345,0.0
79.89524915287599,0.0
80.39651488473028,0.0
80.89298065451669,0.0
81.38456806453497,0.0
81.87119948743441,0.0
82.3527980784721,0.0
82.82928778764767,0.0
83.30059337171268,0.0
83.76664040605104,0.0
84.22735529643447,0.0
84.68266529064026,0.0
85.13249848994244,0.0
85.57678386046422,0.0
86.01545124439528,0.0
86.44843137107048,0.0
86.87565586790858,0.0
87.29705727120896,0.0
87.71256903680526,0.0
88.1221255505722,0.0
88.52566213878947,0.0
88.92311507835093,0.0
89.3144216068309,0.0
89.69951993239171,0.0
90.07834924354376,0.0
90.45084971874748,0.0
90.81696253585908,0.0
91.17662988142143,0.0
91.52979495979046,0.0
91.8764020021071,0.0
92.21639627510075,0.0
92.54972408973457,0.0
92.87633280968257,0.0
93.1961708596417,0.0
93.5091877334762,0.0
93.81533400219325,0.0
94.11456132174754,0.0
94.40682244067726,0.0
94.69207120756303,0.0
94.97026257831854,0.0
95.24135262330095,0.0
95.50529853424975,0.0
95.76205863104582,0.0
96.01159236829345,0.0
96.25386034172283,0.0
96.48882429441248,0.0
96.71644712283063,0.0
96.9366928826937,0.0
97.14952679464322,0.0
97.3549152497372,0.0
97.55282581475765,0.0
97.7432272373321,0.0
97.92608945086874,0.0
98.10138357930424,0.0
98.26908194166373,0.0
98.42915805643149,0.0
98.5815866457337,0.0
98.72634363932886,0.0
98.86340617840966,0.0
98.99275261921233,0.0
99.11436253643441,0.0
99.22821672646023,0.0
99.33429721039337,0.0
99.43258723689567,0.0
99.52307128483257,0.0
99.60573506572385,0.0
99.68056552600042,0.0
99.747550849065,0.0
99.80668045715862,0.0
99.85794501303069,0.0
99.90133642141356,0.0
99.93684783030088,0.0
99.96447363202945,0.0
99.984209464165,0.0
99.99605221019081,0.0
100.0,0.0
99.99605221019081,0.0
99.984209464165,0.0
99.96447363202947,0.0
99.93684783030088,0.0
99.90133642141359,0.0
99.85794501303069,0.0
99.80668045715865,0.0
99.747550849065,0.0
99.68056552600046,0.0
99.60573506572389,0.0
99.52307128483257,0.0
99.43258723689573,0.0
99.33429721039343,0.0
99.2282167264603,0.0
99.11436253643441,0.0
98.9927526192124,0.0
98.86340617840966,0.0
98.72634363932886,0.0
98.5815866457337,0.0
98.42915805643158,0.0
98.26908194166373,0.0
98.10138357930433,0.0
97.92608945086874,0.0
97.7432272373322,0.0
97.55282581475765,0.0
97.3549152497373,0.0
97.14952679464322,0.0
96.9366928826937,0.0
96.71644712283063,0.0
96.48882429441261,0.0
96.25386034172296,0.0
96.01159236829359,0.0
95.76205863104597,0.0
95.5052985342499,0.0
95.24135262330095,0.0
94.97026257831854,0.0
94.6920712075632,0.0
94.40682244067726,0.0
94.11456132174771,0.0
93.81533400219325,0.0
93.50918773347638,0.0
93.1961708596417,0.0
92.87633280968275,0.0
92.54972408973457,0.0
92.21639627510075,0.0
91.8764020021071,0.0
91.52979495979066,0.0
91.17662988142143,0.0
90.81696253585929,0.0
90.45084971874748,0.0
90.07834924354395,0.0
89.69951993239171,0.0
89.31442160683113,0.0
88.92311507835116,0.0
88.5256621387897,0.0
88.12212555057243,0.0
87.71256903680526,0.0
87.2970572712092,0.0
86.87565586790858,0.0
86.44843137107073,0.0
86.01545124439528,0.0
85.57678386046447,0.0
85.13249848994244,0.0
84.68266529064026,0.0
84.22735529643447,0.0
83.7666404060513,0.0
83.30059337171268,0.0
82.82928778764796,0.0
82.3527980784721,0.0
81.87119948743468,0.0
81.38456806453497,0.0
80.89298065451698,0.0
80.39651488473028,0.0
79.89524915287599,0.0
79.38926261462373,0.0
78.87863517111349,0.0
78.36344745633797,0.0
77.84378082440958,0.0
77.31971733671367,0.0
76.79133974894977,0.0
76.25873149806476,0.0
75.72197668907533,0.0
75.18116008178808,0.0
74.63636707741466,0.0
74.08768370508588,0.0
73.53519660826677,0.0
72.97899303107457,0.0
72.41916080450152,0.0
71.8557883325469,0.0
71.2889645782536,0.0
70.71877904966422,0.0
70.14532178568317,0.0
69.56868334186021,0.0
68.98895477609017,0.0
68.40622763423406,0.0
67.82059393566273,0.0
67.23214615872608,0.0
66.64097722614926,0.0
66.04718049036077,0.0
65.45084971874738,0.0
64.85207907885179,0.0
64.25096312349888,0.0
63.647596775866376,0.0
63.042075314495,0.0
62.43449435824259,0.0
61.82494985118646,0.0
61.21353804746898,0.0
60.60035549610304,0.0
59.98549902572035,0.0
59.36906572928627,0.0
58.751152948763874,0.0
58.13185825974429,0.0
57.511279456038004,0.0
56.88951453423209,0.0
56.266661678215094,0.0
55.64281924367435,0.0
55.0180857425607,0.0
54.39255982753751,0.0
53.76634027639667,0.0
53.13952597646574,0.0
52.512215908988594,0.0
51.88450913349688,0.0
51.25650477216706,0.0
50.62830199416751,0.0
50.00000000000027,0.0
49.37169800583232,0.0
48.743495227833115,0.0
48.11549086650331,0.0
47.48778409101159,0.0
46.860474023534444,0.0
46.23365972360351,0.0
45.60744017246303,0.0
44.981914257439485,0.0
44.357180756325825,0.0
43.73333832178509,0.0
43.110485465768086,0.0
42.488720543962174,0.0
41.868141740255886,0.0
41.248847051236304,0.0
40.63093427071391,0.0
40.01450097427983,0.0
39.399644503897484,0.0
38.7864619525312,0.0
38.17505014881371,0.0
37.56550564175725,0.0
36.957924685505176,0.0
36.3524032241338,0.0
35.74903687650129,0.0
35.14792092114839,0.0
34.5491502812528,0.0
33.9528195096394,0.0
33.35902277385091,0.0
32.76785384127409,0.0
32.17940606433745,0.0
31.59377236576612,0.0
31.01104522391,0.0
30.43131665813997,0.0
29.854678214316994,0.0
29.281220950335953,0.0
28.711035421746566,0.0
28.144211667453263,0.0
27.58083919549865,0.0
27.02100696892559,0.0
26.464803391733703,0.0
25.912316294914287,0.0
25.363632922585506,0.0
24.818839918212078,0.0
24.278023310924524,0.0
23.741268501935398,0.0
23.208660251050084,0.0
22.68028266328679,0.0
22.15621917559058,0.0
21.636552543662184,0.0
21.121364828886662,0.0
20.61073738537642,0.0
20.104750847124166,0.0
19.603485115269866,0.0
19.107019345483167,0.0
18.61543193546517,0.0
18.128800512565462,0.0
17.64720192152803,0.0
17.170712212352186,0.0
16.699406628287456,0.0
16.23335959394884,0.0
15.77264470356566,0.0
15.317334709359876,0.0
14.867501510057693,0.0
14.423216139535903,0.0
13.984548755604607,0.0
13.551568628929402,0.0
13.12434413209131,0.0
12.702942728790923,0.0
12.287430963194865,0.0
11.877874449427686,0.0
11.474337861210643,0.0
11.076884921648954,0.0
10.685578393168988,0.0
10.300480067608405,0.0
9.921650756456152,0.0
9.549150281252636,0.0
9.183037464140824,0.0
8.82337011857868,0.0
8.470205040209436,0.0
8.123597997893,0.0
7.783603724899351,0.0
7.450275910265532,0.0
7.123667190317349,0.0
6.803829140358388,0.0
6.490812266523719,0.0
6.184665997806839,0.0
5.8854386782523775,0.0
5.593177559322825,0.0
5.307928792436883,0.0
5.029737421681382,0.0
4.758647376699123,0.0
4.4947014657501825,0.0
4.237941368954253,0.0
3.9884076317064796,0.0
3.746139658277116,0.0
3.511175705587462,0.0
3.2835528771694413,0.0
3.063307117306344,0.0
2.850473205356842,0.0
2.645084750262747,0.0
2.447174185242403,0.0
2.2567727626678433,0.0
2.0739105491313055,0.0
1.898616420695717,0.0
1.7309180583363215,0.0
1.5708419435684746,0.0
1.4184133542663417,0.0
1.2736563606711826,0.0
1.1365938215902958,0.0
1.0072473807877103,0.0
0.8856374635655584,0.0
0.7717832735397252,0.0
0.6657027896066054,0.0
0.5674127631043078,0.0
0.4769287151674533,0.0
0.39426493427612996,0.0
0.3194344739995998,0.0
0.2524491509350142,0.0
0.19331954284137254,0.0
0.1420549869693275,0.0
0.09866357858642516,0.0
0.06315216969912996,0.0
0.03552636797054021,0.0
0.015790535835002117,0.0
0.003947789809195967,0.0
0.0,0.0
0.003947789809188862,0.0
0.015790535834995012,0.0
0.03552636797054021,0.0
0.06315216969912996,0.0
0.09866357858642516,0.0
0.14205498696929908,0.0
0.19331954284137254,0.0
0.25244915093497866,0.0
0.31943447399955716,0.0
0.39426493427612286,0.0
0.47692871516740354,0.0
0.5674127631043078,0.0
0.6657027896065415,0.0
0.7717832735397252,0.0
0.8856374635655513,0.0
1.007247380787632,0.0
1.1365938215902958,0.0
1.2736563606711044,0.0
1.4184133542662494,0.0
1.5708419435684675,0.0
1.7309180583362291,0.0
1.89861642069571,0.0
2.0739105491310994,0.0
2.256772762667836,0.0
2.4471741852422895,0.0
2.645084750262747,0.0
2.8504732053568347,0.0
3.0633071173062234,0.0
3.2835528771694342,0.0
3.51117570558732,0.0
3.7461396582771087,0.0
3.9884076317064725,0.0
4.237941368954104,0.0
4.494701465750175,0.0
4.758647376698967,0.0
5.029737421681375,0.0
5.307928792436876,0.0
5.593177559322662,0.0
5.88543867825237,0.0
6.184665997806668,0.0
6.490812266523712,0.0
6.803829140358211,0.0
7.123667190317342,0.0
7.45027591026534,0.0
7.783603724899159,0.0
8.123597997892801,0.0
8.470205040209237,0.0
8.823370118578666,0.0
9.183037464140817,0.0
9.54915028125263,0.0
9.921650756456145,0.0
10.300480067608184,0.0
10.685578393168974,0.0
11.076884921648727,0.0
11.474337861210408,0.0
11.87787444942768,0.0
12.287430963194623,0.0
12.702942728790916,0.0
13.124344132091302,0.0
13.551568628929395,0.0
13.9845487556046,0.0
14.423216139535647,0.0
14.867501510057423,0.0
15.317334709359606,0.0
15.77264470356539,0.0
16.23335959394884,0.0
16.699406628287186,0.0
17.17071221235218,0.0
17.647201921527753,0.0
18.12880051256545,0.0
18.615431935464883,0.0
19.107019345483163,0.0
19.60348511526986,0.0
20.10475084712387,0.0
20.61073738537641,0.0
21.121364828886364,0.0
21.63655254366218,0.0
22.156219175590568,0.0
22.680282663286484,0.0
23.208660251050073,0.0
23.741268501935085,0.0
24.278023310924514,0.0
24.818839918212067,0.0
25.363632922585186,0.0
25.912316294914277,0.0
26.464803391733064,0.0
27.02100696892558,0.0
27.58083919549832,0.0
28.144211667453256,0.0
28.71103542174623,0.0
29.28122095033562,0.0
29.854678214316984,0.0
30.431316658139632,0.0
31.01104522390999,0.0
31.59377236576611,0.0
32.17940606433744,0.0
32.76785384127408,0.0
33.35902277385057,0.0
33.95281950963938,0.0
34.54915028125245,0.0
35.14792092114804,0.0
35.74903687650128,0.0
36.35240322413345,0.0
36.95792468550517,0.0
37.565505641757234,0.0
38.1750501488137,0.0
38.78646195253084,0.0
39.39964450389713,0.0
40.01450097427947,0.0
40.63093427071355,0.0
41.24884705123594,0.0
41.86814174025587,0.0
42.48872054396216,0.0
43.11048546576807,0.0
43.73333832178473,0.0
44.35718075632582,0.0
44.981914257439115,0.0
45.60744017246266,0.0
46.2336597236035,0.0
46.860474023534074,0.0
47.487784091011584,0.0
48.11549086650294,0.0
48.74349522783311,0.0
49.37169800583231,0.0
49.9999999999999,0.0
50.628301994167494,0.0
51.2565047721667,0.0
51.884509133496515,0.0
52.51221590898858,0.0
53.13952597646538,0.0
53.76634027639666,0.0
54.392559827536786,0.0
55.018085742560686,0.0
55.64281924367399,0.0
56.26666167821508,0.0
56.889514534232084,0.0
57.51127945603764,0.0
58.131858259744284,0.0
58.75115294876352,0.0
59.369065729286255,0.0
59.98549902572034,0.0
60.60035549610268,0.0
61.21353804746897,0.0
61.824949851186105,0.0
62.434494358242574,0.0
63.042075314494646,0.0
63.64759677586602,0.0
64.25096312349888,0.0
64.85207907885143,0.0
65.45084971874736,0.0
66.04718049036043,0.0
66.64097722614925,0.0
67.23214615872573,0.0
67.82059393566237,0.0
68.40622763423372,0.0
68.98895477608983,0.0
69.56868334186018,0.0
70.14532178568317,0.0
70.7187790496642,0.0
71.2889645782536,0.0
71.85578833254657,0.0
72.4191608045015,0.0
72.97899303107425,0.0
73.53519660826645,0.0
74.08768370508587,0.0
74.63636707741433,0.0
75.18116008178808,0.0
75.72197668907502,0.0
76.25873149806475,0.0
76.79133974894975,0.0
77.31971733671335,0.0
77.84378082440927,0.0
78.36344745633767,0.0
78.87863517111319,0.0
79.38926261462372,0.0
79.89524915287569,0.0
80.39651488473027,0.0
80.89298065451669,0.0
81.38456806453496,0.0
81.8711994874344,0.0
82.35279807847209,0.0
82.82928778764794,0.0
83.30059337171241,0.0
83.7666404060513,0.0
84.22735529643421,0.0
84.68266529064024,0.0
85.13249848994244,0.0
85.57678386046422,0.0
86.01545124439527,0.0
86.44843137107047,0.0
86.87565586790856,0.0
87.29705727120918,0.0
87.71256903680501,0.0
88.12212555057242,0.0
88.52566213878924,0.0
88.92311507835115,0.0
89.3144216068309,0.0
89.6995199323917,0.0
90.07834924354373,0.0
90.45084971874726,0.0
90.81696253585926,0.0
91.17662988142122,0.0
91.52979495979066,0.0
91.87640200210708,0.0
92.21639627510073,0.0
92.54972408973455,0.0
92.87633280968257,0.0
93.19617085964168,0.0
93.50918773347618,0.0
93.81533400219307,0.0
94.11456132174771,0.0
94.40682244067708,0.0
94.6920712075632,0.0
94.97026257831854,0.0
95.24135262330094,0.0
95.50529853424973,0.0
95.76205863104582,0.0
96.01159236829345,0.0
96.25386034172283,0.0
96.48882429441247,0.0
96.71644712283063,0.0
96.9366928826937,0.0
97.14952679464321,0.0
97.35491524973719,0.0
97.55282581475765,0.0
97.7432272373321,0.0
97.92608945086874,0.0
98.10138357930433,0.0
98.26908194166363,0.0
98.42915805643156,0.0
98.58158664573361,0.0
98.72634363932886,0.0
98.86340617840966,0.0
98.99275261921233,0.0
99.11436253643441,0.0
99.22821672646023,0.0
99.33429721039337,0.0
99.43258723689571,0.0
99.52307128483253,0.0
99.60573506572389,0.0
99.68056552600038,0.0
99.747550849065,0.0
99.80668045715862,0.0
99.85794501303069,0.0
99.90133642141359,0.0
99.93684783030086,0.0
99.96447363202947,0.0
99.98420946416499,0.0
99.99605221019081,0.0
100.0,0.0
99.99605221019081,0.0
99.984209464165,0.0
99.96447363202947,0.0
99.93684783030088,0.0
99.90133642141359,0.0
99.85794501303072,0.0
99.80668045715862,0.0
99.74755084906505,0.0
99.68056552600042,0.0
99.6057350657239,0.0
99.52307128483257,0.0
99.43258723689573,0.0
99.33429721039343,0.0
99.2282167264603,0.0
99.11436253643447,0.0
98.99275261921233,0.0
98.86340617840966,0.0
98.72634363932886,0.0
98.58158664573371,0.0
98.42915805643158,0.0
98.26908194166373,0.0
98.10138357930434,0.0
97.92608945086886,0.0
97.74322723733212,0.0
97.55282581475777,0.0
97.3549152497372,0.0
97.14952679464335,0.0
96.93669288269372,0.0
96.71644712283063,0.0
96.48882429441261,0.0
96.25386034172297,0.0
96.0115923682936,0.0
95.76205863104597,0.0
95.50529853424975,0.0
95.24135262330111,0.0
94.97026257831855,0.0
94.6920712075632,0.0
94.40682244067726,0.0
94.11456132174771,0.0
93.81533400219325,0.0
93.50918773347621,0.0
93.19617085964188,0.0
92.87633280968257,0.0
92.54972408973475,0.0
92.21639627510075,0.0
91.87640200210711,0.0
91.52979495979068,0.0
91.17662988142123,0.0
90.81696253585949,0.0
90.45084971874749,0.0
90.07834924354397,0.0
89.69951993239172,0.0
89.31442160683113,0.0
88.92311507835139,0.0
88.52566213878947,0.0
88.12212555057243,0.0
87.71256903680549,0.0
87.29705727120921,0.0
86.87565586790882,0.0
86.44843137107048,0.0
86.01545124439528,0.0
85.57678386046447,0.0
85.13249848994246,0.0
84.68266529064027,0.0
84.22735529643423,0.0
83.76664040605156,0.0
83.3005933717127,0.0
82.82928778764796,0.0
82.35279807847212,0.0
81.8711994874347,0.0
81.38456806453526,0.0
80.8929806545167,0.0
80.3965148847303,0.0
79.89524915287627,0.0
79.38926261462373,0.0
78.8786351711135,0.0
78.36344745633768,0.0
77.84378082440958,0.0
77.31971733671367,0.0
76.79133974894978,0.0
76.25873149806478,0.0
75.72197668907503,0.0
75.1811600817884,0.0
74.63636707741466,0.0
74.08768370508588,0.0
73.53519660826647,0.0
72.97899303107458,0.0
72.41916080450184,0.0
71.8557883325466,0.0
71.28896457825361,0.0
70.71877904966455,0.0
70.14532178568318,0.0
69.56868334186021,0.0
68.98895477608986,0.0
68.40622763423406,0.0
67.82059393566274,0.0
67.23214615872575,0.0
66.64097722614927,0.0
66.04718049036079,0.0
65.45084971874772,0.0
64.8520790788518,0.0
64.25096312349889,0.0
63.64759677586605,0.0
63.04207531449501,0.0
62.434494358242944,0.0
61.82494985118613,0.0
61.213538047468994,0.0
60.60035549610305,0.0
59.98549902572036,0.0
59.369065729286284,0.0
58.75115294876354,0.0
58.13185825974466,0.0
57.51127945603802,0.0
56.889514534232106,0.0
56.2666616782151,0.0
55.64281924367437,0.0
55.01808574256107,0.0
54.39255982753717,0.0
53.76634027639668,0.0
53.13952597646611,0.0
52.5122159089886,0.0
51.88450913349689,0.0
51.25650477216672,0.0
50.628301994167515,0.0
50.000000000000284,0.0
49.371698005832336,0.0
48.74349522783313,0.0
48.11549086650296,0.0
47.48778409101196,0.0
46.86047402353445,0.0
46.23365972360352,0.0
45.60744017246269,0.0
44.98191425743949,0.0
44.357180756326194,0.0
43.73333832178475,0.0
43.1104854657681,0.0
42.488720543962536,0.0
41.8681417402559,0.0
41.24884705123631,0.0
40.630934270713574,0.0
40.01450097427984,0.0
39.3996445038975,0.0
38.786461952530864,0.0
38.175050148813725,0.0
37.5655056417576,0.0
36.95792468550553,0.0
36.35240322413381,0.0
35.7490368765013,0.0
35.147920921148064,0.0
34.549150281252814,0.0
33.952819509639745,0.0
33.35902277385059,0.0
32.7678538412741,0.0
32.1794060643378,0.0
31.593772365766135,0.0
31.01104522391001,0.0
30.431316658139657,0.0
29.85467821431733,0.0
29.281220950335964,0.0
28.711035421746576,0.0
28.144211667453277,0.0
27.580839195498662,0.0
27.021006968925914,0.0
26.464803391733398,0.0
25.912316294914298,0.0
25.363632922585825,0.0
24.81883991821209,0.0
24.27802331092484,0.0
23.741268501935103,0.0
23.208660251050095,0.0
22.6802826632868,0.0
22.156219175590593,0.0
21.636552543662198,0.0
21.121364828886385,0.0
20.610737385376716,0.0
20.10475084712417,0.0
19.603485115269876,0.0
19.107019345483177,0.0
18.615431935465182,0.0
18.128800512565746,0.0
17.647201921527774,0.0
17.170712212352193,0.0
16.699406628287733,0.0
16.233359593948855,0.0
15.772644703565668,0.0
15.317334709359628,0.0
14.867501510057693,0.0
14.423216139535917,0.0
13.984548755604614,0.0
13.55156862892941,0.0
13.124344132091082,0.0
12.702942728791172,0.0
12.287430963194872,0.0
11.877874449427694,0.0
11.47433786121043,0.0
11.076884921648968,0.0
10.685578393169216,0.0
10.300480067608198,0.0
9.92165075645616,0.0
9.54915028125285,0.0
9.183037464140838,0.0
8.82337011857868,0.0
8.470205040209244,0.0
8.1235979978932,0.0
7.783603724899358,0.0
7.450275910265539,0.0
7.123667190317349,0.0
6.803829140358403,0.0
6.490812266523896,0.0
6.184665997806846,0.0
5.8854386782523775,0.0
5.593177559322669,0.0
5.30792879243689,0.0
5.0297374216815385,0.0
4.758647376698974,0.0
4.49470146575019,0.0
4.237941368954253,0.0
3.9884076317064867,0.0
3.746139658277116,0.0
3.511175705587334,0.0
3.2835528771695692,0.0
3.0633071173063513,0.0
2.850473205356849,0.0
2.645084750262747,0.0
2.447174185242403,0.0
2.25677276266795,0.0
2.073910549131206,0.0
1.898616420695717,0.0
1.730918058336421,0.0
1.5708419435684746,0.0
1.4184133542663417,0.0
1.2736563606711115,0.0
1.1365938215903029,0.0
1.0072473807877103,0.0
0.8856374635655584,0.0
0.7717832735397323,0.0
0.6657027896065486,0.0
0.5674127631043646,0.0
0.4769287151674604,0.0
0.39426493427612996,0.0
0.31943447399956426,0.0
0.2524491509350142,0.0
0.19331954284140096,0.0
0.14205498696929908,0.0
0.09866357858642516,0.0
0.06315216969914417,0.0
0.03552636797054021,0.0
0.015790535835002117,0.0
0.003947789809188862,0.0
0.0,0.0
0.003947789809188862,0.0
0.015790535835002117,0.0
0.03552636797054021,0.0
0.06315216969910864,0.0
0.09866357858639674,0.0
0.14205498696929908,0.0
0.19331954284137254,0.0
0.2524491509350142,0.0
0.31943447399955716,0.0
0.3942649342760802,0.0
0.4769287151674533,0.0
0.5674127631043078,0.0
0.6657027896065344,0.0
0.7717832735397252,0.0
0.8856374635655513,0.0
1.0072473807877103,0.0
1.1365938215902176,0.0
1.2736563606710973,0.0
1.4184133542662494,0.0
1.5708419435684675,0.0
1.7309180583362291,0.0
1.8986164206956104,0.0
2.073910549131199,0.0
2.256772762667829,0.0
2.447174185242176,0.0
2.6450847502627397,0.0
2.850473205356714,0.0
3.063307117306344,0.0
3.2835528771694342,0.0
3.5111757055873127,0.0
3.7461396582771016,0.0
3.9884076317064725,0.0
4.237941368954239,0.0
4.494701465750026,0.0
4.75864737669896,0.0
5.029737421681368,0.0
5.307928792436876,0.0
5.593177559322655,0.0
5.8854386782522,0.0
6.184665997806825,0.0
6.4908122665237045,0.0
6.803829140358026,0.0
7.1236671903173345,0.0
7.450275910265333,0.0
7.7836037248993435,0.0
8.123597997892794,0.0
8.470205040209223,0.0
8.823370118578659,0.0
9.183037464140817,0.0
9.549150281252828,0.0
9.921650756455925,0.0
10.300480067608177,0.0
10.685578393168967,0.0
11.076884921648947,0.0
11.474337861210401,0.0
11.877874449427445,0.0
12.28743096319485,0.0
12.702942728790909,0.0
13.124344132091053,0.0
13.551568628929381,0.0
13.984548755604585,0.0
14.423216139535889,0.0
14.86750151005716,0.0
15.3173347093596,0.0
15.772644703565383,0.0
16.233359593948826,0.0
16.69940662828717,0.0
17.1707122123519,0.0
17.647201921527746,0.0
18.128800512565448,0.0
18.61543193546515,0.0
19.10701934548315,0.0
19.603485115269564,0.0
20.10475084712414,0.0
20.6107373853764,0.0
21.121364828886357,0.0
21.63655254366217,0.0
22.156219175590557,0.0
22.68028266328677,0.0
23.20866025104976,0.0
23.741268501935075,0.0
24.278023310924503,0.0
24.818839918212056,0.0
25.363632922585175,0.0
25.912316294913953,0.0
26.464803391733366,0.0
27.02100696892557,0.0
27.580839195497994,0.0
28.144211667453245,0.0
28.71103542174622,0.0
29.281220950335932,0.0
29.85467821431697,0.0
30.43131665813962,0.0
31.011045223909978,0.0
31.5937723657661,0.0
32.179406064337755,0.0
32.767853841273734,0.0
33.359022773850555,0.0
33.952819509639376,0.0
34.54915028125278,0.0
35.14792092114803,0.0
35.749036876500924,0.0
36.352403224133774,0.0
36.957924685505155,0.0
37.56550564175688,0.0
38.17505014881369,0.0
38.78646195253083,0.0
39.39964450389746,0.0
40.01450097427911,0.0
40.63093427071354,0.0
41.24884705123628,0.0
41.868141740255865,0.0
42.4887205439618,0.0
43.11048546576771,0.0
43.733338321784714,0.0
44.3571807563258,0.0
44.981914257439456,0.0
45.60744017246265,0.0
46.23365972360313,0.0
46.860474023534415,0.0
47.48778409101157,0.0
48.115490866502924,0.0
48.743495227833094,0.0
49.3716980058323,0.0
50.00000000000024,0.0
50.628301994167124,0.0
51.256504772166686,0.0
51.8845091334965,0.0
52.512215908988566,0.0
53.139525976465364,0.0
53.76634027639629,0.0
54.39255982753713,0.0
55.01808574256068,0.0
55.64281924367363,0.0
56.266661678215065,0.0
56.88951453423172,0.0
57.51127945603798,0.0
58.13185825974427,0.0
58.751152948763504,0.0
59.36906572928625,0.0
59.98549902572033,0.0
60.60035549610301,0.0
61.21353804746861,0.0
61.82494985118609,0.0
62.43449435824256,0.0
63.04207531449498,0.0
63.64759677586601,0.0
64.25096312349852,0.0
64.85207907885176,0.0
65.45084971874735,0.0
66.04718049036008,0.0
66.64097722614923,0.0
67.23214615872573,0.0
67.8205939356627,0.0
68.40622763423369,0.0
68.98895477608981,0.0
69.56868334186018,0.0
70.14532178568315,0.0
70.7187790496645,0.0
71.28896457825326,0.0
71.85578833254655,0.0
72.41916080450149,0.0
72.97899303107455,0.0
73.53519660826643,0.0
74.08768370508554,0.0
74.63636707741463,0.0
75.18116008178806,0.0
75.721976689075,0.0
76.25873149806475,0.0
76.79133974894975,0.0
77.31971733671364,0.0
77.84378082440895,0.0
78.36344745633765,0.0
78.87863517111317,0.0
79.3892626146237,0.0
79.89524915287568,0.0
80.39651488472998,0.0
80.89298065451668,0.0
81.38456806453495,0.0
81.87119948743467,0.0
82.35279807847209,0.0
82.82928778764767,0.0
83.30059337171267,0.0
83.76664040605127,0.0
84.2273552964342,0.0
84.68266529064024,0.0
85.13249848994244,0.0
85.57678386046446,0.0
86.01545124439501,0.0
86.44843137107046,0.0
86.87565586790856,0.0
87.29705727120918,0.0
87.71256903680501,0.0
88.12212555057218,0.0
88.52566213878946,0.0
88.92311507835115,0.0
89.31442160683068,0.0
89.6995199323917,0.0
90.07834924354373,0.0
90.45084971874746,0.0
90.81696253585926,0.0
91.1766298814212,0.0
91.52979495979065,0.0
91.87640200210708,0.0
92.21639627510092,0.0
92.54972408973435,0.0
92.87633280968255,0.0
93.19617085964168,0.0
93.50918773347635,0.0
93.81533400219305,0.0
94.11456132174754,0.0
94.40682244067725,0.0
94.69207120756319,0.0
94.97026257831838,0.0
95.24135262330094,0.0
95.50529853424973,0.0
95.76205863104596,0.0
96.0115923682933,0.0
96.25386034172281,0.0
96.48882429441247,0.0
96.71644712283062,0.0
96.93669288269359,0.0
97.1495267946431,0.0
97.35491524973719,0.0
97.55282581475765,0.0
97.7432272373322,0.0
97.92608945086874,0.0
98.10138357930424,0.0
98.26908194166371,0.0
98.42915805643156,0.0
98.58158664573361,0.0
98.72634363932886,0.0
98.86340617840966,0.0
98.9927526192124,0.0
99.11436253643434,0.0
99.22821672646023,0.0
99.33429721039337,0.0
99.43258723689571,0.0
99.52307128483253,0.0
99.60573506572385,0.0
99.68056552600042,0.0
99.747550849065,0.0
99.80668045715858,0.0
99.85794501303069,0.0
99.90133642141356,0.0
99.93684783030088,0.0
99.96447363202947,0.0
99.98420946416499,0.0
99.99605221019081,0.0
100.0,0.0
99.9960522101908,0.0
99.984209464165,0.0
99.96447363202947,0.0
99.93684783030088,0.0
99.90133642141356,0.0
99.85794501303072,0.0
99.80668045715865,0.0
99.74755084906501,0.0
99.68056552600044,0.0
99.60573506572393,0.0
99.52307128483258,0.0
99.43258723689573,0.0
99.33429721039337,0.0
99.2282167264603,0.0
99.11436253643447,0.0
98.99275261921233,0.0
98.86340617840966,0.0
98.72634363932877,0.0
98.5815866457338,0.0
98.42915805643159,0.0
98.26908194166373,0.0
98.10138357930424,0.0
97.92608945086886,0.0
97.74322723733223,0.0
97.55282581475765,0.0
97.3549152497372,0.0
97.14952679464335,0.0
96.93669288269372,0.0
96.71644712283063,0.0
96.4888242944125,0.0
96.25386034172311,0.0
96.0115923682936,0.0
95.76205863104597,0.0
95.50529853424976,0.0
95.24135262330111,0.0
94.97026257831871,0.0
94.6920712075632,0.0
94.40682244067727,0.0
94.11456132174756,0.0
93.81533400219325,0.0
93.50918773347638,0.0
93.19617085964171,0.0
92.87633280968258,0.0
92.54972408973477,0.0
92.21639627510075,0.0
91.87640200210711,0.0
91.52979495979048,0.0
91.17662988142165,0.0
90.81696253585929,0.0
90.45084971874749,0.0
90.07834924354376,0.0
89.69951993239194,0.0
89.31442160683113,0.0
88.92311507835117,0.0
88.5256621387895,0.0
88.12212555057268,0.0
87.71256903680526,0.0
87.29705727120921,0.0
86.87565586790859,0.0
86.4484313710705,0.0
86.01545124439554,0.0
85.57678386046425,0.0
85.13249848994246,0.0
84.68266529064002,0.0
84.22735529643475,0.0
83.76664040605131,0.0
83.3005933717127,0.0
82.8292877876477,0.0
82.3527980784724,0.0
81.8711994874347,0.0
81.38456806453499,0.0
80.89298065451672,0.0
80.39651488473058,0.0
79.895249152876,0.0
79.38926261462375,0.0
78.87863517111322,0.0
78.36344745633828,0.0
77.84378082440959,0.0
77.31971733671368,0.0
76.7913397489498,0.0
76.25873149806509,0.0
75.72197668907566,0.0
75.18116008178811,0.0
74.63636707741468,0.0
74.08768370508558,0.0
73.5351966082668,0.0
72.9789930310746,0.0
72.41916080450153,0.0
71.85578833254661,0.0
71.28896457825394,0.0
70.71877904966424,0.0
70.1453217856832,0.0
69.5686833418599,0.0
68.98895477609052,0.0
68.40622763423407,0.0
67.82059393566274,0.0
67.23214615872577,0.0
66.64097722614962,0.0
66.0471804903608,0.0
65.45084971874739,0.0
64.85207907885182,0.0
64.25096312349925,0.0
63.647596775866404,0.0
63.04207531449502,0.0
62.43449435824261,0.0
61.82494985118615,0.0
61.213538047469356,0.0
60.600355496102715,0.0
59.98549902572037,0.0
59.36906572928594,0.0
58.75115294876425,0.0
58.13185825974432,0.0
57.51127945603803,0.0
56.889514534231765,0.0
56.26666167821547,0.0
55.64281924367438,0.0
55.01808574256073,0.0
54.39255982753718,0.0
53.76634027639705,0.0
53.13952597646577,0.0
52.512215908988615,0.0
51.88450913349655,0.0
51.256504772167446,0.0
50.628301994167884,0.0
50.00000000000029,0.0
49.37169800583235,0.0
48.743495227833144,0.0
48.115490866503684,0.0
47.48778409101162,0.0
46.860474023534465,0.0
46.23365972360318,0.0
45.60744017246305,0.0
44.981914257439506,0.0
44.35718075632585,0.0
43.733338321784764,0.0
43.11048546576846,0.0
42.4887205439622,0.0
41.86814174025591,0.0
41.24884705123598,0.0
40.630934270714285,0.0
40.014500974279855,0.0
39.39964450389751,0.0
38.78646195253087,0.0
38.17505014881408,0.0
37.56550564175761,0.0
36.9579246855052,0.0
36.35240322413382,0.0
35.74903687650097,0.0
35.14792092114841,0.0
34.54915028125282,0.0
33.95281950963942,0.0
33.3590227738506,0.0
32.767853841274444,0.0
32.17940606433747,0.0
31.593772365766146,0.0
31.011045223909694,0.0
30.43131665814032,0.0
29.854678214317016,0.0
29.281220950335978,0.0
28.711035421746264,0.0
28.144211667453607,0.0
27.580839195498676,0.0
27.021006968925608,0.0
26.464803391733412,0.0
25.91231629491462,0.0
25.363632922585527,0.0
24.8188399182121,0.0
24.278023310924546,0.0
23.741268501935114,0.0
23.208660251050407,0.0
22.680282663286512,0.0
22.156219175590603,0.0
21.636552543661914,0.0
21.121364828886975,0.0
20.61073738537644,0.0
20.10475084712418,0.0
19.603485115269603,0.0
19.107019345483465,0.0
18.61543193546519,0.0
18.12880051256548,0.0
17.64720192152778,0.0
17.170712212352477,0.0
16.69940662828747,0.0
16.23335959394886,0.0
15.772644703565419,0.0
15.317334709360146,0.0
14.867501510057707,0.0
14.423216139535924,0.0
13.984548755604628,0.0
13.551568628929417,0.0
13.124344132091565,0.0
12.702942728790937,0.0
12.287430963194879,0.0
11.877874449427473,0.0
11.474337861210657,0.0
11.076884921648968,0.0
10.685578393168996,0.0
10.300480067608206,0.0
9.92165075645638,0.0
9.549150281252643,0.0
9.183037464140838,0.0
8.823370118578488,0.0
8.470205040209649,0.0
8.123597997893015,0.0
7.783603724899365,0.0
7.450275910265361,0.0
7.123667190317548,0.0
6.80382914035841,0.0
6.490812266523726,0.0
6.184665997806853,0.0
5.885438678252555,0.0
5.593177559322839,0.0
5.307928792436897,0.0
5.029737421681389,0.0
4.758647376698981,0.0
4.494701465750339,0.0
4.237941368954118,0.0
3.988407631706494,0.0
3.746139658276988,0.0
3.511175705587597,0.0
3.2835528771694484,0.0
3.0633071173063584,0.0
2.850473205356728,0.0
2.6450847502628676,0.0
2.4471741852424103,0.0
2.2567727626678504,0.0
2.073910549131213,0.0
1.8986164206958165,0.0
1.7309180583363357,0.0
1.5708419435684817,0.0
1.4184133542662636,0.0
1.2736563606712679,0.0
1.136593821590381,0.0
1.0072473807877103,0.0
0.8856374635655655,0.0
0.7717832735397323,0.0
0.6657027896066623,0.0
0.5674127631043149,0.0
0.4769287151674604,0.0
0.39426493427608733,0.0
0.3194344739995998,0.0
0.2524491509350213,0.0
0.19331954284137254,0.0
0.14205498696930619,0.0
0.09866357858644648,0.0
0.06315216969912996,0.0
0.03552636797054021,0.0
0.015790535834995012,0.0
0.003947789809203073,0.0
0.0,0.0
0.003947789809188862,0.0
0.015790535835002117,0.0
0.035526367970525996,0.0
0.06315216969910153,0.0
0.09866357858641805,0.0
0.14205498696929908,0.0
0.19331954284139385,0.0
0.25244915093497156,0.0
0.31943447399955716,0.0
0.39426493427612286,0.0
0.47692871516744617,0.0
0.5674127631042509,0.0
0.6657027896065983,0.0
0.7717832735397252,0.0
0.8856374635656223,0.0
1.007247380787561,0.0
1.1365938215902958,0.0
1.2736563606710973,0.0
1.4184133542663275,0.0
1.5708419435683751,0.0
1.730918058336222,0.0
1.8986164206957028,0.0
2.0739105491311918,0.0
2.2567727626677225,0.0
2.4471741852422824,0.0
2.6450847502627326,0.0
2.8504732053568276,0.0
3.063307117306337,0.0
3.2835528771692992,0.0
3.5111757055873127,0.0
3.7461396582770945,0.0
3.9884076317064725,0.0
4.237941368953948,0.0
4.494701465750168,0.0
4.758647376698953,0.0
5.029737421681517,0.0
5.307928792436705,0.0
5.593177559322648,0.0
5.885438678252356,0.0
6.1846659978068175,0.0
6.490812266523527,0.0
6.8038291403581965,0.0
7.123667190317327,0.0
7.4502759102655105,0.0
7.783603724898953,0.0
8.123597997892787,0.0
8.470205040209215,0.0
8.823370118578651,0.0
9.18303746414081,0.0
9.549150281252402,0.0
9.921650756456131,0.0
10.300480067608163,0.0
10.68557839316918,0.0
11.076884921648713,0.0
11.474337861210394,0.0
11.877874449427665,0.0
12.287430963194836,0.0
12.70294272879066,0.0
13.124344132091288,0.0
13.551568628929381,0.0
13.984548755604834,0.0
14.423216139535384,0.0
14.867501510057409,0.0
15.317334709359592,0.0
15.77264470356564,0.0
16.233359593948556,0.0
16.699406628287164,0.0
17.170712212352157,0.0
17.64720192152773,0.0
18.128800512565164,0.0
18.615431935464866,0.0
19.10701934548314,0.0
19.603485115269837,0.0
20.10475084712413,0.0
20.610737385376098,0.0
21.121364828886634,0.0
21.63655254366216,0.0
22.156219175590845,0.0
22.680282663286167,0.0
23.208660251050052,0.0
23.741268501935064,0.0
24.278023310924794,0.0
24.818839918211737,0.0
25.363632922585165,0.0
25.912316294914252,0.0
26.464803391733355,0.0
27.02100696892524,0.0
27.5808391954983,0.0
28.144211667453234,0.0
28.71103542174653,0.0
29.281220950335275,0.0
29.854678214316635,0.0
30.43131665813961,0.0
31.011045223909967,0.0
31.59377236576609,0.0
32.17940606433709,0.0
32.76785384127406,0.0
33.35902277385054,0.0
33.952819509639696,0.0
34.54915028125242,0.0
35.147920921148014,0.0
35.74903687650126,0.0
36.35240322413377,0.0
36.9579246855048,0.0
37.56550564175721,0.0
38.17505014881368,0.0
38.78646195253116,0.0
39.39964450389675,0.0
40.01450097427944,0.0
40.630934270713524,0.0
41.24884705123627,0.0
41.868141740255496,0.0
42.48872054396179,0.0
43.11048546576805,0.0
43.7333383217847,0.0
44.357180756326144,0.0
44.981914257439094,0.0
45.60744017246264,0.0
46.23365972360347,0.0
46.8604740235344,0.0
47.4877840910112,0.0
48.115490866503265,0.0
48.74349522783308,0.0
49.37169800583264,0.0
0.0,0.0
0.0,0.0
0.0,0.0
0.0,0.0
0.0,0.0
0.0,0.0
0.0,0.0
0.0,0.0
0.0,0.0
0.0,0.0
0.0,0.0
0.0,0.0
0.0,0.0
0.0,0.0
0.0,0.0
0.0,0.0
0.0,0.0
0.0,0.0
0.0,0.0
0.0,0.0
0.0,0.0
0.0,0.0
0.0,0.0
0.0,0.0
0.0,0.0
0.0,0.0
0.0,0.0
0.0,0.0
0.0,0.0
0.0,0.0
0.0,0.0
0.0,0.0
0.0,0.0
0.0,0.0
0.0,0.0
0.0,0.0
0.0,0.0
0.0,0.0
0.0,0.0
0.0,0.0
0.0,0.0
0.0,0.0
0.0,0.0
0.0,0.0
0.0,0.0
0.0,0.0
0.0,0.0
0.0,0.0
0.0,0.0
0.0,0.0
0.0,0.0
0.0,0.0
0.0,0.0
0.0,0.0
0.0,0.0
0.0,0.0
0.0,0.0
0.0,0.0
0.0,0.0
0.0,0.0
0.0,0.0
0.0,0.0
0.0,0.0
0.0,0.0
0.0,0.0
0.0,0.0
0.0,0.0
0.0,0.0
0.0,0.0
0.0,0.0
0.0,0.0
0.0,0.0
0.0,0.0
0.0,0.0
0.0,0.0
0.0,0.0
0.0,0.0
0.0,0.0
0.0,0.0
0.0,0.0
0.0,0.0
0.0,0.0
0.0,0.0
0.0,0.0
0.0,0.0
0.0,0.0
0.0,0.0
0.0,0.0
0.0,0.0
0.0,0.0
0.0,0.0
0.0,0.0
0.0,0.0
0.0,0.0
0.0,0.0
0.0,0.0
0.0,0.0
0.0,0.0
0.0,0.0
0.0,0.0
0.0,0.0
0.0,0.0
0.0,0.0
0.0,0.0
0.0,0.0
0.0,0.0
0.0,0.0
0.0,0.0
0.0,0.0
0.0,0.0
0.0,0.0
0.0,0.0
0.0,0.0
0.0,0.0
0.0,0.0
0.0,0.0
0.0,0.0
0.0,0.0
0.0,0.0
0.0,0.0
0.0,0.0
0.0,0.0
0.0,0.0
0.0,0.0
0.0,0.0
0.0,0.0
0.0,0.0
0.0,0.0
0.0,0.0
0.0,0.0
0.0,0.0
0.0,0.0
0.0,0.0
0.0,0.0
0.0,0.0
0.0,0.0
0.0,0.0
0.0,0.0
0.0,0.0
0.0,0.0
0.0,0.0
0.0,0.0
0.0,0.0
0.0,0.0
0.0,0.0
0.0,0.0
0.0,0.0
0.0,0.0
0.0,0.0
0.0,0.0
0.0,0.0
0.0,0.0
0.0,0.0
0.0,0.0
0.0,0.0
0.0,0.0
0.0,0.0
0.0,0.0
0.0,0.0
0.0,0.0
0.0,0.0
0.0,0.0
0.0,0.0
0.0,0.0
0.0,0.0
0.0,0.0
0.0,0.0
0.0,0.0
0.0,0.0
0.0,0.0
0.0,0.0
0.0,0.0
0.0,0.0
0.0,0.0
0.0,0.0
0.0,0.0
0.0,0.0
0.0,0.0
0.0,0.0
0.0,0.0
0.0,0.0
0.0,0.0
0.0,0.0
0.0,0.0
0.0,0.0
0.0,0.0
0.0,0.0
0.0,0.0
0.0,0.0
0.0,0.0
0.0,0.0
0.0,0.0
0.0,0.0
0.0,0.0
0.0,0.0
0.0,0.0
0.0,0.0
0.0,0.0
0.0,0.0
0.0,0.0
0.0,0.0
0.0,0.0
0.0,0.0
0.0,0.0
0.0,0.0
0.0,0.0
0.0,0.0
0.0,0.0
0.0,0.0
0.0,0.0
0.0,0.0
0.0,0.0
0.0,0.0
0.0,0.0
0.0,0.0
0.0,0.0
0.0,0.0
0.0,0.0
0.0,0.0
0.0,0.0
0.0,0.0
0.0,0.0
0.0,0.0
0.0,0.0
0.0,0.0
0.0,0.0
0.0,0.0
0.0,0.0
0.0,0.0
0.0,0.0
0.0,0.0
0.0,0.0
0.0,0.0
0.0,0.0
0.0,0.0
0.0,0.0
0.0,0.0
0.0,0.0
0.0,0.0
0.0,0.0
0.0,0.0
0.0,0.0
0.0,0.0
0.0,0.0
0.0,0.0
0.0,0.0
0.0,0.0
0.0,0.0
0.0,0.0
0.0,0.0
0.0,0.0
0.0,0.0
0.0,0.0
0.0,0.0
0.0,0.0
0.0,0.0
0.0,0.0
0.0,0.0
0.0,0.0
0.0,0.0
0.0,0.0
0.0,0.0
0.0,0.0
0.0,0.0
0.0,0.0
0.0,0.0
0.0,0.0
0.0,0.0
0.0,0.0
0.0,0.0
0.0,0.0
0.0,0.0
0.0,0.0
0.0,0.0
0.0,0.0
0.0,0.0
0.0,0.0
0.0,0.0
0.0,0.0
0.0,0.0
0.0,0.0
0.0,0.0
0.0,0.0
0.0,0.0
0.0,0.0
0.0,0.0
0.0,0.0
0.0,0.0
0.0,0.0
0.0,0.0
0.0,0.0
0.0,0.0
0.0,0.0
0.0,0.0
0.0,0.0
0.0,0.0
0.0,0.0
0.0,0.0
0.0,0.0
0.0,0.0
0.0,0.0
0.0,0.0
0.0,0.0
0.0,0.0
0.0,0.0
0.0,0.0
0.0,0.0
0.0,0.0
0.0,0.0
0.0,0.0
0.0,0.0
0.0,0.0
0.0,0.0
0.0,0.0
0.0,0.0
0.0,0.0
0.0,0.0
0.0,0.0
0.0,0.0
0.0,0.0
0.0,0.0
0.0,0.0
0.0,0.0
0.0,0.0
0.0,0.0
0.0,0.0
0.0,0.0
0.0,0.0
0.0,0.0
0.0,0.0
0.0,0.0
0.0,0.0
0.0,0.0
0.0,0.0
0.0,0.0
0.0,0.0
0.0,0.0
0.0,0.0
0.0,0.0
0.0,0.0
0.0,0.0
0.0,0.0
0.0,0.0
0.0,0.0
0.0,0.0
0.0,0.0
0.0,0.0
0.0,0.0
0.0,0.0
0.0,0.0
0.0,0.0
0.0,0.0
0.0,0.0
0.0,0.0
0.0,0.0
0.0,0.0
0.0,0.0
0.0,0.0
0.0,0.0
0.0,0.0
0.0,0.0
0.0,0.0
0.0,0.0
0.0,0.0
0.0,0.0
0.0,0.0
0.0,0.0
0.0,0.0
0.0,0.0
0.0,0.0
0.0,0.0
0.0,0.0
0.0,0.0
0.0,0.0
0.0,0.0
0.0,0.0
0.0,0.0
0.0,0.0
0.0,0.0
0.0,0.0
0.0,0.0
0.0,0.0
0.0,0.0
0.0,0.0
0.0,0.0
0.0,0.0
0.0,0.0
0.0,0.0
0.0,0.0
0.0,0.0
0.0,0.0
0.0,0.0
0.0,0.0
0.0,0.0
0.0,0.0
0.0,0.0
0.0,0.0
0.0,0.0
0.0,0.0
0.0,0.0
0.0,0.0
0.0,0.0
0.0,0.0
0.0,0.0
0.0,0.0
0.0,0.0
0.0,0.0
0.0,0.0
0.0,0.0
0.0,0.0
0.0,0.0
0.0,0.0
0.0,0.0
0.0,0.0
0.0,0.0
0.0,0.0
0.0,0.0
0.0,0.0
0.0,0.0
0.0,0.0
0.0,0.0
0.0,0.0
0.0,0.0
0.0,0.0
0.0,0.0
0.0,0.0
0.0,0.0
0.0,0.0
0.0,0.0
0.0,0.0
0.0,0.0
0.0,0.0
0.0,0.0
0.0,0.0
0.0,0.0
0.0,0.0
0.0,0.0
0.0,0.0
0.0,0.0
0.0,0.0
0.0,0.0
0.0,0.0
0.0,0.0
0.0,0.0
0.0,0.0
0.0,0.0
0.0,0.0
0.0,0.0
0.0,0.0
0.0,0.0
0.0,0.0
0.0,0.0
0.0,0.0
0.0,0.0
0.0,0.0
0.0,0.0
0.0,0.0
0.0,0.0
0.0,0.0
0.0,0.0
0.0,0.0
0.0,0.0
0.0,0.0
0.0,0.0
0.0,0.0
0.0,0.0
0.0,0.0
0.0,0.0
0.0,0.0
0.0,0.0
0.0,0.0
0.0,0.0
0.0,0.0
0.0,0.0
0.0,0.0
0.0,0.0
0.0,0.0
0.0,0.0
0.0,0.0
0.0,0.0
0.0,0.0
0.0,0.0
0.0,0.0
0.0,0.0
0.0,0.0
0.0,0.0
0.0,0.0
0.0,0.0
0.0,0.0
0.0,0.0
0.0,0.0
0.0,0.0
0.0,0.0
0.0,0.0
0.0,0.0
0.0,0.0
0.0,0.0
0.0,0.0
0.0,0.0
0.0,0.0
0.0,0.0
0.0,0.0
0.0,0.0
0.0,0.0
0.0,0.0
0.0,0.0
0.0,0.0
0.0,0.0
0.0,0.0
0.0,0.0
0.0,0.0
0.0,0.0
0.0,0.0
0.0,0.0
0.0,0.0
0.0,0.0
0.0,0.0
0.0,0.0
0.0,0.0
0.0,0.0
0.0,0.0
0.0,0.0
0.0,0.0
0.0,0.0
0.0,0.0
0.0,0.0
0.0,0.0
0.0,0.0
0.0,0.0
0.0,0.0
0.0,0.0
0.0,0.0
0.0,0.0
0.0,0.0
0.0,0.0
0.0,0.0
0.0,0.0
0.0,0.0
0.0,0.0
0.0,0.0
0.0,0.0
0.0,0.0
0.0,0.0
0.0,0.0
0.0,0.0
0.0,0.0
0.0,0.0
0.0,0.0
0.0,0.0
0.0,0.0
0.0,0.0
0.0,0.0
0.0,0.0
0.0,0.0
0.0,0.0
0.0,0.0
0.0,0.0
0.0,0.0
0.0,0.0
0.0,0.0
0.0,0.0
0.0,0.0
0.0,0.0
0.0,0.0
0.0,0.0
0.0,0.0
0.0,0.0
0.0,0.0
0.0,0.0
0.0,0.0
0.0,0.0
0.0,0.0
0.0,0.0
0.0,0.0
0.0,0.0
0.0,0.0
0.0,0.0
0.0,0.0
0.0,0.0
0.0,0.0
0.0,0.0
0.0,0.0
0.0,0.0
0.0,0.0
0.0,0.0
0.0,0.0
0.0,0.0
0.0,0.0
0.0,0.0
0.0,0.0
0.0,0.0
0.0,0.0
0.0,0.0
0.0,0.0
0.0,0.0
0.0,0.0
0.0,0.0
0.0,0.0
0.0,0.0
0.0,0.0
0.0,0.0
0.0,0.0
0.0,0.0
0.0,0.0
0.0,0.0
0.0,0.0
0.0,0.0
0.0,0.0
0.0,0.0
0.0,0.0
0.0,0.0
0.0,0.0
0.0,0.0
0.0,0.0
0.0,0.0
0.0,0.0
0.0,0.0
0.0,0.0
0.0,0.0
0.0,0.0
0.0,0.0
0.0,0.0
0.0,0.0
0.0,0.0
0.0,0.0
0.0,0.0
0.0,0.0
0.0,0.0
0.0,0.0
0.0,0.0
0.0,0.0
0.0,0.0
0.0,0.0
0.0,0.0
0.0,0.0
0.0,0.0
0.0,0.0
0.0,0.0
0.0,0.0
0.0,0.0
0.0,0.0
0.0,0.0
0.0,0.0
0.0,0.0
0.0,0.0
0.0,0.0
0.0,0.0
0.0,0.0
0.0,0.0
0.0,0.0
0.0,0.0
0.0,0.0
0.0,0.0
0.0,0.0
0.0,0.0
0.0,0.0
0.0,0.0
0.0,0.0
0.0,0.0
0.0,0.0
0.0,0.0
0.0,0.0
0.0,0.0
0.0,0.0
0.0,0.0
0.0,0.0
0.0,0.0
0.0,0.0
0.0,0.0
0.0,0.0
0.0,0.0
0.0,0.0
0.0,0.0
0.0,0.0
0.0,0.0
0.0,0.0
0.0,0.0
0.0,0.0
0.0,0.0
0.0,0.0
0.0,0.0
0.0,0.0
0.0,0.0
0.0,0.0
0.0,0.0
0.0,0.0
0.0,0.0
0.0,0.0
0.0,0.0
0.0,0.0
0.0,0.0
0.0,0.0
0.0,0.0
0.0,0.0
0.0,0.0
0.0,0.0
0.0,0.0
0.0,0.0
0.0,0.0
0.0,0.0
0.0,0.0
0.0,0.0
0.0,0.0
0.0,0.0
0.0,0.0
0.0,0.0
0.0,0.0
0.0,0.0
0.0,0.0
0.0,0.0
0.0,0.0
0.0,0.0
0.0,0.0
0.0,0.0
0.0,0.0
0.0,0.0
0.0,0.0
0.0,0.0
0.0,0.0
0.0,0.0
0.0,0.0
0.0,0.0
0.0,0.0
0.0,0.0
0.0,0.0
0.0,0.0
0.0,0.0
0.0,0.0
0.0,0.0
0.0,0.0
0.0,0.0
0.0,0.0
0.0,0.0
0.0,0.0
0.0,0.0
0.0,0.0
0.0,0.0
0.0,0.0
0.0,0.0
0.0,0.0
0.0,0.0
0.0,0.0
0.0,0.0
0.0,0.0
0.0,0.0
0.0,0.0
0.0,0.0
0.0,0.0
0.0,0.0
0.0,0.0
0.0,0.0
0.0,0.0
0.0,0.0
0.0,0.0
0.0,0.0
0.0,0.0
0.0,0.0
0.0,0.0
0.0,0.0
0.0,0.0
0.0,0.0
0.0,0.0
0.0,0.0
0.0,0.0
0.0,0.0
0.0,0.0
0.0,0.0
0.0,0.0
0.0,0.0
0.0,0.0
0.0,0.0
0.0,0.0
0.0,0.0
0.0,0.0
0.0,0.0
0.0,0.0
0.0,0.0
0.0,0.0
0.0,0.0
0.0,0.0
0.0,0.0
0.0,0.0
0.0,0.0
0.0,0.0
0.0,0.0
0.0,0.0
0.0,0.0
0.0,0.0
0.0,0.0
0.0,0.0
0.0,0.0
0.0,0.0
0.0,0.0
0.0,0.0
0.0,0.0
0.0,0.0
0.0,0.0
0.0,0.0
0.0,0.0
0.0,0.0
0.0,0.0
0.0,0.0
0.0,0.0
0.0,0.0
0.0,0.0
0.0,0.0
0.0,0.0
0.0,0.0
0.0,0.0
0.0,0.0
0.0,0.0
0.0,0.0
0.0,0.0
0.0,0.0
0.0,0.0
0.0,0.0
0.0,0.0
0.0,0.0
0.0,0.0
0.0,0.0
0.0,0.0
0.0,0.0
0.0,0.0
0.0,0.0
0.0,0.0
0.0,0.0
0.0,0.0
0.0,0.0
0.0,0.0
0.0,0.0
0.0,0.0
0.0,0.0
0.0,0.0
0.0,0.0
0.0,0.0
0.0,0.0
0.0,0.0
0.0,0.0
0.0,0.0
0.0,0.0
0.0,0.0
0.0,0.0
0.0,0.0
0.0,0.0
0.0,0.0
0.0,0.0
0.0,0.0
0.0,0.0
0.0,0.0
0.0,0.0
0.0,0.0
0.0,0.0
0.0,0.0
0.0,0.0
0.0,0.0
0.0,0.0
0.0,0.0
0.0,0.0
0.0,0.0
0.0,0.0
0.0,0.0
0.0,0.0
0.0,0.0
0.0,0.0
0.0,0.0
0.0,0.0
0.0,0.0
0.0,0.0
0.0,0.0
0.0,0.0
0.0,0.0
0.0,0.0
0.0,0.0
0.0,0.0
0.0,0.0
0.0,0.0
0.0,0.0
0.0,0.0
0.0,0.0
0.0,0.0
0.0,0.0
0.0,0.0
0.0,0.0
0.0,0.0
0.0,0.0
0.0,0.0
0.0,0.0
0.0,0.0
0.0,0.0
0.0,0.0
0.0,0.0
0.0,0.0
0.0,0.0
0.0,0.0
0.0,0.0
0.0,0.0
0.0,0.0
0.0,0.0
0.0,0.0
0.0,0.0
0.0,0.0
0.0,0.0
0.0,0.0
0.0,0.0
0.0,0.0
0.0,0.0
0.0,0.0
0.0,0.0
0.0,0.0
0.0,0.0
0.0,0.0
0.0,0.0
0.0,0.0
0.0,0.0
0.0,0.0
0.0,0.0
0.0,0.0
0.0,0.0
0.0,0.0
0.0,0.0
0.0,0.0
0.0,0.0
0.0,0.0
0.0,0.0
0.0,0.0
0.0,0.0
0.0,0.0
0.0,0.0
0.0,0.0
0.0,0.0
0.0,0.0
0.0,0.0
0.0,0.0
0.0,0.0
0.0,0.0
0.0,0.0
0.0,0.0
0.0,0.0
0.0,0.0
0.0,0.0
0.0,0.0
0.0,0.0
0.0,0.0
0.0,0.0
0.0,0.0
0.0,0.0
0.0,0.0
0.0,0.0
0.0,0.0
0.0,0.0
0.0,0.0
0.0,0.0
0.0,0.0
0.0,0.0
0.0,0.0
0.0,0.0
0.0,0.0
0.0,0.0
0.0,0.0
0.0,0.0
0.0,0.0
0.0,0.0
0.0,0.0
0.0,0.0
0.0,0.0
0.0,0.0
0.0,0.0
0.0,0.0
0.0,0.0
0.0,0.0
0.0,0.0
0.0,0.0
0.0,0.0
0.0,0.0
0.0,0.0
0.0,0.0
0.0,0.0
0.0,0.0
0.0,0.0
0.0,0.0
0.0,0.0
0.0,0.0
0.0,0.0
0.0,0.0
0.0,0.0
0.0,0.0
0.0,0.0
0.0,0.0
0.0,0.0
0.0,0.0
0.0,0.0
0.0,0.0
0.0,0.0
0.0,0.0
0.0,0.0
0.0,0.0
0.0,0.0
0.0,0.0
0.0,0.0
0.0,0.0
