Stim,Trigger
50.0,1.0
51.57053795390642,0.0
53.13952597646567,0.0
54.70541566592571,0.0
56.266661678215215,0.0
57.821723252011545,0.0
59.369065729286234,0.0
60.90716206982713,0.0
62.43449435824274,0.0
63.94955530196147,0.0
65.45084971874736,0.0
66.93689601226457,0.0
68.4062276342339,0.0
69.85739453173903,0.0
71.28896457825364,0.0
72.69952498697734,0.0
74.08768370508577,0.0
75.45207078751856,0.0
76.79133974894984,0.0
78.10416889260654,0.0
79.38926261462366,0.0
80.64535268264882,0.0
81.87119948743448,0.0
83.06559326618259,0.0
84.22735529643444,0.0
85.35533905932738,0.0
86.44843137107057,0.0
87.50555348152298,0.0
88.52566213878947,0.0
89.50775061878451,0.0
90.45084971874738,0.0
91.3540287137281,0.0
92.21639627510075,0.0
93.03710135019719,0.0
93.81533400219318,0.0
94.55032620941839,0.0
95.24135262330097,0.0
95.88773128419905,0.0
96.48882429441258,0.0
97.04403844771127,0.0
97.55282581475768,0.0
98.01468428384715,0.0
98.42915805643156,0.0
98.79583809693736,0.0
99.11436253643443,0.0
99.38441702975689,0.0
99.60573506572389,0.0
99.778098230154,0.0
99.90133642141357,0.0
99.97532801828658,0.0
100.0,0.0
99.97532801828658,0.0
99.90133642141357,0.0
99.778098230154,0.0
99.60573506572389,0.0
99.38441702975689,0.0
99.11436253643443,0.0
98.79583809693736,0.0
98.42915805643156,0.0
98.01468428384715,0.0
97.55282581475768,0.0
97.04403844771127,0.0
96.48882429441258,0.0
95.88773128419905,0.0
95.24135262330097,0.0
94.55032620941839,0.0
93.81533400219317,0.0
93.03710135019719,0.0
92.21639627510075,0.0
91.35402871372808,0.0
90.45084971874736,0.0
89.50775061878453,0.0
88.52566213878947,0.0
87.50555348152298,0.0
86.44843137107057,0.0
85.35533905932738,0.0
84.22735529643442,0.0
83.06559326618259,0.0
81.87119948743448,0.0
80.64535268264882,0.0
79.38926261462366,0.0
78.10416889260652,0.0
76.79133974894984,0.0
75.45207078751855,0.0
74.08768370508577,0.0
72.69952498697734,0.0
71.28896457825364,0.0
69.85739453173903,0.0
68.40622763423391,0.0
66.93689601226457,0.0
65.45084971874738,0.0
63.94955530196145,0.0
62.434494358242745,0.0
60.907162069827116,0.0
59.36906572928623,0.0
57.82172325201152,0.0
56.26666167821523,0.0
54.70541566592572,0.0
53.13952597646568,0.0
51.57053795390641,0.0
50.00000000000001,0.0
48.429462046093576,0.0
46.86047402353433,0.0
45.29458433407427,0.0
43.733338321784785,0.0
42.17827674798846,0.0
40.630934270713766,0.0
39.09283793017288,0.0
37.56550564175725,0.0
36.05044469803853,0.0
34.549150281252615,0.0
33.063103987735445,0.0
31.593772365766085,0.0
30.14260546826098,0.0
28.711035421746345,0.0
27.30047501302267,0.0
25.912316294914252,0.0
24.54792921248144,0.0
23.20866025105018,0.0
21.89583110739347,0.0
20.61073738537635,0.0
19.35464731735117,0.0
18.12880051256552,0.0
16.934406733817397,0.0
15.772644703565561,0.0
14.644660940672615,0.0
13.551568628929424,0.0
12.494446518477012,0.0
11.474337861210529,0.0
10.49224938121548,0.0
9.549150281252636,0.0
8.645971286271923,0.0
7.783603724899237,0.0
6.96289864980281,0.0
6.1846659978068175,0.0
5.449673790581613,0.0
4.75864737669901,0.0
4.112268715800951,0.0
3.5111757055874264,0.0
2.955961552288727,0.0
2.447174185242311,0.0
1.9853157161528543,0.0
1.5708419435684533,0.0
1.2041619030626265,0.0
0.8856374635655655,0.0
0.6155829702431177,0.0
0.39426493427610865,0.0
0.2219017698459993,0.0
0.09866357858642516,0.0
0.02467198171341778,0.0
0.0,0.0
0.024671981713424884,0.0
0.09866357858642516,0.0
0.2219017698459993,0.0
0.39426493427610865,0.0
0.6155829702431106,0.0
0.8856374635655726,0.0
1.2041619030626194,0.0
1.5708419435684462,0.0
1.9853157161528472,0.0
2.447174185242318,0.0
2.95596155228872,0.0
3.5111757055874406,0.0
4.112268715800951,0.0
4.758647376699024,0.0
5.449673790581599,0.0
6.184665997806832,0.0
6.962898649802831,0.0
7.783603724899251,0.0
8.645971286271909,0.0
9.549150281252622,0.0
10.492249381215494,0.0
11.474337861210522,0.0
12.494446518477027,0.0
13.551568628929424,0.0
14.644660940672651,0.0
15.772644703565554,0.0
16.93440673381742,0.0
18.12880051256552,0.0
19.354647317351176,0.0
20.610737385376332,0.0
21.895831107393455,0.0
23.208660251050183,0.0
24.54792921248144,0.0
25.912316294914234,0.0
27.300475013022652,0.0
28.711035421746388,0.0
30.14260546826098,0.0
31.593772365766107,0.0
33.06310398773543,0.0
34.549150281252665,0.0
36.05044469803852,0.0
37.565505641757234,0.0
39.09283793017288,0.0
40.630934270713766,0.0
42.17827674798845,0.0
43.73333832178477,0.0
45.2945843340743,0.0
46.86047402353434,0.0
48.42946204609358,0.0
49.999999999999986,0.0
51.57053795390644,0.0
53.139525976465684,0.0
54.70541566592572,0.0
56.26666167821521,0.0
57.82172325201153,0.0
59.369065729286255,0.0
60.907162069827095,0.0
62.434494358242745,0.0
63.94955530196146,0.0
65.45084971874736,0.0
66.93689601226458,0.0
68.40622763423391,0.0
69.85739453173903,0.0
71.28896457825363,0.0
72.69952498697737,0.0
74.08768370508578,0.0
75.45207078751858,0.0
76.79133974894984,0.0
78.1041688926065,0.0
79.38926261462368,0.0
80.64535268264885,0.0
81.87119948743447,0.0
83.06559326618256,0.0
84.22735529643447,0.0
85.35533905932739,0.0
86.44843137107057,0.0
87.50555348152295,0.0
88.5256621387895,0.0
89.50775061878454,0.0
90.45084971874736,0.0
91.35402871372807,0.0
92.21639627510073,0.0
93.03710135019719,0.0
93.81533400219318,0.0
94.55032620941839,0.0
95.24135262330097,0.0
95.88773128419906,0.0
96.48882429441258,0.0
97.04403844771127,0.0
97.55282581475768,0.0
98.01468428384716,0.0
98.42915805643156,0.0
98.79583809693737,0.0
99.11436253643443,0.0
99.38441702975689,0.0
99.60573506572389,0.0
99.778098230154,0.0
99.90133642141357,0.0
99.97532801828658,0.0
100.0,0.0
99.97532801828658,0.0
99.90133642141357,0.0
99.778098230154,0.0
99.60573506572389,0.0
99.38441702975689,0.0
99.11436253643443,0.0
98.79583809693736,0.0
98.42915805643156,0.0
98.01468428384715,0.0
97.55282581475768,0.0
97.04403844771129,0.0
96.48882429441258,0.0
95.88773128419905,0.0
95.24135262330097,0.0
94.55032620941839,0.0
93.81533400219317,0.0
93.03710135019718,0.0
92.21639627510075,0.0
91.3540287137281,0.0
90.45084971874738,0.0
89.50775061878454,0.0
88.52566213878943,0.0
87.50555348152295,0.0
86.44843137107061,0.0
85.35533905932742,0.0
84.22735529643441,0.0
83.06559326618259,0.0
81.8711994874345,0.0
80.64535268264883,0.0
79.38926261462359,0.0
78.10416889260648,0.0
76.79133974894987,0.0
75.45207078751861,0.0
74.08768370508581,0.0
72.69952498697731,0.0
71.28896457825361,0.0
69.85739453173902,0.0
68.4062276342339,0.0
66.93689601226458,0.0
65.45084971874739,0.0
63.94955530196149,0.0
62.43449435824277,0.0
60.90716206982708,0.0
59.3690657292862,0.0
57.821723252011516,0.0
56.26666167821519,0.0
54.705415665925706,0.0
53.13952597646567,0.0
51.570537953906424,0.0
50.00000000000002,0.0
48.42946204609361,0.0
46.86047402353428,0.0
45.294584334074244,0.0
43.73333832178476,0.0
42.178276747988434,0.0
40.63093427071375,0.0
39.09283793017286,0.0
37.56550564175726,0.0
36.05044469803855,0.0
34.54915028125265,0.0
33.063103987735374,0.0
31.593772365766053,0.0
30.14260546826101,0.0
28.711035421746416,0.0
27.300475013022638,0.0
25.912316294914223,0.0
24.547929212481428,0.0
23.208660251050173,0.0
21.895831107393406,0.0
20.61073738537636,0.0
19.354647317351198,0.0
18.12880051256554,0.0
16.93440673381744,0.0
15.77264470356554,0.0
14.644660940672608,0.0
13.55156862892941,0.0
12.49444651847702,0.0
11.474337861210543,0.0
10.492249381215487,0.0
9.549150281252636,0.0
8.645971286271923,0.0
7.783603724899216,0.0
6.962898649802796,0.0
6.184665997806803,0.0
5.449673790581592,0.0
4.758647376699017,0.0
4.112268715800944,0.0
3.5111757055874335,0.0
2.955961552288734,0.0
2.447174185242332,0.0
1.985315716152833,0.0
1.570841943568432,0.0
1.2041619030626194,0.0
0.8856374635655726,0.0
0.6155829702431106,0.0
0.39426493427610865,0.0
0.2219017698459993,0.0
0.09866357858642516,0.0
0.02467198171341778,0.0
0.0,0.0
0.02467198171341778,0.0
0.09866357858642516,0.0
0.2219017698459922,0.0
0.39426493427610865,0.0
0.6155829702431177,0.0
0.8856374635655726,0.0
1.2041619030626336,0.0
1.570841943568439,0.0
1.98531571615284,0.0
2.447174185242311,0.0
2.955961552288713,0.0
3.5111757055874193,0.0
4.112268715800958,0.0
4.758647376699038,0.0
5.449673790581613,0.0
6.184665997806825,0.0
6.962898649802817,0.0
7.783603724899244,0.0
8.645971286271902,0.0
9.549150281252615,0.0
10.492249381215515,0.0
11.474337861210572,0.0
12.494446518477048,0.0
13.551568628929445,0.0
14.64466094067258,0.0
15.772644703565575,0.0
16.93440673381741,0.0
18.128800512565512,0.0
19.354647317351166,0.0
20.6107373853764,0.0
21.895831107393516,0.0
23.208660251050134,0.0
24.54792921248139,0.0
25.912316294914184,0.0
27.30047501302268,0.0
28.711035421746377,0.0
30.14260546826097,0.0
31.593772365766096,0.0
33.06310398773542,0.0
34.54915028125261,0.0
36.050444698038504,0.0
37.56550564175722,0.0
39.092837930172905,0.0
40.630934270713794,0.0
42.17827674798848,0.0
43.7333383217848,0.0
45.29458433407429,0.0
46.86047402353432,0.0
48.42946204609357,0.0
49.99999999999998,0.0
51.57053795390638,0.0
53.13952597646571,0.0
54.705415665925756,0.0
56.26666167821524,0.0
57.821723252011566,0.0
59.36906572928624,0.0
60.90716206982713,0.0
62.43449435824273,0.0
63.949555301961446,0.0
65.45084971874735,0.0
66.93689601226463,0.0
68.40622763423394,0.0
69.85739453173898,0.0
71.28896457825357,0.0
72.69952498697735,0.0
74.08768370508577,0.0
75.45207078751856,0.0
76.79133974894982,0.0
78.1041688926066,0.0
79.38926261462363,0.0
80.64535268264879,0.0
81.87119948743452,0.0
83.06559326618256,0.0
84.22735529643445,0.0
85.35533905932732,0.0
86.44843137107058,0.0
87.50555348152304,0.0
88.52566213878946,0.0
89.50775061878451,0.0
90.4508497187474,0.0
91.35402871372807,0.0
92.21639627510078,0.0
93.03710135019716,0.0
93.8153340021932,0.0
94.5503262094184,0.0
95.24135262330097,0.0
95.88773128419905,0.0
96.48882429441252,0.0
97.04403844771127,0.0
97.5528258147577,0.0
98.01468428384715,0.0
98.42915805643156,0.0
98.79583809693739,0.0
99.11436253643443,0.0
99.38441702975689,0.0
99.60573506572388,0.0
99.778098230154,0.0
99.90133642141359,0.0
99.97532801828658,0.0
100.0,0.0
99.97532801828658,0.0
99.90133642141359,0.0
99.778098230154,0.0
99.6057350657239,0.0
99.38441702975689,0.0
99.11436253643441,0.0
98.79583809693737,0.0
98.42915805643153,0.0
98.01468428384716,0.0
97.55282581475768,0.0
97.04403844771126,0.0
96.48882429441258,0.0
95.88773128419905,0.0
95.241352623301,0.0
94.55032620941839,0.0
93.81533400219317,0.0
93.03710135019719,0.0
92.21639627510075,0.0
91.35402871372806,0.0
90.45084971874739,0.0
89.50775061878448,0.0
88.5256621387895,0.0
87.50555348152295,0.0
86.44843137107055,0.0
85.35533905932743,0.0
84.22735529643444,0.0
83.06559326618267,0.0
81.8711994874345,0.0
80.64535268264876,0.0
79.38926261462368,0.0
78.1041688926065,0.0
76.7913397489498,0.0
75.45207078751861,0.0
74.08768370508574,0.0
72.69952498697741,0.0
71.28896457825363,0.0
69.85739453173895,0.0
68.40622763423391,0.0
66.9368960122645,0.0
65.4508497187474,0.0
63.949555301961496,0.0
62.4344943582427,0.0
60.90716206982718,0.0
59.369065729286206,0.0
57.821723252011445,0.0
56.26666167821521,0.0
54.70541566592572,0.0
53.139525976465684,0.0
51.57053795390644,0.0
49.99999999999994,0.0
48.429462046093626,0.0
46.860474023534294,0.0
45.294584334074344,0.0
43.733338321784764,0.0
42.17827674798844,0.0
40.63093427071385,0.0
39.09283793017288,0.0
37.565505641757184,0.0
36.05044469803856,0.0
34.54915028125257,0.0
33.06310398773547,0.0
31.593772365766064,0.0
30.14260546826086,0.0
28.71103542174635,0.0
27.30047501302257,0.0
25.912316294914234,0.0
24.547929212481517,0.0
23.208660251050183,0.0
21.895831107393565,0.0
20.61073738537637,0.0
19.354647317351137,0.0
18.12880051256555,0.0
16.934406733817383,0.0
15.772644703565618,0.0
14.644660940672615,0.0
13.55156862892936,0.0
12.494446518477027,0.0
11.474337861210493,0.0
10.492249381215494,0.0
9.549150281252594,0.0
8.64597128627183,0.0
7.783603724899223,0.0
6.9628986498028524,0.0
6.18466599780681,0.0
5.449673790581642,0.0
4.758647376699024,0.0
4.11226871580098,0.0
3.5111757055874335,0.0
2.9559615522887057,0.0
2.447174185242332,0.0
1.985315716152833,0.0
1.5708419435684604,0.0
1.2041619030626194,0.0
0.8856374635655442,0.0
0.6155829702431106,0.0
0.39426493427609444,0.0
0.2219017698459993,0.0
0.09866357858642516,0.0
0.024671981713424884,0.0
0.0,0.0
0.02467198171341778,0.0
0.09866357858642516,0.0
0.2219017698459922,0.0
0.39426493427610865,0.0
0.6155829702431035,0.0
0.8856374635655655,0.0
1.2041619030626478,0.0
1.570841943568439,0.0
1.9853157161528614,0.0
2.4471741852423676,0.0
2.9559615522887412,0.0
3.511175705587476,0.0
4.112268715800951,0.0
4.758647376698995,0.0
5.449673790581613,0.0
6.184665997806775,0.0
6.96289864980281,0.0
7.783603724899194,0.0
8.645971286271894,0.0
9.549150281252658,0.0
10.492249381215458,0.0
11.474337861210557,0.0
12.494446518477098,0.0
13.55156862892943,0.0
14.644660940672694,0.0
15.772644703565568,0.0
16.93440673381746,0.0
18.1288005125655,0.0
19.354647317351226,0.0
20.610737385376314,0.0
21.89583110739336,0.0
23.208660251050123,0.0
24.547929212481456,0.0
25.912316294914174,0.0
27.30047501302267,0.0
28.71103542174645,0.0
30.14260546826096,0.0
31.593772365766167,0.0
33.0631039877354,0.0
34.54915028125268,0.0
36.05044469803866,0.0
37.5655056417573,0.0
39.09283793017298,0.0
40.63093427071379,0.0
42.17827674798838,0.0
43.733338321784785,0.0
45.29458433407419,0.0
46.860474023534316,0.0
48.42946204609365,0.0
49.999999999999964,0.0
51.57053795390646,0.0
53.13952597646561,0.0
54.70541566592574,0.0
56.266661678215314,0.0
57.82172325201155,0.0
59.36906572928632,0.0
60.907162069827116,0.0
62.43449435824281,0.0
63.94955530196144,0.0
65.45084971874742,0.0
66.93689601226453,0.0
68.40622763423393,0.0
69.85739453173898,0.0
71.28896457825365,0.0
72.69952498697727,0.0
74.08768370508577,0.0
75.45207078751864,0.0
76.79133974894981,0.0
78.10416889260658,0.0
79.38926261462362,0.0
80.64535268264886,0.0
81.87119948743458,0.0
83.06559326618262,0.0
84.22735529643451,0.0
85.35533905932738,0.0
86.44843137107051,0.0
87.50555348152297,0.0
88.52566213878939,0.0
89.5077506187845,0.0
90.4508497187474,0.0
91.35402871372807,0.0
92.21639627510078,0.0
93.03710135019715,0.0
93.81533400219318,0.0
94.55032620941844,0.0
95.24135262330097,0.0
95.88773128419909,0.0
96.48882429441264,0.0
97.0440384477113,0.0
97.55282581475767,0.0
98.01468428384717,0.0
98.42915805643153,0.0
98.79583809693739,0.0
99.11436253643441,0.0
99.38441702975689,0.0
99.60573506572388,0.0
99.778098230154,0.0
99.90133642141359,0.0
99.97532801828658,0.0
100.0,0.0
99.97532801828658,0.0
99.90133642141357,0.0
99.77809823015399,0.0
99.60573506572389,0.0
99.38441702975688,0.0
99.11436253643444,0.0
98.79583809693739,0.0
98.42915805643156,0.0
98.01468428384719,0.0
97.5528258147577,0.0
97.04403844771126,0.0
96.48882429441258,0.0
95.88773128419905,0.0
95.24135262330094,0.0
94.55032620941839,0.0
93.81533400219314,0.0
93.03710135019719,0.0
92.21639627510072,0.0
91.35402871372801,0.0
90.45084971874735,0.0
89.50775061878454,0.0
88.52566213878944,0.0
87.50555348152302,0.0
86.44843137107057,0.0
85.35533905932743,0.0
84.22735529643444,0.0
83.06559326618253,0.0
81.8711994874345,0.0
80.64535268264878,0.0
79.38926261462369,0.0
78.1041688926065,0.0
76.79133974894972,0.0
75.45207078751855,0.0
74.08768370508568,0.0
72.69952498697734,0.0
71.28896457825356,0.0
69.85739453173905,0.0
68.406227634234,0.0
66.9368960122646,0.0
65.45084971874732,0.0
63.94955530196151,0.0
62.434494358242716,0.0
60.907162069827194,0.0
59.36906572928622,0.0
57.82172325201145,0.0
56.26666167821522,0.0
54.70541566592564,0.0
53.13952597646569,0.0
51.57053795390636,0.0
49.999999999999865,0.0
48.42946204609355,0.0
46.860474023534394,0.0
45.294584334074266,0.0
43.73333832178486,0.0
42.178276747988455,0.0
40.630934270713865,0.0
39.09283793017289,0.0
37.5655056417572,0.0
36.05044469803857,0.0
34.54915028125259,0.0
33.06310398773548,0.0
31.593772365766075,0.0
30.14260546826087,0.0
28.71103542174636,0.0
27.30047501302258,0.0
25.912316294914245,0.0
24.547929212481375,0.0
23.20866025105019,0.0
21.89583110739357,0.0
20.610737385376375,0.0
19.354647317351148,0.0
18.12880051256556,0.0
16.93440673381739,0.0
15.772644703565625,0.0
14.644660940672622,0.0
13.551568628929367,0.0
12.494446518477034,0.0
11.4743378612105,0.0
10.492249381215395,0.0
9.549150281252608,0.0
8.645971286271838,0.0
7.78360372489923,0.0
6.9628986498028596,0.0
6.1846659978068175,0.0
5.449673790581649,0.0
4.758647376699024,0.0
4.112268715800987,0.0
3.5111757055874406,0.0
2.955961552288713,0.0
2.447174185242332,0.0
1.985315716152833,0.0
1.5708419435684107,0.0
1.2041619030626265,0.0
0.8856374635655442,0.0
0.6155829702431106,0.0
0.39426493427610154,0.0
0.2219017698459993,0.0
0.09866357858641805,0.0
0.024671981713424884,0.0
0.0,0.0
0.02467198171341778,0.0
0.09866357858642516,0.0
0.2219017698459922,0.0
0.39426493427610865,0.0
0.6155829702431248,0.0
0.8856374635655655,0.0
1.2041619030626478,0.0
1.570841943568432,0.0
1.9853157161528614,0.0
2.4471741852423605,0.0
2.9559615522887412,0.0
3.511175705587469,0.0
4.112268715800951,0.0
4.758647376698988,0.0
5.449673790581606,0.0
6.184665997806768,0.0
6.96289864980281,0.0
7.783603724899187,0.0
8.645971286271887,0.0
9.549150281252658,0.0
10.492249381215444,0.0
11.474337861210557,0.0
12.49444651847709,0.0
13.55156862892943,0.0
14.64466094067268,0.0
15.772644703565561,0.0
16.93440673381746,0.0
18.12880051256549,0.0
19.354647317351215,0.0
20.610737385376304,0.0
21.89583110739335,0.0
23.208660251050112,0.0
24.547929212481446,0.0
25.912316294914163,0.0
27.300475013022655,0.0
28.711035421746438,0.0
30.14260546826095,0.0
31.593772365766156,0.0
33.06310398773539,0.0
34.549150281252665,0.0
36.05044469803865,0.0
37.565505641757284,0.0
39.09283793017297,0.0
40.63093427071377,0.0
42.17827674798836,0.0
43.73333832178477,0.0
45.29458433407417,0.0
46.8604740235343,0.0
48.42946204609363,0.0
49.99999999999995,0.0
51.570537953906445,0.0
53.1395259764656,0.0
54.70541566592573,0.0
56.26666167821531,0.0
57.82172325201154,0.0
59.369065729286305,0.0
60.90716206982711,0.0
62.434494358242794,0.0
63.949555301961425,0.0
65.4508497187474,0.0
66.93689601226451,0.0
68.40622763423391,0.0
69.85739453173896,0.0
71.28896457825364,0.0
72.69952498697725,0.0
74.08768370508575,0.0
75.45207078751862,0.0
76.79133974894981,0.0
78.10416889260657,0.0
79.38926261462362,0.0
80.64535268264885,0.0
81.87119948743457,0.0
83.0655932661826,0.0
84.2273552964345,0.0
85.35533905932738,0.0
86.44843137107051,0.0
87.50555348152297,0.0
88.52566213878939,0.0
89.50775061878448,0.0
90.45084971874739,0.0
91.35402871372806,0.0
92.21639627510076,0.0
93.03710135019713,0.0
93.81533400219318,0.0
94.55032620941836,0.0
95.24135262330097,0.0
95.88773128419908,0.0
96.48882429441262,0.0
97.04403844771129,0.0
97.55282581475767,0.0
98.01468428384716,0.0
98.42915805643153,0.0
98.79583809693737,0.0
99.11436253643446,0.0
99.38441702975686,0.0
99.60573506572388,0.0
99.778098230154,0.0
99.90133642141359,0.0
99.97532801828658,0.0
100.0,0.0
99.97532801828658,0.0
99.90133642141357,0.0
99.77809823015399,0.0
99.60573506572388,0.0
99.38441702975688,0.0
99.11436253643444,0.0
98.79583809693739,0.0
98.42915805643156,0.0
98.01468428384715,0.0
97.55282581475764,0.0
97.04403844771133,0.0
96.4888242944126,0.0
95.88773128419905,0.0
95.24135262330094,0.0
94.55032620941832,0.0
93.81533400219323,0.0
93.03710135019719,0.0
92.21639627510072,0.0
91.35402871372801,0.0
90.45084971874735,0.0
89.50775061878457,0.0
88.52566213878944,0.0
87.50555348152304,0.0
86.44843137107057,0.0
85.35533905932732,0.0
84.22735529643458,0.0
83.06559326618267,0.0
81.87119948743452,0.0
80.64535268264879,0.0
79.38926261462356,0.0
78.10416889260637,0.0
76.7913397489499,0.0
75.45207078751856,0.0
74.08768370508568,0.0
72.6995249869772,0.0
71.28896457825357,0.0
69.85739453173906,0.0
68.40622763423401,0.0
66.93689601226461,0.0
65.45084971874734,0.0
63.949555301961354,0.0
62.434494358242894,0.0
60.90716206982721,0.0
59.369065729286234,0.0
57.821723252011466,0.0
56.26666167821506,0.0
54.705415665925834,0.0
53.139525976465706,0.0
51.570537953906374,0.0
49.99999999999988,0.0
48.42946204609356,0.0
46.8604740235344,0.0
45.29458433407428,0.0
43.73333832178488,0.0
42.17827674798847,0.0
40.6309342707137,0.0
39.09283793017273,0.0
37.56550564175738,0.0
36.05044469803858,0.0
34.549150281252594,0.0
33.063103987735325,0.0
31.593772365765922,0.0
30.142605468261046,0.0
28.71103542174637,0.0
27.30047501302259,0.0
25.9123162949141,0.0
24.547929212481385,0.0
23.2086602510502,0.0
21.895831107393583,0.0
20.61073738537639,0.0
19.35464731735116,0.0
18.128800512565434,0.0
16.93440673381754,0.0
15.77264470356564,0.0
14.64466094067263,0.0
13.551568628929381,0.0
12.494446518476927,0.0
11.474337861210621,0.0
10.492249381215515,0.0
9.549150281252608,0.0
8.645971286271845,0.0
7.783603724899244,0.0
6.962898649802767,0.0
6.1846659978068175,0.0
5.449673790581656,0.0
4.758647376699031,0.0
4.112268715800923,0.0
3.5111757055873767,0.0
2.9559615522887697,0.0
2.447174185242339,0.0
1.98531571615284,0.0
1.5708419435684178,0.0
1.204161903062591,0.0
0.8856374635655868,0.0
0.6155829702431177,0.0
0.39426493427610154,0.0
0.2219017698459851,0.0
0.09866357858641805,0.0
0.024671981713424884,0.0
0.0,0.0
0.02467198171341778,0.0
0.09866357858642516,0.0
0.2219017698460064,0.0
0.39426493427608733,0.0
0.6155829702430964,0.0
0.8856374635655655,0.0
1.2041619030626478,0.0
1.5708419435684817,0.0
1.9853157161529111,0.0
2.4471741852423037,0.0
2.955961552288734,0.0
3.511175705587469,0.0
4.112268715800944,0.0
4.758647376699059,0.0
5.449673790581599,0.0
6.184665997806768,0.0
6.962898649802803,0.0
7.783603724899272,0.0
8.64597128627198,0.0
9.549150281252544,0.0
10.492249381215437,0.0
11.474337861210543,0.0
12.494446518477083,0.0
13.551568628929537,0.0
14.644660940672551,0.0
15.772644703565554,0.0
16.934406733817447,0.0
18.12880051256562,0.0
19.354647317351205,0.0
20.610737385376293,0.0
21.895831107393338,0.0
23.208660251050105,0.0
24.547929212481435,0.0
25.91231629491431,0.0
27.300475013022805,0.0
28.711035421746264,0.0
30.14260546826094,0.0
31.593772365766146,0.0
33.063103987735545,0.0
34.54915028125282,0.0
36.05044469803847,0.0
37.56550564175727,0.0
39.09283793017296,0.0
40.630934270713766,0.0
42.17827674798853,0.0
43.733338321784764,0.0
45.29458433407416,0.0
46.86047402353429,0.0
48.42946204609362,0.0
50.000000000000114,0.0
51.57053795390625,0.0
53.13952597646559,0.0
54.70541566592571,0.0
56.26666167821529,0.0
57.8217232520117,0.0
59.36906572928612,0.0
60.907162069827095,0.0
62.43449435824278,0.0
63.94955530196158,0.0
65.45084971874739,0.0
66.93689601226467,0.0
68.40622763423374,0.0
69.85739453173895,0.0
71.28896457825363,0.0
72.69952498697741,0.0
74.0876837050859,0.0
75.45207078751845,0.0
76.7913397489498,0.0
78.10416889260655,0.0
79.38926261462375,0.0
80.64535268264898,0.0
81.87119948743442,0.0
83.06559326618259,0.0
84.2273552964345,0.0
85.35533905932749,0.0
86.44843137107074,0.0
87.50555348152295,0.0
88.5256621387895,0.0
89.5077506187846,0.0
90.45084971874749,0.0
91.35402871372825,0.0
92.21639627510075,0.0
93.03710135019722,0.0
93.81533400219308,0.0
94.55032620941834,0.0
95.24135262330097,0.0
95.88773128419894,0.0
96.4888242944125,0.0
97.04403844771122,0.0
97.55282581475765,0.0
98.01468428384716,0.0
98.42915805643159,0.0
98.79583809693733,0.0
99.11436253643441,0.0
99.38441702975689,0.0
99.6057350657239,0.0
99.77809823015401,0.0
99.90133642141356,0.0
99.97532801828658,0.0
100.0,0.0
99.97532801828658,0.0
99.90133642141356,0.0
99.778098230154,0.0
99.60573506572389,0.0
99.38441702975688,0.0
99.11436253643441,0.0
98.79583809693733,0.0
98.42915805643156,0.0
98.01468428384715,0.0
97.55282581475765,0.0
97.04403844771122,0.0
96.48882429441247,0.0
95.88773128419905,0.0
95.24135262330094,0.0
94.55032620941849,0.0
93.81533400219323,0.0
93.0371013501972,0.0
92.21639627510073,0.0
91.35402871372823,0.0
90.45084971874746,0.0
89.50775061878457,0.0
88.52566213878946,0.0
87.50555348152292,0.0
86.44843137107071,0.0
85.35533905932745,0.0
84.22735529643445,0.0
83.06559326618256,0.0
81.87119948743438,0.0
80.64535268264893,0.0
79.3892626146237,0.0
78.10416889260651,0.0
76.79133974894975,0.0
75.45207078751841,0.0
74.08768370508585,0.0
72.69952498697737,0.0
71.28896457825358,0.0
69.8573945317389,0.0
68.40622763423369,0.0
66.93689601226463,0.0
65.45084971874735,0.0
63.94955530196137,0.0
62.43449435824256,0.0
60.907162069826875,0.0
59.36906572928625,0.0
57.82172325201148,0.0
56.26666167821542,0.0
54.70541566592584,0.0
53.13952597646572,0.0
51.57053795390638,0.0
50.00000000000024,0.0
48.42946204609375,0.0
46.860474023534415,0.0
45.29458433407429,0.0
43.733338321784714,0.0
42.178276747988654,0.0
40.63093427071389,0.0
39.09283793017291,0.0
37.56550564175723,0.0
36.05044469803842,0.0
34.54915028125278,0.0
33.0631039877355,0.0
31.5937723657661,0.0
30.142605468260893,0.0
28.71103542174622,0.0
27.30047501302276,0.0
25.912316294914266,0.0
24.547929212481396,0.0
23.208660251050063,0.0
21.8958311073933,0.0
20.61073738537611,0.0
19.354647317351166,0.0
18.128800512565448,0.0
16.934406733817276,0.0
15.772644703565383,0.0
14.644660940672644,0.0
13.551568628929381,0.0
12.494446518477162,0.0
11.474337861210628,0.0
10.492249381215515,0.0
9.549150281252615,0.0
8.64597128627205,0.0
7.7836037248993435,0.0
6.962898649802867,0.0
6.184665997806825,0.0
5.449673790581578,0.0
4.758647376699116,0.0
4.112268715800994,0.0
3.5111757055874477,0.0
2.955961552288713,0.0
2.4471741852422895,0.0
1.9853157161528898,0.0
1.5708419435684675,0.0
1.2041619030626336,0.0
0.8856374635655513,0.0
0.6155829702430893,0.0
0.3942649342760802,0.0
0.2219017698460064,0.0
0.09866357858642516,0.0
0.02467198171341778,0.0
0.0,0.0
0.02467198171343199,0.0
0.09866357858642516,0.0
0.2219017698460064,0.0
0.39426493427612996,0.0
0.6155829702431532,0.0
0.8856374635655584,0.0
1.2041619030626407,0.0
1.5708419435684746,0.0
1.9853157161528046,0.0
2.4471741852423037,0.0
2.955961552288727,0.0
3.511175705587334,0.0
4.112268715800873,0.0
4.758647376698974,0.0
5.449673790581592,0.0
6.184665997806846,0.0
6.96289864980271,0.0
7.783603724899166,0.0
8.645971286271873,0.0
9.549150281252636,0.0
10.492249381215544,0.0
11.47433786121065,0.0
12.494446518476963,0.0
13.55156862892941,0.0
14.644660940672665,0.0
15.772644703565668,0.0
16.934406733817575,0.0
18.128800512565473,0.0
19.354647317351198,0.0
20.61073738537643,0.0
21.895831107393626,0.0
23.208660251050397,0.0
24.547929212481428,0.0
25.912316294914298,0.0
27.300475013022794,0.0
28.711035421746576,0.0
30.14260546826093,0.0
31.593772365766135,0.0
33.06310398773554,0.0
34.54915028125247,0.0
36.05044469803846,0.0
37.565505641757255,0.0
39.0928379301726,0.0
40.630934270713574,0.0
42.17827674798834,0.0
43.73333832178475,0.0
45.29458433407433,0.0
46.86047402353445,0.0
48.429462046093434,0.0
49.99999999999993,0.0
51.570537953906424,0.0
53.139525976465755,0.0
54.705415665925884,0.0
56.2666616782151,0.0
57.821723252011516,0.0
59.369065729286284,0.0
60.90716206982725,0.0
62.434494358242944,0.0
63.9495553019614,0.0
65.45084971874739,0.0
66.93689601226465,0.0
68.40622763423406,0.0
69.85739453173926,0.0
71.28896457825361,0.0
72.6995249869774,0.0
74.08768370508588,0.0
75.45207078751875,0.0
76.79133974894978,0.0
78.10416889260655,0.0
79.38926261462373,0.0
80.64535268264868,0.0
81.87119948743441,0.0
83.06559326618259,0.0
84.22735529643448,0.0
85.35533905932724,0.0
86.44843137107048,0.0
87.50555348152295,0.0
88.52566213878947,0.0
89.50775061878458,0.0
90.45084971874726,0.0
91.35402871372804,0.0
92.21639627510075,0.0
93.03710135019722,0.0
93.81533400219325,0.0
94.55032620941833,0.0
95.24135262330097,0.0
95.88773128419908,0.0
96.48882429441261,0.0
97.04403844771133,0.0
97.55282581475765,0.0
98.01468428384715,0.0
98.42915805643158,0.0
98.7958380969374,0.0
99.11436253643447,0.0
99.38441702975689,0.0
99.6057350657239,0.0
99.778098230154,0.0
99.90133642141359,0.0
99.97532801828658,0.0
100.0,0.0
99.97532801828658,0.0
99.90133642141359,0.0
99.778098230154,0.0
99.60573506572389,0.0
99.38441702975688,0.0
99.11436253643447,0.0
98.7958380969374,0.0
98.42915805643156,0.0
98.01468428384715,0.0
97.55282581475765,0.0
97.04403844771133,0.0
96.48882429441261,0.0
95.88773128419906,0.0
95.24135262330094,0.0
94.55032620941833,0.0
93.81533400219324,0.0
93.03710135019722,0.0
92.21639627510073,0.0
91.35402871372803,0.0
90.45084971874726,0.0
89.50775061878457,0.0
88.52566213878947,0.0
87.50555348152292,0.0
86.44843137107047,0.0
85.3553390593272,0.0
84.22735529643421,0.0
83.06559326618256,0.0
81.8711994874344,0.0
80.64535268264866,0.0
79.38926261462372,0.0
78.10416889260654,0.0
76.79133974894975,0.0
75.45207078751874,0.0
74.08768370508587,0.0
72.69952498697737,0.0
71.2889645782536,0.0
69.85739453173925,0.0
68.40622763423404,0.0
66.93689601226464,0.0
65.45084971874736,0.0
63.949555301961375,0.0
62.434494358242915,0.0
60.90716206982723,0.0
59.369065729286255,0.0
57.82172325201149,0.0
56.26666167821508,0.0
54.705415665925855,0.0
53.139525976465734,0.0
51.570537953906396,0.0
49.9999999999999,0.0
48.429462046093406,0.0
46.860474023534074,0.0
45.2945843340743,0.0
43.73333832178473,0.0
42.17827674798831,0.0
40.63093427071355,0.0
39.09283793017258,0.0
37.565505641757234,0.0
36.05044469803843,0.0
34.54915028125245,0.0
33.063103987735516,0.0
31.59377236576611,0.0
30.142605468260903,0.0
28.71103542174655,0.0
27.30047501302277,0.0
25.912316294914277,0.0
24.547929212481407,0.0
23.20866025105037,0.0
21.895831107393604,0.0
20.61073738537641,0.0
19.354647317351176,0.0
18.12880051256545,0.0
16.934406733817553,0.0
15.772644703565653,0.0
14.644660940672651,0.0
13.551568628929395,0.0
12.494446518476941,0.0
11.474337861210408,0.0
10.49224938121553,0.0
9.54915028125263,0.0
8.645971286271859,0.0
7.783603724899159,0.0
6.962898649802689,0.0
6.184665997806832,0.0
5.449673790581585,0.0
4.758647376698967,0.0
4.112268715800859,0.0
3.51117570558732,0.0
2.95596155228872,0.0
2.4471741852422895,0.0
1.9853157161527974,0.0
1.5708419435684675,0.0
1.2041619030626336,0.0
0.8856374635655513,0.0
0.6155829702431461,0.0
0.39426493427612286,0.0
0.2219017698460064,0.0
0.09866357858642516,0.0
0.02467198171343199,0.0
0.0,0.0
0.02467198171341778,0.0
0.09866357858642516,0.0
0.2219017698460064,0.0
0.39426493427612996,0.0
0.6155829702430964,0.0
0.8856374635655584,0.0
1.2041619030626407,0.0
1.5708419435684746,0.0
1.985315716152904,0.0
2.4471741852422966,0.0
2.955961552288727,0.0
3.511175705587462,0.0
4.112268715801001,0.0
4.758647376699123,0.0
5.449673790581585,0.0
6.184665997806839,0.0
6.962898649802881,0.0
7.783603724899351,0.0
8.645971286272065,0.0
9.549150281252636,0.0
10.492249381215537,0.0
11.474337861210643,0.0
12.494446518476948,0.0
13.551568628929402,0.0
14.644660940672658,0.0
15.772644703565405,0.0
16.934406733817298,0.0
18.128800512565462,0.0
19.354647317351187,0.0
20.61073738537642,0.0
21.89583110739332,0.0
23.208660251050084,0.0
24.547929212481417,0.0
25.912316294914287,0.0
27.300475013022783,0.0
28.711035421746242,0.0
30.142605468260918,0.0
31.59377236576612,0.0
33.06310398773553,0.0
34.5491502812528,0.0
36.05044469803845,0.0
37.56550564175725,0.0
39.092837930172934,0.0
40.63093427071391,0.0
42.178276747988676,0.0
43.733338321784736,0.0
45.294584334074315,0.0
46.860474023534444,0.0
48.429462046093775,0.0
50.00000000000027,0.0
51.57053795390641,0.0
53.13952597646574,0.0
54.70541566592587,0.0
56.266661678215094,0.0
57.8217232520115,0.0
59.36906572928627,0.0
60.907162069826896,0.0
62.43449435824259,0.0
63.94955530196139,0.0
65.45084971874738,0.0
66.93689601226464,0.0
68.40622763423372,0.0
69.85739453173892,0.0
71.2889645782536,0.0
72.69952498697738,0.0
74.08768370508588,0.0
75.45207078751844,0.0
76.79133974894977,0.0
78.10416889260654,0.0
79.38926261462373,0.0
80.64535268264896,0.0
81.87119948743441,0.0
83.06559326618257,0.0
84.22735529643447,0.0
85.35533905932746,0.0
86.44843137107073,0.0
87.50555348152294,0.0
88.52566213878947,0.0
89.50775061878457,0.0
90.45084971874748,0.0
91.35402871372824,0.0
92.21639627510075,0.0
93.03710135019722,0.0
93.81533400219325,0.0
94.55032620941833,0.0
95.24135262330095,0.0
95.88773128419908,0.0
96.48882429441248,0.0
97.04403844771122,0.0
97.55282581475765,0.0
98.01468428384715,0.0
98.42915805643158,0.0
98.79583809693733,0.0
99.11436253643441,0.0
99.38441702975688,0.0
99.60573506572389,0.0
99.778098230154,0.0
99.90133642141356,0.0
99.97532801828658,0.0
100.0,0.0
99.97532801828658,0.0
99.90133642141356,0.0
99.778098230154,0.0
99.60573506572389,0.0
99.38441702975688,0.0
99.11436253643441,0.0
98.79583809693733,0.0
98.42915805643149,0.0
98.01468428384715,0.0
97.55282581475765,0.0
97.04403844771122,0.0
96.48882429441248,0.0
95.88773128419908,0.0
95.24135262330095,0.0
94.55032620941833,0.0
93.81533400219325,0.0
93.03710135019722,0.0
92.21639627510075,0.0
91.35402871372824,0.0
90.45084971874748,0.0
89.50775061878457,0.0
88.52566213878947,0.0
87.50555348152294,0.0
86.44843137107073,0.0
85.35533905932746,0.0
84.22735529643447,0.0
83.06559326618257,0.0
81.87119948743441,0.0
80.64535268264896,0.0
79.38926261462373,0.0
78.10416889260654,0.0
76.79133974894977,0.0
75.45207078751844,0.0
74.08768370508557,0.0
72.69952498697738,0.0
71.2889645782536,0.0
69.85739453173892,0.0
68.40622763423372,0.0
66.93689601226431,0.0
65.45084971874738,0.0
63.94955530196139,0.0
62.43449435824259,0.0
60.907162069826896,0.0
59.36906572928627,0.0
57.8217232520115,0.0
56.266661678215094,0.0
54.70541566592587,0.0
53.13952597646574,0.0
51.57053795390641,0.0
50.00000000000027,0.0
48.429462046093775,0.0
46.860474023534444,0.0
45.294584334074315,0.0
43.733338321784736,0.0
42.178276747988676,0.0
40.63093427071391,0.0
39.092837930172934,0.0
37.56550564175725,0.0
36.05044469803845,0.0
34.549150281252466,0.0
33.06310398773553,0.0
31.59377236576612,0.0
30.142605468260918,0.0
28.711035421746242,0.0
27.300475013022467,0.0
25.912316294914287,0.0
24.547929212481417,0.0
23.208660251050084,0.0
21.89583110739332,0.0
20.610737385376133,0.0
19.354647317351187,0.0
18.128800512565462,0.0
16.934406733817298,0.0
15.772644703565405,0.0
14.644660940672658,0.0
13.551568628929402,0.0
12.494446518476948,0.0
11.474337861210643,0.0
10.492249381215537,0.0
9.549150281252636,0.0
8.645971286272065,0.0
7.783603724899351,0.0
6.962898649802881,0.0
6.184665997806839,0.0
5.449673790581585,0.0
4.758647376699123,0.0
4.112268715801001,0.0
3.511175705587462,0.0
2.955961552288727,0.0
2.4471741852422966,0.0
1.9853157161528046,0.0
1.5708419435684746,0.0
1.2041619030626407,0.0
0.8856374635655584,0.0
0.6155829702430964,0.0
0.39426493427608733,0.0
0.2219017698460064,0.0
0.09866357858642516,0.0
0.02467198171341778,0.0
0.0,0.0
0.02467198171343199,0.0
0.09866357858642516,0.0
0.2219017698460064,0.0
0.39426493427612286,0.0
0.6155829702431461,0.0
0.8856374635655513,0.0
1.2041619030626336,0.0
1.5708419435684675,0.0
1.9853157161527974,0.0
2.4471741852422895,0.0
2.95596155228872,0.0
3.51117570558732,0.0
4.112268715800859,0.0
4.758647376698967,0.0
5.449673790581585,0.0
6.184665997806832,0.0
6.962898649802874,0.0
7.783603724899159,0.0
8.645971286271859,0.0
9.54915028125263,0.0
10.49224938121553,0.0
11.474337861210635,0.0
12.494446518476941,0.0
13.551568628929395,0.0
14.644660940672651,0.0
15.772644703565653,0.0
16.934406733817553,0.0
18.12880051256545,0.0
19.354647317351176,0.0
20.61073738537641,0.0
21.895831107393604,0.0
23.20866025105037,0.0
24.547929212481407,0.0
25.912316294914277,0.0
27.30047501302277,0.0
28.71103542174655,0.0
30.142605468260903,0.0
31.59377236576611,0.0
33.063103987735516,0.0
34.54915028125245,0.0
36.05044469803843,0.0
37.565505641757234,0.0
39.09283793017293,0.0
40.63093427071355,0.0
42.17827674798831,0.0
43.73333832178473,0.0
45.2945843340743,0.0
46.86047402353443,0.0
48.429462046093406,0.0
49.9999999999999,0.0
51.570537953906396,0.0
53.139525976465734,0.0
54.705415665925855,0.0
56.26666167821508,0.0
57.82172325201149,0.0
59.369065729286255,0.0
60.90716206982723,0.0
62.434494358242915,0.0
63.949555301961375,0.0
65.45084971874736,0.0
66.93689601226464,0.0
68.40622763423404,0.0
69.85739453173925,0.0
71.2889645782536,0.0
72.69952498697737,0.0
74.08768370508587,0.0
75.45207078751874,0.0
76.79133974894975,0.0
78.10416889260654,0.0
79.38926261462372,0.0
80.64535268264866,0.0
81.8711994874344,0.0
83.06559326618256,0.0
84.22735529643447,0.0
85.3553390593272,0.0
86.44843137107047,0.0
87.50555348152292,0.0
88.52566213878947,0.0
89.50775061878457,0.0
90.45084971874726,0.0
91.35402871372803,0.0
92.21639627510073,0.0
93.03710135019722,0.0
93.81533400219324,0.0
94.55032620941833,0.0
95.24135262330094,0.0
95.88773128419906,0.0
96.48882429441261,0.0
97.04403844771133,0.0
97.55282581475765,0.0
98.01468428384715,0.0
98.42915805643156,0.0
98.7958380969374,0.0
99.11436253643447,0.0
99.38441702975693,0.0
99.60573506572389,0.0
99.778098230154,0.0
99.90133642141359,0.0
99.97532801828658,0.0
100.0,0.0
99.97532801828658,0.0
99.90133642141359,0.0
99.778098230154,0.0
99.6057350657239,0.0
99.38441702975689,0.0
99.11436253643447,0.0
98.7958380969374,0.0
98.42915805643158,0.0
98.01468428384715,0.0
97.55282581475765,0.0
97.04403844771133,0.0
96.48882429441261,0.0
95.88773128419908,0.0
95.24135262330097,0.0
94.55032620941833,0.0
93.81533400219325,0.0
93.03710135019722,0.0
92.21639627510075,0.0
91.35402871372804,0.0
90.45084971874749,0.0
89.50775061878437,0.0
88.52566213878947,0.0
87.50555348152271,0.0
86.44843137107048,0.0
85.35533905932748,0.0
84.22735529643423,0.0
83.06559326618259,0.0
81.87119948743441,0.0
80.64535268264868,0.0
79.38926261462373,0.0
78.10416889260655,0.0
76.79133974894978,0.0
75.45207078751845,0.0
74.08768370508588,0.0
72.6995249869774,0.0
71.28896457825361,0.0
69.85739453173926,0.0
68.40622763423373,0.0
66.93689601226465,0.0
65.45084971874772,0.0
63.9495553019614,0.0
62.434494358242944,0.0
60.90716206982691,0.0
59.369065729286284,0.0
57.821723252011864,0.0
56.2666616782151,0.0
54.705415665925884,0.0
53.1395259764654,0.0
51.570537953906424,0.0
50.000000000000284,0.0
48.429462046093434,0.0
46.86047402353445,0.0
45.294584334073974,0.0
43.73333832178475,0.0
42.17827674798869,0.0
40.630934270713574,0.0
39.09283793017295,0.0
37.565505641756914,0.0
36.05044469803846,0.0
34.54915028125247,0.0
33.063103987735204,0.0
31.593772365766135,0.0
30.14260546826093,0.0
28.711035421746576,0.0
27.300475013022478,0.0
25.912316294914298,0.0
24.547929212481733,0.0
23.208660251050095,0.0
21.895831107393626,0.0
20.610737385376144,0.0
19.354647317351198,0.0
18.128800512565746,0.0
16.934406733817305,0.0
15.772644703565668,0.0
14.644660940672416,0.0
13.55156862892941,0.0
12.49444651847719,0.0
11.47433786121043,0.0
10.492249381215544,0.0
9.54915028125243,0.0
8.645971286271873,0.0
7.783603724899358,0.0
6.96289864980271,0.0
6.184665997806846,0.0
5.449673790581436,0.0
4.758647376698974,0.0
4.112268715801008,0.0
3.511175705587334,0.0
2.955961552288727,0.0
2.4471741852423037,0.0
1.9853157161528046,0.0
1.5708419435684746,0.0
1.2041619030626407,0.0
0.8856374635655584,0.0
0.6155829702430964,0.0
0.39426493427612996,0.0
0.2219017698460064,0.0
0.09866357858642516,0.0
0.02467198171343199,0.0
0.0,0.0
0.02467198171341778,0.0
0.09866357858639674,0.0
0.2219017698460064,0.0
0.3942649342760802,0.0
0.6155829702431461,0.0
0.8856374635655513,0.0
1.2041619030625554,0.0
1.5708419435684675,0.0
1.9853157161527974,0.0
2.447174185242396,0.0
2.955961552288713,0.0
3.5111757055875827,0.0
4.112268715800994,0.0
4.75864737669896,0.0
5.449673790581741,0.0
6.184665997806825,0.0
6.962898649803044,0.0
7.7836037248993435,0.0
8.645971286271852,0.0
9.549150281252828,0.0
10.492249381215515,0.0
11.474337861210628,0.0
12.494446518477162,0.0
13.551568628929381,0.0
14.644660940672644,0.0
15.772644703565383,0.0
16.93440673381754,0.0
18.128800512565448,0.0
19.35464731735089,0.0
20.6107373853764,0.0
21.8958311073933,0.0
23.20866025105036,0.0
24.547929212481396,0.0
25.912316294913953,0.0
27.30047501302276,0.0
28.71103542174622,0.0
30.14260546826122,0.0
31.5937723657661,0.0
33.06310398773517,0.0
34.54915028125278,0.0
36.05044469803842,0.0
37.56550564175757,0.0
39.09283793017291,0.0
40.63093427071354,0.0
42.178276747988654,0.0
43.733338321784714,0.0
45.29458433407464,0.0
46.860474023534415,0.0
48.4294620460934,0.0
50.00000000000024,0.0
51.57053795390638,0.0
53.13952597646572,0.0
54.70541566592584,0.0
56.266661678215065,0.0
57.82172325201148,0.0
59.36906572928625,0.0
60.90716206982722,0.0
62.43449435824256,0.0
63.94955530196137,0.0
65.45084971874735,0.0
66.93689601226428,0.0
68.40622763423403,0.0
69.8573945317389,0.0
71.28896457825391,0.0
72.69952498697737,0.0
74.08768370508554,0.0
75.45207078751872,0.0
76.79133974894975,0.0
78.10416889260681,0.0
79.3892626146237,0.0
80.64535268264865,0.0
81.87119948743467,0.0
83.06559326618256,0.0
84.22735529643472,0.0
85.35533905932745,0.0
86.44843137107046,0.0
87.50555348152315,0.0
88.52566213878946,0.0
89.50775061878478,0.0
90.45084971874746,0.0
91.35402871372803,0.0
92.21639627510092,0.0
93.0371013501972,0.0
93.81533400219323,0.0
94.55032620941849,0.0
95.24135262330094,0.0
95.88773128419905,0.0
96.48882429441247,0.0
97.04403844771133,0.0
97.55282581475765,0.0
98.01468428384705,0.0
98.42915805643156,0.0
98.79583809693733,0.0
99.11436253643447,0.0
99.38441702975688,0.0
99.60573506572385,0.0
99.778098230154,0.0
99.90133642141356,0.0
99.97532801828658,0.0
100.0,0.0
99.97532801828658,0.0
99.90133642141356,0.0
99.77809823015401,0.0
99.60573506572385,0.0
99.38441702975689,0.0
99.11436253643447,0.0
98.79583809693733,0.0
98.42915805643159,0.0
98.01468428384706,0.0
97.55282581475765,0.0
97.04403844771134,0.0
96.4888242944125,0.0
95.88773128419908,0.0
95.24135262330097,0.0
94.55032620941834,0.0
93.81533400219308,0.0
93.03710135019722,0.0
92.21639627510075,0.0
91.35402871372806,0.0
90.45084971874749,0.0
89.50775061878437,0.0
88.5256621387895,0.0
87.5055534815232,0.0
86.4484313710705,0.0
85.35533905932749,0.0
84.22735529643424,0.0
83.06559326618259,0.0
81.8711994874347,0.0
80.64535268264869,0.0
79.38926261462375,0.0
78.10416889260627,0.0
76.7913397489498,0.0
75.45207078751876,0.0
74.08768370508558,0.0
72.69952498697741,0.0
71.2889645782533,0.0
69.85739453173895,0.0
68.40622763423407,0.0
66.93689601226433,0.0
65.45084971874739,0.0
63.94955530196107,0.0
62.43449435824261,0.0
60.907162069827265,0.0
59.36906572928594,0.0
57.82172325201152,0.0
56.266661678215115,0.0
54.70541566592554,0.0
53.13952597646577,0.0
51.57053795390643,0.0
50.00000000000029,0.0
48.42946204609344,0.0
46.860474023534465,0.0
45.29458433407469,0.0
43.733338321784764,0.0
42.178276747988704,0.0
40.63093427071359,0.0
39.09283793017296,0.0
37.56550564175761,0.0
36.05044469803847,0.0
34.54915028125282,0.0
33.06310398773522,0.0
31.593772365766146,0.0
30.142605468261262,0.0
28.711035421746264,0.0
27.300475013022805,0.0
25.912316294914,0.0
24.547929212481435,0.0
23.208660251049807,0.0
21.895831107393338,0.0
20.61073738537644,0.0
19.354647317350924,0.0
18.12880051256548,0.0
16.934406733817312,0.0
15.772644703565419,0.0
14.64466094067268,0.0
13.551568628929417,0.0
12.494446518476963,0.0
11.47433786121043,0.0
10.492249381215544,0.0
9.549150281252643,0.0
8.64597128627188,0.0
7.783603724899365,0.0
6.96289864980271,0.0
6.184665997806853,0.0
5.4496737905817625,0.0
4.758647376698981,0.0
4.112268715801015,0.0
3.511175705587341,0.0
2.955961552288734,0.0
2.4471741852424103,0.0
1.9853157161528046,0.0
1.5708419435684817,0.0
1.2041619030625696,0.0
0.8856374635655655,0.0
0.6155829702431532,0.0
0.39426493427608733,0.0
0.2219017698460064,0.0
0.09866357858639674,0.0
0.02467198171341778,0.0
0.0,0.0
0.02467198171343199,0.0
0.09866357858641805,0.0
0.22190176984603482,0.0
0.39426493427612286,0.0
0.6155829702430893,0.0
0.8856374635656223,0.0
1.2041619030626265,0.0
1.5708419435684604,0.0
1.9853157161528898,0.0
2.4471741852422824,0.0
2.955961552288713,0.0
3.5111757055873127,0.0
4.112268715800994,0.0
4.758647376698953,0.0
5.449673790581414,0.0
6.1846659978068175,0.0
6.962898649802682,0.0
7.783603724899336,0.0
8.645971286271845,0.0
9.549150281252814,0.0
10.492249381215515,0.0
11.474337861210394,0.0
12.494446518477162,0.0
13.551568628929381,0.0
14.644660940672885,0.0
15.77264470356564,0.0
16.93440673381727,0.0
18.128800512565707,0.0
19.35464731735116,0.0
20.610737385376677,0.0
21.895831107393583,0.0
23.208660251050052,0.0
24.54792921248169,0.0
25.912316294914252,0.0
27.30047501302275,0.0
28.71103542174653,0.0
30.142605468260882,0.0
31.59377236576609,0.0
33.06310398773549,0.0
34.549150281252764,0.0
36.05044469803841,0.0
37.56550564175721,0.0
39.092837930172905,0.0
40.630934270713524,0.0
42.17827674798864,0.0
43.7333383217847,0.0
45.294584334073924,0.0
46.8604740235344,0.0
48.429462046093384,0.0
50.000000000000234,0.0
51.570537953906374,0.0
53.13952597646535,0.0
54.705415665925834,0.0
56.26666167821506,0.0
57.821723252011815,0.0
59.369065729286234,0.0
60.90716206982686,0.0
62.434494358242894,0.0
63.949555301961354,0.0
65.45084971874768,0.0
66.93689601226461,0.0
68.40622763423369,0.0
69.85739453173922,0.0
71.28896457825357,0.0
72.69952498697766,0.0
74.08768370508584,0.0
75.45207078751841,0.0
76.79133974895004,0.0
78.10416889260651,0.0
79.3892626146237,0.0
80.64535268264893,0.0
81.87119948743465,0.0
83.06559326618255,0.0
84.22735529643418,0.0
85.35533905932745,0.0
86.44843137107046,0.0
87.50555348152315,0.0
88.52566213878944,0.0
89.50775061878434,0.0
90.45084971874746,0.0
91.35402871372801,0.0
92.21639627510092,0.0
93.03710135019719,0.0
93.81533400219305,0.0
94.55032620941847,0.0
95.24135262330094,0.0
95.88773128419919,0.0
96.4888242944126,0.0
97.04403844771133,0.0
97.55282581475774,0.0
98.01468428384703,0.0
98.42915805643165,0.0
98.79583809693732,0.0
99.11436253643441,0.0
99.38441702975688,0.0
99.60573506572389,0.0
99.778098230154,0.0
99.90133642141359,0.0
99.97532801828656,0.0
100.0,0.0
99.97532801828658,0.0
99.90133642141356,0.0
99.77809823015401,0.0
99.6057350657239,0.0
99.38441702975689,0.0
99.11436253643441,0.0
98.79583809693733,0.0
98.42915805643149,0.0
98.01468428384726,0.0
97.55282581475755,0.0
97.04403844771136,0.0
96.48882429441235,0.0
95.88773128419908,0.0
95.24135262330097,0.0
94.55032620941836,0.0
93.8153340021931,0.0
93.03710135019705,0.0
92.21639627510095,0.0
91.35402871372825,0.0
90.45084971874749,0.0
89.5077506187846,0.0
88.5256621387895,0.0
87.50555348152297,0.0
86.448431371071,0.0
85.35533905932724,0.0
84.22735529643475,0.0
83.06559326618233,0.0
81.87119948743471,0.0
80.64535268264842,0.0
79.38926261462376,0.0
78.10416889260657,0.0
76.79133974894981,0.0
75.45207078751847,0.0
74.0876837050856,0.0
72.6995249869771,0.0
71.28896457825395,0.0
69.85739453173863,0.0
68.40622763423409,0.0
66.93689601226401,0.0
65.4508497187474,0.0
63.949555301961425,0.0
62.434494358242624,0.0
60.90716206982693,0.0
59.36906572928596,0.0
57.82172325201119,0.0
56.266661678215485,0.0
54.705415665925905,0.0
53.13952597646578,0.0
51.570537953906445,0.0
49.99999999999995,0.0
48.429462046093455,0.0
46.860474023534124,0.0
45.294584334074706,0.0
43.73333832178442,0.0
42.17827674798872,0.0
40.63093427071395,0.0
39.09283793017297,0.0
37.565505641757284,0.0
36.05044469803848,0.0
34.549150281252494,0.0
33.0631039877359,0.0
31.593772365765826,0.0
30.142605468261273,0.0
28.711035421745954,0.0
27.300475013022815,0.0
25.91231629491432,0.0
24.547929212481446,0.0
23.208660251050112,0.0
21.89583110739335,0.0
20.61073738537616,0.0
19.354647317351496,0.0
18.128800512565217,0.0
16.93440673381759,0.0
15.77264470356517,0.0
14.64466094067268,0.0
13.55156862892943,0.0
12.494446518476977,0.0
11.474337861210437,0.0
10.492249381215338,0.0
9.549150281252864,0.0
8.645971286271688,0.0
7.783603724899372,0.0
6.962898649802895,0.0
6.18466599780686,0.0
5.449673790581606,0.0
4.758647376698988,0.0
4.112268715800873,0.0
3.511175705587604,0.0
2.9559615522886133,0.0
2.4471741852424174,0.0
1.9853157161527122,0.0
1.5708419435684817,0.0
1.2041619030626478,0.0
0.8856374635655655,0.0
0.6155829702431035,0.0
0.39426493427608733,0.0
0.22190176984597798,0.0
0.09866357858644648,0.0
0.024671981713410673,0.0
0.0,0.0
0.024671981713439095,0.0
0.09866357858641805,0.0
0.2219017698459993,0.0
0.39426493427612286,0.0
0.615582970243139,0.0
0.8856374635656152,0.0
1.2041619030627047,0.0
1.5708419435683751,0.0
1.9853157161527832,0.0
2.4471741852422824,0.0
2.955961552288713,0.0
3.5111757055874406,0.0
4.112268715800987,0.0
4.758647376699102,0.0
5.449673790581407,0.0
6.184665997806988,0.0
6.962898649802675,0.0
7.783603724899137,0.0
8.645971286271838,0.0
9.549150281252608,0.0
10.492249381215501,0.0
11.474337861210614,0.0
12.494446518476678,0.0
13.551568628929608,0.0
14.644660940672374,0.0
15.772644703565888,0.0
16.934406733817262,0.0
18.128800512565423,0.0
19.354647317351148,0.0
20.610737385376375,0.0
21.89583110739357,0.0
23.20866025105034,0.0
24.547929212481677,0.0
25.912316294914557,0.0
27.300475013022425,0.0
28.711035421746843,0.0
30.14260546826087,0.0
31.593772365766075,0.0
33.06310398773548,0.0
34.54915028125276,0.0
36.050444698038746,0.0
37.56550564175686,0.0
39.09283793017323,0.0
40.63093427071351,0.0
42.17827674798828,0.0
43.73333832178469,0.0
45.294584334074266,0.0
46.860474023534394,0.0
48.429462046093725,0.0
49.99999999999951,0.0
51.570537953906715,0.0
53.139525976465336,0.0
54.705415665926175,0.0
56.266661678215044,0.0
57.82172325201145,0.0
59.36906572928622,0.0
60.907162069827194,0.0
62.43449435824289,0.0
63.94955530196168,0.0
65.450849718747,0.0
66.93689601226494,0.0
68.40622763423367,0.0
69.85739453173953,0.0
71.28896457825356,0.0
72.69952498697734,0.0
74.08768370508584,0.0
75.4520707875187,0.0
76.79133974895004,0.0
78.1041688926068,0.0
79.3892626146234,0.0
80.64535268264865,0.0
81.87119948743437,0.0
83.06559326618253,0.0
84.22735529643444,0.0
85.35533905932743,0.0
86.44843137107068,0.0
87.50555348152267,0.0
88.52566213878967,0.0
89.50775061878433,0.0
90.45084971874724,0.0
91.35402871372801,0.0
92.21639627510072,0.0
93.03710135019719,0.0
93.81533400219323,0.0
94.55032620941847,0.0
95.24135262330108,0.0
95.8877312841989,0.0
96.48882429441272,0.0
97.0440384477112,0.0
97.55282581475785,0.0
98.01468428384715,0.0
98.42915805643156,0.0
98.79583809693739,0.0
99.11436253643447,0.0
99.38441702975692,0.0
99.60573506572393,0.0
99.77809823015397,0.0
99.90133642141362,0.0
99.97532801828658,0.0
100.0,0.0
99.97532801828658,0.0
99.90133642141357,0.0
99.77809823015399,0.0
99.60573506572395,0.0
99.38441702975683,0.0
99.11436253643448,0.0
98.79583809693742,0.0
98.42915805643159,0.0
98.01468428384717,0.0
97.55282581475767,0.0
97.04403844771123,0.0
96.48882429441275,0.0
95.88773128419895,0.0
95.24135262330113,0.0
94.55032620941819,0.0
93.81533400219328,0.0
93.03710135019725,0.0
92.21639627510078,0.0
91.35402871372807,0.0
90.45084971874729,0.0
89.5077506187844,0.0
88.52566213878973,0.0
87.50555348152274,0.0
86.44843137107075,0.0
85.35533905932701,0.0
84.22735529643451,0.0
83.06559326618262,0.0
81.87119948743444,0.0
80.64535268264872,0.0
79.38926261462348,0.0
78.10416889260628,0.0
76.79133974895012,0.0
75.45207078751878,0.0
74.08768370508591,0.0
72.69952498697742,0.0
71.28896457825365,0.0
69.85739453173898,0.0
68.40622763423376,0.0
66.93689601226502,0.0
65.45084971874708,0.0
63.94955530196178,0.0
62.43449435824229,0.0
60.907162069827294,0.0
59.36906572928632,0.0
57.82172325201155,0.0
56.266661678215144,0.0
54.705415665925564,0.0
53.139525976465436,0.0
51.570537953906815,0.0
49.99999999999961,0.0
48.429462046093825,0.0
46.86047402353378,0.0
45.294584334074365,0.0
43.733338321784785,0.0
42.17827674798838,0.0
40.63093427071361,0.0
39.092837930172635,0.0
37.56550564175695,0.0
36.05044469803884,0.0
34.549150281252174,0.0
33.06310398773557,0.0
31.593772365766167,0.0
30.14260546826096,0.0
28.711035421746285,0.0
27.30047501302251,0.0
25.912316294914017,0.0
24.54792921248115,0.0
23.20866025105042,0.0
21.895831107393654,0.0
20.61073738537646,0.0
19.354647317351226,0.0
18.1288005125655,0.0
16.934406733817333,0.0
15.772644703565959,0.0
14.644660940672445,0.0
13.551568628929687,0.0
12.49444651847675,0.0
11.474337861210678,0.0
10.492249381215565,0.0
9.549150281252658,0.0
8.645971286271894,0.0
7.783603724899194,0.0
6.9628986498027245,0.0
6.184665997807038,0.0
5.44967379058145,0.0
4.758647376699145,0.0
4.112268715800745,0.0
3.511175705587476,0.0
2.9559615522887412,0.0
2.447174185242311,0.0
1.9853157161528117,0.0
1.5708419435683965,0.0
1.2041619030625696,0.0
0.8856374635654944,0.0
0.6155829702431532,0.0
0.39426493427613707,0.0
0.2219017698460135,0.0
0.09866357858642516,0.0
0.02467198171341778,0.0
0.0,0.0
0.024671981713410673,0.0
0.09866357858643937,0.0
0.22190176984596377,0.0
0.3942649342761584,0.0
0.6155829702430822,0.0
0.8856374635655442,0.0
1.2041619030626194,0.0
1.5708419435684604,0.0
1.9853157161528827,0.0
2.447174185242382,0.0
2.955961552288585,0.0
3.5111757055875685,0.0
4.1122687158008375,0.0
4.758647376699251,0.0
5.4496737905815635,0.0
6.18466599780681,0.0
6.9628986498028524,0.0
7.783603724899315,0.0
8.64597128627203,0.0
9.549150281252807,0.0
10.49224938121528,0.0
11.474337861210834,0.0
12.494446518476906,0.0
13.55156862892936,0.0
14.644660940672615,0.0
15.772644703565618,0.0
16.934406733817518,0.0
18.12880051256569,0.0
19.35464731735142,0.0
20.610737385376083,0.0
21.89583110739327,0.0
23.208660251050027,0.0
24.54792921248136,0.0
25.912316294914234,0.0
27.30047501302273,0.0
28.711035421745866,0.0
30.142605468261184,0.0
31.593772365765734,0.0
33.0631039877358,0.0
34.54915028125241,0.0
36.05044469803907,0.0
37.565505641757184,0.0
39.09283793017288,0.0
40.63093427071385,0.0
42.17827674798862,0.0
43.73333832178503,0.0
45.29458433407461,0.0
46.860474023534024,0.0
48.429462046094066,0.0
49.99999999999985,0.0
51.570537953907056,0.0
53.139525976465684,0.0
54.705415665925806,0.0
56.266661678215385,0.0
57.82172325201179,0.0
59.36906572928656,0.0
60.90716206982684,0.0
62.43449435824253,0.0
63.94955530196133,0.0
65.45084971874732,0.0
66.93689601226458,0.0
68.406227634234,0.0
69.85739453173855,0.0
71.28896457825387,0.0
72.69952498697701,0.0
74.08768370508614,0.0
75.45207078751838,0.0
76.79133974894972,0.0
78.1041688926065,0.0
79.38926261462368,0.0
80.6453526826489,0.0
81.87119948743464,0.0
83.06559326618226,0.0
84.2273552964347,0.0
85.35533905932718,0.0
86.44843137107092,0.0
87.5055534815229,0.0
88.52566213878944,0.0
89.50775061878454,0.0
90.45084971874743,0.0
91.35402871372821,0.0
92.2163962751009,0.0
93.037101350197,0.0
93.8153340021934,0.0
94.5503262094183,0.0
95.24135262330093,0.0
95.88773128419905,0.0
96.48882429441258,0.0
97.04403844771132,0.0
97.55282581475774,0.0
98.01468428384723,0.0
98.42915805643148,0.0
98.79583809693747,0.0
99.1143625364344,0.0
99.38441702975688,0.0
99.60573506572389,0.0
99.778098230154,0.0
99.90133642141359,0.0
99.97532801828658,0.0
100.0,0.0
99.97532801828656,0.0
99.90133642141359,0.0
99.77809823015394,0.0
99.6057350657239,0.0
99.38441702975689,0.0
99.11436253643443,0.0
98.79583809693733,0.0
98.4291580564315,0.0
98.01468428384706,0.0
97.55282581475778,0.0
97.04403844771112,0.0
96.48882429441264,0.0
95.88773128419882,0.0
95.24135262330097,0.0
94.55032620941836,0.0
93.81533400219311,0.0
93.03710135019706,0.0
92.21639627510058,0.0
91.35402871372827,0.0
90.45084971874752,0.0
89.50775061878461,0.0
88.52566213878951,0.0
87.50555348152298,0.0
86.44843137107051,0.0
85.35533905932778,0.0
84.22735529643427,0.0
83.06559326618289,0.0
81.87119948743418,0.0
80.645352682649,0.0
79.38926261462377,0.0
78.1041688926066,0.0
76.79133974894982,0.0
75.4520707875185,0.0
74.08768370508562,0.0
72.69952498697775,0.0
71.28896457825334,0.0
69.85739453173932,0.0
68.40622763423345,0.0
66.9368960122647,0.0
65.45084971874743,0.0
63.949555301961446,0.0
62.434494358242645,0.0
60.90716206982695,0.0
59.36906572928598,0.0
57.82172325201121,0.0
56.2666616782148,0.0
54.705415665925926,0.0
53.139525976465805,0.0
51.57053795390647,0.0
49.99999999999998,0.0
48.429462046093484,0.0
46.860474023534145,0.0
45.29458433407402,0.0
43.73333832178515,0.0
42.178276747988036,0.0
40.63093427071397,0.0
39.092837930173,0.0
37.565505641757305,0.0
36.050444698038504,0.0
34.54915028125252,0.0
33.063103987735246,0.0
31.593772365766508,0.0
30.142605468260648,0.0
28.71103542174662,0.0
27.300475013022204,0.0
25.91231629491434,0.0
24.547929212481467,0.0
23.208660251050134,0.0
21.89583110739337,0.0
20.610737385376183,0.0
19.354647317350953,0.0
18.128800512565785,0.0
16.934406733817077,0.0
15.77264470356571,0.0
14.644660940672196,0.0
13.551568628929445,0.0
12.494446518476991,0.0
11.47433786121045,0.0
10.492249381215352,0.0
9.549150281252459,0.0
8.6459712862721,0.0
7.783603724899386,0.0
6.962898649802909,0.0
6.184665997806874,0.0
5.449673790581613,0.0
4.7586473766990025,0.0
4.1122687158011715,0.0
3.5111757055873483,0.0
2.955961552288869,0.0
2.447174185242204,0.0
1.9853157161529182,0.0
1.5708419435684817,0.0
1.2041619030626478,0.0
0.8856374635655726,0.0
0.6155829702431035,0.0
0.39426493427608733,0.0
0.22190176984597798,0.0
0.09866357858640384,0.0
0.02467198171343199,0.0
0.0,0.0
0.02467198171341778,0.0
0.09866357858646069,0.0
0.2219017698459993,0.0
0.39426493427611575,0.0
0.615582970243139,0.0
0.8856374635656081,0.0
1.2041619030626975,0.0
1.5708419435685386,0.0
1.9853157161527832,0.0
2.4471741852422753,0.0
2.9559615522886986,0.0
3.5111757055874335,0.0
4.11226871580098,0.0
4.758647376699095,0.0
5.449673790581713,0.0
6.184665997806633,0.0
6.962898649803023,0.0
7.783603724899123,0.0
8.645971286271823,0.0
9.549150281252587,0.0
10.492249381215487,0.0
11.4743378612106,0.0
12.49444651847714,0.0
13.551568628929104,0.0
14.644660940672857,0.0
15.772644703565348,0.0
16.934406733817774,0.0
18.12880051256541,0.0
19.354647317351127,0.0
20.61073738537636,0.0
21.895831107393555,0.0
23.208660251050322,0.0
24.547929212481655,0.0
25.91231629491391,0.0
27.300475013023036,0.0
28.711035421746175,0.0
30.1426054682615,0.0
31.593772365766053,0.0
33.06310398773546,0.0
34.54915028125273,0.0
36.05044469803872,0.0
37.56550564175752,0.0
39.09283793017252,0.0
40.63093427071349,0.0
42.17827674798826,0.0
43.733338321784665,0.0
45.294584334074244,0.0
46.860474023534366,0.0
48.42946204609299,0.0
50.0000000000002,0.0
51.57053795390598,0.0
53.139525976466025,0.0
54.70541566592544,0.0
56.266661678215726,0.0
57.82172325201143,0.0
59.3690657292862,0.0
60.90716206982717,0.0
62.43449435824286,0.0
63.94955530196166,0.0
65.45084971874765,0.0
66.93689601226424,0.0
68.40622763423431,0.0
69.85739453173886,0.0
71.28896457825418,0.0
72.69952498697731,0.0
74.08768370508581,0.0
75.45207078751868,0.0
76.79133974895001,0.0
78.10416889260676,0.0
79.38926261462396,0.0
80.64535268264862,0.0
81.87119948743435,0.0
83.06559326618252,0.0
84.22735529643441,0.0
85.35533905932742,0.0
86.44843137107067,0.0
87.50555348152312,0.0
88.5256621387892,0.0
89.50775061878475,0.0
90.45084971874722,0.0
91.354028713728,0.0
92.2163962751007,0.0
93.03710135019718,0.0
93.81533400219321,0.0
94.55032620941847,0.0
95.24135262330077,0.0
95.88773128419918,0.0
96.48882429441245,0.0
97.04403844771144,0.0
97.55282581475763,0.0
98.01468428384713,0.0
98.42915805643156,0.0
98.79583809693739,0.0
99.11436253643447,0.0
99.38441702975692,0.0
99.60573506572385,0.0
99.77809823015403,0.0
99.90133642141356,0.0
99.9753280182866,0.0
100.0,0.0
99.97532801828658,0.0
99.90133642141357,0.0
99.77809823015399,0.0
99.60573506572386,0.0
99.38441702975695,0.0
99.11436253643436,0.0
98.79583809693742,0.0
98.42915805643159,0.0
98.01468428384717,0.0
97.55282581475768,0.0
97.04403844771124,0.0
96.48882429441251,0.0
95.88773128419925,0.0
95.24135262330083,0.0
94.55032620941853,0.0
93.81533400219294,0.0
93.03710135019725,0.0
92.21639627510078,0.0
91.35402871372807,0.0
90.45084971874732,0.0
89.5077506187844,0.0
88.5256621387893,0.0
87.50555348152321,0.0
86.44843137107028,0.0
85.35533905932752,0.0
84.22735529643401,0.0
83.06559326618263,0.0
81.87119948743447,0.0
80.64535268264873,0.0
79.3892626146235,0.0
78.10416889260631,0.0
76.79133974894953,0.0
75.4520707875188,0.0
74.08768370508594,0.0
72.69952498697745,0.0
71.28896457825367,0.0
69.85739453173899,0.0
68.40622763423379,0.0
66.93689601226438,0.0
65.45084971874778,0.0
63.94955530196112,0.0
62.434494358243,0.0
60.907162069827315,0.0
59.36906572928634,0.0
57.82172325201157,0.0
56.266661678215165,0.0
54.705415665925585,0.0
53.13952597646617,0.0
51.570537953906125,0.0
50.00000000000034,0.0
48.429462046093136,0.0
46.860474023534515,0.0
45.294584334074386,0.0
43.733338321784814,0.0
42.1782767479884,0.0
40.63093427071364,0.0
39.092837930172664,0.0
37.56550564175697,0.0
36.05044469803818,0.0
34.54915028125287,0.0
33.06310398773493,0.0
31.59377236576619,0.0
30.14260546826098,0.0
28.71103542174631,0.0
27.30047501302253,0.0
25.91231629491404,0.0
24.547929212481783,0.0
23.208660251049846,0.0
21.895831107393676,0.0
20.610737385376478,0.0
19.354647317351244,0.0
18.12880051256552,0.0
16.934406733817355,0.0
15.772644703565454,0.0
14.644660940672964,0.0
13.55156862892921,0.0
12.494446518477233,0.0
11.474337861210238,0.0
10.49224938121558,0.0
9.549150281252672,0.0
8.645971286271909,0.0
7.783603724899201,0.0
6.962898649802732,0.0
6.184665997806704,0.0
5.449673790581784,0.0
4.758647376698853,0.0
4.112268715801029,0.0
3.5111757055872204,0.0
2.9559615522887484,0.0
2.447174185242318,0.0
1.9853157161528188,0.0
1.5708419435684036,0.0
1.2041619030625768,0.0
0.8856374635655015,0.0
0.6155829702431603,0.0
0.39426493427613707,0.0
0.2219017698460135,0.0
0.09866357858642516,0.0
0.02467198171341778,0.0
0.0,0.0
0.024671981713424884,0.0
0.09866357858639674,0.0
0.22190176984603482,0.0
0.3942649342760731,0.0
0.6155829702430751,0.0
0.8856374635655442,0.0
1.2041619030626194,0.0
1.5708419435684533,0.0
1.9853157161528756,0.0
2.447174185242382,0.0
2.9559615522888194,0.0
3.5111757055872914,0.0
4.1122687158011075,0.0
4.758647376698939,0.0
5.449673790581869,0.0
6.184665997806796,0.0
6.962898649802831,0.0
7.783603724899308,0.0
8.645971286272022,0.0
9.549150281252786,0.0
10.4922493812157,0.0
11.474337861210358,0.0
12.494446518477368,0.0
13.551568628929346,0.0
14.644660940672601,0.0
15.772644703565597,0.0
16.934406733817497,0.0
18.128800512565668,0.0
19.35464731735084,0.0
20.610737385376638,0.0
21.89583110739325,0.0
23.208660251050013,0.0
24.54792921248134,0.0
25.912316294914213,0.0
27.300475013022705,0.0
28.711035421746487,0.0
30.142605468260513,0.0
31.593772365766373,0.0
33.06310398773511,0.0
34.549150281253056,0.0
36.05044469803836,0.0
37.56550564175716,0.0
39.09283793017285,0.0
40.63093427071382,0.0
42.17827674798859,0.0
43.733338321785006,0.0
45.294584334073875,0.0
46.86047402353471,0.0
48.429462046093334,0.0
50.00000000000054,0.0
51.570537953906324,0.0
53.139525976465656,0.0
54.705415665925784,0.0
56.26666167821536,0.0
57.821723252011765,0.0
59.36906572928653,0.0
60.90716206982681,0.0
62.4344943582425,0.0
63.949555301961304,0.0
65.45084971874729,0.0
66.93689601226457,0.0
68.40622763423397,0.0
69.85739453173917,0.0
71.2889645782532,0.0
72.69952498697762,0.0
74.08768370508548,0.0
75.45207078751898,0.0
76.7913397489497,0.0
78.10416889260647,0.0
79.38926261462366,0.0
80.64535268264889,0.0
81.87119948743461,0.0
83.06559326618279,0.0
84.22735529643415,0.0
85.35533905932766,0.0
86.44843137107043,0.0
87.50555348152335,0.0
88.52566213878941,0.0
89.50775061878453,0.0
90.45084971874743,0.0
91.35402871372818,0.0
92.21639627510089,0.0
93.03710135019735,0.0
93.81533400219303,0.0
94.55032620941861,0.0
95.24135262330091,0.0
95.88773128419903,0.0
96.48882429441258,0.0
97.0440384477113,0.0
97.55282581475774,0.0
98.01468428384703,0.0
98.42915805643165,0.0
98.7958380969373,0.0
99.1143625364344,0.0
99.38441702975686,0.0
99.60573506572388,0.0
99.778098230154,0.0
99.90133642141359,0.0
99.97532801828656,0.0
100.0,0.0
99.97532801828659,0.0
99.90133642141356,0.0
99.77809823015403,0.0
99.6057350657239,0.0
99.38441702975689,0.0
99.11436253643443,0.0
98.79583809693735,0.0
98.4291580564315,0.0
98.01468428384727,0.0
97.55282581475757,0.0
97.04403844771136,0.0
96.48882429441238,0.0
95.8877312841991,0.0
95.241352623301,0.0
94.55032620941837,0.0
93.81533400219311,0.0
93.03710135019708,0.0
92.2163962751006,0.0
91.35402871372789,0.0
90.45084971874752,0.0
89.50775061878463,0.0
88.52566213878953,0.0
87.50555348152298,0.0
86.44843137107054,0.0
85.35533905932729,0.0
84.2273552964348,0.0
83.06559326618238,0.0
81.87119948743475,0.0
80.64535268264846,0.0
79.3892626146238,0.0
78.10416889260661,0.0
76.79133974894984,0.0
75.45207078751851,0.0
74.08768370508564,0.0
72.69952498697714,0.0
71.288964578254,0.0
69.85739453173868,0.0
68.40622763423413,0.0
66.93689601226406,0.0
65.45084971874746,0.0
63.94955530196147,0.0
62.434494358242674,0.0
60.90716206982698,0.0
59.36906572928601,0.0
57.82172325201124,0.0
56.26666167821553,0.0
54.705415665925244,0.0
53.139525976465826,0.0
51.570537953906495,0.0
50.0,0.0
48.429462046093505,0.0
46.860474023534174,0.0
45.294584334074756,0.0
43.73333832178447,0.0
42.17827674798876,0.0
40.63093427071399,0.0
39.09283793017302,0.0
37.565505641757326,0.0
36.05044469803853,0.0
34.549150281252544,0.0
33.06310398773594,0.0
31.593772365765872,0.0
30.142605468261323,0.0
28.711035421745997,0.0
27.300475013022858,0.0
25.91231629491374,0.0
24.54792921248149,0.0
23.208660251050155,0.0
21.89583110739339,0.0
20.610737385376197,0.0
19.35464731735097,0.0
18.128800512565256,0.0
16.934406733817625,0.0
15.772644703565206,0.0
14.644660940672715,0.0
13.55156862892946,0.0
12.494446518477012,0.0
11.474337861210472,0.0
10.492249381215366,0.0
9.549150281252473,0.0
8.645971286271717,0.0
7.7836037248994,0.0
6.9628986498029235,0.0
6.184665997806881,0.0
5.4496737905816275,0.0
4.75864737669901,0.0
4.1122687158009015,0.0
3.5111757055876183,0.0
2.9559615522886347,0.0
2.4471741852424316,0.0
1.9853157161527264,0.0
1.5708419435684888,0.0
1.204161903062655,0.0
0.8856374635655726,0.0
0.6155829702431035,0.0
0.39426493427609444,0.0
0.22190176984597798,0.0
0.09866357858644648,0.0
0.024671981713410673,0.0
0.0,0.0
0.024671981713439095,0.0
0.09866357858641805,0.0
0.2219017698459922,0.0
0.39426493427611575,0.0
0.6155829702431319,0.0
0.885637463565601,0.0
1.2041619030626975,0.0
1.5708419435683538,0.0
1.985315716152975,0.0
2.447174185242268,0.0
2.9559615522886915,0.0
3.5111757055874193,0.0
4.112268715800965,0.0
4.758647376699081,0.0
5.449673790581386,0.0
6.184665997806967,0.0
6.9628986498026535,0.0
7.783603724899493,0.0
8.645971286271816,0.0
9.54915028125258,0.0
10.492249381215473,0.0
11.474337861210579,0.0
12.494446518477119,0.0
13.55156862892958,0.0
14.644660940672338,0.0
15.772644703565845,0.0
16.93440673381722,0.0
18.128800512565935,0.0
19.35464731735111,0.0
20.61073738537634,0.0
21.895831107393533,0.0
23.2086602510503,0.0
24.54792921248164,0.0
25.91231629491451,0.0
27.30047501302238,0.0
28.711035421746796,0.0
30.142605468260825,0.0
31.593772365766032,0.0
33.06310398773543,0.0
34.54915028125271,0.0
36.050444698038696,0.0
37.5655056417575,0.0
39.09283793017319,0.0
40.63093427071347,0.0
42.178276747988235,0.0
43.73333832178464,0.0
45.294584334074216,0.0
46.860474023534344,0.0
48.429462046093676,0.0
49.99999999999946,0.0
51.570537953906666,0.0
53.13952597646529,0.0
54.705415665926125,0.0
56.266661678214994,0.0
57.82172325201141,0.0
59.36906572928618,0.0
60.90716206982715,0.0
62.43449435824284,0.0
63.94955530196164,0.0
65.45084971874694,0.0
66.9368960122649,0.0
68.40622763423363,0.0
69.85739453173949,0.0
71.28896457825351,0.0
72.6995249869773,0.0
74.0876837050858,0.0
75.45207078751866,0.0
76.79133974894998,0.0
78.10416889260675,0.0
79.38926261462395,0.0
80.64535268264916,0.0
81.87119948743432,0.0
83.0655932661825,0.0
84.22735529643441,0.0
85.3553390593274,0.0
86.44843137107065,0.0
87.50555348152264,0.0
88.52566213878964,0.0
89.50775061878431,0.0
90.45084971874763,0.0
91.35402871372798,0.0
92.21639627510069,0.0
93.03710135019716,0.0
93.8153340021932,0.0
94.55032620941844,0.0
95.24135262330105,0.0
95.88773128419889,0.0
96.48882429441271,0.0
97.04403844771119,0.0
97.55282581475785,0.0
98.01468428384712,0.0
98.42915805643155,0.0
98.79583809693739,0.0
99.11436253643446,0.0
99.38441702975692,0.0
99.60573506572393,0.0
99.77809823015397,0.0
99.9013364214136,0.0
99.97532801828658,0.0
100.0,0.0
99.97532801828658,0.0
99.90133642141357,0.0
99.77809823015399,0.0
99.60573506572386,0.0
99.38441702975683,0.0
99.1143625364345,0.0
98.79583809693742,0.0
98.42915805643159,0.0
98.01468428384717,0.0
97.55282581475768,0.0
97.04403844771124,0.0
96.48882429441278,0.0
95.88773128419896,0.0
95.24135262330114,0.0
94.55032620941822,0.0
93.8153340021933,0.0
93.03710135019728,0.0
92.2163962751008,0.0
91.3540287137281,0.0
90.45084971874732,0.0
89.50775061878443,0.0
88.52566213878976,0.0
87.50555348152277,0.0
86.4484313710708,0.0
85.35533905932704,0.0
84.22735529643455,0.0
83.0655932661821,0.0
81.87119948743448,0.0
80.64535268264876,0.0
79.38926261462352,0.0
78.10416889260632,0.0
76.79133974894955,0.0
75.45207078751821,0.0
74.08768370508596,0.0
72.69952498697747,0.0
71.28896457825368,0.0
69.85739453173902,0.0
68.40622763423382,0.0
66.93689601226507,0.0
65.45084971874712,0.0
63.94955530196182,0.0
62.43449435824234,0.0
60.907162069827336,0.0
59.36906572928636,0.0
57.8217232520116,0.0
56.266661678215186,0.0
54.705415665925614,0.0
53.139525976465485,0.0
51.570537953906864,0.0
49.99999999999966,0.0
48.429462046093875,0.0
46.86047402353383,0.0
45.294584334074415,0.0
43.733338321784835,0.0
42.17827674798843,0.0
40.63093427071366,0.0
39.092837930172685,0.0
37.565505641757,0.0
36.05044469803888,0.0
34.54915028125222,0.0
33.063103987735616,0.0
31.593772365766213,0.0
30.142605468261007,0.0
28.71103542174633,0.0
27.300475013022556,0.0
25.912316294914064,0.0
24.547929212481197,0.0
23.208660251050468,0.0
21.895831107393693,0.0
20.6107373853765,0.0
19.354647317351265,0.0
18.12880051256554,0.0
16.93440673381737,0.0
15.772644703565994,0.0
14.64466094067248,0.0
13.551568628929708,0.0
12.494446518476778,0.0
11.474337861210707,0.0
10.49224938121516,0.0
9.549150281252686,0.0
8.645971286271923,0.0
7.783603724899216,0.0
6.962898649802753,0.0
6.184665997806718,0.0
5.449673790581471,0.0
4.758647376699166,0.0
4.112268715800759,0.0
3.5111757055874904,0.0
2.955961552288514,0.0
2.447174185242325,0.0
1.985315716152833,0.0
1.5708419435684107,0.0
1.2041619030625768,0.0
0.8856374635655087,0.0
0.6155829702430538,0.0
0.39426493427613707,0.0
0.2219017698460135,0.0
0.09866357858642516,0.0
0.02467198171341778,0.0
0.0,0.0
0.024671981713403568,0.0
0.09866357858643937,0.0
0.22190176984596377,0.0
0.3942649342761584,0.0
0.6155829702430751,0.0
0.8856374635655371,0.0
1.2041619030626123,0.0
1.5708419435684462,0.0
1.9853157161528685,0.0
2.4471741852423747,0.0
2.9559615522885636,0.0
3.511175705587547,0.0
4.112268715800823,0.0
4.75864737669923,0.0
5.449673790581535,0.0
6.184665997806789,0.0
6.962898649802824,0.0
7.783603724899294,0.0
8.645971286272001,0.0
9.549150281252778,0.0
10.492249381215245,0.0
11.474337861210799,0.0
12.494446518476877,0.0
13.551568628929331,0.0
14.64466094067258,0.0
15.772644703565582,0.0
16.934406733817482,0.0
18.12880051256565,0.0
19.354647317351382,0.0
20.610737385376044,0.0
21.895831107393814,0.0
23.208660251049988,0.0
24.54792921248132,0.0
25.912316294914188,0.0
27.300475013022684,0.0
28.711035421746463,0.0
30.14260546826114,0.0
31.59377236576569,0.0
33.06310398773576,0.0
34.54915028125236,0.0
36.05044469803902,0.0
37.56550564175714,0.0
39.09283793017283,0.0
40.6309342707138,0.0
42.17827674798857,0.0
43.733338321784984,0.0
45.29458433407456,0.0
46.860474023533975,0.0
48.42946204609402,0.0
49.9999999999998,0.0
51.57053795390701,0.0
53.139525976465634,0.0
54.705415665925756,0.0
56.266661678215335,0.0
57.82172325201174,0.0
59.36906572928651,0.0
60.90716206982748,0.0
62.43449435824248,0.0
63.94955530196128,0.0
65.45084971874726,0.0
66.93689601226454,0.0
68.40622763423394,0.0
69.85739453173915,0.0
71.28896457825383,0.0
72.69952498697697,0.0
74.08768370508609,0.0
75.45207078751835,0.0
76.79133974894968,0.0
78.10416889260645,0.0
79.38926261462365,0.0
80.64535268264888,0.0
81.8711994874346,0.0
83.06559326618222,0.0
84.22735529643465,0.0
85.35533905932715,0.0
86.4484313710709,0.0
87.50555348152287,0.0
88.5256621387894,0.0
89.50775061878451,0.0
90.4508497187474,0.0
91.35402871372818,0.0
92.21639627510088,0.0
93.03710135019733,0.0
93.81533400219337,0.0
94.55032620941829,0.0
95.24135262330091,0.0
95.88773128419902,0.0
96.48882429441257,0.0
97.0440384477113,0.0
97.55282581475772,0.0
98.01468428384722,0.0
98.42915805643146,0.0
98.79583809693744,0.0
99.11436253643438,0.0
99.38441702975686,0.0
99.60573506572388,0.0
99.778098230154,0.0
99.90133642141359,0.0
99.97532801828658,0.0
100.0,0.0
99.97532801828658,0.0
99.90133642141359,0.0
99.77809823015396,0.0
99.6057350657239,0.0
99.38441702975689,0.0
99.11436253643443,0.0
98.79583809693736,0.0
98.42915805643152,0.0
98.01468428384709,0.0
97.5528258147578,0.0
97.04403844771113,0.0
96.48882429441265,0.0
95.88773128419882,0.0
95.241352623301,0.0
94.55032620941839,0.0
93.81533400219313,0.0
93.03710135019709,0.0
92.2163962751006,0.0
91.3540287137279,0.0
90.45084971874755,0.0
89.50775061878466,0.0
88.52566213878956,0.0
87.50555348152301,0.0
86.44843137107055,0.0
85.35533905932729,0.0
84.2273552964343,0.0
83.06559326618293,0.0
81.87119948743421,0.0
80.64535268264905,0.0
79.38926261462382,0.0
78.10416889260662,0.0
76.79133974894987,0.0
75.45207078751854,0.0
74.08768370508565,0.0
72.69952498697717,0.0
71.28896457825338,0.0
69.85739453173935,0.0
68.40622763423349,0.0
66.93689601226475,0.0
65.45084971874681,0.0
63.949555301961496,0.0
62.434494358242695,0.0
60.907162069827,0.0
59.36906572928603,0.0
57.82172325201126,0.0
56.266661678214845,0.0
54.705415665925976,0.0
53.139525976465144,0.0
51.570537953906516,0.0
50.00000000000002,0.0
48.42946204609353,0.0
46.860474023534195,0.0
45.294584334074074,0.0
43.7333383217852,0.0
42.178276747988086,0.0
40.63093427071402,0.0
39.09283793017305,0.0
37.565505641757355,0.0
36.050444698038554,0.0
34.549150281252565,0.0
33.063103987735296,0.0
31.593772365766554,0.0
30.14260546826069,0.0
28.711035421746665,0.0
27.30047501302225,0.0
25.912316294914383,0.0
24.547929212481513,0.0
23.20866025105018,0.0
21.89583110739341,0.0
20.610737385376222,0.0
19.35464731735099,0.0
18.128800512565824,0.0
16.934406733817113,0.0
15.772644703565739,0.0
14.644660940672232,0.0
13.55156862892948,0.0
12.494446518477027,0.0
11.474337861210486,0.0
10.492249381215387,0.0
9.549150281252487,0.0
8.645971286271731,0.0
7.7836037248994145,0.0
6.962898649802938,0.0
6.184665997806896,0.0
5.449673790581642,0.0
4.758647376699024,0.0
4.112268715800909,0.0
3.5111757055873625,0.0
2.9559615522888834,0.0
2.4471741852424387,0.0
1.9853157161527335,0.0
1.5708419435683254,0.0
1.204161903062662,0.0
0.8856374635655726,0.0
0.6155829702432243,0.0
0.39426493427600917,0.0
0.2219017698459851,0.0
0.09866357858640384,0.0
0.024671981713439095,0.0
0.0,0.0
0.024671981713439095,0.0
0.09866357858645358,0.0
0.2219017698459922,0.0
0.39426493427610865,0.0
0.6155829702430182,0.0
0.885637463565601,0.0
1.2041619030626904,0.0
1.5708419435685315,0.0
1.985315716152769,0.0
2.447174185242254,0.0
2.955961552288926,0.0
3.511175705587412,0.0
4.112268715800951,0.0
4.758647376699074,0.0
5.449673790581372,0.0
6.1846659978069525,0.0
6.9628986498029946,0.0
7.783603724899095,0.0
8.645971286271795,0.0
9.549150281252558,0.0
10.492249381215899,0.0
11.474337861210564,0.0
12.494446518477105,0.0
13.551568628929076,0.0
14.644660940672324,0.0
15.772644703565831,0.0
16.934406733817738,0.0
18.12880051256537,0.0
19.354647317351088,0.0
20.610737385375742,0.0
21.8958311073941,0.0
23.20866025105028,0.0
24.547929212481616,0.0
25.912316294913868,0.0
27.300475013022357,0.0
28.711035421746775,0.0
30.142605468261454,0.0
31.59377236576601,0.0
33.06310398773542,0.0
34.54915028125201,0.0
36.05044469803867,0.0
37.56550564175747,0.0
39.09283793017316,0.0
40.63093427071344,0.0
42.17827674798821,0.0
43.733338321785325,0.0
45.294584334074194,0.0
46.860474023534316,0.0
48.429462046093654,0.0
49.99999999999944,0.0
51.570537953906644,0.0
53.139525976465976,0.0
54.70541566592539,0.0
56.26666167821497,0.0
57.82172325201068,0.0
59.369065729286845,0.0
60.90716206982712,0.0
62.434494358242816,0.0
63.94955530196093,0.0
65.45084971874692,0.0
66.93689601226487,0.0
68.40622763423427,0.0
69.85739453173882,0.0
71.28896457825348,0.0
72.6995249869779,0.0
74.08768370508639,0.0
75.45207078751864,0.0
76.79133974894998,0.0
78.10416889260614,0.0
79.38926261462392,0.0
80.64535268264913,0.0
81.87119948743486,0.0
83.06559326618247,0.0
84.22735529643438,0.0
85.35533905932789,0.0
86.44843137107064,0.0
87.5055534815231,0.0
88.52566213878916,0.0
89.50775061878429,0.0
90.4508497187476,0.0
91.35402871372837,0.0
92.21639627510069,0.0
93.03710135019715,0.0
93.81533400219286,0.0
94.55032620941876,0.0
95.24135262330105,0.0
95.88773128419916,0.0
96.48882429441244,0.0
97.04403844771117,0.0
97.55282581475782,0.0
98.01468428384732,0.0
98.42915805643153,0.0
98.79583809693739,0.0
99.11436253643433,0.0
99.38441702975703,0.0
99.60573506572393,0.0
99.77809823015403,0.0
99.90133642141356,0.0
99.97532801828658,0.0
100.0,0.0
99.97532801828658,0.0
99.90133642141357,0.0
99.77809823015399,0.0
99.60573506572396,0.0
99.38441702975685,0.0
99.11436253643437,0.0
98.79583809693743,0.0
98.4291580564316,0.0
98.01468428384719,0.0
97.55282581475747,0.0
97.04403844771126,0.0
96.48882429441252,0.0
95.88773128419925,0.0
95.24135262330115,0.0
94.55032620941823,0.0
93.81533400219297,0.0
93.03710135019728,0.0
92.2163962751008,0.0
91.35402871372851,0.0
90.45084971874692,0.0
89.50775061878443,0.0
88.52566213878933,0.0
87.50555348152325,0.0
86.44843137107081,0.0
85.35533905932706,0.0
84.22735529643404,0.0
83.06559326618267,0.0
81.8711994874345,0.0
80.64535268264933,0.0
79.38926261462353,0.0
78.10416889260634,0.0
76.79133974894958,0.0
75.45207078751885,0.0
74.08768370508598,0.0
72.69952498697685,0.0
71.28896457825371,0.0
69.85739453173903,0.0
68.40622763423383,0.0
66.9368960122651,0.0
65.45084971874715,0.0
63.94955530196116,0.0
62.43449435824305,0.0
60.907162069827365,0.0
59.36906572928639,0.0
57.82172325201092,0.0
56.266661678215215,0.0
54.705415665925635,0.0
53.13952597646622,0.0
51.570537953906886,0.0
49.99999999999968,0.0
48.429462046093185,0.0
46.860474023534564,0.0
45.294584334074436,0.0
43.73333832178557,0.0
42.178276747987745,0.0
40.63093427071368,0.0
39.092837930172706,0.0
37.56550564175771,0.0
36.0504446980389,0.0
34.54915028125224,0.0
33.063103987734976,0.0
31.593772365766238,0.0
30.142605468261028,0.0
28.711035421746995,0.0
27.300475013022577,0.0
25.912316294914085,0.0
24.54792921248122,0.0
23.208660251050482,0.0
21.89583110739313,0.0
20.610737385375945,0.0
19.35464731735128,0.0
18.128800512565558,0.0
16.934406733817383,0.0
15.772644703564978,0.0
14.644660940672495,0.0
13.551568628929246,0.0
12.494446518477261,0.0
11.47433786121072,0.0
10.492249381215174,0.0
9.549150281252281,0.0
8.645971286271937,0.0
7.78360372489923,0.0
6.9628986498031225,0.0
6.184665997806391,0.0
5.449673790581485,0.0
4.758647376698875,0.0
4.112268715801051,0.0
3.5111757055875046,0.0
2.955961552288528,0.0
2.447174185242112,0.0
1.985315716152833,0.0
1.5708419435684107,0.0
1.2041619030627402,0.0
0.8856374635655158,0.0
0.6155829702430538,0.0
0.3942649342760518,0.0
0.2219017698460135,0.0
0.09866357858642516,0.0
0.024671981713403568,0.0
0.0,0.0
0.024671981713424884,0.0
0.09866357858638963,0.0
0.22190176984596377,0.0
0.3942649342761584,0.0
0.6155829702431816,0.0
0.88563746356553,0.0
1.2041619030626052,0.0
1.5708419435682615,0.0
1.9853157161530604,0.0
2.4471741852423605,0.0
2.955961552288798,0.0
3.511175705587277,0.0
4.112268715800809,0.0
4.758647376699216,0.0
5.449673790581848,0.0
6.184665997806775,0.0
6.96289864980281,0.0
7.783603724898903,0.0
8.645971286272392,0.0
9.549150281252764,0.0
10.492249381215672,0.0
11.47433786121033,0.0
12.494446518476856,0.0
13.551568628929793,0.0
14.644660940672559,0.0
15.772644703565561,0.0
16.93440673381746,0.0
18.128800512565086,0.0
19.354647317351358,0.0
20.6107373853766,0.0
21.89583110739321,0.0
23.208660251049967,0.0
24.5479292124813,0.0
25.912316294914792,0.0
27.300475013022663,0.0
28.71103542174644,0.0
30.142605468260466,0.0
31.593772365765666,0.0
33.06310398773573,0.0
34.54915028125301,0.0
36.05044469803832,0.0
37.56550564175711,0.0
39.09283793017211,0.0
40.63093427071448,0.0
42.17827674798855,0.0
43.733338321784956,0.0
45.294584334073825,0.0
46.86047402353395,0.0
48.429462046093995,0.0
50.00000000000049,0.0
51.570537953906275,0.0
53.139525976465606,0.0
54.70541566592503,0.0
56.26666167821531,0.0
57.82172325201172,0.0
59.36906572928649,0.0
60.90716206982677,0.0
62.43449435824246,0.0
63.949555301961944,0.0
65.45084971874725,0.0
66.93689601226453,0.0
68.40622763423393,0.0
69.85739453173848,0.0
71.2889645782538,0.0
72.69952498697758,0.0
74.08768370508544,0.0
75.45207078751832,0.0
76.79133974894967,0.0
78.10416889260702,0.0
79.38926261462362,0.0
80.64535268264885,0.0
81.87119948743403,0.0
83.0655932661822,0.0
84.22735529643464,0.0
85.35533905932763,0.0
86.4484313710704,0.0
87.50555348152284,0.0
88.52566213878984,0.0
89.50775061878494,0.0
90.45084971874739,0.0
91.35402871372816,0.0
92.21639627510048,0.0
93.03710135019733,0.0
93.81533400219335,0.0
94.55032620941859,0.0
95.2413526233009,0.0
95.88773128419902,0.0
96.48882429441282,0.0
97.04403844771129,0.0
97.55282581475771,0.0
98.01468428384722,0.0
98.42915805643145,0.0
98.79583809693744,0.0
99.11436253643453,0.0
99.38441702975686,0.0
99.60573506572388,0.0
99.778098230154,0.0
99.90133642141362,0.0
99.97532801828658,0.0
100.0,0.0
99.97532801828659,0.0
99.9013364214136,0.0
99.77809823015396,0.0
99.60573506572382,0.0
99.38441702975689,0.0
99.11436253643444,0.0
98.7958380969375,0.0
98.42915805643133,0.0
98.01468428384709,0.0
97.55282581475758,0.0
97.04403844771139,0.0
96.48882429441267,0.0
95.88773128419885,0.0
95.24135262330071,0.0
94.55032620941839,0.0
93.81533400219314,0.0
93.03710135019747,0.0
92.21639627510064,0.0
91.35402871372791,0.0
90.45084971874714,0.0
89.50775061878466,0.0
88.52566213878956,0.0
87.50555348152255,0.0
86.44843137107057,0.0
85.35533905932732,0.0
84.22735529643484,0.0
83.06559326618294,0.0
81.87119948743424,0.0
80.64535268264851,0.0
79.38926261462385,0.0
78.10416889260665,0.0
76.79133974895049,0.0
75.45207078751794,0.0
74.08768370508568,0.0
72.69952498697718,0.0
71.28896457825405,0.0
69.85739453173937,0.0
68.40622763423352,0.0
66.9368960122641,0.0
65.4508497187475,0.0
63.94955530196152,0.0
62.434494358243406,0.0
60.907162069826335,0.0
59.36906572928605,0.0
57.82172325201128,0.0
56.26666167821558,0.0
54.705415665926004,0.0
53.139525976465166,0.0
51.570537953906545,0.0
50.00000000000005,0.0
48.429462046093555,0.0
46.86047402353493,0.0
45.294584334074095,0.0
43.733338321784515,0.0
42.17827674798881,0.0
40.63093427071404,0.0
39.09283793017307,0.0
37.56550564175669,0.0
36.050444698038575,0.0
34.549150281252594,0.0
33.063103987735985,0.0
31.59377236576658,0.0
30.142605468260715,0.0
28.711035421746043,0.0
27.3004750130229,0.0
25.912316294914405,0.0
24.547929212482146,0.0
23.208660251049594,0.0
21.89583110739343,0.0
20.610737385376243,0.0
19.35464731735157,0.0
18.12880051256584,0.0
16.934406733817134,0.0
15.772644703565241,0.0
14.644660940672757,0.0
13.551568628929495,0.0
12.49444651847751,0.0
11.4743378612105,0.0
10.492249381215395,0.0
9.549150281252501,0.0
8.645971286272143,0.0
7.783603724899045,0.0
6.962898649802582,0.0
6.184665997806903,0.0
5.449673790581649,0.0
4.758647376699031,0.0
4.112268715800639,0.0
3.5111757055873767,0.0
2.955961552288649,0.0
2.447174185242446,0.0
1.9853157161529325,0.0
1.5708419435683325,0.0
1.2041619030625128,0.0
0.8856374635655797,0.0
0.6155829702431177,0.0
0.3942649342761868,0.0
0.22190176984591403,0.0
0.09866357858640384,0.0
0.02467198171341778,0.0
0.0,0.0
0.02467198171341778,0.0
0.09866357858645358,0.0
0.22190176984606325,0.0
0.39426493427610865,0.0
0.6155829702431248,0.0
0.885637463565466,0.0
1.2041619030626833,0.0
1.5708419435685244,0.0
1.9853157161529609,0.0
2.447174185242254,0.0
2.9559615522886773,0.0
3.511175705587668,0.0
4.112268715800951,0.0
4.758647376699059,0.0
5.449673790581684,0.0
6.184665997806597,0.0
6.9628986498029874,0.0
7.783603724899464,0.0
8.64597128627178,0.0
9.549150281252544,0.0
10.492249381215444,0.0
11.474337861211005,0.0
12.49444651847709,0.0
13.551568628929545,0.0
14.644660940672303,0.0
15.772644703565298,0.0
16.934406733817717,0.0
18.128800512565896,0.0
19.35464731735107,0.0
20.6107373853763,0.0
21.895831107392905,0.0
23.208660251050862,0.0
24.547929212481595,0.0
25.91231629491447,0.0
27.300475013022336,0.0
28.711035421746107,0.0
30.142605468261433,0.0
31.593772365766647,0.0
33.06310398773539,0.0
34.549150281252665,0.0
36.050444698037964,0.0
37.56550564175745,0.0
39.09283793017314,0.0
40.630934270714114,0.0
42.178276747988185,0.0
43.73333832178459,0.0
45.29458433407488,0.0
46.860474023534294,0.0
48.429462046093626,0.0
49.99999999999941,0.0
51.570537953905905,0.0
53.13952597646595,0.0
54.705415665926076,0.0
56.266661678214945,0.0
57.82172325201136,0.0
59.369065729285424,0.0
60.90716206982779,0.0
62.43449435824279,0.0
63.94955530196159,0.0
65.4508497187469,0.0
66.93689601226417,0.0
68.40622763423424,0.0
69.85739453173944,0.0
71.28896457825347,0.0
72.69952498697725,0.0
74.08768370508513,0.0
75.45207078751923,0.0
76.79133974894995,0.0
78.10416889260671,0.0
79.38926261462332,0.0
80.64535268264856,0.0
81.87119948743484,0.0
83.06559326618246,0.0
84.22735529643435,0.0
85.35533905932738,0.0
86.44843137107014,0.0
87.50555348152307,0.0
88.52566213878961,0.0
89.50775061878427,0.0
90.45084971874718,0.0
91.35402871372796,0.0
92.21639627510105,0.0
93.03710135019713,0.0
93.81533400219318,0.0
94.5503262094181,0.0
95.24135262330134,0.0
95.88773128419915,0.0
96.4888242944127,0.0
97.04403844771116,0.0
97.5528258147576,0.0
98.01468428384732,0.0
98.42915805643172,0.0
98.79583809693737,0.0
99.11436253643446,0.0
99.3844170297568,0.0
99.60573506572392,0.0
99.77809823015403,0.0
99.9013364214136,0.0
99.97532801828658,0.0
100.0,0.0
99.97532801828656,0.0
99.90133642141357,0.0
99.778098230154,0.0
99.60573506572388,0.0
99.38441702975696,0.0
99.11436253643437,0.0
98.79583809693727,0.0
98.42915805643162,0.0
98.0146842838472,0.0
97.5528258147577,0.0
97.04403844771102,0.0
96.48882429441252,0.0
95.88773128419899,0.0
95.24135262330117,0.0
94.55032620941856,0.0
93.81533400219297,0.0
93.03710135019693,0.0
92.21639627510083,0.0
91.35402871372813,0.0
90.45084971874778,0.0
89.50775061878402,0.0
88.52566213878934,0.0
87.50555348152281,0.0
86.44843137107082,0.0
85.35533905932758,0.0
84.22735529643407,0.0
83.06559326618216,0.0
81.87119948743452,0.0
80.64535268264879,0.0
79.38926261462413,0.0
78.10416889260637,0.0
76.7913397489496,0.0
75.45207078751825,0.0
74.087683705086,0.0
72.69952498697751,0.0
71.28896457825309,0.0
69.85739453173906,0.0
68.40622763423386,0.0
66.93689601226446,0.0
65.45084971874785,0.0
63.94955530196119,0.0
62.43449435824239,0.0
60.907162069827386,0.0
59.36906572928641,0.0
57.82172325201165,0.0
56.26666167821453,0.0
54.70541566592566,0.0
53.139525976465535,0.0
51.57053795390691,0.0
50.00000000000042,0.0
48.429462046093214,0.0
46.860474023533875,0.0
45.29458433407446,0.0
43.733338321784885,0.0
42.17827674798917,0.0
40.63093427071301,0.0
39.092837930172735,0.0
37.56550564175704,0.0
36.05044469803893,0.0
34.54915028125294,0.0
33.06310398773499,0.0
31.5937723657656,0.0
30.14260546826105,0.0
28.711035421746374,0.0
27.300475013023227,0.0
25.912316294914103,0.0
24.547929212481236,0.0
23.208660251049906,0.0
21.895831107393736,0.0
20.610737385376538,0.0
19.354647317350743,0.0
18.128800512565572,0.0
16.93440673381741,0.0
15.77264470356603,0.0
14.644660940673013,0.0
13.55156862892926,0.0
12.494446518476806,0.0
11.474337861210735,0.0
10.492249381215622,0.0
9.549150281253134,0.0
8.645971286271546,0.0
7.783603724899244,0.0
6.962898649802774,0.0
6.18466599780708,0.0
5.449673790581819,0.0
4.758647376698882,0.0
4.112268715800781,0.0
3.5111757055875117,0.0
2.9559615522887768,0.0
2.447174185242126,0.0
1.9853157161526411,0.0
1.5708419435684178,0.0
1.204161903062591,0.0
0.8856374635656508,0.0
0.6155829702430609,0.0
0.3942649342760589,0.0
0.2219017698460135,0.0
0.09866357858643227,0.0
0.024671981713424884,0.0
0.0,0.0
0.024671981713424884,0.0
0.09866357858643227,0.0
0.22190176984595666,0.0
0.3942649342760589,0.0
0.6155829702431816,0.0
0.8856374635656579,0.0
1.204161903062598,0.0
1.570841943568432,0.0
1.9853157161526553,0.0
2.4471741852425737,0.0
2.955961552288791,0.0
3.511175705587533,0.0
4.112268715800802,0.0
4.758647376698903,0.0
5.449673790581841,0.0
6.184665997807102,0.0
6.962898649802796,0.0
7.783603724899265,0.0
8.645971286271582,0.0
9.54915028125275,0.0
10.49224938121565,0.0
11.47433786121077,0.0
12.494446518476842,0.0
13.551568628929296,0.0
14.644660940673049,0.0
15.772644703565547,0.0
16.93440673381744,0.0
18.12880051256561,0.0
19.354647317350782,0.0
20.610737385376577,0.0
21.895831107393775,0.0
23.20866025104995,0.0
24.54792921248128,0.0
25.91231629491415,0.0
27.300475013023274,0.0
28.71103542174642,0.0
30.142605468261095,0.0
31.593772365765645,0.0
33.06310398773505,0.0
34.54915028125299,0.0
36.05044469803898,0.0
37.56550564175709,0.0
39.09283793017278,0.0
40.630934270713055,0.0
42.17827674798922,0.0
43.733338321784935,0.0
45.29458433407451,0.0
46.860474023533925,0.0
48.42946204609326,0.0
50.00000000000047,0.0
51.57053795390696,0.0
53.139525976465585,0.0
54.70541566592571,0.0
56.26666167821458,0.0
57.821723252011694,0.0
59.36906572928646,0.0
60.907162069827436,0.0
62.43449435824243,0.0
63.94955530196124,0.0
65.45084971874789,0.0
66.9368960122645,0.0
68.4062276342339,0.0
69.8573945317391,0.0
71.28896457825314,0.0
72.69952498697756,0.0
74.08768370508605,0.0
75.4520707875183,0.0
76.79133974894964,0.0
78.10416889260641,0.0
79.38926261462419,0.0
80.64535268264883,0.0
81.87119948743455,0.0
83.06559326618219,0.0
84.2273552964341,0.0
85.3553390593276,0.0
86.44843137107085,0.0
87.50555348152284,0.0
88.52566213878937,0.0
89.50775061878404,0.0
90.4508497187478,0.0
91.35402871372816,0.0
92.21639627510085,0.0
93.03710135019696,0.0
93.815334002193,0.0
94.55032620941859,0.0
95.2413526233012,0.0
95.887731284199,0.0
96.48882429441255,0.0
97.04403844771105,0.0
97.55282581475771,0.0
98.0146842838472,0.0
98.42915805643162,0.0
98.79583809693729,0.0
99.11436253643451,0.0
99.38441702975697,0.0
99.60573506572388,0.0
99.778098230154,0.0
99.90133642141353,0.0
99.9753280182866,0.0
100.0,0.0
99.97532801828658,0.0
99.9013364214136,0.0
99.77809823015403,0.0
99.60573506572382,0.0
99.3844170297568,0.0
99.11436253643444,0.0
98.79583809693736,0.0
98.4291580564317,0.0
98.01468428384689,0.0
97.5528258147576,0.0
97.04403844771116,0.0
96.48882429441267,0.0
95.88773128419913,0.0
95.24135262330071,0.0
94.55032620941807,0.0
93.81533400219315,0.0
93.03710135019712,0.0
92.21639627510102,0.0
91.35402871372793,0.0
90.45084971874715,0.0
89.50775061878468,0.0
88.52566213878957,0.0
87.50555348152304,0.0
86.44843137107011,0.0
85.35533905932684,0.0
84.22735529643433,0.0
83.06559326618296,0.0
81.87119948743425,0.0
80.64535268264797,0.0
79.38926261462328,0.0
78.10416889260667,0.0
76.7913397489505,0.0
75.45207078751858,0.0
74.08768370508508,0.0
72.69952498697721,0.0
71.28896457825407,0.0
69.85739453173875,0.0
68.4062276342342,0.0
66.93689601226413,0.0
65.45084971874752,0.0
63.94955530196086,0.0
62.434494358242745,0.0
60.90716206982775,0.0
59.36906572928608,0.0
57.82172325201061,0.0
56.266661678214895,0.0
54.705415665926026,0.0
53.13952597646661,0.0
51.570537953906566,0.0
49.99999999999936,0.0
48.429462046093576,0.0
46.860474023534955,0.0
45.294584334074116,0.0
43.73333832178384,0.0
42.178276747988136,0.0
40.630934270714064,0.0
39.0928379301724,0.0
37.5655056417574,0.0
36.05044469803792,0.0
34.549150281252615,0.0
33.063103987736014,0.0
31.59377236576594,0.0
30.142605468261387,0.0
28.711035421746065,0.0
27.300475013022922,0.0
25.912316294913804,0.0
24.547929212481552,0.0
23.208660251050816,0.0
21.895831107393448,0.0
20.61073738537569,0.0
19.35464731735103,0.0
18.128800512565856,0.0
16.934406733818214,0.0
15.772644703564744,0.0
14.644660940672274,0.0
13.551568628929509,0.0
12.494446518477524,0.0
11.474337861210522,0.0
10.492249381214982,0.0
9.549150281252516,0.0
8.645971286272157,0.0
7.783603724899059,0.0
6.962898649802959,0.0
6.184665997806576,0.0
5.449673790581663,0.0
4.758647376699344,0.0
4.112268715800923,0.0
3.5111757055876467,0.0
2.955961552288663,0.0
2.44717418524246,0.0
1.9853157161527477,0.0
1.5708419435685101,0.0
1.2041619030628254,0.0
0.8856374635655868,0.0
0.615582970243004,0.0
0.39426493427610154,0.0
0.22190176984605614,0.0
0.09866357858649621,0.0
0.024671981713389357,0.0
0.0,0.0
0.02467198171341778,0.0
0.09866357858636832,0.0
0.2219017698461201,0.0
0.3942649342761939,0.0
0.6155829702431248,0.0
0.8856374635654589,0.0
1.2041619030626762,0.0
1.5708419435686949,0.0
1.9853157161529538,0.0
2.4471741852422397,0.0
2.9559615522889118,0.0
3.511175705587391,0.0
4.112268715801221,0.0
4.758647376699052,0.0
5.44967379058135,0.0
6.184665997806931,0.0
6.962898649802611,0.0
7.78360372489945,0.0
8.645971286271767,0.0
9.549150281252949,0.0
10.49224938121543,0.0
11.474337861210081,0.0
12.49444651847707,0.0
13.551568628930013,0.0
14.644660940672786,0.0
15.772644703565277,0.0
16.934406733816637,0.0
18.12880051256642,0.0
19.354647317351613,0.0
20.610737385376282,0.0
21.895831107392883,0.0
23.20866025105024,0.0
24.547929212482185,0.0
25.912316294914447,0.0
27.300475013022314,0.0
28.71103542174673,0.0
30.142605468260758,0.0
31.593772365766622,0.0
33.06310398773536,0.0
34.54915028125331,0.0
36.050444698038625,0.0
37.56550564175674,0.0
39.09283793017312,0.0
40.6309342707134,0.0
42.17827674798886,0.0
43.733338321784565,0.0
45.294584334073434,0.0
46.860474023534266,0.0
48.429462046094315,0.0
50.0000000000001,0.0
51.570537953905884,0.0
53.139525976465926,0.0
54.70541566592676,0.0
56.26666167821563,0.0
57.82172325201133,0.0
59.3690657292854,0.0
60.90716206982707,0.0
62.434494358243455,0.0
63.94955530196157,0.0
65.45084971874687,0.0
66.93689601226481,0.0
68.40622763423356,0.0
69.85739453173943,0.0
71.28896457825346,0.0
72.69952498697786,0.0
74.08768370508572,0.0
75.45207078751798,0.0
76.79133974894992,0.0
78.10416889260728,0.0
79.38926261462387,0.0
80.64535268264854,0.0
81.87119948743373,0.0
83.06559326618245,0.0
84.22735529643487,0.0
85.35533905932735,0.0
86.44843137107011,0.0
87.50555348152307,0.0
88.52566213879004,0.0
89.50775061878468,0.0
90.45084971874716,0.0
91.35402871372834,0.0
92.21639627510066,0.0
93.03710135019749,0.0
93.81533400219317,0.0
94.5503262094181,0.0
95.24135262330103,0.0
95.88773128419885,0.0
96.48882429441268,0.0
97.04403844771116,0.0
97.55282581475782,0.0
98.0146842838471,0.0
98.42915805643136,0.0
98.79583809693736,0.0
99.11436253643458,0.0
99.38441702975692,0.0
99.60573506572383,0.0
99.77809823015389,0.0
99.90133642141365,0.0
99.97532801828659,0.0
100.0,0.0
99.9753280182866,0.0
99.90133642141357,0.0
99.77809823015393,0.0
99.60573506572388,0.0
99.38441702975696,0.0
99.11436253643438,0.0
98.79583809693713,0.0
98.42915805643145,0.0
98.0146842838472,0.0
97.55282581475792,0.0
97.04403844771127,0.0
96.48882429441228,0.0
95.88773128419899,0.0
95.24135262330118,0.0
94.55032620941824,0.0
93.81533400219334,0.0
93.03710135019693,0.0
92.21639627510083,0.0
91.35402871372773,0.0
90.45084971874736,0.0
89.50775061878491,0.0
88.52566213878936,0.0
87.50555348152236,0.0
86.44843137107036,0.0
85.3553390593276,0.0
84.22735529643512,0.0
83.06559326618164,0.0
81.87119948743398,0.0
80.64535268264882,0.0
79.38926261462416,0.0
78.10416889260638,0.0
76.79133974894901,0.0
75.45207078751828,0.0
74.08768370508602,0.0
72.6995249869769,0.0
71.28896457825375,0.0
69.85739453173844,0.0
68.40622763423387,0.0
66.93689601226515,0.0
65.4508497187472,0.0
63.949555301961894,0.0
62.43449435824241,0.0
60.90716206982741,0.0
59.36906572928574,0.0
57.82172325201167,0.0
56.26666167821597,0.0
54.705415665925685,0.0
53.13952597646485,0.0
51.570537953906225,0.0
50.00000000000044,0.0
48.429462046094656,0.0
46.86047402353319,0.0
45.294584334073775,0.0
43.733338321784906,0.0
42.1782767479892,0.0
40.63093427071373,0.0
39.09283793017207,0.0
37.56550564175707,0.0
36.05044469803895,0.0
34.54915028125229,0.0
33.06310398773569,0.0
31.59377236576562,0.0
30.142605468261074,0.0
28.711035421745752,0.0
27.30047501302262,0.0
25.912316294914746,0.0
24.547929212481257,0.0
23.208660251050528,0.0
21.895831107393164,0.0
20.61073738537656,0.0
19.35464731735188,0.0
18.128800512565597,0.0
16.934406733816893,0.0
15.772644703565533,0.0
14.644660940673035,0.0
13.551568628929274,0.0
12.494446518476359,0.0
11.474337861210302,0.0
10.492249381215643,0.0
9.549150281253148,0.0
8.645971286271966,0.0
7.7836037248988745,0.0
6.962898649802781,0.0
6.184665997807095,0.0
5.449673790581507,0.0
4.7586473766992015,0.0
4.112268715800795,0.0
3.511175705587519,0.0
2.9559615522885423,0.0
2.4471741852423534,0.0
1.9853157161530461,0.0
1.5708419435684249,0.0
1.2041619030624418,0.0
0.8856374635655229,0.0
0.6155829702431816,0.0
0.39426493427623654,0.0
0.2219017698460206,0.0
0.09866357858638963,0.0
0.024671981713424884,0.0
0.0,0.0
0.024671981713424884,0.0
0.0986635785864749,0.0
0.2219017698460206,0.0
0.3942649342760589,0.0
0.6155829702431816,0.0
0.8856374635655229,0.0
1.2041619030627473,0.0
1.5708419435684249,0.0
1.9853157161526553,0.0
2.4471741852423534,0.0
2.9559615522890184,0.0
3.511175705587519,0.0
4.112268715800795,0.0
4.7586473766992015,0.0
5.449673790581507,0.0
6.184665997807095,0.0
6.962898649802781,0.0
7.783603724899635,0.0
8.645971286271966,0.0
9.549150281252317,0.0
10.492249381215643,0.0
11.474337861211204,0.0
12.494446518477297,0.0
13.551568628929274,0.0
14.644660940672026,0.0
15.772644703565533,0.0
16.93440673381796,0.0
18.128800512565597,0.0
19.35464731735076,0.0
20.61073738537656,0.0
21.895831107394343,0.0
23.208660251050528,0.0
24.547929212481257,0.0
25.912316294913502,0.0
27.30047501302262,0.0
28.71103542174704,0.0
30.142605468261074,0.0
31.59377236576562,0.0
33.06310398773569,0.0
34.54915028125229,0.0
36.05044469803895,0.0
37.56550564175707,0.0
39.09283793017345,0.0
40.63093427071373,0.0
42.178276747987795,0.0
43.733338321784906,0.0
45.29458433407519,0.0
46.860474023534614,0.0
48.429462046093235,0.0
49.99999999999902,0.0
51.570537953907646,0.0
53.13952597646627,0.0
54.705415665925685,0.0
56.266661678214554,0.0
57.82172325201167,0.0
59.369065729287136,0.0
60.90716206982741,0.0
62.43449435824241,0.0
63.949555301961894,0.0
65.4508497187472,0.0
66.93689601226515,0.0
68.40622763423389,0.0
69.85739453173844,0.0
71.28896457825375,0.0
72.6995249869769,0.0
74.08768370508602,0.0
75.45207078751828,0.0
76.79133974895021,0.0
78.10416889260638,0.0
79.38926261462301,0.0
80.64535268264882,0.0
81.87119948743509,0.0
83.0655932661827,0.0
84.22735529643408,0.0
85.35533905932658,0.0
86.44843137107134,0.0
87.5055534815233,0.0
88.52566213878936,0.0
89.50775061878403,0.0
90.45084971874736,0.0
91.35402871372852,0.0
92.21639627510083,0.0
93.03710135019693,0.0
93.81533400219334,0.0
94.55032620941824,0.0
95.24135262330118,0.0
95.88773128419899,0.0
96.48882429441281,0.0
97.04403844771127,0.0
97.55282581475748,0.0
98.0146842838472,0.0
98.42915805643145,0.0
98.79583809693744,0.0
99.11436253643438,0.0
99.38441702975675,0.0
99.60573506572388,0.0
99.77809823015406,0.0
99.90133642141357,0.0
99.97532801828656,0.0
100.0,0.0
99.97532801828655,0.0
99.90133642141356,0.0
99.77809823015403,0.0
99.60573506572402,0.0
99.38441702975692,0.0
99.11436253643431,0.0
98.79583809693736,0.0
98.4291580564317,0.0
98.0146842838471,0.0
97.55282581475782,0.0
97.04403844771116,0.0
96.48882429441268,0.0
95.88773128419885,0.0
95.24135262330103,0.0
94.5503262094181,0.0
93.81533400219317,0.0
93.03710135019676,0.0
92.21639627510066,0.0
91.35402871372834,0.0
90.45084971874716,0.0
89.50775061878468,0.0
88.52566213878914,0.0
87.50555348152307,0.0
86.4484313710711,0.0
85.35533905932735,0.0
84.22735529643383,0.0
83.06559326618245,0.0
81.87119948743482,0.0
80.64535268264854,0.0
79.38926261462274,0.0
78.1041688926061,0.0
76.79133974894992,0.0
75.4520707875192,0.0
74.08768370508572,0.0
72.6995249869766,0.0
71.28896457825346,0.0
69.85739453173943,0.0
68.40622763423356,0.0
66.93689601226481,0.0
65.45084971874687,0.0
63.94955530196157,0.0
62.43449435824208,0.0
60.90716206982707,0.0
59.3690657292868,0.0
57.82172325201133,0.0
56.26666167821422,0.0
54.705415665925344,0.0
53.139525976465926,0.0
51.570537953907305,0.0
50.0000000000001,0.0
48.429462046092894,0.0
46.860474023534266,0.0
45.29458433407485,0.0
43.733338321784565,0.0
42.178276747987454,0.0
40.6309342707134,0.0
39.09283793017312,0.0
37.56550564175811,0.0
36.050444698038625,0.0
34.54915028125196,0.0
33.06310398773536,0.0
31.593772365766622,0.0
30.142605468260758,0.0
28.71103542174673,0.0
27.300475013022314,0.0
25.912316294914447,0.0
24.547929212480962,0.0
23.20866025105024,0.0
21.89583110739406,0.0
20.610737385376282,0.0
19.354647317350487,0.0
18.12880051256533,0.0
16.934406733817703,0.0
15.772644703566314,0.0
14.644660940671784,0.0
13.55156862892904,0.0
12.49444651847707,0.0
11.474337861210984,0.0
10.49224938121543,0.0
9.54915028125211,0.0
8.645971286271767,0.0
7.78360372489945,0.0
6.962898649802611,0.0
6.184665997806931,0.0
5.44967379058135,0.0
4.758647376699052,0.0
4.112268715801221,0.0
3.511175705587391,0.0
2.9559615522889118,0.0
2.4471741852422397,0.0
1.9853157161529538,0.0
1.5708419435683396,0.0
1.2041619030626762,0.0
0.8856374635657218,0.0
0.6155829702431248,0.0
0.3942649342760163,0.0
0.2219017698459922,0.0
0.09866357858645358,0.0
0.02467198171346041,0.0
0.0,0.0
0.024671981713439095,0.0
0.09866357858641095,0.0
0.22190176984592114,0.0
0.39426493427610154,0.0
0.6155829702432314,0.0
0.8856374635655868,0.0
1.20416190306252,0.0
1.5708419435685101,0.0
1.9853157161527477,0.0
2.44717418524246,0.0
2.955961552288663,0.0
3.5111757055876467,0.0
4.112268715800923,0.0
4.75864737669874,0.0
5.449673790581663,0.0
6.184665997806576,0.0
6.962898649802959,0.0
7.783603724899059,0.0
8.645971286272157,0.0
9.549150281252516,0.0
10.49224938121585,0.0
11.474337861210522,0.0
12.494446518476586,0.0
13.551568628929509,0.0
14.644660940673269,0.0
15.772644703565774,0.0
16.93440673381715,0.0
18.128800512564762,0.0
19.354647317352153,0.0
20.610737385376837,0.0
21.895831107393448,0.0
23.20866025104962,0.0
24.547929212481552,0.0
25.91231629491505,0.0
27.300475013022922,0.0
28.711035421746065,0.0
30.142605468261387,0.0
31.59377236576594,0.0
33.063103987736014,0.0
34.549150281252615,0.0
36.050444698039286,0.0
37.5655056417574,0.0
39.0928379301724,0.0
40.630934270714064,0.0
42.178276747988136,0.0
43.73333832178525,0.0
45.294584334074116,0.0
46.860474023533534,0.0
48.429462046093576,0.0
50.00000000000078,0.0
51.570537953906566,0.0
53.139525976465194,0.0
54.705415665926026,0.0
56.26666167821631,0.0
57.82172325201201,0.0
59.36906572928608,0.0
60.907162069826356,0.0
62.434494358242745,0.0
63.94955530196222,0.0
65.45084971874752,0.0
66.93689601226413,0.0
68.4062276342342,0.0
69.85739453173875,0.0
71.28896457825407,0.0
72.69952498697721,0.0
74.08768370508632,0.0
75.45207078751858,0.0
76.7913397489493,0.0
78.10416889260667,0.0
79.38926261462444,0.0
80.64535268264909,0.0
81.87119948743425,0.0
83.06559326618189,0.0
84.22735529643433,0.0
85.35533905932783,0.0
86.4484313710706,0.0
87.50555348152257,0.0
88.52566213878957,0.0
89.50775061878511,0.0
90.45084971874758,0.0
91.35402871372793,0.0
92.21639627510102,0.0
93.03710135019712,0.0
93.8153340021935,0.0
94.55032620941842,0.0
95.24135262330071,0.0
95.88773128419913,0.0
96.48882429441241,0.0
97.04403844771139,0.0
97.5528258147576,0.0
98.01468428384729,0.0
98.42915805643153,0.0
98.7958380969372,0.0
99.11436253643444,0.0
99.38441702975702,0.0
99.6057350657239,0.0
99.77809823015396,0.0
99.9013364214135,0.0
99.9753280182866,0.0
100.0,0.0
99.97532801828658,0.0
99.90133642141362,0.0
99.778098230154,0.0
99.60573506572379,0.0
99.38441702975686,0.0
99.11436253643451,0.0
98.79583809693729,0.0
98.42915805643162,0.0
98.014684283847,0.0
97.55282581475771,0.0
97.04403844771153,0.0
96.48882429441255,0.0
95.88773128419928,0.0
95.24135262330088,0.0
94.55032620941859,0.0
93.815334002193,0.0
93.03710135019732,0.0
92.21639627510123,0.0
91.35402871372816,0.0
90.45084971874697,0.0
89.50775061878448,0.0
88.52566213878983,0.0
87.50555348152378,0.0
86.44843137106989,0.0
85.35533905932711,0.0
84.22735529643461,0.0
83.06559326618326,0.0
81.87119948743455,0.0
80.64535268264828,0.0
79.3892626146236,0.0
78.10416889260699,0.0
76.79133974894964,0.0
75.45207078751768,0.0
74.08768370508542,0.0
72.69952498697756,0.0
71.28896457825314,0.0
69.8573945317391,0.0
68.40622763423323,0.0
66.9368960122645,0.0
65.45084971874789,0.0
63.94955530196124,0.0
62.43449435824312,0.0
60.90716206982674,0.0
59.36906572928646,0.0
57.821723252011,0.0
56.266661678215286,0.0
54.70541566592642,0.0
53.139525976465585,0.0
51.57053795390554,0.0
49.99999999999976,0.0
48.429462046093974,0.0
46.860474023535346,0.0
45.29458433407309,0.0
43.73333832178423,0.0
42.17827674798852,0.0
40.630934270714455,0.0
39.09283793017278,0.0
37.5655056417564,0.0
36.05044469803829,0.0
34.54915028125299,0.0
33.06310398773505,0.0
31.593772365766306,0.0
30.142605468260445,0.0
28.71103542174642,0.0
27.30047501302201,0.0
25.91231629491415,0.0
24.54792921248189,0.0
23.20866025104995,0.0
21.895831107393775,0.0
20.610737385376005,0.0
19.354647317351343,0.0
18.128800512566162,0.0
16.93440673381744,0.0
15.772644703565028,0.0
14.644660940672551,0.0
13.551568628929786,0.0
12.494446518476842,0.0
11.474337861209868,0.0
10.492249381215217,0.0
9.54915028125275,0.0
8.645971286272378,0.0
7.783603724899265,0.0
6.962898649802433,0.0
6.184665997806768,0.0
5.449673790581841,0.0
4.758647376698903,0.0
4.112268715801079,0.0
3.511175705587263,0.0
2.955961552288791,0.0
2.447174185242133,0.0
1.9853157161528543,0.0
1.5708419435686096,0.0
1.204161903062598,0.0
0.885637463565395,0.0
0.615582970243068,0.0
0.3942649342761513,0.0
0.22190176984609167,0.0
0.09866357858643227,0.0
0.024671981713403568,0.0
0.0,0.0
0.024671981713403568,0.0
0.09866357858643227,0.0
0.22190176984609167,0.0
0.3942649342761442,0.0
0.6155829702430609,0.0
0.8856374635656508,0.0
1.204161903062591,0.0
1.5708419435685954,0.0
1.98531571615284,0.0
2.447174185242126,0.0
2.9559615522887768,0.0
3.511175705587249,0.0
4.112268715801065,0.0
4.758647376698882,0.0
5.449673790581819,0.0
6.184665997806739,0.0
6.962898649802412,0.0
7.783603724899244,0.0
8.64597128627235,0.0
9.549150281252714,0.0
10.492249381215188,0.0
11.474337861209833,0.0
12.494446518477751,0.0
13.55156862892975,0.0
14.644660940672509,0.0
15.772644703564993,0.0
16.93440673381741,0.0
18.128800512566123,0.0
19.354647317351304,0.0
20.610737385375966,0.0
21.895831107393736,0.0
23.208660251051107,0.0
24.54792921248185,0.0
25.912316294914103,0.0
27.300475013021963,0.0
28.711035421746374,0.0
30.142605468261703,0.0
31.59377236576626,0.0
33.06310398773499,0.0
34.54915028125294,0.0
36.05044469803825,0.0
37.56550564175773,0.0
39.092837930172735,0.0
40.630934270714405,0.0
42.17827674798848,0.0
43.73333832178418,0.0
45.29458433407446,0.0
46.860474023535296,0.0
48.429462046093924,0.0
49.99999999999971,0.0
51.57053795390549,0.0
53.139525976466956,0.0
54.70541566592637,0.0
56.266661678215236,0.0
57.82172325201095,0.0
59.36906572928641,0.0
60.90716206982808,0.0
62.43449435824307,0.0
63.94955530196119,0.0
65.45084971874785,0.0
66.93689601226446,0.0
68.40622763423451,0.0
69.85739453173906,0.0
71.28896457825309,0.0
72.69952498697751,0.0
74.08768370508538,0.0
75.45207078751886,0.0
76.7913397489496,0.0
78.10416889260696,0.0
79.38926261462356,0.0
80.64535268264824,0.0
81.87119948743452,0.0
83.06559326618321,0.0
84.22735529643458,0.0
85.35533905932706,0.0
86.44843137106986,0.0
87.50555348152375,0.0
88.5256621387898,0.0
89.50775061878446,0.0
90.45084971874694,0.0
91.35402871372813,0.0
92.2163962751012,0.0
93.03710135019729,0.0
93.81533400219297,0.0
94.55032620941856,0.0
95.24135262330087,0.0
95.88773128419928,0.0
96.48882429441252,0.0
97.0440384477115,0.0
97.5528258147577,0.0
98.01468428384699,0.0
98.42915805643162,0.0
98.79583809693727,0.0
99.1143625364345,0.0
99.38441702975685,0.0
99.60573506572379,0.0
99.778098230154,0.0
99.90133642141362,0.0
99.97532801828658,0.0
100.0,0.0
99.97532801828658,0.0
99.90133642141352,0.0
99.77809823015397,0.0
99.60573506572392,0.0
99.38441702975703,0.0
99.11436253643444,0.0
98.79583809693722,0.0
98.42915805643153,0.0
98.01468428384732,0.0
97.5528258147576,0.0
97.04403844771142,0.0
96.48882429441242,0.0
95.88773128419915,0.0
95.24135262330074,0.0
94.55032620941843,0.0
93.81533400219351,0.0
93.03710135019713,0.0
92.2163962751003,0.0
91.35402871372796,0.0
90.4508497187476,0.0
89.50775061878514,0.0
88.52566213878961,0.0
87.50555348152261,0.0
86.44843137107063,0.0
85.35533905932786,0.0
84.22735529643435,0.0
83.06559326618193,0.0
81.8711994874343,0.0
80.64535268264913,0.0
79.38926261462332,0.0
78.10416889260671,0.0
76.79133974894935,0.0
75.45207078751861,0.0
74.08768370508636,0.0
72.69952498697725,0.0
71.28896457825283,0.0
69.85739453173879,0.0
68.40622763423424,0.0
66.93689601226417,0.0
65.45084971874758,0.0
63.949555301960906,0.0
62.43449435824279,0.0
60.907162069826406,0.0
59.36906572928612,0.0
57.821723252012056,0.0
56.266661678214945,0.0
54.70541566592466,0.0
53.139525976465244,0.0
51.570537953906616,0.0
50.00000000000083,0.0
48.429462046093626,0.0
46.860474023533584,0.0
45.294584334074166,0.0
43.7333383217853,0.0
42.178276747988185,0.0
40.63093427071272,0.0
39.09283793017244,0.0
37.56550564175745,0.0
36.05044469803933,0.0
34.549150281252665,0.0
33.06310398773472,0.0
31.593772365765986,0.0
30.142605468261433,0.0
28.711035421746107,0.0
27.300475013022968,0.0
25.912316294913847,0.0
24.547929212481595,0.0
23.208660251049658,0.0
21.895831107393494,0.0
20.610737385376876,0.0
19.35464731735107,0.0
18.1288005125648,0.0
16.934406733817184,0.0
15.772644703565817,0.0
14.644660940673312,0.0
13.551568628928571,0.0
12.494446518476622,0.0
11.47433786121055,0.0
10.492249381215878,0.0
9.549150281252544,0.0
8.64597128627139,0.0
7.783603724899088,0.0
6.9628986498029874,0.0
6.184665997806597,0.0
5.449673790581684,0.0
4.758647376698761,0.0
4.112268715800951,0.0
3.511175705587668,0.0
2.9559615522886773,0.0
2.447174185242467,0.0
1.9853157161527548,0.0
1.5708419435685244,0.0
1.204161903062527,0.0
0.8856374635655939,0.0
0.6155829702432385,0.0
0.39426493427610865,0.0
0.22190176984592114,0.0
0.09866357858641095,0.0
0.024671981713439095,0.0
0.0,0.0
0.02467198171346041,0.0
0.09866357858644648,0.0
0.2219017698459851,0.0
0.39426493427600917,0.0
0.6155829702431177,0.0
0.8856374635657147,0.0
1.2041619030626691,0.0
1.5708419435683325,0.0
1.9853157161529325,0.0
2.4471741852422326,0.0
2.9559615522888905,0.0
3.5111757055873767,0.0
4.1122687158012,0.0
4.758647376699031,0.0
5.449673790581329,0.0
6.184665997806903,0.0
6.962898649802582,0.0
7.783603724899422,0.0
8.645971286271745,0.0
9.549150281252082,0.0
10.492249381215395,0.0
11.474337861210955,0.0
12.494446518477034,0.0
13.551568628929012,0.0
14.644660940672757,0.0
15.772644703566272,0.0
16.934406733817667,0.0
18.12880051256529,0.0
19.354647317350448,0.0
20.610737385376243,0.0
21.89583110739402,0.0
23.208660251050194,0.0
24.547929212480916,0.0
25.912316294914405,0.0
27.300475013022268,0.0
28.711035421746686,0.0
30.142605468260715,0.0
31.59377236576658,0.0
33.06310398773532,0.0
34.54915028125327,0.0
36.050444698038575,0.0
37.565505641758065,0.0
39.09283793017307,0.0
40.63093427071335,0.0
42.17827674798881,0.0
43.733338321784515,0.0
45.2945843340748,0.0
46.86047402353422,0.0
48.429462046092844,0.0
0.0,0.0
0.0,0.0
0.0,0.0
0.0,0.0
0.0,0.0
0.0,0.0
0.0,0.0
0.0,0.0
0.0,0.0
0.0,0.0
0.0,0.0
0.0,0.0
0.0,0.0
0.0,0.0
0.0,0.0
0.0,0.0
0.0,0.0
0.0,0.0
0.0,0.0
0.0,0.0
0.0,0.0
0.0,0.0
0.0,0.0
0.0,0.0
0.0,0.0
0.0,0.0
0.0,0.0
0.0,0.0
0.0,0.0
0.0,0.0
0.0,0.0
0.0,0.0
0.0,0.0
0.0,0.0
0.0,0.0
0.0,0.0
0.0,0.0
0.0,0.0
0.0,0.0
0.0,0.0
0.0,0.0
0.0,0.0
0.0,0.0
0.0,0.0
0.0,0.0
0.0,0.0
0.0,0.0
0.0,0.0
0.0,0.0
0.0,0.0
0.0,0.0
0.0,0.0
0.0,0.0
0.0,0.0
0.0,0.0
0.0,0.0
0.0,0.0
0.0,0.0
0.0,0.0
0.0,0.0
0.0,0.0
0.0,0.0
0.0,0.0
0.0,0.0
0.0,0.0
0.0,0.0
0.0,0.0
0.0,0.0
0.0,0.0
0.0,0.0
0.0,0.0
0.0,0.0
0.0,0.0
0.0,0.0
0.0,0.0
0.0,0.0
0.0,0.0
0.0,0.0
0.0,0.0
0.0,0.0
0.0,0.0
0.0,0.0
0.0,0.0
0.0,0.0
0.0,0.0
0.0,0.0
0.0,0.0
0.0,0.0
0.0,0.0
0.0,0.0
0.0,0.0
0.0,0.0
0.0,0.0
0.0,0.0
0.0,0.0
0.0,0.0
0.0,0.0
0.0,0.0
0.0,0.0
0.0,0.0
0.0,0.0
0.0,0.0
0.0,0.0
0.0,0.0
0.0,0.0
0.0,0.0
0.0,0.0
0.0,0.0
0.0,0.0
0.0,0.0
0.0,0.0
0.0,0.0
0.0,0.0
0.0,0.0
0.0,0.0
0.0,0.0
0.0,0.0
0.0,0.0
0.0,0.0
0.0,0.0
0.0,0.0
0.0,0.0
0.0,0.0
0.0,0.0
0.0,0.0
0.0,0.0
0.0,0.0
0.0,0.0
0.0,0.0
0.0,0.0
0.0,0.0
0.0,0.0
0.0,0.0
0.0,0.0
0.0,0.0
0.0,0.0
0.0,0.0
0.0,0.0
0.0,0.0
0.0,0.0
0.0,0.0
0.0,0.0
0.0,0.0
0.0,0.0
0.0,0.0
0.0,0.0
0.0,0.0
0.0,0.0
0.0,0.0
0.0,0.0
0.0,0.0
0.0,0.0
0.0,0.0
0.0,0.0
0.0,0.0
0.0,0.0
0.0,0.0
0.0,0.0
0.0,0.0
0.0,0.0
0.0,0.0
0.0,0.0
0.0,0.0
0.0,0.0
0.0,0.0
0.0,0.0
0.0,0.0
0.0,0.0
0.0,0.0
0.0,0.0
0.0,0.0
0.0,0.0
0.0,0.0
0.0,0.0
0.0,0.0
0.0,0.0
0.0,0.0
0.0,0.0
0.0,0.0
0.0,0.0
0.0,0.0
0.0,0.0
0.0,0.0
0.0,0.0
0.0,0.0
0.0,0.0
0.0,0.0
0.0,0.0
0.0,0.0
0.0,0.0
0.0,0.0
0.0,0.0
0.0,0.0
0.0,0.0
0.0,0.0
0.0,0.0
0.0,0.0
0.0,0.0
0.0,0.0
0.0,0.0
0.0,0.0
0.0,0.0
0.0,0.0
0.0,0.0
0.0,0.0
0.0,0.0
0.0,0.0
0.0,0.0
0.0,0.0
0.0,0.0
0.0,0.0
0.0,0.0
0.0,0.0
0.0,0.0
0.0,0.0
0.0,0.0
0.0,0.0
0.0,0.0
0.0,0.0
0.0,0.0
0.0,0.0
0.0,0.0
0.0,0.0
0.0,0.0
0.0,0.0
0.0,0.0
0.0,0.0
0.0,0.0
0.0,0.0
0.0,0.0
0.0,0.0
0.0,0.0
0.0,0.0
0.0,0.0
0.0,0.0
0.0,0.0
0.0,0.0
0.0,0.0
0.0,0.0
0.0,0.0
0.0,0.0
0.0,0.0
0.0,0.0
0.0,0.0
0.0,0.0
0.0,0.0
0.0,0.0
0.0,0.0
0.0,0.0
0.0,0.0
0.0,0.0
0.0,0.0
0.0,0.0
0.0,0.0
0.0,0.0
0.0,0.0
0.0,0.0
0.0,0.0
0.0,0.0
0.0,0.0
0.0,0.0
0.0,0.0
0.0,0.0
0.0,0.0
0.0,0.0
0.0,0.0
0.0,0.0
0.0,0.0
0.0,0.0
0.0,0.0
0.0,0.0
0.0,0.0
0.0,0.0
0.0,0.0
0.0,0.0
0.0,0.0
0.0,0.0
0.0,0.0
0.0,0.0
0.0,0.0
0.0,0.0
0.0,0.0
0.0,0.0
0.0,0.0
0.0,0.0
0.0,0.0
0.0,0.0
0.0,0.0
0.0,0.0
0.0,0.0
0.0,0.0
0.0,0.0
0.0,0.0
0.0,0.0
0.0,0.0
0.0,0.0
0.0,0.0
0.0,0.0
0.0,0.0
0.0,0.0
0.0,0.0
0.0,0.0
0.0,0.0
0.0,0.0
0.0,0.0
0.0,0.0
0.0,0.0
0.0,0.0
0.0,0.0
0.0,0.0
0.0,0.0
0.0,0.0
0.0,0.0
0.0,0.0
0.0,0.0
0.0,0.0
0.0,0.0
0.0,0.0
0.0,0.0
0.0,0.0
0.0,0.0
0.0,0.0
0.0,0.0
0.0,0.0
0.0,0.0
0.0,0.0
0.0,0.0
0.0,0.0
0.0,0.0
0.0,0.0
0.0,0.0
0.0,0.0
0.0,0.0
0.0,0.0
0.0,0.0
0.0,0.0
0.0,0.0
0.0,0.0
0.0,0.0
0.0,0.0
0.0,0.0
0.0,0.0
0.0,0.0
0.0,0.0
0.0,0.0
0.0,0.0
0.0,0.0
0.0,0.0
0.0,0.0
0.0,0.0
0.0,0.0
0.0,0.0
0.0,0.0
0.0,0.0
0.0,0.0
0.0,0.0
0.0,0.0
0.0,0.0
0.0,0.0
0.0,0.0
0.0,0.0
0.0,0.0
0.0,0.0
0.0,0.0
0.0,0.0
0.0,0.0
0.0,0.0
0.0,0.0
0.0,0.0
0.0,0.0
0.0,0.0
0.0,0.0
0.0,0.0
0.0,0.0
0.0,0.0
0.0,0.0
0.0,0.0
0.0,0.0
0.0,0.0
0.0,0.0
0.0,0.0
0.0,0.0
0.0,0.0
0.0,0.0
0.0,0.0
0.0,0.0
0.0,0.0
0.0,0.0
0.0,0.0
0.0,0.0
0.0,0.0
0.0,0.0
0.0,0.0
0.0,0.0
0.0,0.0
0.0,0.0
0.0,0.0
0.0,0.0
0.0,0.0
0.0,0.0
0.0,0.0
0.0,0.0
0.0,0.0
0.0,0.0
0.0,0.0
0.0,0.0
0.0,0.0
0.0,0.0
0.0,0.0
0.0,0.0
0.0,0.0
0.0,0.0
0.0,0.0
0.0,0.0
0.0,0.0
0.0,0.0
0.0,0.0
0.0,0.0
0.0,0.0
0.0,0.0
0.0,0.0
0.0,0.0
0.0,0.0
0.0,0.0
0.0,0.0
0.0,0.0
0.0,0.0
0.0,0.0
0.0,0.0
0.0,0.0
0.0,0.0
0.0,0.0
0.0,0.0
0.0,0.0
0.0,0.0
0.0,0.0
0.0,0.0
0.0,0.0
0.0,0.0
0.0,0.0
0.0,0.0
0.0,0.0
0.0,0.0
0.0,0.0
0.0,0.0
0.0,0.0
0.0,0.0
0.0,0.0
0.0,0.0
0.0,0.0
0.0,0.0
0.0,0.0
0.0,0.0
0.0,0.0
0.0,0.0
0.0,0.0
0.0,0.0
0.0,0.0
0.0,0.0
0.0,0.0
0.0,0.0
0.0,0.0
0.0,0.0
0.0,0.0
0.0,0.0
0.0,0.0
0.0,0.0
0.0,0.0
0.0,0.0
0.0,0.0
0.0,0.0
0.0,0.0
0.0,0.0
0.0,0.0
0.0,0.0
0.0,0.0
0.0,0.0
0.0,0.0
0.0,0.0
0.0,0.0
0.0,0.0
0.0,0.0
0.0,0.0
0.0,0.0
0.0,0.0
0.0,0.0
0.0,0.0
0.0,0.0
0.0,0.0
0.0,0.0
0.0,0.0
0.0,0.0
0.0,0.0
0.0,0.0
0.0,0.0
0.0,0.0
0.0,0.0
0.0,0.0
0.0,0.0
0.0,0.0
0.0,0.0
0.0,0.0
0.0,0.0
0.0,0.0
0.0,0.0
0.0,0.0
0.0,0.0
0.0,0.0
0.0,0.0
0.0,0.0
0.0,0.0
0.0,0.0
0.0,0.0
0.0,0.0
0.0,0.0
0.0,0.0
0.0,0.0
0.0,0.0
0.0,0.0
0.0,0.0
0.0,0.0
0.0,0.0
0.0,0.0
0.0,0.0
0.0,0.0
0.0,0.0
0.0,0.0
0.0,0.0
0.0,0.0
0.0,0.0
0.0,0.0
0.0,0.0
0.0,0.0
0.0,0.0
0.0,0.0
0.0,0.0
0.0,0.0
0.0,0.0
0.0,0.0
0.0,0.0
0.0,0.0
0.0,0.0
0.0,0.0
0.0,0.0
0.0,0.0
0.0,0.0
0.0,0.0
0.0,0.0
0.0,0.0
0.0,0.0
0.0,0.0
0.0,0.0
0.0,0.0
0.0,0.0
0.0,0.0
0.0,0.0
0.0,0.0
0.0,0.0
0.0,0.0
0.0,0.0
0.0,0.0
0.0,0.0
0.0,0.0
0.0,0.0
0.0,0.0
0.0,0.0
0.0,0.0
0.0,0.0
0.0,0.0
0.0,0.0
0.0,0.0
0.0,0.0
0.0,0.0
0.0,0.0
0.0,0.0
0.0,0.0
0.0,0.0
0.0,0.0
0.0,0.0
0.0,0.0
0.0,0.0
0.0,0.0
0.0,0.0
0.0,0.0
0.0,0.0
0.0,0.0
0.0,0.0
0.0,0.0
0.0,0.0
0.0,0.0
0.0,0.0
0.0,0.0
0.0,0.0
0.0,0.0
0.0,0.0
0.0,0.0
0.0,0.0
0.0,0.0
0.0,0.0
0.0,0.0
0.0,0.0
0.0,0.0
0.0,0.0
0.0,0.0
0.0,0.0
0.0,0.0
0.0,0.0
0.0,0.0
0.0,0.0
0.0,0.0
0.0,0.0
0.0,0.0
0.0,0.0
0.0,0.0
0.0,0.0
0.0,0.0
0.0,0.0
0.0,0.0
0.0,0.0
0.0,0.0
0.0,0.0
0.0,0.0
0.0,0.0
0.0,0.0
0.0,0.0
0.0,0.0
0.0,0.0
0.0,0.0
0.0,0.0
0.0,0.0
0.0,0.0
0.0,0.0
0.0,0.0
0.0,0.0
0.0,0.0
0.0,0.0
0.0,0.0
0.0,0.0
0.0,0.0
0.0,0.0
0.0,0.0
0.0,0.0
0.0,0.0
0.0,0.0
0.0,0.0
0.0,0.0
0.0,0.0
0.0,0.0
0.0,0.0
0.0,0.0
0.0,0.0
0.0,0.0
0.0,0.0
0.0,0.0
0.0,0.0
0.0,0.0
0.0,0.0
0.0,0.0
0.0,0.0
0.0,0.0
0.0,0.0
0.0,0.0
0.0,0.0
0.0,0.0
0.0,0.0
0.0,0.0
0.0,0.0
0.0,0.0
0.0,0.0
0.0,0.0
0.0,0.0
0.0,0.0
0.0,0.0
0.0,0.0
0.0,0.0
0.0,0.0
0.0,0.0
0.0,0.0
0.0,0.0
0.0,0.0
0.0,0.0
0.0,0.0
0.0,0.0
0.0,0.0
0.0,0.0
0.0,0.0
0.0,0.0
0.0,0.0
0.0,0.0
0.0,0.0
0.0,0.0
0.0,0.0
0.0,0.0
0.0,0.0
0.0,0.0
0.0,0.0
0.0,0.0
0.0,0.0
0.0,0.0
0.0,0.0
0.0,0.0
0.0,0.0
0.0,0.0
0.0,0.0
0.0,0.0
0.0,0.0
0.0,0.0
0.0,0.0
0.0,0.0
0.0,0.0
0.0,0.0
0.0,0.0
0.0,0.0
0.0,0.0
0.0,0.0
0.0,0.0
0.0,0.0
0.0,0.0
0.0,0.0
0.0,0.0
0.0,0.0
0.0,0.0
0.0,0.0
0.0,0.0
0.0,0.0
0.0,0.0
0.0,0.0
0.0,0.0
0.0,0.0
0.0,0.0
0.0,0.0
0.0,0.0
0.0,0.0
0.0,0.0
0.0,0.0
0.0,0.0
0.0,0.0
0.0,0.0
0.0,0.0
0.0,0.0
0.0,0.0
0.0,0.0
0.0,0.0
0.0,0.0
0.0,0.0
0.0,0.0
0.0,0.0
0.0,0.0
0.0,0.0
0.0,0.0
0.0,0.0
0.0,0.0
0.0,0.0
0.0,0.0
0.0,0.0
0.0,0.0
0.0,0.0
0.0,0.0
0.0,0.0
0.0,0.0
0.0,0.0
0.0,0.0
0.0,0.0
0.0,0.0
0.0,0.0
0.0,0.0
0.0,0.0
0.0,0.0
0.0,0.0
0.0,0.0
0.0,0.0
0.0,0.0
0.0,0.0
0.0,0.0
0.0,0.0
0.0,0.0
0.0,0.0
0.0,0.0
0.0,0.0
0.0,0.0
0.0,0.0
0.0,0.0
0.0,0.0
0.0,0.0
0.0,0.0
0.0,0.0
0.0,0.0
0.0,0.0
0.0,0.0
0.0,0.0
0.0,0.0
0.0,0.0
0.0,0.0
0.0,0.0
0.0,0.0
0.0,0.0
0.0,0.0
0.0,0.0
0.0,0.0
0.0,0.0
0.0,0.0
0.0,0.0
0.0,0.0
0.0,0.0
0.0,0.0
0.0,0.0
0.0,0.0
0.0,0.0
0.0,0.0
0.0,0.0
0.0,0.0
0.0,0.0
0.0,0.0
0.0,0.0
0.0,0.0
0.0,0.0
0.0,0.0
0.0,0.0
0.0,0.0
0.0,0.0
0.0,0.0
0.0,0.0
0.0,0.0
0.0,0.0
0.0,0.0
0.0,0.0
0.0,0.0
0.0,0.0
0.0,0.0
0.0,0.0
0.0,0.0
0.0,0.0
0.0,0.0
0.0,0.0
0.0,0.0
0.0,0.0
0.0,0.0
0.0,0.0
0.0,0.0
0.0,0.0
0.0,0.0
0.0,0.0
0.0,0.0
0.0,0.0
0.0,0.0
0.0,0.0
0.0,0.0
0.0,0.0
0.0,0.0
0.0,0.0
0.0,0.0
0.0,0.0
0.0,0.0
0.0,0.0
0.0,0.0
0.0,0.0
0.0,0.0
0.0,0.0
0.0,0.0
0.0,0.0
0.0,0.0
0.0,0.0
0.0,0.0
0.0,0.0
0.0,0.0
0.0,0.0
0.0,0.0
0.0,0.0
0.0,0.0
0.0,0.0
0.0,0.0
0.0,0.0
0.0,0.0
0.0,0.0
0.0,0.0
0.0,0.0
0.0,0.0
0.0,0.0
0.0,0.0
0.0,0.0
0.0,0.0
0.0,0.0
0.0,0.0
0.0,0.0
0.0,0.0
0.0,0.0
0.0,0.0
0.0,0.0
0.0,0.0
0.0,0.0
0.0,0.0
0.0,0.0
0.0,0.0
0.0,0.0
0.0,0.0
0.0,0.0
0.0,0.0
0.0,0.0
0.0,0.0
0.0,0.0
0.0,0.0
0.0,0.0
0.0,0.0
0.0,0.0
0.0,0.0
0.0,0.0
0.0,0.0
0.0,0.0
0.0,0.0
0.0,0.0
0.0,0.0
0.0,0.0
0.0,0.0
0.0,0.0
0.0,0.0
0.0,0.0
0.0,0.0
0.0,0.0
0.0,0.0
0.0,0.0
0.0,0.0
0.0,0.0
0.0,0.0
0.0,0.0
0.0,0.0
0.0,0.0
0.0,0.0
0.0,0.0
0.0,0.0
0.0,0.0
0.0,0.0
0.0,0.0
0.0,0.0
0.0,0.0
0.0,0.0
0.0,0.0
0.0,0.0
0.0,0.0
0.0,0.0
0.0,0.0
0.0,0.0
0.0,0.0
0.0,0.0
0.0,0.0
0.0,0.0
0.0,0.0
0.0,0.0
0.0,0.0
0.0,0.0
0.0,0.0
0.0,0.0
0.0,0.0
0.0,0.0
0.0,0.0
0.0,0.0
0.0,0.0
0.0,0.0
0.0,0.0
0.0,0.0
0.0,0.0
0.0,0.0
0.0,0.0
0.0,0.0
0.0,0.0
0.0,0.0
0.0,0.0
0.0,0.0
0.0,0.0
0.0,0.0
0.0,0.0
0.0,0.0
0.0,0.0
0.0,0.0
0.0,0.0
0.0,0.0
0.0,0.0
0.0,0.0
0.0,0.0
0.0,0.0
0.0,0.0
0.0,0.0
0.0,0.0
0.0,0.0
0.0,0.0
0.0,0.0
0.0,0.0
0.0,0.0
0.0,0.0
0.0,0.0
0.0,0.0
0.0,0.0
0.0,0.0
0.0,0.0
0.0,0.0
0.0,0.0
0.0,0.0
0.0,0.0
0.0,0.0
0.0,0.0
0.0,0.0
