  0
SECTION
  2
HEADER
  9
$ACADVER
  1
AC1024
  9
$ACADMAINTVER
 70
     6
  9
$DWGCODEPAGE
  3
ANSI_1252
  9
$INSBASE
 10
0.0
 20
0.0
 30
0.0
  9
$EXTMIN
 10
1.000000000000000E+20
 20
1.000000000000000E+20
 30
1.000000000000000E+20
  9
$EXTMAX
 10
-1.000000000000000E+20
 20
-1.000000000000000E+20
 30
-1.000000000000000E+20
  9
$LIMMIN
 10
0.0
 20
0.0
  9
$LIMMAX
 10
12.0
 20
9.0
  9
$ORTHOMODE
 70
     0
  9
$REGENMODE
 70
     1
  9
$FILLMODE
 70
     1
  9
$QTEXTMODE
 70
     0
  9
$MIRRTEXT
 70
     1
  9
$LTSCALE
 40
1.0
  9
$ATTMODE
 70
     1
  9
$TEXTSIZE
 40
0.2
  9
$TRACEWID
 40
0.05
  9
$TEXTSTYLE
  7
Standard
  9
$CLAYER
  8
0
  9
$CELTYPE
  6
ByLayer
  9
$CECOLOR
 62
   256
  9
$CELTSCALE
 40
1.0
  9
$DISPSILH
 70
     0
  9
$DIMSCALE
 40
1.0
  9
$DIMASZ
 40
0.18
  9
$DIMEXO
 40
0.0625
  9
$DIMDLI
 40
0.38
  9
$DIMRND
 40
0.0
  9
$DIMDLE
 40
0.0
  9
$DIMEXE
 40
0.18
  9
$DIMTP
 40
0.0
  9
$DIMTM
 40
0.0
  9
$DIMTXT
 40
0.18
  9
$DIMCEN
 40
0.09
  9
$DIMTSZ
 40
0.0
  9
$DIMTOL
 70
     0
  9
$DIMLIM
 70
     0
  9
$DIMTIH
 70
     1
  9
$DIMTOH
 70
     1
  9
$DIMSE1
 70
     0
  9
$DIMSE2
 70
     0
  9
$DIMTAD
 70
     0
  9
$DIMZIN
 70
     0
  9
$DIMBLK
  1

  9
$DIMASO
 70
     1
  9
$DIMSHO
 70
     1
  9
$DIMPOST
  1

  9
$DIMAPOST
  1

  9
$DIMALT
 70
     0
  9
$DIMALTD
 70
     2
  9
$DIMALTF
 40
25.4
  9
$DIMLFAC
 40
1.0
  9
$DIMTOFL
 70
     0
  9
$DIMTVP
 40
0.0
  9
$DIMTIX
 70
     0
  9
$DIMSOXD
 70
     0
  9
$DIMSAH
 70
     0
  9
$DIMBLK1
  1

  9
$DIMBLK2
  1

  9
$DIMSTYLE
  2
Standard
  9
$DIMCLRD
 70
     0
  9
$DIMCLRE
 70
     0
  9
$DIMCLRT
 70
     0
  9
$DIMTFAC
 40
1.0
  9
$DIMGAP
 40
0.09
  9
$DIMJUST
 70
     0
  9
$DIMSD1
 70
     0
  9
$DIMSD2
 70
     0
  9
$DIMTOLJ
 70
     1
  9
$DIMTZIN
 70
     0
  9
$DIMALTZ
 70
     0
  9
$DIMALTTZ
 70
     0
  9
$DIMUPT
 70
     0
  9
$DIMDEC
 70
     4
  9
$DIMTDEC
 70
     4
  9
$DIMALTU
 70
     2
  9
$DIMALTTD
 70
     2
  9
$DIMTXSTY
  7
Standard
  9
$DIMAUNIT
 70
     0
  9
$DIMADEC
 70
     0
  9
$DIMALTRND
 40
0.0
  9
$DIMAZIN
 70
     0
  9
$DIMDSEP
 70
    46
  9
$DIMATFIT
 70
     3
  9
$DIMFRAC
 70
     0
  9
$DIMLDRBLK
  1

  9
$DIMLUNIT
 70
     2
  9
$DIMLWD
 70
    -2
  9
$DIMLWE
 70
    -2
  9
$DIMTMOVE
 70
     0
  9
$DIMFXL
 40
1.0
  9
$DIMFXLON
 70
     0
  9
$DIMJOGANG
 40
0.7853981633974483
  9
$DIMTFILL
 70
     0
  9
$DIMTFILLCLR
 70
     0
  9
$DIMARCSYM
 70
     0
  9
$DIMLTYPE
  6

  9
$DIMLTEX1
  6

  9
$DIMLTEX2
  6

  9
$DIMTXTDIRECTION
 70
     0
  9
$LUNITS
 70
     2
  9
$LUPREC
 70
     4
  9
$SKETCHINC
 40
0.1
  9
$FILLETRAD
 40
0.5
  9
$AUNITS
 70
     0
  9
$AUPREC
 70
     0
  9
$MENU
  1
.
  9
$ELEVATION
 40
0.0
  9
$PELEVATION
 40
0.0
  9
$THICKNESS
 40
0.0
  9
$LIMCHECK
 70
     0
  9
$CHAMFERA
 40
0.5
  9
$CHAMFERB
 40
0.5
  9
$CHAMFERC
 40
1.0
  9
$CHAMFERD
 40
0.0
  9
$SKPOLY
 70
     0
  9
$TDCREATE
 40
2461074.607633947
  9
$TDUCREATE
 40
2461074.56596728
  9
$TDUPDATE
 40
2461074.607635949
  9
$TDUUPDATE
 40
2461074.565969282
  9
$TDINDWG
 40
0.0000000116
  9
$TDUSRTIMER
 40
0.0000000116
  9
$USRTIMER
 70
     1
  9
$ANGBASE
 50
0.0
  9
$ANGDIR
 70
     0
  9
$PDMODE
 70
     0
  9
$PDSIZE
 40
0.0
  9
$PLINEWID
 40
0.0
  9
$SPLFRAME
 70
     0
  9
$SPLINETYPE
 70
     6
  9
$SPLINESEGS
 70
     8
  9
$HANDSEED
  5
658
  9
$SURFTAB1
 70
     6
  9
$SURFTAB2
 70
     6
  9
$SURFTYPE
 70
     6
  9
$SURFU
 70
     6
  9
$SURFV
 70
     6
  9
$UCSBASE
  2

  9
$UCSNAME
  2

  9
$UCSORG
 10
0.0
 20
0.0
 30
0.0
  9
$UCSXDIR
 10
1.0
 20
0.0
 30
0.0
  9
$UCSYDIR
 10
0.0
 20
1.0
 30
0.0
  9
$UCSORTHOREF
  2

  9
$UCSORTHOVIEW
 70
     0
  9
$UCSORGTOP
 10
0.0
 20
0.0
 30
0.0
  9
$UCSORGBOTTOM
 10
0.0
 20
0.0
 30
0.0
  9
$UCSORGLEFT
 10
0.0
 20
0.0
 30
0.0
  9
$UCSORGRIGHT
 10
0.0
 20
0.0
 30
0.0
  9
$UCSORGFRONT
 10
0.0
 20
0.0
 30
0.0
  9
$UCSORGBACK
 10
0.0
 20
0.0
 30
0.0
  9
$PUCSBASE
  2

  9
$PUCSNAME
  2

  9
$PUCSORG
 10
0.0
 20
0.0
 30
0.0
  9
$PUCSXDIR
 10
1.0
 20
0.0
 30
0.0
  9
$PUCSYDIR
 10
0.0
 20
1.0
 30
0.0
  9
$PUCSORTHOREF
  2

  9
$PUCSORTHOVIEW
 70
     0
  9
$PUCSORGTOP
 10
0.0
 20
0.0
 30
0.0
  9
$PUCSORGBOTTOM
 10
0.0
 20
0.0
 30
0.0
  9
$PUCSORGLEFT
 10
0.0
 20
0.0
 30
0.0
  9
$PUCSORGRIGHT
 10
0.0
 20
0.0
 30
0.0
  9
$PUCSORGFRONT
 10
0.0
 20
0.0
 30
0.0
  9
$PUCSORGBACK
 10
0.0
 20
0.0
 30
0.0
  9
$USERI1
 70
     0
  9
$USERI2
 70
     0
  9
$USERI3
 70
     0
  9
$USERI4
 70
     0
  9
$USERI5
 70
     0
  9
$USERR1
 40
0.0
  9
$USERR2
 40
0.0
  9
$USERR3
 40
0.0
  9
$USERR4
 40
0.0
  9
$USERR5
 40
0.0
  9
$WORLDVIEW
 70
     1
  9
$SHADEDGE
 70
     3
  9
$SHADEDIF
 70
    70
  9
$TILEMODE
 70
     1
  9
$MAXACTVP
 70
    64
  9
$PINSBASE
 10
0.0
 20
0.0
 30
0.0
  9
$PLIMCHECK
 70
     0
  9
$PEXTMIN
 10
1.000000000000000E+20
 20
1.000000000000000E+20
 30
1.000000000000000E+20
  9
$PEXTMAX
 10
-1.000000000000000E+20
 20
-1.000000000000000E+20
 30
-1.000000000000000E+20
  9
$PLIMMIN
 10
0.0
 20
0.0
  9
$PLIMMAX
 10
12.0
 20
9.0
  9
$UNITMODE
 70
     0
  9
$VISRETAIN
 70
     1
  9
$PLINEGEN
 70
     0
  9
$PSLTSCALE
 70
     1
  9
$TREEDEPTH
 70
  3020
  9
$CMLSTYLE
  2
Standard
  9
$CMLJUST
 70
     0
  9
$CMLSCALE
 40
1.0
  9
$PROXYGRAPHICS
 70
     1
  9
$MEASUREMENT
 70
     0
  9
$CELWEIGHT
370
    -1
  9
$ENDCAPS
280
     0
  9
$JOINSTYLE
280
     0
  9
$LWDISPLAY
290
     1
  9
$INSUNITS
 70
     1
  9
$HYPERLINKBASE
  1

  9
$STYLESHEET
  1

  9
$XEDIT
290
     1
  9
$CEPSNTYPE
380
     0
  9
$PSTYLEMODE
290
     1
  9
$FINGERPRINTGUID
  2
{A17F7841-E12D-45E9-A958-4AFDE3BAE20F}
  9
$VERSIONGUID
  2
{FAEB1C32-E019-11D5-929B-00C0DF256EC4}
  9
$EXTNAMES
290
     1
  9
$PSVPSCALE
 40
0.0
  9
$OLESTARTUP
290
     0
  9
$SORTENTS
280
   127
  9
$INDEXCTL
280
     0
  9
$HIDETEXT
280
     1
  9
$XCLIPFRAME
280
     2
  9
$HALOGAP
280
     0
  9
$OBSCOLOR
 70
   257
  9
$OBSLTYPE
280
     0
  9
$INTERSECTIONDISPLAY
280
     0
  9
$INTERSECTIONCOLOR
 70
   257
  9
$DIMASSOC
280
     2
  9
$PROJECTNAME
  1

  9
$CAMERADISPLAY
290
     0
  9
$LENSLENGTH
 40
50.0
  9
$CAMERAHEIGHT
 40
0.0
  9
$STEPSPERSEC
 40
2.0
  9
$STEPSIZE
 40
6.0
  9
$3DDWFPREC
 40
2.0
  9
$PSOLWIDTH
 40
0.25
  9
$PSOLHEIGHT
 40
4.0
  9
$LOFTANG1
 40
1.570796326794897
  9
$LOFTANG2
 40
1.570796326794897
  9
$LOFTMAG1
 40
0.0
  9
$LOFTMAG2
 40
0.0
  9
$LOFTPARAM
 70
     7
  9
$LOFTNORMALS
280
     1
  9
$LATITUDE
 40
37.795
  9
$LONGITUDE
 40
-122.394
  9
$NORTHDIRECTION
 40
0.0
  9
$TIMEZONE
 70
 -8000
  9
$LIGHTGLYPHDISPLAY
280
     1
  9
$TILEMODELIGHTSYNCH
280
     1
  9
$CMATERIAL
347
3C
  9
$SOLIDHIST
280
     1
  9
$SHOWHIST
280
     1
  9
$DWFFRAME
280
     2
  9
$DGNFRAME
280
     2
  9
$REALWORLDSCALE
290
     1
  9
$INTERFERECOLOR
 62
   256
  9
$CSHADOW
280
     0
  9
$SHADOWPLANELOCATION
 40
0.0
  0
ENDSEC
  0
SECTION
  2
CLASSES
  0
CLASS
  1
ACDBDICTIONARYWDFLT
  2
AcDbDictionaryWithDefault
  3
ObjectDBX Classes
 90
        0
 91
        4
280
     0
281
     0
  0
CLASS
  1
VISUALSTYLE
  2
AcDbVisualStyle
  3
ObjectDBX Classes
 90
     4095
 91
        4
280
     0
281
     0
  0
CLASS
  1
MATERIAL
  2
AcDbMaterial
  3
ObjectDBX Classes
 90
     1153
 91
        4
280
     0
281
     0
  0
CLASS
  1
SUN
  2
AcDbSun
  3
SCENEOE
 90
     1024
 91
        4
280
     0
281
     0
  0
CLASS
  1
IMAGEDEF
  2
AcDbRasterImageDef
  3
ISM
 90
        0
 91
        4
280
     0
281
     0
  0
CLASS
  1
RASTERVARIABLES
  2
AcDbRasterVariables
  3
ISM
 90
        0
 91
        4
280
     0
281
     0
  0
CLASS
  1
IMAGE
  2
AcDbRasterImage
  3
ISM
 90
      127
 91
        5
280
     0
281
     1
  0
CLASS
  1
IMAGEDEF_REACTOR
  2
AcDbRasterImageDefReactor
  3
ISM
 90
        1
 91
        4
280
     0
281
     0
  0
ENDSEC
  0
SECTION
  2
TABLES
  0
TABLE
  2
VPORT
  5
8
330
0
100
AcDbSymbolTable
 70
     1
  0
VPORT
  5
29
330
8
100
AcDbSymbolTableRecord
100
AcDbViewportTableRecord
  2
*Active
 70
     0
 10
0.0
 20
0.0
 11
1.0
 21
1.0
 12
0.0
 22
0.0
 13
0.0
 23
0.0
 14
0.5
 24
0.5
 15
0.5
 25
0.5
 16
0.0
 26
0.0
 36
1.0
 17
193.0555686406777
 27
-90.5083480830308
 37
0.0
 40
83.99998507920407
 41
1.476190856166598
 42
50.0
 43
0.0
 44
0.0
 50
0.0
 51
0.0
 71
     0
 72
   100
 73
     1
 74
     3
 75
     0
 76
     0
 77
     0
 78
     0
281
     0
 65
     1
110
0.0
120
0.0
130
0.0
111
1.0
121
0.0
131
0.0
112
0.0
122
1.0
132
0.0
 79
     0
146
0.0
 60
     3
 61
     5
292
     1
282
     1
141
0.0
142
0.0
 63
   250
361
3F
  0
ENDTAB
  0
TABLE
  2
LTYPE
  5
5
330
0
100
AcDbSymbolTable
 70
     2
  0
LTYPE
  5
14
330
5
100
AcDbSymbolTableRecord
100
AcDbLinetypeTableRecord
  2
ByBlock
 70
     0
  3

 72
    65
 73
     0
 40
0.0
  0
LTYPE
  5
15
330
5
100
AcDbSymbolTableRecord
100
AcDbLinetypeTableRecord
  2
ByLayer
 70
     0
  3

 72
    65
 73
     0
 40
0.0
  0
LTYPE
  5
16
330
5
100
AcDbSymbolTableRecord
100
AcDbLinetypeTableRecord
  2
Continuous
 70
     0
  3
Solid line
 72
    65
 73
     0
 40
0.0
  0
LTYPE
  5
43
330
5
100
AcDbSymbolTableRecord
100
AcDbLinetypeTableRecord
  2
AI-Linetype-1
 70
     0
  3
Adobe Illustrator Linetype No. 1
 72
    65
 73
     2
 40
8.46666666455
 49
4.233333332275
 74
     0
 49
-4.233333332275
 74
     0
  0
ENDTAB
  0
TABLE
  2
LAYER
  5
2
330
0
100
AcDbSymbolTable
 70
    10
  0
LAYER
  5
10
330
2
100
AcDbSymbolTableRecord
100
AcDbLayerTableRecord
  2
0
 70
     0
 62
     7
  6
Continuous
370
    -3
390
F
347
3E
  0
LAYER
  5
40
330
2
100
AcDbSymbolTableRecord
100
AcDbLayerTableRecord
  2
Experiment Box
 70
     1
 62
     7
  6
Continuous
370
    -3
390
F
347
3E
  0
LAYER
  5
23F
330
2
100
AcDbSymbolTableRecord
100
AcDbLayerTableRecord
  2
Electrode
 70
     1
 62
     7
  6
Continuous
370
    -3
390
F
347
3E
  0
LAYER
  5
34B
330
2
100
AcDbSymbolTableRecord
100
AcDbLayerTableRecord
  2
Photoreceptor
 70
     1
 62
     7
  6
Continuous
370
    -3
390
F
347
3E
  0
LAYER
  5
3F9
330
2
100
AcDbSymbolTableRecord
100
AcDbLayerTableRecord
  2
Axon 2
 70
     1
 62
     7
  6
Continuous
370
    -3
390
F
347
3E
  0
LAYER
  5
4C4
330
2
100
AcDbSymbolTableRecord
100
AcDbLayerTableRecord
  2
Axon 1
 70
     1
 62
     7
  6
Continuous
370
    -3
390
F
347
3E
  0
LAYER
  5
5D4
330
2
100
AcDbSymbolTableRecord
100
AcDbLayerTableRecord
  2
Neuron
 70
     1
 62
     7
  6
Continuous
370
    -3
390
F
347
3E
  0
LAYER
  5
60E
330
2
100
AcDbSymbolTableRecord
100
AcDbLayerTableRecord
  2
Boutons
 70
     1
 62
     7
  6
Continuous
370
    -3
390
F
347
3E
  0
LAYER
  5
617
330
2
100
AcDbSymbolTableRecord
100
AcDbLayerTableRecord
  2
Knobs and Screws layout
 70
     5
 62
     7
  6
Continuous
370
    -3
390
F
347
3E
  0
LAYER
  5
636
330
2
100
AcDbSymbolTableRecord
100
AcDbLayerTableRecord
  2
Laser Cut
 70
     0
 62
     7
  6
Continuous
370
    -3
390
F
347
3E
  0
ENDTAB
  0
TABLE
  2
STYLE
  5
3
330
0
100
AcDbSymbolTable
 70
     1
  0
STYLE
  5
11
330
3
100
AcDbSymbolTableRecord
100
AcDbTextStyleTableRecord
  2
Standard
 70
     0
 40
0.0
 41
1.0
 50
0.0
 71
     0
 42
0.2
  3
txt
  4

  0
ENDTAB
  0
TABLE
  2
VIEW
  5
6
330
0
100
AcDbSymbolTable
 70
     0
  0
ENDTAB
  0
TABLE
  2
UCS
  5
7
330
0
100
AcDbSymbolTable
 70
     0
  0
ENDTAB
  0
TABLE
  2
APPID
  5
9
330
0
100
AcDbSymbolTable
 70
     1
  0
APPID
  5
12
330
9
100
AcDbSymbolTableRecord
100
AcDbRegAppTableRecord
  2
ACAD
 70
     0
  0
ENDTAB
  0
TABLE
  2
DIMSTYLE
  5
A
330
0
100
AcDbSymbolTable
 70
     1
100
AcDbDimStyleTable
  0
DIMSTYLE
105
27
330
A
100
AcDbSymbolTableRecord
100
AcDbDimStyleTableRecord
  2
Standard
 70
     0
178
     0
340
11
  0
ENDTAB
  0
TABLE
  2
BLOCK_RECORD
  5
1
330
0
100
AcDbSymbolTable
 70
   220
  0
BLOCK_RECORD
  5
1F
330
1
100
AcDbSymbolTableRecord
100
AcDbBlockTableRecord
  2
*Model_Space
340
22
 70
     0
280
     1
281
     0
  0
BLOCK_RECORD
  5
1B
330
1
100
AcDbSymbolTableRecord
100
AcDbBlockTableRecord
  2
*Paper_Space
340
1E
 70
     0
280
     1
281
     0
  0
BLOCK_RECORD
  5
23
330
1
100
AcDbSymbolTableRecord
100
AcDbBlockTableRecord
  2
*Paper_Space0
340
26
 70
     0
280
     1
281
     0
  0
BLOCK_RECORD
  5
45
330
1
100
AcDbSymbolTableRecord
100
AcDbBlockTableRecord
  2
block 2
340
0
102
{BLKREFS
331
46
102
}
 70
     0
280
     1
281
     0
  0
BLOCK_RECORD
  5
72
330
1
100
AcDbSymbolTableRecord
100
AcDbBlockTableRecord
  2
block 3
340
0
102
{BLKREFS
331
73
102
}
 70
     0
280
     1
281
     0
  0
BLOCK_RECORD
  5
76
330
1
100
AcDbSymbolTableRecord
100
AcDbBlockTableRecord
  2
block 4
340
0
102
{BLKREFS
331
77
102
}
 70
     0
280
     1
281
     0
  0
BLOCK_RECORD
  5
7A
330
1
100
AcDbSymbolTableRecord
100
AcDbBlockTableRecord
  2
block 5
340
0
102
{BLKREFS
331
7B
102
}
 70
     0
280
     1
281
     0
  0
BLOCK_RECORD
  5
7E
330
1
100
AcDbSymbolTableRecord
100
AcDbBlockTableRecord
  2
block 6
340
0
102
{BLKREFS
331
7F
102
}
 70
     0
280
     1
281
     0
  0
BLOCK_RECORD
  5
8A
330
1
100
AcDbSymbolTableRecord
100
AcDbBlockTableRecord
  2
block 7
340
0
102
{BLKREFS
331
8B
102
}
 70
     0
280
     1
281
     0
  0
BLOCK_RECORD
  5
8E
330
1
100
AcDbSymbolTableRecord
100
AcDbBlockTableRecord
  2
block 8
340
0
102
{BLKREFS
331
8F
102
}
 70
     0
280
     1
281
     0
  0
BLOCK_RECORD
  5
92
330
1
100
AcDbSymbolTableRecord
100
AcDbBlockTableRecord
  2
block 9
340
0
102
{BLKREFS
331
93
102
}
 70
     0
280
     1
281
     0
  0
BLOCK_RECORD
  5
9E
330
1
100
AcDbSymbolTableRecord
100
AcDbBlockTableRecord
  2
block 10
340
0
102
{BLKREFS
331
9F
102
}
 70
     0
280
     1
281
     0
  0
BLOCK_RECORD
  5
A2
330
1
100
AcDbSymbolTableRecord
100
AcDbBlockTableRecord
  2
block 11
340
0
102
{BLKREFS
331
A3
102
}
 70
     0
280
     1
281
     0
  0
BLOCK_RECORD
  5
A6
330
1
100
AcDbSymbolTableRecord
100
AcDbBlockTableRecord
  2
block 12
340
0
102
{BLKREFS
331
A7
102
}
 70
     0
280
     1
281
     0
  0
BLOCK_RECORD
  5
AA
330
1
100
AcDbSymbolTableRecord
100
AcDbBlockTableRecord
  2
block 13
340
0
102
{BLKREFS
331
AB
102
}
 70
     0
280
     1
281
     0
  0
BLOCK_RECORD
  5
AE
330
1
100
AcDbSymbolTableRecord
100
AcDbBlockTableRecord
  2
block 14
340
0
102
{BLKREFS
331
AF
102
}
 70
     0
280
     1
281
     0
  0
BLOCK_RECORD
  5
B3
330
1
100
AcDbSymbolTableRecord
100
AcDbBlockTableRecord
  2
block 15
340
0
102
{BLKREFS
331
B4
102
}
 70
     0
280
     1
281
     0
  0
BLOCK_RECORD
  5
BC
330
1
100
AcDbSymbolTableRecord
100
AcDbBlockTableRecord
  2
block 16
340
0
102
{BLKREFS
331
BD
102
}
 70
     0
280
     1
281
     0
  0
BLOCK_RECORD
  5
C0
330
1
100
AcDbSymbolTableRecord
100
AcDbBlockTableRecord
  2
block 17
340
0
102
{BLKREFS
331
C1
102
}
 70
     0
280
     1
281
     0
  0
BLOCK_RECORD
  5
C4
330
1
100
AcDbSymbolTableRecord
100
AcDbBlockTableRecord
  2
block 18
340
0
102
{BLKREFS
331
C5
102
}
 70
     0
280
     1
281
     0
  0
BLOCK_RECORD
  5
C8
330
1
100
AcDbSymbolTableRecord
100
AcDbBlockTableRecord
  2
block 19
340
0
102
{BLKREFS
331
C9
102
}
 70
     0
280
     1
281
     0
  0
BLOCK_RECORD
  5
CD
330
1
100
AcDbSymbolTableRecord
100
AcDbBlockTableRecord
  2
block 20
340
0
102
{BLKREFS
331
CE
102
}
 70
     0
280
     1
281
     0
  0
BLOCK_RECORD
  5
D7
330
1
100
AcDbSymbolTableRecord
100
AcDbBlockTableRecord
  2
block 21
340
0
102
{BLKREFS
331
D8
102
}
 70
     0
280
     1
281
     0
  0
BLOCK_RECORD
  5
DB
330
1
100
AcDbSymbolTableRecord
100
AcDbBlockTableRecord
  2
block 22
340
0
102
{BLKREFS
331
DC
102
}
 70
     0
280
     1
281
     0
  0
BLOCK_RECORD
  5
DF
330
1
100
AcDbSymbolTableRecord
100
AcDbBlockTableRecord
  2
block 23
340
0
102
{BLKREFS
331
E0
102
}
 70
     0
280
     1
281
     0
  0
BLOCK_RECORD
  5
E3
330
1
100
AcDbSymbolTableRecord
100
AcDbBlockTableRecord
  2
block 24
340
0
102
{BLKREFS
331
E4
102
}
 70
     0
280
     1
281
     0
  0
BLOCK_RECORD
  5
E7
330
1
100
AcDbSymbolTableRecord
100
AcDbBlockTableRecord
  2
block 25
340
0
102
{BLKREFS
331
E8
102
}
 70
     0
280
     1
281
     0
  0
BLOCK_RECORD
  5
EC
330
1
100
AcDbSymbolTableRecord
100
AcDbBlockTableRecord
  2
block 26
340
0
102
{BLKREFS
331
ED
102
}
 70
     0
280
     1
281
     0
  0
BLOCK_RECORD
  5
F5
330
1
100
AcDbSymbolTableRecord
100
AcDbBlockTableRecord
  2
block 27
340
0
102
{BLKREFS
331
F6
102
}
 70
     0
280
     1
281
     0
  0
BLOCK_RECORD
  5
F9
330
1
100
AcDbSymbolTableRecord
100
AcDbBlockTableRecord
  2
block 28
340
0
102
{BLKREFS
331
FA
102
}
 70
     0
280
     1
281
     0
  0
BLOCK_RECORD
  5
FD
330
1
100
AcDbSymbolTableRecord
100
AcDbBlockTableRecord
  2
block 29
340
0
102
{BLKREFS
331
FE
102
}
 70
     0
280
     1
281
     0
  0
BLOCK_RECORD
  5
101
330
1
100
AcDbSymbolTableRecord
100
AcDbBlockTableRecord
  2
block 30
340
0
102
{BLKREFS
331
102
102
}
 70
     0
280
     1
281
     0
  0
BLOCK_RECORD
  5
106
330
1
100
AcDbSymbolTableRecord
100
AcDbBlockTableRecord
  2
block 31
340
0
102
{BLKREFS
331
107
102
}
 70
     0
280
     1
281
     0
  0
BLOCK_RECORD
  5
112
330
1
100
AcDbSymbolTableRecord
100
AcDbBlockTableRecord
  2
block 32
340
0
102
{BLKREFS
331
113
102
}
 70
     0
280
     1
281
     0
  0
BLOCK_RECORD
  5
141
330
1
100
AcDbSymbolTableRecord
100
AcDbBlockTableRecord
  2
block 33
340
0
102
{BLKREFS
331
142
102
}
 70
     0
280
     1
281
     0
  0
BLOCK_RECORD
  5
145
330
1
100
AcDbSymbolTableRecord
100
AcDbBlockTableRecord
  2
block 34
340
0
102
{BLKREFS
331
146
102
}
 70
     0
280
     1
281
     0
  0
BLOCK_RECORD
  5
149
330
1
100
AcDbSymbolTableRecord
100
AcDbBlockTableRecord
  2
block 35
340
0
102
{BLKREFS
331
14A
102
}
 70
     0
280
     1
281
     0
  0
BLOCK_RECORD
  5
14D
330
1
100
AcDbSymbolTableRecord
100
AcDbBlockTableRecord
  2
block 36
340
0
102
{BLKREFS
331
14E
102
}
 70
     0
280
     1
281
     0
  0
BLOCK_RECORD
  5
159
330
1
100
AcDbSymbolTableRecord
100
AcDbBlockTableRecord
  2
block 37
340
0
102
{BLKREFS
331
15A
102
}
 70
     0
280
     1
281
     0
  0
BLOCK_RECORD
  5
15D
330
1
100
AcDbSymbolTableRecord
100
AcDbBlockTableRecord
  2
block 38
340
0
102
{BLKREFS
331
15E
102
}
 70
     0
280
     1
281
     0
  0
BLOCK_RECORD
  5
161
330
1
100
AcDbSymbolTableRecord
100
AcDbBlockTableRecord
  2
block 39
340
0
102
{BLKREFS
331
162
102
}
 70
     0
280
     1
281
     0
  0
BLOCK_RECORD
  5
16D
330
1
100
AcDbSymbolTableRecord
100
AcDbBlockTableRecord
  2
block 40
340
0
102
{BLKREFS
331
16E
102
}
 70
     0
280
     1
281
     0
  0
BLOCK_RECORD
  5
171
330
1
100
AcDbSymbolTableRecord
100
AcDbBlockTableRecord
  2
block 41
340
0
102
{BLKREFS
331
172
102
}
 70
     0
280
     1
281
     0
  0
BLOCK_RECORD
  5
175
330
1
100
AcDbSymbolTableRecord
100
AcDbBlockTableRecord
  2
block 42
340
0
102
{BLKREFS
331
176
102
}
 70
     0
280
     1
281
     0
  0
BLOCK_RECORD
  5
179
330
1
100
AcDbSymbolTableRecord
100
AcDbBlockTableRecord
  2
block 43
340
0
102
{BLKREFS
331
17A
102
}
 70
     0
280
     1
281
     0
  0
BLOCK_RECORD
  5
17D
330
1
100
AcDbSymbolTableRecord
100
AcDbBlockTableRecord
  2
block 44
340
0
102
{BLKREFS
331
17E
102
}
 70
     0
280
     1
281
     0
  0
BLOCK_RECORD
  5
182
330
1
100
AcDbSymbolTableRecord
100
AcDbBlockTableRecord
  2
block 45
340
0
102
{BLKREFS
331
183
102
}
 70
     0
280
     1
281
     0
  0
BLOCK_RECORD
  5
18B
330
1
100
AcDbSymbolTableRecord
100
AcDbBlockTableRecord
  2
block 46
340
0
102
{BLKREFS
331
18C
102
}
 70
     0
280
     1
281
     0
  0
BLOCK_RECORD
  5
18F
330
1
100
AcDbSymbolTableRecord
100
AcDbBlockTableRecord
  2
block 47
340
0
102
{BLKREFS
331
190
102
}
 70
     0
280
     1
281
     0
  0
BLOCK_RECORD
  5
193
330
1
100
AcDbSymbolTableRecord
100
AcDbBlockTableRecord
  2
block 48
340
0
102
{BLKREFS
331
194
102
}
 70
     0
280
     1
281
     0
  0
BLOCK_RECORD
  5
197
330
1
100
AcDbSymbolTableRecord
100
AcDbBlockTableRecord
  2
block 49
340
0
102
{BLKREFS
331
198
102
}
 70
     0
280
     1
281
     0
  0
BLOCK_RECORD
  5
19C
330
1
100
AcDbSymbolTableRecord
100
AcDbBlockTableRecord
  2
block 50
340
0
102
{BLKREFS
331
19D
102
}
 70
     0
280
     1
281
     0
  0
BLOCK_RECORD
  5
1A6
330
1
100
AcDbSymbolTableRecord
100
AcDbBlockTableRecord
  2
block 51
340
0
102
{BLKREFS
331
1A7
102
}
 70
     0
280
     1
281
     0
  0
BLOCK_RECORD
  5
1AA
330
1
100
AcDbSymbolTableRecord
100
AcDbBlockTableRecord
  2
block 52
340
0
102
{BLKREFS
331
1AB
102
}
 70
     0
280
     1
281
     0
  0
BLOCK_RECORD
  5
1AE
330
1
100
AcDbSymbolTableRecord
100
AcDbBlockTableRecord
  2
block 53
340
0
102
{BLKREFS
331
1AF
102
}
 70
     0
280
     1
281
     0
  0
BLOCK_RECORD
  5
1B2
330
1
100
AcDbSymbolTableRecord
100
AcDbBlockTableRecord
  2
block 54
340
0
102
{BLKREFS
331
1B3
102
}
 70
     0
280
     1
281
     0
  0
BLOCK_RECORD
  5
1B6
330
1
100
AcDbSymbolTableRecord
100
AcDbBlockTableRecord
  2
block 55
340
0
102
{BLKREFS
331
1B7
102
}
 70
     0
280
     1
281
     0
  0
BLOCK_RECORD
  5
1BB
330
1
100
AcDbSymbolTableRecord
100
AcDbBlockTableRecord
  2
block 56
340
0
102
{BLKREFS
331
1BC
102
}
 70
     0
280
     1
281
     0
  0
BLOCK_RECORD
  5
1C4
330
1
100
AcDbSymbolTableRecord
100
AcDbBlockTableRecord
  2
block 57
340
0
102
{BLKREFS
331
1C5
102
}
 70
     0
280
     1
281
     0
  0
BLOCK_RECORD
  5
1C8
330
1
100
AcDbSymbolTableRecord
100
AcDbBlockTableRecord
  2
block 58
340
0
102
{BLKREFS
331
1C9
102
}
 70
     0
280
     1
281
     0
  0
BLOCK_RECORD
  5
1CC
330
1
100
AcDbSymbolTableRecord
100
AcDbBlockTableRecord
  2
block 59
340
0
102
{BLKREFS
331
1CD
102
}
 70
     0
280
     1
281
     0
  0
BLOCK_RECORD
  5
1D0
330
1
100
AcDbSymbolTableRecord
100
AcDbBlockTableRecord
  2
block 60
340
0
102
{BLKREFS
331
1D1
102
}
 70
     0
280
     1
281
     0
  0
BLOCK_RECORD
  5
1D5
330
1
100
AcDbSymbolTableRecord
100
AcDbBlockTableRecord
  2
block 61
340
0
102
{BLKREFS
331
1D6
102
}
 70
     0
280
     1
281
     0
  0
BLOCK_RECORD
  5
1E1
330
1
100
AcDbSymbolTableRecord
100
AcDbBlockTableRecord
  2
block 62
340
0
102
{BLKREFS
331
1E2
102
}
 70
     0
280
     1
281
     0
  0
BLOCK_RECORD
  5
1E5
330
1
100
AcDbSymbolTableRecord
100
AcDbBlockTableRecord
  2
block 63
340
0
102
{BLKREFS
331
1E6
102
}
 70
     0
280
     1
281
     0
  0
BLOCK_RECORD
  5
1E9
330
1
100
AcDbSymbolTableRecord
100
AcDbBlockTableRecord
  2
block 64
340
0
102
{BLKREFS
331
1EA
102
}
 70
     0
280
     1
281
     0
  0
BLOCK_RECORD
  5
1F1
330
1
100
AcDbSymbolTableRecord
100
AcDbBlockTableRecord
  2
block 65
340
0
102
{BLKREFS
331
1F2
102
}
 70
     0
280
     1
281
     0
  0
BLOCK_RECORD
  5
1F9
330
1
100
AcDbSymbolTableRecord
100
AcDbBlockTableRecord
  2
block 66
340
0
102
{BLKREFS
331
1FA
102
}
 70
     0
280
     1
281
     0
  0
BLOCK_RECORD
  5
201
330
1
100
AcDbSymbolTableRecord
100
AcDbBlockTableRecord
  2
block 67
340
0
102
{BLKREFS
331
202
102
}
 70
     0
280
     1
281
     0
  0
BLOCK_RECORD
  5
21A
330
1
100
AcDbSymbolTableRecord
100
AcDbBlockTableRecord
  2
block 68
340
0
102
{BLKREFS
331
21B
102
}
 70
     0
280
     1
281
     0
  0
BLOCK_RECORD
  5
21E
330
1
100
AcDbSymbolTableRecord
100
AcDbBlockTableRecord
  2
block 69
340
0
102
{BLKREFS
331
21F
102
}
 70
     0
280
     1
281
     0
  0
BLOCK_RECORD
  5
226
330
1
100
AcDbSymbolTableRecord
100
AcDbBlockTableRecord
  2
block 70
340
0
102
{BLKREFS
331
227
102
}
 70
     0
280
     1
281
     0
  0
BLOCK_RECORD
  5
22B
330
1
100
AcDbSymbolTableRecord
100
AcDbBlockTableRecord
  2
block 71
340
0
102
{BLKREFS
331
22C
102
}
 70
     0
280
     1
281
     0
  0
BLOCK_RECORD
  5
22F
330
1
100
AcDbSymbolTableRecord
100
AcDbBlockTableRecord
  2
block 72
340
0
102
{BLKREFS
331
230
102
}
 70
     0
280
     1
281
     0
  0
BLOCK_RECORD
  5
233
330
1
100
AcDbSymbolTableRecord
100
AcDbBlockTableRecord
  2
block 73
340
0
102
{BLKREFS
331
234
102
}
 70
     0
280
     1
281
     0
  0
BLOCK_RECORD
  5
238
330
1
100
AcDbSymbolTableRecord
100
AcDbBlockTableRecord
  2
block 74
340
0
102
{BLKREFS
331
239
102
}
 70
     0
280
     1
281
     0
  0
BLOCK_RECORD
  5
240
330
1
100
AcDbSymbolTableRecord
100
AcDbBlockTableRecord
  2
block 75
340
0
102
{BLKREFS
331
241
102
}
 70
     0
280
     1
281
     0
  0
BLOCK_RECORD
  5
266
330
1
100
AcDbSymbolTableRecord
100
AcDbBlockTableRecord
  2
block 76
340
0
102
{BLKREFS
331
267
102
}
 70
     0
280
     1
281
     0
  0
BLOCK_RECORD
  5
28A
330
1
100
AcDbSymbolTableRecord
100
AcDbBlockTableRecord
  2
block 77
340
0
102
{BLKREFS
331
28B
102
}
 70
     0
280
     1
281
     0
  0
BLOCK_RECORD
  5
292
330
1
100
AcDbSymbolTableRecord
100
AcDbBlockTableRecord
  2
block 78
340
0
102
{BLKREFS
331
293
102
}
 70
     0
280
     1
281
     0
  0
BLOCK_RECORD
  5
296
330
1
100
AcDbSymbolTableRecord
100
AcDbBlockTableRecord
  2
block 79
340
0
102
{BLKREFS
331
297
102
}
 70
     0
280
     1
281
     0
  0
BLOCK_RECORD
  5
2A2
330
1
100
AcDbSymbolTableRecord
100
AcDbBlockTableRecord
  2
block 80
340
0
102
{BLKREFS
331
2A3
102
}
 70
     0
280
     1
281
     0
  0
BLOCK_RECORD
  5
2A6
330
1
100
AcDbSymbolTableRecord
100
AcDbBlockTableRecord
  2
block 81
340
0
102
{BLKREFS
331
2A7
102
}
 70
     0
280
     1
281
     0
  0
BLOCK_RECORD
  5
2B2
330
1
100
AcDbSymbolTableRecord
100
AcDbBlockTableRecord
  2
block 82
340
0
102
{BLKREFS
331
2B3
102
}
 70
     0
280
     1
281
     0
  0
BLOCK_RECORD
  5
2B6
330
1
100
AcDbSymbolTableRecord
100
AcDbBlockTableRecord
  2
block 83
340
0
102
{BLKREFS
331
2B7
102
}
 70
     0
280
     1
281
     0
  0
BLOCK_RECORD
  5
2BA
330
1
100
AcDbSymbolTableRecord
100
AcDbBlockTableRecord
  2
block 84
340
0
102
{BLKREFS
331
2BB
102
}
 70
     0
280
     1
281
     0
  0
BLOCK_RECORD
  5
2BE
330
1
100
AcDbSymbolTableRecord
100
AcDbBlockTableRecord
  2
block 85
340
0
102
{BLKREFS
331
2BF
102
}
 70
     0
280
     1
281
     0
  0
BLOCK_RECORD
  5
2C3
330
1
100
AcDbSymbolTableRecord
100
AcDbBlockTableRecord
  2
block 86
340
0
102
{BLKREFS
331
2C4
102
}
 70
     0
280
     1
281
     0
  0
BLOCK_RECORD
  5
2CC
330
1
100
AcDbSymbolTableRecord
100
AcDbBlockTableRecord
  2
block 87
340
0
102
{BLKREFS
331
2CD
102
}
 70
     0
280
     1
281
     0
  0
BLOCK_RECORD
  5
2D0
330
1
100
AcDbSymbolTableRecord
100
AcDbBlockTableRecord
  2
block 88
340
0
102
{BLKREFS
331
2D1
102
}
 70
     0
280
     1
281
     0
  0
BLOCK_RECORD
  5
2D4
330
1
100
AcDbSymbolTableRecord
100
AcDbBlockTableRecord
  2
block 89
340
0
102
{BLKREFS
331
2D5
102
}
 70
     0
280
     1
281
     0
  0
BLOCK_RECORD
  5
2D8
330
1
100
AcDbSymbolTableRecord
100
AcDbBlockTableRecord
  2
block 90
340
0
102
{BLKREFS
331
2D9
102
}
 70
     0
280
     1
281
     0
  0
BLOCK_RECORD
  5
2DD
330
1
100
AcDbSymbolTableRecord
100
AcDbBlockTableRecord
  2
block 91
340
0
102
{BLKREFS
331
2DE
102
}
 70
     0
280
     1
281
     0
  0
BLOCK_RECORD
  5
2E7
330
1
100
AcDbSymbolTableRecord
100
AcDbBlockTableRecord
  2
block 92
340
0
102
{BLKREFS
331
2E8
102
}
 70
     0
280
     1
281
     0
  0
BLOCK_RECORD
  5
2EB
330
1
100
AcDbSymbolTableRecord
100
AcDbBlockTableRecord
  2
block 93
340
0
102
{BLKREFS
331
2EC
102
}
 70
     0
280
     1
281
     0
  0
BLOCK_RECORD
  5
2EF
330
1
100
AcDbSymbolTableRecord
100
AcDbBlockTableRecord
  2
block 94
340
0
102
{BLKREFS
331
2F0
102
}
 70
     0
280
     1
281
     0
  0
BLOCK_RECORD
  5
2F3
330
1
100
AcDbSymbolTableRecord
100
AcDbBlockTableRecord
  2
block 95
340
0
102
{BLKREFS
331
2F4
102
}
 70
     0
280
     1
281
     0
  0
BLOCK_RECORD
  5
2F8
330
1
100
AcDbSymbolTableRecord
100
AcDbBlockTableRecord
  2
block 96
340
0
102
{BLKREFS
331
2F9
102
}
 70
     0
280
     1
281
     0
  0
BLOCK_RECORD
  5
301
330
1
100
AcDbSymbolTableRecord
100
AcDbBlockTableRecord
  2
block 97
340
0
102
{BLKREFS
331
302
102
}
 70
     0
280
     1
281
     0
  0
BLOCK_RECORD
  5
305
330
1
100
AcDbSymbolTableRecord
100
AcDbBlockTableRecord
  2
block 98
340
0
102
{BLKREFS
331
306
102
}
 70
     0
280
     1
281
     0
  0
BLOCK_RECORD
  5
309
330
1
100
AcDbSymbolTableRecord
100
AcDbBlockTableRecord
  2
block 99
340
0
102
{BLKREFS
331
30A
102
}
 70
     0
280
     1
281
     0
  0
BLOCK_RECORD
  5
30D
330
1
100
AcDbSymbolTableRecord
100
AcDbBlockTableRecord
  2
block 100
340
0
102
{BLKREFS
331
30E
102
}
 70
     0
280
     1
281
     0
  0
BLOCK_RECORD
  5
312
330
1
100
AcDbSymbolTableRecord
100
AcDbBlockTableRecord
  2
block 101
340
0
102
{BLKREFS
331
313
102
}
 70
     0
280
     1
281
     0
  0
BLOCK_RECORD
  5
31C
330
1
100
AcDbSymbolTableRecord
100
AcDbBlockTableRecord
  2
block 102
340
0
102
{BLKREFS
331
31D
102
}
 70
     0
280
     1
281
     0
  0
BLOCK_RECORD
  5
320
330
1
100
AcDbSymbolTableRecord
100
AcDbBlockTableRecord
  2
block 103
340
0
102
{BLKREFS
331
321
102
}
 70
     0
280
     1
281
     0
  0
BLOCK_RECORD
  5
324
330
1
100
AcDbSymbolTableRecord
100
AcDbBlockTableRecord
  2
block 104
340
0
102
{BLKREFS
331
325
102
}
 70
     0
280
     1
281
     0
  0
BLOCK_RECORD
  5
32C
330
1
100
AcDbSymbolTableRecord
100
AcDbBlockTableRecord
  2
block 105
340
0
102
{BLKREFS
331
32D
102
}
 70
     0
280
     1
281
     0
  0
BLOCK_RECORD
  5
334
330
1
100
AcDbSymbolTableRecord
100
AcDbBlockTableRecord
  2
block 106
340
0
102
{BLKREFS
331
335
102
}
 70
     0
280
     1
281
     0
  0
BLOCK_RECORD
  5
33A
330
1
100
AcDbSymbolTableRecord
100
AcDbBlockTableRecord
  2
block 107
340
0
102
{BLKREFS
331
33B
102
}
 70
     0
280
     1
281
     0
  0
BLOCK_RECORD
  5
33E
330
1
100
AcDbSymbolTableRecord
100
AcDbBlockTableRecord
  2
block 108
340
0
102
{BLKREFS
331
33F
102
}
 70
     0
280
     1
281
     0
  0
BLOCK_RECORD
  5
37E
330
1
100
AcDbSymbolTableRecord
100
AcDbBlockTableRecord
  2
block 109
340
0
102
{BLKREFS
331
37F
102
}
 70
     0
280
     1
281
     0
  0
BLOCK_RECORD
  5
382
330
1
100
AcDbSymbolTableRecord
100
AcDbBlockTableRecord
  2
block 110
340
0
102
{BLKREFS
331
383
102
}
 70
     0
280
     1
281
     0
  0
BLOCK_RECORD
  5
38E
330
1
100
AcDbSymbolTableRecord
100
AcDbBlockTableRecord
  2
block 111
340
0
102
{BLKREFS
331
38F
102
}
 70
     0
280
     1
281
     0
  0
BLOCK_RECORD
  5
392
330
1
100
AcDbSymbolTableRecord
100
AcDbBlockTableRecord
  2
block 112
340
0
102
{BLKREFS
331
393
102
}
 70
     0
280
     1
281
     0
  0
BLOCK_RECORD
  5
396
330
1
100
AcDbSymbolTableRecord
100
AcDbBlockTableRecord
  2
block 113
340
0
102
{BLKREFS
331
397
102
}
 70
     0
280
     1
281
     0
  0
BLOCK_RECORD
  5
39B
330
1
100
AcDbSymbolTableRecord
100
AcDbBlockTableRecord
  2
block 114
340
0
102
{BLKREFS
331
39C
102
}
 70
     0
280
     1
281
     0
  0
BLOCK_RECORD
  5
3A4
330
1
100
AcDbSymbolTableRecord
100
AcDbBlockTableRecord
  2
block 115
340
0
102
{BLKREFS
331
3A5
102
}
 70
     0
280
     1
281
     0
  0
BLOCK_RECORD
  5
3A8
330
1
100
AcDbSymbolTableRecord
100
AcDbBlockTableRecord
  2
block 116
340
0
102
{BLKREFS
331
3A9
102
}
 70
     0
280
     1
281
     0
  0
BLOCK_RECORD
  5
3AC
330
1
100
AcDbSymbolTableRecord
100
AcDbBlockTableRecord
  2
block 117
340
0
102
{BLKREFS
331
3AD
102
}
 70
     0
280
     1
281
     0
  0
BLOCK_RECORD
  5
3B1
330
1
100
AcDbSymbolTableRecord
100
AcDbBlockTableRecord
  2
block 118
340
0
102
{BLKREFS
331
3B2
102
}
 70
     0
280
     1
281
     0
  0
BLOCK_RECORD
  5
3BB
330
1
100
AcDbSymbolTableRecord
100
AcDbBlockTableRecord
  2
block 119
340
0
102
{BLKREFS
331
3BC
102
}
 70
     0
280
     1
281
     0
  0
BLOCK_RECORD
  5
3BF
330
1
100
AcDbSymbolTableRecord
100
AcDbBlockTableRecord
  2
block 120
340
0
102
{BLKREFS
331
3C0
102
}
 70
     0
280
     1
281
     0
  0
BLOCK_RECORD
  5
3C3
330
1
100
AcDbSymbolTableRecord
100
AcDbBlockTableRecord
  2
block 121
340
0
102
{BLKREFS
331
3C4
102
}
 70
     0
280
     1
281
     0
  0
BLOCK_RECORD
  5
3C8
330
1
100
AcDbSymbolTableRecord
100
AcDbBlockTableRecord
  2
block 122
340
0
102
{BLKREFS
331
3C9
102
}
 70
     0
280
     1
281
     0
  0
BLOCK_RECORD
  5
3D1
330
1
100
AcDbSymbolTableRecord
100
AcDbBlockTableRecord
  2
block 123
340
0
102
{BLKREFS
331
3D2
102
}
 70
     0
280
     1
281
     0
  0
BLOCK_RECORD
  5
3D5
330
1
100
AcDbSymbolTableRecord
100
AcDbBlockTableRecord
  2
block 124
340
0
102
{BLKREFS
331
3D6
102
}
 70
     0
280
     1
281
     0
  0
BLOCK_RECORD
  5
3D9
330
1
100
AcDbSymbolTableRecord
100
AcDbBlockTableRecord
  2
block 125
340
0
102
{BLKREFS
331
3DA
102
}
 70
     0
280
     1
281
     0
  0
BLOCK_RECORD
  5
3DE
330
1
100
AcDbSymbolTableRecord
100
AcDbBlockTableRecord
  2
block 126
340
0
102
{BLKREFS
331
3DF
102
}
 70
     0
280
     1
281
     0
  0
BLOCK_RECORD
  5
3E9
330
1
100
AcDbSymbolTableRecord
100
AcDbBlockTableRecord
  2
block 127
340
0
102
{BLKREFS
331
3EA
102
}
 70
     0
280
     1
281
     0
  0
BLOCK_RECORD
  5
3ED
330
1
100
AcDbSymbolTableRecord
100
AcDbBlockTableRecord
  2
block 128
340
0
102
{BLKREFS
331
3EE
102
}
 70
     0
280
     1
281
     0
  0
BLOCK_RECORD
  5
3FA
330
1
100
AcDbSymbolTableRecord
100
AcDbBlockTableRecord
  2
block 129
340
0
102
{BLKREFS
331
3FB
102
}
 70
     0
280
     1
281
     0
  0
BLOCK_RECORD
  5
3FE
330
1
100
AcDbSymbolTableRecord
100
AcDbBlockTableRecord
  2
block 130
340
0
102
{BLKREFS
331
3FF
102
}
 70
     0
280
     1
281
     0
  0
BLOCK_RECORD
  5
402
330
1
100
AcDbSymbolTableRecord
100
AcDbBlockTableRecord
  2
block 131
340
0
102
{BLKREFS
331
403
102
}
 70
     0
280
     1
281
     0
  0
BLOCK_RECORD
  5
40E
330
1
100
AcDbSymbolTableRecord
100
AcDbBlockTableRecord
  2
block 132
340
0
102
{BLKREFS
331
40F
102
}
 70
     0
280
     1
281
     0
  0
BLOCK_RECORD
  5
412
330
1
100
AcDbSymbolTableRecord
100
AcDbBlockTableRecord
  2
block 133
340
0
102
{BLKREFS
331
413
102
}
 70
     0
280
     1
281
     0
  0
BLOCK_RECORD
  5
416
330
1
100
AcDbSymbolTableRecord
100
AcDbBlockTableRecord
  2
block 134
340
0
102
{BLKREFS
331
417
102
}
 70
     0
280
     1
281
     0
  0
BLOCK_RECORD
  5
422
330
1
100
AcDbSymbolTableRecord
100
AcDbBlockTableRecord
  2
block 135
340
0
102
{BLKREFS
331
423
102
}
 70
     0
280
     1
281
     0
  0
BLOCK_RECORD
  5
426
330
1
100
AcDbSymbolTableRecord
100
AcDbBlockTableRecord
  2
block 136
340
0
102
{BLKREFS
331
427
102
}
 70
     0
280
     1
281
     0
  0
BLOCK_RECORD
  5
42A
330
1
100
AcDbSymbolTableRecord
100
AcDbBlockTableRecord
  2
block 137
340
0
102
{BLKREFS
331
42B
102
}
 70
     0
280
     1
281
     0
  0
BLOCK_RECORD
  5
42E
330
1
100
AcDbSymbolTableRecord
100
AcDbBlockTableRecord
  2
block 138
340
0
102
{BLKREFS
331
42F
102
}
 70
     0
280
     1
281
     0
  0
BLOCK_RECORD
  5
432
330
1
100
AcDbSymbolTableRecord
100
AcDbBlockTableRecord
  2
block 139
340
0
102
{BLKREFS
331
433
102
}
 70
     0
280
     1
281
     0
  0
BLOCK_RECORD
  5
437
330
1
100
AcDbSymbolTableRecord
100
AcDbBlockTableRecord
  2
block 140
340
0
102
{BLKREFS
331
438
102
}
 70
     0
280
     1
281
     0
  0
BLOCK_RECORD
  5
440
330
1
100
AcDbSymbolTableRecord
100
AcDbBlockTableRecord
  2
block 141
340
0
102
{BLKREFS
331
441
102
}
 70
     0
280
     1
281
     0
  0
BLOCK_RECORD
  5
444
330
1
100
AcDbSymbolTableRecord
100
AcDbBlockTableRecord
  2
block 142
340
0
102
{BLKREFS
331
445
102
}
 70
     0
280
     1
281
     0
  0
BLOCK_RECORD
  5
448
330
1
100
AcDbSymbolTableRecord
100
AcDbBlockTableRecord
  2
block 143
340
0
102
{BLKREFS
331
449
102
}
 70
     0
280
     1
281
     0
  0
BLOCK_RECORD
  5
44C
330
1
100
AcDbSymbolTableRecord
100
AcDbBlockTableRecord
  2
block 144
340
0
102
{BLKREFS
331
44D
102
}
 70
     0
280
     1
281
     0
  0
BLOCK_RECORD
  5
451
330
1
100
AcDbSymbolTableRecord
100
AcDbBlockTableRecord
  2
block 145
340
0
102
{BLKREFS
331
452
102
}
 70
     0
280
     1
281
     0
  0
BLOCK_RECORD
  5
45F
330
1
100
AcDbSymbolTableRecord
100
AcDbBlockTableRecord
  2
block 146
340
0
102
{BLKREFS
331
460
102
}
 70
     0
280
     1
281
     0
  0
BLOCK_RECORD
  5
463
330
1
100
AcDbSymbolTableRecord
100
AcDbBlockTableRecord
  2
block 147
340
0
102
{BLKREFS
331
464
102
}
 70
     0
280
     1
281
     0
  0
BLOCK_RECORD
  5
467
330
1
100
AcDbSymbolTableRecord
100
AcDbBlockTableRecord
  2
block 148
340
0
102
{BLKREFS
331
468
102
}
 70
     0
280
     1
281
     0
  0
BLOCK_RECORD
  5
46C
330
1
100
AcDbSymbolTableRecord
100
AcDbBlockTableRecord
  2
block 149
340
0
102
{BLKREFS
331
46D
102
}
 70
     0
280
     1
281
     0
  0
BLOCK_RECORD
  5
478
330
1
100
AcDbSymbolTableRecord
100
AcDbBlockTableRecord
  2
block 150
340
0
102
{BLKREFS
331
479
102
}
 70
     0
280
     1
281
     0
  0
BLOCK_RECORD
  5
47C
330
1
100
AcDbSymbolTableRecord
100
AcDbBlockTableRecord
  2
block 151
340
0
102
{BLKREFS
331
47D
102
}
 70
     0
280
     1
281
     0
  0
BLOCK_RECORD
  5
480
330
1
100
AcDbSymbolTableRecord
100
AcDbBlockTableRecord
  2
block 152
340
0
102
{BLKREFS
331
481
102
}
 70
     0
280
     1
281
     0
  0
BLOCK_RECORD
  5
484
330
1
100
AcDbSymbolTableRecord
100
AcDbBlockTableRecord
  2
block 153
340
0
102
{BLKREFS
331
485
102
}
 70
     0
280
     1
281
     0
  0
BLOCK_RECORD
  5
48C
330
1
100
AcDbSymbolTableRecord
100
AcDbBlockTableRecord
  2
block 154
340
0
102
{BLKREFS
331
48D
102
}
 70
     0
280
     1
281
     0
  0
BLOCK_RECORD
  5
494
330
1
100
AcDbSymbolTableRecord
100
AcDbBlockTableRecord
  2
block 155
340
0
102
{BLKREFS
331
495
102
}
 70
     0
280
     1
281
     0
  0
BLOCK_RECORD
  5
49B
330
1
100
AcDbSymbolTableRecord
100
AcDbBlockTableRecord
  2
block 156
340
0
102
{BLKREFS
331
49C
102
}
 70
     0
280
     1
281
     0
  0
BLOCK_RECORD
  5
4A1
330
1
100
AcDbSymbolTableRecord
100
AcDbBlockTableRecord
  2
block 157
340
0
102
{BLKREFS
331
4A2
102
}
 70
     0
280
     1
281
     0
  0
BLOCK_RECORD
  5
4AE
330
1
100
AcDbSymbolTableRecord
100
AcDbBlockTableRecord
  2
block 158
340
0
102
{BLKREFS
331
4AF
102
}
 70
     0
280
     1
281
     0
  0
BLOCK_RECORD
  5
4B2
330
1
100
AcDbSymbolTableRecord
100
AcDbBlockTableRecord
  2
block 159
340
0
102
{BLKREFS
331
4B3
102
}
 70
     0
280
     1
281
     0
  0
BLOCK_RECORD
  5
4B8
330
1
100
AcDbSymbolTableRecord
100
AcDbBlockTableRecord
  2
block 160
340
0
102
{BLKREFS
331
4B9
102
}
 70
     0
280
     1
281
     0
  0
BLOCK_RECORD
  5
4BE
330
1
100
AcDbSymbolTableRecord
100
AcDbBlockTableRecord
  2
block 161
340
0
102
{BLKREFS
331
4BF
102
}
 70
     0
280
     1
281
     0
  0
BLOCK_RECORD
  5
4C5
330
1
100
AcDbSymbolTableRecord
100
AcDbBlockTableRecord
  2
block 162
340
0
102
{BLKREFS
331
4C6
102
}
 70
     0
280
     1
281
     0
  0
BLOCK_RECORD
  5
4C9
330
1
100
AcDbSymbolTableRecord
100
AcDbBlockTableRecord
  2
block 163
340
0
102
{BLKREFS
331
4CA
102
}
 70
     0
280
     1
281
     0
  0
BLOCK_RECORD
  5
4CD
330
1
100
AcDbSymbolTableRecord
100
AcDbBlockTableRecord
  2
block 164
340
0
102
{BLKREFS
331
4CE
102
}
 70
     0
280
     1
281
     0
  0
BLOCK_RECORD
  5
4D1
330
1
100
AcDbSymbolTableRecord
100
AcDbBlockTableRecord
  2
block 165
340
0
102
{BLKREFS
331
4D2
102
}
 70
     0
280
     1
281
     0
  0
BLOCK_RECORD
  5
4DD
330
1
100
AcDbSymbolTableRecord
100
AcDbBlockTableRecord
  2
block 166
340
0
102
{BLKREFS
331
4DE
102
}
 70
     0
280
     1
281
     0
  0
BLOCK_RECORD
  5
4E1
330
1
100
AcDbSymbolTableRecord
100
AcDbBlockTableRecord
  2
block 167
340
0
102
{BLKREFS
331
4E2
102
}
 70
     0
280
     1
281
     0
  0
BLOCK_RECORD
  5
4E5
330
1
100
AcDbSymbolTableRecord
100
AcDbBlockTableRecord
  2
block 168
340
0
102
{BLKREFS
331
4E6
102
}
 70
     0
280
     1
281
     0
  0
BLOCK_RECORD
  5
4F1
330
1
100
AcDbSymbolTableRecord
100
AcDbBlockTableRecord
  2
block 169
340
0
102
{BLKREFS
331
4F2
102
}
 70
     0
280
     1
281
     0
  0
BLOCK_RECORD
  5
4F5
330
1
100
AcDbSymbolTableRecord
100
AcDbBlockTableRecord
  2
block 170
340
0
102
{BLKREFS
331
4F6
102
}
 70
     0
280
     1
281
     0
  0
BLOCK_RECORD
  5
4F9
330
1
100
AcDbSymbolTableRecord
100
AcDbBlockTableRecord
  2
block 171
340
0
102
{BLKREFS
331
4FA
102
}
 70
     0
280
     1
281
     0
  0
BLOCK_RECORD
  5
4FD
330
1
100
AcDbSymbolTableRecord
100
AcDbBlockTableRecord
  2
block 172
340
0
102
{BLKREFS
331
4FE
102
}
 70
     0
280
     1
281
     0
  0
BLOCK_RECORD
  5
501
330
1
100
AcDbSymbolTableRecord
100
AcDbBlockTableRecord
  2
block 173
340
0
102
{BLKREFS
331
502
102
}
 70
     0
280
     1
281
     0
  0
BLOCK_RECORD
  5
506
330
1
100
AcDbSymbolTableRecord
100
AcDbBlockTableRecord
  2
block 174
340
0
102
{BLKREFS
331
507
102
}
 70
     0
280
     1
281
     0
  0
BLOCK_RECORD
  5
50F
330
1
100
AcDbSymbolTableRecord
100
AcDbBlockTableRecord
  2
block 175
340
0
102
{BLKREFS
331
510
102
}
 70
     0
280
     1
281
     0
  0
BLOCK_RECORD
  5
513
330
1
100
AcDbSymbolTableRecord
100
AcDbBlockTableRecord
  2
block 176
340
0
102
{BLKREFS
331
514
102
}
 70
     0
280
     1
281
     0
  0
BLOCK_RECORD
  5
517
330
1
100
AcDbSymbolTableRecord
100
AcDbBlockTableRecord
  2
block 177
340
0
102
{BLKREFS
331
518
102
}
 70
     0
280
     1
281
     0
  0
BLOCK_RECORD
  5
51B
330
1
100
AcDbSymbolTableRecord
100
AcDbBlockTableRecord
  2
block 178
340
0
102
{BLKREFS
331
51C
102
}
 70
     0
280
     1
281
     0
  0
BLOCK_RECORD
  5
520
330
1
100
AcDbSymbolTableRecord
100
AcDbBlockTableRecord
  2
block 179
340
0
102
{BLKREFS
331
521
102
}
 70
     0
280
     1
281
     0
  0
BLOCK_RECORD
  5
52A
330
1
100
AcDbSymbolTableRecord
100
AcDbBlockTableRecord
  2
block 180
340
0
102
{BLKREFS
331
52B
102
}
 70
     0
280
     1
281
     0
  0
BLOCK_RECORD
  5
52E
330
1
100
AcDbSymbolTableRecord
100
AcDbBlockTableRecord
  2
block 181
340
0
102
{BLKREFS
331
52F
102
}
 70
     0
280
     1
281
     0
  0
BLOCK_RECORD
  5
532
330
1
100
AcDbSymbolTableRecord
100
AcDbBlockTableRecord
  2
block 182
340
0
102
{BLKREFS
331
533
102
}
 70
     0
280
     1
281
     0
  0
BLOCK_RECORD
  5
536
330
1
100
AcDbSymbolTableRecord
100
AcDbBlockTableRecord
  2
block 183
340
0
102
{BLKREFS
331
537
102
}
 70
     0
280
     1
281
     0
  0
BLOCK_RECORD
  5
53A
330
1
100
AcDbSymbolTableRecord
100
AcDbBlockTableRecord
  2
block 184
340
0
102
{BLKREFS
331
53B
102
}
 70
     0
280
     1
281
     0
  0
BLOCK_RECORD
  5
53F
330
1
100
AcDbSymbolTableRecord
100
AcDbBlockTableRecord
  2
block 185
340
0
102
{BLKREFS
331
540
102
}
 70
     0
280
     1
281
     0
  0
BLOCK_RECORD
  5
548
330
1
100
AcDbSymbolTableRecord
100
AcDbBlockTableRecord
  2
block 186
340
0
102
{BLKREFS
331
549
102
}
 70
     0
280
     1
281
     0
  0
BLOCK_RECORD
  5
54C
330
1
100
AcDbSymbolTableRecord
100
AcDbBlockTableRecord
  2
block 187
340
0
102
{BLKREFS
331
54D
102
}
 70
     0
280
     1
281
     0
  0
BLOCK_RECORD
  5
550
330
1
100
AcDbSymbolTableRecord
100
AcDbBlockTableRecord
  2
block 188
340
0
102
{BLKREFS
331
551
102
}
 70
     0
280
     1
281
     0
  0
BLOCK_RECORD
  5
554
330
1
100
AcDbSymbolTableRecord
100
AcDbBlockTableRecord
  2
block 189
340
0
102
{BLKREFS
331
555
102
}
 70
     0
280
     1
281
     0
  0
BLOCK_RECORD
  5
559
330
1
100
AcDbSymbolTableRecord
100
AcDbBlockTableRecord
  2
block 190
340
0
102
{BLKREFS
331
55A
102
}
 70
     0
280
     1
281
     0
  0
BLOCK_RECORD
  5
565
330
1
100
AcDbSymbolTableRecord
100
AcDbBlockTableRecord
  2
block 191
340
0
102
{BLKREFS
331
566
102
}
 70
     0
280
     1
281
     0
  0
BLOCK_RECORD
  5
56A
330
1
100
AcDbSymbolTableRecord
100
AcDbBlockTableRecord
  2
block 192
340
0
102
{BLKREFS
331
56B
102
}
 70
     0
280
     1
281
     0
  0
BLOCK_RECORD
  5
56E
330
1
100
AcDbSymbolTableRecord
100
AcDbBlockTableRecord
  2
block 193
340
0
102
{BLKREFS
331
56F
102
}
 70
     0
280
     1
281
     0
  0
BLOCK_RECORD
  5
576
330
1
100
AcDbSymbolTableRecord
100
AcDbBlockTableRecord
  2
block 194
340
0
102
{BLKREFS
331
577
102
}
 70
     0
280
     1
281
     0
  0
BLOCK_RECORD
  5
57E
330
1
100
AcDbSymbolTableRecord
100
AcDbBlockTableRecord
  2
block 195
340
0
102
{BLKREFS
331
57F
102
}
 70
     0
280
     1
281
     0
  0
BLOCK_RECORD
  5
584
330
1
100
AcDbSymbolTableRecord
100
AcDbBlockTableRecord
  2
block 196
340
0
102
{BLKREFS
331
585
102
}
 70
     0
280
     1
281
     0
  0
BLOCK_RECORD
  5
58A
330
1
100
AcDbSymbolTableRecord
100
AcDbBlockTableRecord
  2
block 197
340
0
102
{BLKREFS
331
58B
102
}
 70
     0
280
     1
281
     0
  0
BLOCK_RECORD
  5
58E
330
1
100
AcDbSymbolTableRecord
100
AcDbBlockTableRecord
  2
block 198
340
0
102
{BLKREFS
331
58F
102
}
 70
     0
280
     1
281
     0
  0
BLOCK_RECORD
  5
594
330
1
100
AcDbSymbolTableRecord
100
AcDbBlockTableRecord
  2
block 199
340
0
102
{BLKREFS
331
595
102
}
 70
     0
280
     1
281
     0
  0
BLOCK_RECORD
  5
59A
330
1
100
AcDbSymbolTableRecord
100
AcDbBlockTableRecord
  2
block 200
340
0
102
{BLKREFS
331
59B
102
}
 70
     0
280
     1
281
     0
  0
BLOCK_RECORD
  5
5A0
330
1
100
AcDbSymbolTableRecord
100
AcDbBlockTableRecord
  2
block 201
340
0
102
{BLKREFS
331
5A1
102
}
 70
     0
280
     1
281
     0
  0
BLOCK_RECORD
  5
5A6
330
1
100
AcDbSymbolTableRecord
100
AcDbBlockTableRecord
  2
block 202
340
0
102
{BLKREFS
331
5A7
102
}
 70
     0
280
     1
281
     0
  0
BLOCK_RECORD
  5
5AC
330
1
100
AcDbSymbolTableRecord
100
AcDbBlockTableRecord
  2
block 203
340
0
102
{BLKREFS
331
5AD
102
}
 70
     0
280
     1
281
     0
  0
BLOCK_RECORD
  5
5B2
330
1
100
AcDbSymbolTableRecord
100
AcDbBlockTableRecord
  2
block 204
340
0
102
{BLKREFS
331
5B3
102
}
 70
     0
280
     1
281
     0
  0
BLOCK_RECORD
  5
5B8
330
1
100
AcDbSymbolTableRecord
100
AcDbBlockTableRecord
  2
block 205
340
0
102
{BLKREFS
331
5B9
102
}
 70
     0
280
     1
281
     0
  0
BLOCK_RECORD
  5
5BE
330
1
100
AcDbSymbolTableRecord
100
AcDbBlockTableRecord
  2
block 206
340
0
102
{BLKREFS
331
5BF
102
}
 70
     0
280
     1
281
     0
  0
BLOCK_RECORD
  5
5C2
330
1
100
AcDbSymbolTableRecord
100
AcDbBlockTableRecord
  2
block 207
340
0
102
{BLKREFS
331
5C3
102
}
 70
     0
280
     1
281
     0
  0
BLOCK_RECORD
  5
5C8
330
1
100
AcDbSymbolTableRecord
100
AcDbBlockTableRecord
  2
block 208
340
0
102
{BLKREFS
331
5C9
102
}
 70
     0
280
     1
281
     0
  0
BLOCK_RECORD
  5
5CE
330
1
100
AcDbSymbolTableRecord
100
AcDbBlockTableRecord
  2
block 209
340
0
102
{BLKREFS
331
5CF
102
}
 70
     0
280
     1
281
     0
  0
BLOCK_RECORD
  5
5D5
330
1
100
AcDbSymbolTableRecord
100
AcDbBlockTableRecord
  2
block 210
340
0
102
{BLKREFS
331
5D6
102
}
 70
     0
280
     1
281
     0
  0
BLOCK_RECORD
  5
5D9
330
1
100
AcDbSymbolTableRecord
100
AcDbBlockTableRecord
  2
block 211
340
0
102
{BLKREFS
331
5DA
102
}
 70
     0
280
     1
281
     0
  0
BLOCK_RECORD
  5
5E3
330
1
100
AcDbSymbolTableRecord
100
AcDbBlockTableRecord
  2
block 212
340
0
102
{BLKREFS
331
5E4
102
}
 70
     0
280
     1
281
     0
  0
BLOCK_RECORD
  5
5E8
330
1
100
AcDbSymbolTableRecord
100
AcDbBlockTableRecord
  2
block 213
340
0
102
{BLKREFS
331
5E9
102
}
 70
     0
280
     1
281
     0
  0
BLOCK_RECORD
  5
5EC
330
1
100
AcDbSymbolTableRecord
100
AcDbBlockTableRecord
  2
block 214
340
0
102
{BLKREFS
331
5ED
102
}
 70
     0
280
     1
281
     0
  0
BLOCK_RECORD
  5
5F4
330
1
100
AcDbSymbolTableRecord
100
AcDbBlockTableRecord
  2
block 215
340
0
102
{BLKREFS
331
5F5
102
}
 70
     0
280
     1
281
     0
  0
BLOCK_RECORD
  5
5FC
330
1
100
AcDbSymbolTableRecord
100
AcDbBlockTableRecord
  2
block 216
340
0
102
{BLKREFS
331
5FD
102
}
 70
     0
280
     1
281
     0
  0
BLOCK_RECORD
  5
612
330
1
100
AcDbSymbolTableRecord
100
AcDbBlockTableRecord
  2
block 217
340
0
102
{BLKREFS
331
613
102
}
 70
     0
280
     1
281
     0
  0
BLOCK_RECORD
  5
626
330
1
100
AcDbSymbolTableRecord
100
AcDbBlockTableRecord
  2
block 218
340
0
102
{BLKREFS
331
627
102
}
 70
     0
280
     1
281
     0
  0
BLOCK_RECORD
  5
63A
330
1
100
AcDbSymbolTableRecord
100
AcDbBlockTableRecord
  2
block 219
340
0
102
{BLKREFS
331
63B
102
}
 70
     0
280
     1
281
     0
  0
BLOCK_RECORD
  5
648
330
1
100
AcDbSymbolTableRecord
100
AcDbBlockTableRecord
  2
block 220
340
0
102
{BLKREFS
331
649
102
}
 70
     0
280
     1
281
     0
  0
ENDTAB
  0
ENDSEC
  0
SECTION
  2
BLOCKS
  0
BLOCK
  5
20
330
1F
100
AcDbEntity
  8
0
100
AcDbBlockBegin
  2
*Model_Space
 70
     0
 10
0.0
 20
0.0
 30
0.0
  3
*Model_Space
  1

  0
ENDBLK
  5
21
330
1F
100
AcDbEntity
  8
0
100
AcDbBlockEnd
  0
BLOCK
  5
1C
330
1B
100
AcDbEntity
 67
     1
  8
0
100
AcDbBlockBegin
  2
*Paper_Space
 70
     0
 10
0.0
 20
0.0
 30
0.0
  3
*Paper_Space
  1

  0
ENDBLK
  5
1D
330
1B
100
AcDbEntity
 67
     1
  8
0
100
AcDbBlockEnd
  0
BLOCK
  5
24
330
23
100
AcDbEntity
  8
0
100
AcDbBlockBegin
  2
*Paper_Space0
 70
     0
 10
0.0
 20
0.0
 30
0.0
  3
*Paper_Space0
  1

  0
ENDBLK
  5
25
330
23
100
AcDbEntity
  8
0
100
AcDbBlockEnd
  0
BLOCK
  5
47
330
45
100
AcDbEntity
  8
0
100
AcDbBlockBegin
  2
block 2
 70
     0
 10
0.0
 20
0.0
 30
0.0
  3
block 2
  1

  0
POLYLINE
  5
49
330
45
100
AcDbEntity
  8
Experiment Box
 62
     7
420
 16777215
370
     9
100
AcDb2dPolyline
 66
     1
 10
0.0
 20
0.0
 30
0.0
  0
VERTEX
  5
4A
330
49
100
AcDbEntity
  8
Experiment Box
 62
     7
420
 16777215
370
     9
100
AcDbVertex
100
AcDb2dVertex
 10
237.9688192066874
 20
-93.22900664335914
 30
0.0
  0
VERTEX
  5
4B
330
49
100
AcDbEntity
  8
Experiment Box
 62
     7
420
 16777215
370
     9
100
AcDbVertex
100
AcDb2dVertex
 10
238.5962697462354
 20
-93.22900664335914
 30
0.0
  0
VERTEX
  5
4C
330
49
100
AcDbEntity
  8
Experiment Box
 62
     7
420
 16777215
370
     9
100
AcDbVertex
100
AcDb2dVertex
 10
238.5962697462354
 20
-89.40394303320457
 30
0.0
  0
VERTEX
  5
4D
330
49
100
AcDbEntity
  8
Experiment Box
 62
     7
420
 16777215
370
     9
100
AcDbVertex
100
AcDb2dVertex
 10
240.0080158213298
 20
-89.40394303320457
 30
0.0
  0
VERTEX
  5
4E
330
49
100
AcDbEntity
  8
Experiment Box
 62
     7
420
 16777215
370
     9
100
AcDbVertex
100
AcDb2dVertex
 10
240.0080158213298
 20
-93.22900664335914
 30
0.0
  0
VERTEX
  5
4F
330
49
100
AcDbEntity
  8
Experiment Box
 62
     7
420
 16777215
370
     9
100
AcDbVertex
100
AcDb2dVertex
 10
241.4197971742012
 20
-93.22900664335914
 30
0.0
  0
VERTEX
  5
50
330
49
100
AcDbEntity
  8
Experiment Box
 62
     7
420
 16777215
370
     9
100
AcDbVertex
100
AcDb2dVertex
 10
241.4197971742012
 20
-89.40394303320457
 30
0.0
  0
VERTEX
  5
51
330
49
100
AcDbEntity
  8
Experiment Box
 62
     7
420
 16777215
370
     9
100
AcDbVertex
100
AcDb2dVertex
 10
242.7060601969415
 20
-89.40394303320457
 30
0.0
  0
VERTEX
  5
52
330
49
100
AcDbEntity
  8
Experiment Box
 62
     7
420
 16777215
370
     9
100
AcDbVertex
100
AcDb2dVertex
 10
242.7060601969415
 20
-93.22900664335914
 30
0.0
  0
VERTEX
  5
53
330
49
100
AcDbEntity
  8
Experiment Box
 62
     7
420
 16777215
370
     9
100
AcDbVertex
100
AcDb2dVertex
 10
243.9923584974586
 20
-93.22900664335914
 30
0.0
  0
VERTEX
  5
54
330
49
100
AcDbEntity
  8
Experiment Box
 62
     7
420
 16777215
370
     9
100
AcDbVertex
100
AcDb2dVertex
 10
243.9923584974586
 20
-89.40394303320457
 30
0.0
  0
VERTEX
  5
55
330
49
100
AcDbEntity
  8
Experiment Box
 62
     7
420
 16777215
370
     9
100
AcDbVertex
100
AcDb2dVertex
 10
245.1217412464234
 20
-89.40394303320457
 30
0.0
  0
VERTEX
  5
56
330
49
100
AcDbEntity
  8
Experiment Box
 62
     7
420
 16777215
370
     9
100
AcDbVertex
100
AcDb2dVertex
 10
245.1217412464234
 20
-93.22900664335914
 30
0.0
  0
VERTEX
  5
57
330
49
100
AcDbEntity
  8
Experiment Box
 62
     7
420
 16777215
370
     9
100
AcDbVertex
100
AcDb2dVertex
 10
246.2511592731651
 20
-93.22900664335914
 30
0.0
  0
VERTEX
  5
58
330
49
100
AcDbEntity
  8
Experiment Box
 62
     7
420
 16777215
370
     9
100
AcDbVertex
100
AcDb2dVertex
 10
246.2511592731651
 20
-89.40394303320457
 30
0.0
  0
VERTEX
  5
59
330
49
100
AcDbEntity
  8
Experiment Box
 62
     7
420
 16777215
370
     9
100
AcDbVertex
100
AcDb2dVertex
 10
247.2550942475526
 20
-89.40394303320457
 30
0.0
  0
VERTEX
  5
5A
330
49
100
AcDbEntity
  8
Experiment Box
 62
     7
420
 16777215
370
     9
100
AcDbVertex
100
AcDb2dVertex
 10
247.2550942475526
 20
-93.22900664335914
 30
0.0
  0
VERTEX
  5
5B
330
49
100
AcDbEntity
  8
Experiment Box
 62
     7
420
 16777215
370
     9
100
AcDbVertex
100
AcDb2dVertex
 10
248.2589939441632
 20
-93.22900664335914
 30
0.0
  0
VERTEX
  5
5C
330
49
100
AcDbEntity
  8
Experiment Box
 62
     7
420
 16777215
370
     9
100
AcDbVertex
100
AcDb2dVertex
 10
248.2589939441632
 20
-89.40394303320457
 30
0.0
  0
VERTEX
  5
5D
330
49
100
AcDbEntity
  8
Experiment Box
 62
     7
420
 16777215
370
     9
100
AcDbVertex
100
AcDb2dVertex
 10
249.1060839225521
 20
-89.40394303320457
 30
0.0
  0
VERTEX
  5
5E
330
49
100
AcDbEntity
  8
Experiment Box
 62
     7
420
 16777215
370
     9
100
AcDbVertex
100
AcDb2dVertex
 10
249.1060839225521
 20
-93.22900664335914
 30
0.0
  0
VERTEX
  5
5F
330
49
100
AcDbEntity
  8
Experiment Box
 62
     7
420
 16777215
370
     9
100
AcDbVertex
100
AcDb2dVertex
 10
249.9531386231642
 20
-93.22900664335914
 30
0.0
  0
VERTEX
  5
60
330
49
100
AcDbEntity
  8
Experiment Box
 62
     7
420
 16777215
370
     9
100
AcDbVertex
100
AcDb2dVertex
 10
249.9531386231642
 20
-89.40394303320457
 30
0.0
  0
VERTEX
  5
61
330
49
100
AcDbEntity
  8
Experiment Box
 62
     7
420
 16777215
370
     9
100
AcDbVertex
100
AcDb2dVertex
 10
250.6747166039982
 20
-89.40394303320457
 30
0.0
  0
VERTEX
  5
62
330
49
100
AcDbEntity
  8
Experiment Box
 62
     7
420
 16777215
370
     9
100
AcDbVertex
100
AcDb2dVertex
 10
250.6747166039982
 20
-93.22900664335914
 30
0.0
  0
VERTEX
  5
63
330
49
100
AcDbEntity
  8
Experiment Box
 62
     7
420
 16777215
370
     9
100
AcDbVertex
100
AcDb2dVertex
 10
251.396246641903
 20
-93.22900664335914
 30
0.0
  0
VERTEX
  5
64
330
49
100
AcDbEntity
  8
Experiment Box
 62
     7
420
 16777215
370
     9
100
AcDbVertex
100
AcDb2dVertex
 10
251.396246641903
 20
-89.40394303320457
 30
0.0
  0
VERTEX
  5
65
330
49
100
AcDbEntity
  8
Experiment Box
 62
     7
420
 16777215
370
     9
100
AcDbVertex
100
AcDb2dVertex
 10
251.9609732941623
 20
-89.40394303320457
 30
0.0
  0
VERTEX
  5
66
330
49
100
AcDbEntity
  8
Experiment Box
 62
     7
420
 16777215
370
     9
100
AcDbVertex
100
AcDb2dVertex
 10
251.9609732941623
 20
-93.22900664335914
 30
0.0
  0
VERTEX
  5
67
330
49
100
AcDbEntity
  8
Experiment Box
 62
     7
420
 16777215
370
     9
100
AcDbVertex
100
AcDb2dVertex
 10
252.5256646686447
 20
-93.22900664335914
 30
0.0
  0
VERTEX
  5
68
330
49
100
AcDbEntity
  8
Experiment Box
 62
     7
420
 16777215
370
     9
100
AcDbVertex
100
AcDb2dVertex
 10
252.5256646686447
 20
-89.40394303320457
 30
0.0
  0
VERTEX
  5
69
330
49
100
AcDbEntity
  8
Experiment Box
 62
     7
420
 16777215
370
     9
100
AcDbVertex
100
AcDb2dVertex
 10
252.9648729907729
 20
-89.40394303320457
 30
0.0
  0
VERTEX
  5
6A
330
49
100
AcDbEntity
  8
Experiment Box
 62
     7
420
 16777215
370
     9
100
AcDbVertex
100
AcDb2dVertex
 10
252.9648729907729
 20
-93.22900664335914
 30
0.0
  0
VERTEX
  5
6B
330
49
100
AcDbEntity
  8
Experiment Box
 62
     7
420
 16777215
370
     9
100
AcDbVertex
100
AcDb2dVertex
 10
253.4041165906779
 20
-93.22900664335914
 30
0.0
  0
VERTEX
  5
6C
330
49
100
AcDbEntity
  8
Experiment Box
 62
     7
420
 16777215
370
     9
100
AcDbVertex
100
AcDb2dVertex
 10
253.4041165906779
 20
-89.40394303320457
 30
0.0
  0
VERTEX
  5
6D
330
49
100
AcDbEntity
  8
Experiment Box
 62
     7
420
 16777215
370
     9
100
AcDbVertex
100
AcDb2dVertex
 10
253.6864446390307
 20
-89.40394303320457
 30
0.0
  0
VERTEX
  5
6E
330
49
100
AcDbEntity
  8
Experiment Box
 62
     7
420
 16777215
370
     9
100
AcDbVertex
100
AcDb2dVertex
 10
253.6864446390307
 20
-93.22900664335914
 30
0.0
  0
VERTEX
  5
6F
330
49
100
AcDbEntity
  8
Experiment Box
 62
     7
420
 16777215
370
     9
100
AcDbVertex
100
AcDb2dVertex
 10
253.9688079651604
 20
-93.22900664335914
 30
0.0
  0
SEQEND
  5
71
330
49
100
AcDbEntity
  8
Experiment Box
 62
     7
420
 16777215
370
     9
  0
HATCH
  5
70
330
45
100
AcDbEntity
  8
Experiment Box
 62
     7
420
 16777215
100
AcDbHatch
 10
0.0
 20
0.0
 30
0.0
210
0.0
220
0.0
230
1.0
  2
SOLID
 70
     1
 71
     0
 91
        1
 92
        1
 93
       38
 72
     1
 10
237.9688192066874
 20
-93.22900664335914
 11
238.5962697462354
 21
-93.22900664335914
 72
     1
 10
238.5962697462354
 20
-93.22900664335914
 11
238.5962697462354
 21
-89.40394303320457
 72
     1
 10
238.5962697462354
 20
-89.40394303320457
 11
240.0080158213298
 21
-89.40394303320457
 72
     1
 10
240.0080158213298
 20
-89.40394303320457
 11
240.0080158213298
 21
-93.22900664335914
 72
     1
 10
240.0080158213298
 20
-93.22900664335914
 11
241.4197971742012
 21
-93.22900664335914
 72
     1
 10
241.4197971742012
 20
-93.22900664335914
 11
241.4197971742012
 21
-89.40394303320457
 72
     1
 10
241.4197971742012
 20
-89.40394303320457
 11
242.7060601969415
 21
-89.40394303320457
 72
     1
 10
242.7060601969415
 20
-89.40394303320457
 11
242.7060601969415
 21
-93.22900664335914
 72
     1
 10
242.7060601969415
 20
-93.22900664335914
 11
243.9923584974586
 21
-93.22900664335914
 72
     1
 10
243.9923584974586
 20
-93.22900664335914
 11
243.9923584974586
 21
-89.40394303320457
 72
     1
 10
243.9923584974586
 20
-89.40394303320457
 11
245.1217412464234
 21
-89.40394303320457
 72
     1
 10
245.1217412464234
 20
-89.40394303320457
 11
245.1217412464234
 21
-93.22900664335914
 72
     1
 10
245.1217412464234
 20
-93.22900664335914
 11
246.2511592731651
 21
-93.22900664335914
 72
     1
 10
246.2511592731651
 20
-93.22900664335914
 11
246.2511592731651
 21
-89.40394303320457
 72
     1
 10
246.2511592731651
 20
-89.40394303320457
 11
247.2550942475526
 21
-89.40394303320457
 72
     1
 10
247.2550942475526
 20
-89.40394303320457
 11
247.2550942475526
 21
-93.22900664335914
 72
     1
 10
247.2550942475526
 20
-93.22900664335914
 11
248.2589939441632
 21
-93.22900664335914
 72
     1
 10
248.2589939441632
 20
-93.22900664335914
 11
248.2589939441632
 21
-89.40394303320457
 72
     1
 10
248.2589939441632
 20
-89.40394303320457
 11
249.1060839225521
 21
-89.40394303320457
 72
     1
 10
249.1060839225521
 20
-89.40394303320457
 11
249.1060839225521
 21
-93.22900664335914
 72
     1
 10
249.1060839225521
 20
-93.22900664335914
 11
249.9531386231642
 21
-93.22900664335914
 72
     1
 10
249.9531386231642
 20
-93.22900664335914
 11
249.9531386231642
 21
-89.40394303320457
 72
     1
 10
249.9531386231642
 20
-89.40394303320457
 11
250.6747166039982
 21
-89.40394303320457
 72
     1
 10
250.6747166039982
 20
-89.40394303320457
 11
250.6747166039982
 21
-93.22900664335914
 72
     1
 10
250.6747166039982
 20
-93.22900664335914
 11
251.396246641903
 21
-93.22900664335914
 72
     1
 10
251.396246641903
 20
-93.22900664335914
 11
251.396246641903
 21
-89.40394303320457
 72
     1
 10
251.396246641903
 20
-89.40394303320457
 11
251.9609732941623
 21
-89.40394303320457
 72
     1
 10
251.9609732941623
 20
-89.40394303320457
 11
251.9609732941623
 21
-93.22900664335914
 72
     1
 10
251.9609732941623
 20
-93.22900664335914
 11
252.5256646686447
 21
-93.22900664335914
 72
     1
 10
252.5256646686447
 20
-93.22900664335914
 11
252.5256646686447
 21
-89.40394303320457
 72
     1
 10
252.5256646686447
 20
-89.40394303320457
 11
252.9648729907729
 21
-89.40394303320457
 72
     1
 10
252.9648729907729
 20
-89.40394303320457
 11
252.9648729907729
 21
-93.22900664335914
 72
     1
 10
252.9648729907729
 20
-93.22900664335914
 11
253.4041165906779
 21
-93.22900664335914
 72
     1
 10
253.4041165906779
 20
-93.22900664335914
 11
253.4041165906779
 21
-89.40394303320457
 72
     1
 10
253.4041165906779
 20
-89.40394303320457
 11
253.6864446390307
 21
-89.40394303320457
 72
     1
 10
253.6864446390307
 20
-89.40394303320457
 11
253.6864446390307
 21
-93.22900664335914
 72
     1
 10
253.6864446390307
 20
-93.22900664335914
 11
253.9688079651604
 21
-93.22900664335914
 72
     1
 10
253.9688079651604
 20
-93.22900664335914
 11
237.9688192066874
 21
-93.22900664335914
 97
        0
 75
     2
 76
     1
 98
        0
  0
INSERT
  5
73
330
45
100
AcDbEntity
  8
Experiment Box
100
AcDbBlockReference
  2
block 3
 10
0.0
 20
0.0
 30
0.0
  0
MTEXT
  5
110
330
45
100
AcDbEntity
  8
Experiment Box
 62
     7
420
 16777215
100
AcDbMText
 10
240.9445317574645
 20
-73.57427076674772
 30
0.0
 40
1.9981333328338
 41
0.0
 46
0.0
 71
     7
 72
     1
  1
\fMyriad Pro|b0|i0|c0|p34;\W1;Stimulus 
 73
     1
 44
1.0
  0
MTEXT
  5
111
330
45
100
AcDbEntity
  8
Experiment Box
 62
     7
420
 16777215
100
AcDbMText
 10
239.8679394183239
 20
-76.39649298826438
 30
0.0
 40
1.9981333328338
 41
0.0
 46
0.0
 71
     7
 72
     1
  1
\fMyriad Pro|b0|i0|c0|p34;\W1;Frequency
 73
     1
 44
1.0
  0
ENDBLK
  5
48
330
45
100
AcDbEntity
  8
0
100
AcDbBlockEnd
  0
BLOCK
  5
74
330
72
100
AcDbEntity
  8
0
100
AcDbBlockBegin
  2
block 3
 70
     0
 10
0.0
 20
0.0
 30
0.0
  3
block 3
  1

  0
INSERT
  5
77
330
72
100
AcDbEntity
  8
Experiment Box
100
AcDbBlockReference
  2
block 4
 10
0.0
 20
0.0
 30
0.0
  0
INSERT
  5
8B
330
72
100
AcDbEntity
  8
Experiment Box
100
AcDbBlockReference
  2
block 7
 10
0.0
 20
0.0
 30
0.0
  0
INSERT
  5
9F
330
72
100
AcDbEntity
  8
Experiment Box
100
AcDbBlockReference
  2
block 10
 10
0.0
 20
0.0
 30
0.0
  0
INSERT
  5
D8
330
72
100
AcDbEntity
  8
Experiment Box
100
AcDbBlockReference
  2
block 21
 10
0.0
 20
0.0
 30
0.0
  0
ENDBLK
  5
75
330
72
100
AcDbEntity
  8
0
100
AcDbBlockEnd
  0
BLOCK
  5
78
330
76
100
AcDbEntity
  8
0
100
AcDbBlockBegin
  2
block 4
 70
     0
 10
0.0
 20
0.0
 30
0.0
  3
block 4
  1

  0
INSERT
  5
7B
330
76
100
AcDbEntity
  8
Experiment Box
100
AcDbBlockReference
  2
block 5
 10
0.0
 20
0.0
 30
0.0
  0
MTEXT
  5
89
330
76
100
AcDbEntity
  8
Experiment Box
 62
     7
420
 16777215
100
AcDbMText
 10
238.0383315783337
 20
-86.66538532158889
 30
0.0
 40
2.49766666604225
 41
0.0
 46
0.0
 71
     7
 72
     1
  1
\fMyriad Pro|b0|i0|c0|p34;\W0.8713;-
 73
     1
 44
1.0
  0
ENDBLK
  5
79
330
76
100
AcDbEntity
  8
0
100
AcDbBlockEnd
  0
BLOCK
  5
7C
330
7A
100
AcDbEntity
  8
0
100
AcDbBlockBegin
  2
block 5
 70
     0
 10
0.0
 20
0.0
 30
0.0
  3
block 5
  1

  0
INSERT
  5
7F
330
7A
100
AcDbEntity
  8
Experiment Box
100
AcDbBlockReference
  2
block 6
 10
0.0
 20
0.0
 30
0.0
  0
ENDBLK
  5
7D
330
7A
100
AcDbEntity
  8
0
100
AcDbBlockEnd
  0
BLOCK
  5
80
330
7E
100
AcDbEntity
  8
0
100
AcDbBlockBegin
  2
block 6
 70
     0
 10
0.0
 20
0.0
 30
0.0
  3
block 6
  1

  0
POLYLINE
  5
82
330
7E
100
AcDbEntity
  8
Experiment Box
370
     0
100
AcDb2dPolyline
 66
     1
 10
0.0
 20
0.0
 30
0.0
  0
VERTEX
  5
83
330
82
100
AcDbEntity
  8
Experiment Box
370
     0
100
AcDbVertex
100
AcDb2dVertex
 10
239.1923936199159
 20
-86.32048886730881
 30
0.0
  0
VERTEX
  5
84
330
82
100
AcDbEntity
  8
Experiment Box
370
     0
100
AcDbVertex
100
AcDb2dVertex
 10
237.9022500417191
 20
-86.32048886730881
 30
0.0
  0
VERTEX
  5
85
330
82
100
AcDbEntity
  8
Experiment Box
370
     0
100
AcDbVertex
100
AcDb2dVertex
 10
237.9022500417191
 20
-85.03038053429795
 30
0.0
  0
VERTEX
  5
86
330
82
100
AcDbEntity
  8
Experiment Box
370
     0
100
AcDbVertex
100
AcDb2dVertex
 10
239.1923936199159
 20
-85.03038053429795
 30
0.0
  0
VERTEX
  5
87
330
82
100
AcDbEntity
  8
Experiment Box
370
     0
100
AcDbVertex
100
AcDb2dVertex
 10
239.1923936199159
 20
-86.32048886730881
 30
0.0
  0
SEQEND
  5
88
330
82
100
AcDbEntity
  8
Experiment Box
370
     0
  0
ENDBLK
  5
81
330
7E
100
AcDbEntity
  8
0
100
AcDbBlockEnd
  0
BLOCK
  5
8C
330
8A
100
AcDbEntity
  8
0
100
AcDbBlockBegin
  2
block 7
 70
     0
 10
0.0
 20
0.0
 30
0.0
  3
block 7
  1

  0
INSERT
  5
8F
330
8A
100
AcDbEntity
  8
Experiment Box
100
AcDbBlockReference
  2
block 8
 10
0.0
 20
0.0
 30
0.0
  0
MTEXT
  5
9D
330
8A
100
AcDbEntity
  8
Experiment Box
 62
     7
420
 16777215
100
AcDbMText
 10
252.7203596033633
 20
-86.65724897498583
 30
0.0
 40
2.49766666604225
 41
0.0
 46
0.0
 71
     7
 72
     1
  1
\fMyriad Pro|b0|i0|c0|p34;\W0.8713;+
 73
     1
 44
1.0
  0
ENDBLK
  5
8D
330
8A
100
AcDbEntity
  8
0
100
AcDbBlockEnd
  0
BLOCK
  5
90
330
8E
100
AcDbEntity
  8
0
100
AcDbBlockBegin
  2
block 8
 70
     0
 10
0.0
 20
0.0
 30
0.0
  3
block 8
  1

  0
INSERT
  5
93
330
8E
100
AcDbEntity
  8
Experiment Box
100
AcDbBlockReference
  2
block 9
 10
0.0
 20
0.0
 30
0.0
  0
ENDBLK
  5
91
330
8E
100
AcDbEntity
  8
0
100
AcDbBlockEnd
  0
BLOCK
  5
94
330
92
100
AcDbEntity
  8
0
100
AcDbBlockBegin
  2
block 9
 70
     0
 10
0.0
 20
0.0
 30
0.0
  3
block 9
  1

  0
POLYLINE
  5
96
330
92
100
AcDbEntity
  8
Experiment Box
370
     0
100
AcDb2dPolyline
 66
     1
 10
0.0
 20
0.0
 30
0.0
  0
VERTEX
  5
97
330
96
100
AcDbEntity
  8
Experiment Box
370
     0
100
AcDbVertex
100
AcDb2dVertex
 10
254.2117660145175
 20
-86.37389942285091
 30
0.0
  0
VERTEX
  5
98
330
96
100
AcDbEntity
  8
Experiment Box
370
     0
100
AcDbVertex
100
AcDb2dVertex
 10
253.0799138211713
 20
-86.37389942285091
 30
0.0
  0
VERTEX
  5
99
330
96
100
AcDbEntity
  8
Experiment Box
370
     0
100
AcDbVertex
100
AcDb2dVertex
 10
253.0799138211713
 20
-85.05147664540378
 30
0.0
  0
VERTEX
  5
9A
330
96
100
AcDbEntity
  8
Experiment Box
370
     0
100
AcDbVertex
100
AcDb2dVertex
 10
254.2117660145175
 20
-85.05147664540378
 30
0.0
  0
VERTEX
  5
9B
330
96
100
AcDbEntity
  8
Experiment Box
370
     0
100
AcDbVertex
100
AcDb2dVertex
 10
254.2117660145175
 20
-86.37389942285091
 30
0.0
  0
SEQEND
  5
9C
330
96
100
AcDbEntity
  8
Experiment Box
370
     0
  0
ENDBLK
  5
95
330
92
100
AcDbEntity
  8
0
100
AcDbBlockEnd
  0
BLOCK
  5
A0
330
9E
100
AcDbEntity
  8
0
100
AcDbBlockBegin
  2
block 10
 70
     0
 10
0.0
 20
0.0
 30
0.0
  3
block 10
  1

  0
INSERT
  5
A3
330
9E
100
AcDbEntity
  8
Experiment Box
100
AcDbBlockReference
  2
block 11
 10
0.0
 20
0.0
 30
0.0
  0
INSERT
  5
BD
330
9E
100
AcDbEntity
  8
Experiment Box
100
AcDbBlockReference
  2
block 16
 10
0.0
 20
0.0
 30
0.0
  0
ENDBLK
  5
A1
330
9E
100
AcDbEntity
  8
0
100
AcDbBlockEnd
  0
BLOCK
  5
A4
330
A2
100
AcDbEntity
  8
0
100
AcDbBlockBegin
  2
block 11
 70
     0
 10
0.0
 20
0.0
 30
0.0
  3
block 11
  1

  0
INSERT
  5
A7
330
A2
100
AcDbEntity
  8
Experiment Box
100
AcDbBlockReference
  2
block 12
 10
0.0
 20
0.0
 30
0.0
  0
POLYLINE
  5
B8
330
A2
100
AcDbEntity
  8
Experiment Box
 62
    18
420
        0
370
    70
100
AcDb2dPolyline
 66
     1
 10
0.0
 20
0.0
 30
0.0
  0
VERTEX
  5
B9
330
B8
100
AcDbEntity
  8
Experiment Box
 62
    18
420
        0
370
    70
100
AcDbVertex
100
AcDb2dVertex
 10
243.3680476800527
 20
-77.20926192514202
 30
0.0
  0
VERTEX
  5
BA
330
B8
100
AcDbEntity
  8
Experiment Box
 62
    18
420
        0
370
    70
100
AcDbVertex
100
AcDb2dVertex
 10
244.1559062710639
 20
-77.20926192514202
 30
0.0
  0
SEQEND
  5
BB
330
B8
100
AcDbEntity
  8
Experiment Box
 62
    18
420
        0
370
    70
  0
ENDBLK
  5
A5
330
A2
100
AcDbEntity
  8
0
100
AcDbBlockEnd
  0
BLOCK
  5
A8
330
A6
100
AcDbEntity
  8
0
100
AcDbBlockBegin
  2
block 12
 70
     0
 10
0.0
 20
0.0
 30
0.0
  3
block 12
  1

  0
INSERT
  5
AB
330
A6
100
AcDbEntity
  8
Experiment Box
100
AcDbBlockReference
  2
block 13
 10
0.0
 20
0.0
 30
0.0
  0
ENDBLK
  5
A9
330
A6
100
AcDbEntity
  8
0
100
AcDbBlockEnd
  0
BLOCK
  5
AC
330
AA
100
AcDbEntity
  8
0
100
AcDbBlockBegin
  2
block 13
 70
     0
 10
0.0
 20
0.0
 30
0.0
  3
block 13
  1

  0
INSERT
  5
AF
330
AA
100
AcDbEntity
  8
Experiment Box
100
AcDbBlockReference
  2
block 14
 10
0.0
 20
0.0
 30
0.0
  0
ENDBLK
  5
AD
330
AA
100
AcDbEntity
  8
0
100
AcDbBlockEnd
  0
BLOCK
  5
B0
330
AE
100
AcDbEntity
  8
0
100
AcDbBlockBegin
  2
block 14
 70
     0
 10
0.0
 20
0.0
 30
0.0
  3
block 14
  1

  0
SPLINE
  5
B2
330
AE
100
AcDbEntity
  8
Experiment Box
 62
    18
420
        0
370
    70
100
AcDbSpline
210
0.0
220
0.0
230
1.0
 70
     8
 71
     3
 72
     8
 73
     4
 74
     0
 42
0.0000000001
 43
0.0000000001
 12
1.0
 22
0.0
 32
0.0
 13
1.0
 23
0.0
 33
0.0
 40
0.0
 40
0.0
 40
0.0
 40
0.0
 40
1.0
 40
1.0
 40
1.0
 40
1.0
 10
243.3680476800527
 20
-77.20926192514202
 30
0.0
 10
241.1420199590657
 20
-77.20926192514202
 30
0.0
 10
239.2610794514969
 20
-79.41959109125625
 30
0.0
 10
238.6524319670248
 20
-82.45312720160904
 30
0.0
  0
INSERT
  5
B4
330
AE
100
AcDbEntity
  8
Experiment Box
100
AcDbBlockReference
  2
block 15
 10
0.0
 20
0.0
 30
0.0
  0
ENDBLK
  5
B1
330
AE
100
AcDbEntity
  8
0
100
AcDbBlockEnd
  0
BLOCK
  5
B5
330
B3
100
AcDbEntity
  8
0
100
AcDbBlockBegin
  2
block 15
 70
     0
 10
0.0
 20
0.0
 30
0.0
  3
block 15
  1

  0
SPLINE
  5
B7
330
B3
100
AcDbEntity
  8
Experiment Box
370
     0
100
AcDbSpline
210
0.0
220
0.0
230
1.0
 70
    11
 71
     3
 72
    17
 73
    13
 74
     0
 42
0.0000000001
 43
0.0000000001
 12
1.0
 22
0.0
 32
0.0
 13
1.0
 23
0.0
 33
0.0
 40
0.0
 40
0.0
 40
0.0
 40
0.0
 40
1.0
 40
1.0
 40
1.0
 40
2.0
 40
2.0
 40
2.0
 40
3.0
 40
3.0
 40
3.0
 40
4.0
 40
4.0
 40
4.0
 40
4.0
 10
238.4453514167523
 20
-84.57335692330103
 30
0.0
 10
238.183660867873
 20
-83.53735442355996
 30
0.0
 10
237.6869850472109
 20
-82.23327609055289
 30
0.0
 10
237.1020795065776
 20
-81.39489970187348
 30
0.0
 10
237.1020795065776
 20
-81.39489970187348
 30
0.0
 10
238.7047136323576
 20
-82.1789130350107
 30
0.0
 10
238.7047136323576
 20
-82.1789130350107
 30
0.0
 10
238.7047136323576
 20
-82.1789130350107
 30
0.0
 10
240.4377344214779
 20
-81.75624997956095
 30
0.0
 10
240.4377344214779
 20
-81.75624997956095
 30
0.0
 10
239.6868822184115
 20
-82.44991692383199
 30
0.0
 10
238.9224480712472
 20
-83.61736442354008
 30
0.0
 10
238.4453514167523
 20
-84.57335692330103
 30
0.0
  0
ENDBLK
  5
B6
330
B3
100
AcDbEntity
  8
0
100
AcDbBlockEnd
  0
BLOCK
  5
BE
330
BC
100
AcDbEntity
  8
0
100
AcDbBlockBegin
  2
block 16
 70
     0
 10
0.0
 20
0.0
 30
0.0
  3
block 16
  1

  0
INSERT
  5
C1
330
BC
100
AcDbEntity
  8
Experiment Box
100
AcDbBlockReference
  2
block 17
 10
0.0
 20
0.0
 30
0.0
  0
POLYLINE
  5
D3
330
BC
100
AcDbEntity
  8
Experiment Box
 62
   250
420
  1645085
370
    35
100
AcDb2dPolyline
 66
     1
 10
0.0
 20
0.0
 30
0.0
  0
VERTEX
  5
D4
330
D3
100
AcDbEntity
  8
Experiment Box
 62
   250
420
  1645085
370
    35
100
AcDbVertex
100
AcDb2dVertex
 10
243.3840990685321
 20
-77.20926192514202
 30
0.0
  0
VERTEX
  5
D5
330
D3
100
AcDbEntity
  8
Experiment Box
 62
   250
420
  1645085
370
    35
100
AcDbVertex
100
AcDb2dVertex
 10
244.1559062710639
 20
-77.20926192514202
 30
0.0
  0
SEQEND
  5
D6
330
D3
100
AcDbEntity
  8
Experiment Box
 62
   250
420
  1645085
370
    35
  0
ENDBLK
  5
BF
330
BC
100
AcDbEntity
  8
0
100
AcDbBlockEnd
  0
BLOCK
  5
C2
330
C0
100
AcDbEntity
  8
0
100
AcDbBlockBegin
  2
block 17
 70
     0
 10
0.0
 20
0.0
 30
0.0
  3
block 17
  1

  0
INSERT
  5
C5
330
C0
100
AcDbEntity
  8
Experiment Box
100
AcDbBlockReference
  2
block 18
 10
0.0
 20
0.0
 30
0.0
  0
ENDBLK
  5
C3
330
C0
100
AcDbEntity
  8
0
100
AcDbBlockEnd
  0
BLOCK
  5
C6
330
C4
100
AcDbEntity
  8
0
100
AcDbBlockBegin
  2
block 18
 70
     0
 10
0.0
 20
0.0
 30
0.0
  3
block 18
  1

  0
INSERT
  5
C9
330
C4
100
AcDbEntity
  8
Experiment Box
100
AcDbBlockReference
  2
block 19
 10
0.0
 20
0.0
 30
0.0
  0
ENDBLK
  5
C7
330
C4
100
AcDbEntity
  8
0
100
AcDbBlockEnd
  0
BLOCK
  5
CA
330
C8
100
AcDbEntity
  8
0
100
AcDbBlockBegin
  2
block 19
 70
     0
 10
0.0
 20
0.0
 30
0.0
  3
block 19
  1

  0
SPLINE
  5
CC
330
C8
100
AcDbEntity
  8
Experiment Box
 62
   250
420
  1645085
370
    35
100
AcDbSpline
210
0.0
220
0.0
230
1.0
 70
     8
 71
     3
 72
     8
 73
     4
 74
     0
 42
0.0000000001
 43
0.0000000001
 12
1.0
 22
0.0
 32
0.0
 13
1.0
 23
0.0
 33
0.0
 40
0.0
 40
0.0
 40
0.0
 40
0.0
 40
1.0
 40
1.0
 40
1.0
 40
1.0
 10
243.3840990685321
 20
-77.20926192514202
 30
0.0
 10
241.1148207930929
 20
-77.20926192514202
 30
0.0
 10
239.2116200083143
 20
-79.39073386904127
 30
0.0
 10
238.6980814103046
 20
-82.32905525719555
 30
0.0
  0
INSERT
  5
CE
330
C8
100
AcDbEntity
  8
Experiment Box
100
AcDbBlockReference
  2
block 20
 10
0.0
 20
0.0
 30
0.0
  0
ENDBLK
  5
CB
330
C8
100
AcDbEntity
  8
0
100
AcDbBlockEnd
  0
BLOCK
  5
CF
330
CD
100
AcDbEntity
  8
0
100
AcDbBlockBegin
  2
block 20
 70
     0
 10
0.0
 20
0.0
 30
0.0
  3
block 20
  1

  0
SPLINE
  5
D1
330
CD
100
AcDbEntity
  8
Experiment Box
370
     0
100
AcDbSpline
210
0.0
220
0.0
230
1.0
 70
    11
 71
     3
 72
    17
 73
    13
 74
     0
 42
0.0000000001
 43
0.0000000001
 12
1.0
 22
0.0
 32
0.0
 13
1.0
 23
0.0
 33
0.0
 40
0.0
 40
0.0
 40
0.0
 40
0.0
 40
1.0
 40
1.0
 40
1.0
 40
2.0
 40
2.0
 40
2.0
 40
3.0
 40
3.0
 40
3.0
 40
4.0
 40
4.0
 40
4.0
 40
4.0
 10
238.5616269693414
 20
-83.92092970124189
 30
0.0
 10
238.3566983634585
 20
-83.14615914588023
 30
0.0
 10
237.973264206574
 20
-82.17231609056803
 30
0.0
 10
237.5276000512772
 20
-81.54849914627964
 30
0.0
 10
237.5276000512772
 20
-81.54849914627964
 30
0.0
 10
238.736075576002
 20
-82.12303303502489
 30
0.0
 10
238.736075576002
 20
-82.12303303502489
 30
0.0
 10
238.736075576002
 20
-82.12303303502489
 30
0.0
 10
240.032216376268
 20
-81.79149247955219
 30
0.0
 10
240.032216376268
 20
-81.79149247955219
 30
0.0
 10
239.474898057153
 20
-82.31801331275368
 30
0.0
 10
238.9114061270845
 20
-83.19999303475547
 30
0.0
 10
238.5616269693414
 20
-83.92092970124189
 30
0.0
  0
HATCH
  5
D2
330
CD
100
AcDbEntity
  8
Experiment Box
 62
   250
420
  1645085
100
AcDbHatch
 10
0.0
 20
0.0
 30
0.0
210
0.0
220
0.0
230
1.0
  2
SOLID
 70
     1
 71
     0
 91
        1
 92
        1
 93
        1
 72
     4
 94
        3
 73
     0
 74
     1
 95
       17
 96
       13
 40
0.0
 40
0.0
 40
0.0
 40
0.0
 40
1.0
 40
1.0
 40
1.0
 40
2.0
 40
2.0
 40
2.0
 40
3.0
 40
3.0
 40
3.0
 40
4.0
 40
4.0
 40
4.0
 40
4.0
 10
238.5616269693414
 20
-83.92092970124189
 10
238.3566983634585
 20
-83.14615914588023
 10
237.973264206574
 20
-82.17231609056803
 10
237.5276000512772
 20
-81.54849914627964
 10
237.5276000512772
 20
-81.54849914627964
 10
238.736075576002
 20
-82.12303303502489
 10
238.736075576002
 20
-82.12303303502489
 10
238.736075576002
 20
-82.12303303502489
 10
240.032216376268
 20
-81.79149247955219
 10
240.032216376268
 20
-81.79149247955219
 10
239.474898057153
 20
-82.31801331275368
 10
238.9114061270845
 20
-83.19999303475547
 10
238.5616269693414
 20
-83.92092970124189
 97
        0
 97
        0
 75
     2
 76
     1
 98
        0
  0
ENDBLK
  5
D0
330
CD
100
AcDbEntity
  8
0
100
AcDbBlockEnd
  0
BLOCK
  5
D9
330
D7
100
AcDbEntity
  8
0
100
AcDbBlockBegin
  2
block 21
 70
     0
 10
0.0
 20
0.0
 30
0.0
  3
block 21
  1

  0
INSERT
  5
DC
330
D7
100
AcDbEntity
  8
Experiment Box
100
AcDbBlockReference
  2
block 22
 10
0.0
 20
0.0
 30
0.0
  0
INSERT
  5
F6
330
D7
100
AcDbEntity
  8
Experiment Box
100
AcDbBlockReference
  2
block 27
 10
0.0
 20
0.0
 30
0.0
  0
ENDBLK
  5
DA
330
D7
100
AcDbEntity
  8
0
100
AcDbBlockEnd
  0
BLOCK
  5
DD
330
DB
100
AcDbEntity
  8
0
100
AcDbBlockBegin
  2
block 22
 70
     0
 10
0.0
 20
0.0
 30
0.0
  3
block 22
  1

  0
INSERT
  5
E0
330
DB
100
AcDbEntity
  8
Experiment Box
100
AcDbBlockReference
  2
block 23
 10
0.0
 20
0.0
 30
0.0
  0
POLYLINE
  5
F1
330
DB
100
AcDbEntity
  8
Experiment Box
 62
    18
420
        0
370
    60
100
AcDb2dPolyline
 66
     1
 10
0.0
 20
0.0
 30
0.0
  0
VERTEX
  5
F2
330
F1
100
AcDbEntity
  8
Experiment Box
 62
    18
420
        0
370
    60
100
AcDbVertex
100
AcDb2dVertex
 10
248.62684160451
 20
-77.17063275848516
 30
0.0
  0
VERTEX
  5
F3
330
F1
100
AcDbEntity
  8
Experiment Box
 62
    18
420
        0
370
    60
100
AcDbVertex
100
AcDb2dVertex
 10
247.8153758999253
 20
-77.17063275848516
 30
0.0
  0
SEQEND
  5
F4
330
F1
100
AcDbEntity
  8
Experiment Box
 62
    18
420
        0
370
    60
  0
ENDBLK
  5
DE
330
DB
100
AcDbEntity
  8
0
100
AcDbBlockEnd
  0
BLOCK
  5
E1
330
DF
100
AcDbEntity
  8
0
100
AcDbBlockBegin
  2
block 23
 70
     0
 10
0.0
 20
0.0
 30
0.0
  3
block 23
  1

  0
INSERT
  5
E4
330
DF
100
AcDbEntity
  8
Experiment Box
100
AcDbBlockReference
  2
block 24
 10
0.0
 20
0.0
 30
0.0
  0
ENDBLK
  5
E2
330
DF
100
AcDbEntity
  8
0
100
AcDbBlockEnd
  0
BLOCK
  5
E5
330
E3
100
AcDbEntity
  8
0
100
AcDbBlockBegin
  2
block 24
 70
     0
 10
0.0
 20
0.0
 30
0.0
  3
block 24
  1

  0
INSERT
  5
E8
330
E3
100
AcDbEntity
  8
Experiment Box
100
AcDbBlockReference
  2
block 25
 10
0.0
 20
0.0
 30
0.0
  0
ENDBLK
  5
E6
330
E3
100
AcDbEntity
  8
0
100
AcDbBlockEnd
  0
BLOCK
  5
E9
330
E7
100
AcDbEntity
  8
0
100
AcDbBlockBegin
  2
block 25
 70
     0
 10
0.0
 20
0.0
 30
0.0
  3
block 25
  1

  0
SPLINE
  5
EB
330
E7
100
AcDbEntity
  8
Experiment Box
 62
    18
420
        0
370
    60
100
AcDbSpline
210
0.0
220
0.0
230
1.0
 70
     8
 71
     3
 72
     8
 73
     4
 74
     0
 42
0.0000000001
 43
0.0000000001
 12
1.0
 22
0.0
 32
0.0
 13
1.0
 23
0.0
 33
0.0
 40
0.0
 40
0.0
 40
0.0
 40
0.0
 40
1.0
 40
1.0
 40
1.0
 40
1.0
 10
248.62684160451
 20
-77.17063275848516
 30
0.0
 10
250.9854016523845
 20
-77.17063275848516
 30
0.0
 10
252.9678010462537
 20
-79.50884386901161
 30
0.0
 10
253.5345738095719
 20
-82.67594164599767
 30
0.0
  0
INSERT
  5
ED
330
E7
100
AcDbEntity
  8
Experiment Box
100
AcDbBlockReference
  2
block 26
 10
0.0
 20
0.0
 30
0.0
  0
ENDBLK
  5
EA
330
E7
100
AcDbEntity
  8
0
100
AcDbBlockEnd
  0
BLOCK
  5
EE
330
EC
100
AcDbEntity
  8
0
100
AcDbBlockBegin
  2
block 26
 70
     0
 10
0.0
 20
0.0
 30
0.0
  3
block 26
  1

  0
SPLINE
  5
F0
330
EC
100
AcDbEntity
  8
Experiment Box
370
     0
100
AcDbSpline
210
0.0
220
0.0
230
1.0
 70
    11
 71
     3
 72
    17
 73
    13
 74
     0
 42
0.0000000001
 43
0.0000000001
 12
1.0
 22
0.0
 32
0.0
 13
1.0
 23
0.0
 33
0.0
 40
0.0
 40
0.0
 40
0.0
 40
0.0
 40
1.0
 40
1.0
 40
1.0
 40
2.0
 40
2.0
 40
2.0
 40
3.0
 40
3.0
 40
3.0
 40
4.0
 40
4.0
 40
4.0
 40
4.0
 10
253.6972396387553
 20
-84.5328933122
 30
0.0
 10
253.2880174269732
 20
-83.6922238679658
 30
0.0
 10
252.6296282771034
 20
-82.66391192377851
 30
0.0
 10
251.9788591270393
 20
-82.05029025726512
 30
0.0
 10
251.9788591270393
 20
-82.05029025726512
 30
0.0
 10
253.4916760328886
 20
-82.43555886827986
 30
0.0
 10
253.4916760328886
 20
-82.43555886827986
 30
0.0
 10
253.4916760328886
 20
-82.43555886827986
 30
0.0
 10
254.9005998858328
 20
-81.76390525733689
 30
0.0
 10
254.9005998858328
 20
-81.76390525733689
 30
0.0
 10
254.3813815657458
 20
-82.49221497937685
 30
0.0
 10
253.935152966019
 20
-83.62879442353724
 30
0.0
 10
253.6972396387553
 20
-84.5328933122
 30
0.0
  0
ENDBLK
  5
EF
330
EC
100
AcDbEntity
  8
0
100
AcDbBlockEnd
  0
BLOCK
  5
F7
330
F5
100
AcDbEntity
  8
0
100
AcDbBlockBegin
  2
block 27
 70
     0
 10
0.0
 20
0.0
 30
0.0
  3
block 27
  1

  0
INSERT
  5
FA
330
F5
100
AcDbEntity
  8
Experiment Box
100
AcDbBlockReference
  2
block 28
 10
0.0
 20
0.0
 30
0.0
  0
POLYLINE
  5
10C
330
F5
100
AcDbEntity
  8
Experiment Box
 62
   250
420
  1645085
370
    35
100
AcDb2dPolyline
 66
     1
 10
0.0
 20
0.0
 30
0.0
  0
VERTEX
  5
10D
330
10C
100
AcDbEntity
  8
Experiment Box
 62
   250
420
  1645085
370
    35
100
AcDbVertex
100
AcDb2dVertex
 10
248.6103253240889
 20
-77.17063275848516
 30
0.0
  0
VERTEX
  5
10E
330
10C
100
AcDbEntity
  8
Experiment Box
 62
   250
420
  1645085
370
    35
100
AcDbVertex
100
AcDb2dVertex
 10
247.8153758999253
 20
-77.17063275848516
 30
0.0
  0
SEQEND
  5
10F
330
10C
100
AcDbEntity
  8
Experiment Box
 62
   250
420
  1645085
370
    35
  0
ENDBLK
  5
F8
330
F5
100
AcDbEntity
  8
0
100
AcDbBlockEnd
  0
BLOCK
  5
FB
330
F9
100
AcDbEntity
  8
0
100
AcDbBlockBegin
  2
block 28
 70
     0
 10
0.0
 20
0.0
 30
0.0
  3
block 28
  1

  0
INSERT
  5
FE
330
F9
100
AcDbEntity
  8
Experiment Box
100
AcDbBlockReference
  2
block 29
 10
0.0
 20
0.0
 30
0.0
  0
ENDBLK
  5
FC
330
F9
100
AcDbEntity
  8
0
100
AcDbBlockEnd
  0
BLOCK
  5
FF
330
FD
100
AcDbEntity
  8
0
100
AcDbBlockBegin
  2
block 29
 70
     0
 10
0.0
 20
0.0
 30
0.0
  3
block 29
  1

  0
INSERT
  5
102
330
FD
100
AcDbEntity
  8
Experiment Box
100
AcDbBlockReference
  2
block 30
 10
0.0
 20
0.0
 30
0.0
  0
ENDBLK
  5
100
330
FD
100
AcDbEntity
  8
0
100
AcDbBlockEnd
  0
BLOCK
  5
103
330
101
100
AcDbEntity
  8
0
100
AcDbBlockBegin
  2
block 30
 70
     0
 10
0.0
 20
0.0
 30
0.0
  3
block 30
  1

  0
SPLINE
  5
105
330
101
100
AcDbEntity
  8
Experiment Box
 62
   250
420
  1645085
370
    35
100
AcDbSpline
210
0.0
220
0.0
230
1.0
 70
     8
 71
     3
 72
     8
 73
     4
 74
     0
 42
0.0000000001
 43
0.0000000001
 12
1.0
 22
0.0
 32
0.0
 13
1.0
 23
0.0
 33
0.0
 40
0.0
 40
0.0
 40
0.0
 40
0.0
 40
1.0
 40
1.0
 40
1.0
 40
1.0
 10
248.6103253240889
 20
-77.17063275848516
 30
0.0
 10
250.9476897089022
 20
-77.17063275848516
 30
0.0
 10
252.907969936669
 20
-79.35150498016209
 30
0.0
 10
253.4369249231743
 20
-82.28912081276117
 30
0.0
  0
INSERT
  5
107
330
101
100
AcDbEntity
  8
Experiment Box
100
AcDbBlockReference
  2
block 31
 10
0.0
 20
0.0
 30
0.0
  0
ENDBLK
  5
104
330
101
100
AcDbEntity
  8
0
100
AcDbBlockEnd
  0
BLOCK
  5
108
330
106
100
AcDbEntity
  8
0
100
AcDbBlockBegin
  2
block 31
 70
     0
 10
0.0
 20
0.0
 30
0.0
  3
block 31
  1

  0
SPLINE
  5
10A
330
106
100
AcDbEntity
  8
Experiment Box
370
     0
100
AcDbSpline
210
0.0
220
0.0
230
1.0
 70
    11
 71
     3
 72
    17
 73
    13
 74
     0
 42
0.0000000001
 43
0.0000000001
 12
1.0
 22
0.0
 32
0.0
 13
1.0
 23
0.0
 33
0.0
 40
0.0
 40
0.0
 40
0.0
 40
0.0
 40
1.0
 40
1.0
 40
1.0
 40
2.0
 40
2.0
 40
2.0
 40
3.0
 40
3.0
 40
3.0
 40
4.0
 40
4.0
 40
4.0
 40
4.0
 10
253.5774715862553
 20
-83.88064247902975
 30
0.0
 10
253.2253288174614
 20
-83.16072886809877
 30
0.0
 10
252.6592968874577
 20
-82.28040720165225
 30
0.0
 10
252.100461623937
 20
-81.7555091462279
 30
0.0
 10
252.100461623937
 20
-81.7555091462279
 30
0.0
 10
253.3978082699838
 20
-82.08323970170156
 30
0.0
 10
253.3978082699838
 20
-82.08323970170156
 30
0.0
 10
253.3978082699838
 20
-82.08323970170156
 30
0.0
 10
254.6043723933902
 20
-81.50524859073468
 30
0.0
 10
254.6043723933902
 20
-81.50524859073468
 30
0.0
 10
254.1605138253487
 20
-82.13033553502308
 30
0.0
 10
253.7798954699799
 20
-83.10530747922361
 30
0.0
 10
253.5774715862553
 20
-83.88064247902975
 30
0.0
  0
HATCH
  5
10B
330
106
100
AcDbEntity
  8
Experiment Box
 62
   250
420
  1645085
100
AcDbHatch
 10
0.0
 20
0.0
 30
0.0
210
0.0
220
0.0
230
1.0
  2
SOLID
 70
     1
 71
     0
 91
        1
 92
        1
 93
        1
 72
     4
 94
        3
 73
     0
 74
     1
 95
       17
 96
       13
 40
0.0
 40
0.0
 40
0.0
 40
0.0
 40
1.0
 40
1.0
 40
1.0
 40
2.0
 40
2.0
 40
2.0
 40
3.0
 40
3.0
 40
3.0
 40
4.0
 40
4.0
 40
4.0
 40
4.0
 10
253.5774715862553
 20
-83.88064247902975
 10
253.2253288174614
 20
-83.16072886809877
 10
252.6592968874577
 20
-82.28040720165225
 10
252.100461623937
 20
-81.7555091462279
 10
252.100461623937
 20
-81.7555091462279
 10
253.3978082699838
 20
-82.08323970170156
 10
253.3978082699838
 20
-82.08323970170156
 10
253.3978082699838
 20
-82.08323970170156
 10
254.6043723933902
 20
-81.50524859073468
 10
254.6043723933902
 20
-81.50524859073468
 10
254.1605138253487
 20
-82.13033553502308
 10
253.7798954699799
 20
-83.10530747922361
 10
253.5774715862553
 20
-83.88064247902975
 97
        0
 97
        0
 75
     2
 76
     1
 98
        0
  0
ENDBLK
  5
109
330
106
100
AcDbEntity
  8
0
100
AcDbBlockEnd
  0
BLOCK
  5
114
330
112
100
AcDbEntity
  8
0
100
AcDbBlockBegin
  2
block 32
 70
     0
 10
0.0
 20
0.0
 30
0.0
  3
block 32
  1

  0
POLYLINE
  5
116
330
112
100
AcDbEntity
  8
Experiment Box
 62
     7
420
 16777215
370
     9
100
AcDb2dPolyline
 66
     1
 10
0.0
 20
0.0
 30
0.0
  0
VERTEX
  5
117
330
116
100
AcDbEntity
  8
Experiment Box
 62
     7
420
 16777215
370
     9
100
AcDbVertex
100
AcDb2dVertex
 10
238.0570136488818
 20
-116.6003933041833
 30
0.0
  0
VERTEX
  5
118
330
116
100
AcDbEntity
  8
Experiment Box
 62
     7
420
 16777215
370
     9
100
AcDbVertex
100
AcDb2dVertex
 10
238.6976580769821
 20
-116.6003933041833
 30
0.0
  0
VERTEX
  5
119
330
116
100
AcDbEntity
  8
Experiment Box
 62
     7
420
 16777215
370
     9
100
AcDbVertex
100
AcDb2dVertex
 10
238.6976580769821
 20
-120.450080803221
 30
0.0
  0
VERTEX
  5
11A
330
116
100
AcDbEntity
  8
Experiment Box
 62
     7
420
 16777215
370
     9
100
AcDbVertex
100
AcDb2dVertex
 10
239.4984636121074
 20
-120.450080803221
 30
0.0
  0
VERTEX
  5
11B
330
116
100
AcDbEntity
  8
Experiment Box
 62
     7
420
 16777215
370
     9
100
AcDbVertex
100
AcDb2dVertex
 10
239.4984636121074
 20
-116.6003933041833
 30
0.0
  0
VERTEX
  5
11C
330
116
100
AcDbEntity
  8
Experiment Box
 62
     7
420
 16777215
370
     9
100
AcDbVertex
100
AcDb2dVertex
 10
240.3170491467791
 20
-116.6003933041833
 30
0.0
  0
VERTEX
  5
11D
330
116
100
AcDbEntity
  8
Experiment Box
 62
     7
420
 16777215
370
     9
100
AcDbVertex
100
AcDb2dVertex
 10
240.3170491467791
 20
-119.599851081211
 30
0.0
  0
VERTEX
  5
11E
330
116
100
AcDbEntity
  8
Experiment Box
 62
     7
420
 16777215
370
     9
100
AcDbVertex
100
AcDb2dVertex
 10
241.1178899596813
 20
-119.599851081211
 30
0.0
  0
VERTEX
  5
11F
330
116
100
AcDbEntity
  8
Experiment Box
 62
     7
420
 16777215
370
     9
100
AcDbVertex
100
AcDb2dVertex
 10
241.1178899596813
 20
-116.6003933041833
 30
0.0
  0
VERTEX
  5
120
330
116
100
AcDbEntity
  8
Experiment Box
 62
     7
420
 16777215
370
     9
100
AcDbVertex
100
AcDb2dVertex
 10
241.9364754943529
 20
-116.6003933041833
 30
0.0
  0
VERTEX
  5
121
330
116
100
AcDbEntity
  8
Experiment Box
 62
     7
420
 16777215
370
     9
100
AcDbVertex
100
AcDb2dVertex
 10
241.9364754943529
 20
-118.7495860814235
 30
0.0
  0
VERTEX
  5
122
330
116
100
AcDbEntity
  8
Experiment Box
 62
     7
420
 16777215
370
     9
100
AcDbVertex
100
AcDb2dVertex
 10
242.7550963068015
 20
-118.7495860814235
 30
0.0
  0
VERTEX
  5
123
330
116
100
AcDbEntity
  8
Experiment Box
 62
     7
420
 16777215
370
     9
100
AcDbVertex
100
AcDb2dVertex
 10
242.7550963068015
 20
-116.6003933041833
 30
0.0
  0
VERTEX
  5
124
330
116
100
AcDbEntity
  8
Experiment Box
 62
     7
420
 16777215
370
     9
100
AcDbVertex
100
AcDb2dVertex
 10
243.5736818414732
 20
-116.6003933041833
 30
0.0
  0
VERTEX
  5
125
330
116
100
AcDbEntity
  8
Experiment Box
 62
     7
420
 16777215
370
     9
100
AcDbVertex
100
AcDb2dVertex
 10
243.5736818414732
 20
-117.8806591371966
 30
0.0
  0
VERTEX
  5
126
330
116
100
AcDbEntity
  8
Experiment Box
 62
     7
420
 16777215
370
     9
100
AcDbVertex
100
AcDb2dVertex
 10
244.3923026539218
 20
-117.8806591371966
 30
0.0
  0
VERTEX
  5
127
330
116
100
AcDbEntity
  8
Experiment Box
 62
     7
420
 16777215
370
     9
100
AcDbVertex
100
AcDb2dVertex
 10
244.3923026539218
 20
-116.6003933041833
 30
0.0
  0
VERTEX
  5
128
330
116
100
AcDbEntity
  8
Experiment Box
 62
     7
420
 16777215
370
     9
100
AcDbVertex
100
AcDb2dVertex
 10
245.1931081890471
 20
-116.6003933041833
 30
0.0
  0
VERTEX
  5
129
330
116
100
AcDbEntity
  8
Experiment Box
 62
     7
420
 16777215
370
     9
100
AcDbVertex
100
AcDb2dVertex
 10
245.1931081890471
 20
-117.0491266374041
 30
0.0
  0
VERTEX
  5
12A
330
116
100
AcDbEntity
  8
Experiment Box
 62
     7
420
 16777215
370
     9
100
AcDbVertex
100
AcDb2dVertex
 10
245.9939137241724
 20
-117.0491266374041
 30
0.0
  0
VERTEX
  5
12B
330
116
100
AcDbEntity
  8
Experiment Box
 62
     7
420
 16777215
370
     9
100
AcDbVertex
100
AcDb2dVertex
 10
245.9939137241724
 20
-116.1988616376172
 30
0.0
  0
VERTEX
  5
12C
330
116
100
AcDbEntity
  8
Experiment Box
 62
     7
420
 16777215
370
     9
100
AcDbVertex
100
AcDb2dVertex
 10
246.8125054938525
 20
-116.1988616376172
 30
0.0
  0
VERTEX
  5
12D
330
116
100
AcDbEntity
  8
Experiment Box
 62
     7
420
 16777215
370
     9
100
AcDbVertex
100
AcDb2dVertex
 10
246.8125054938525
 20
-116.6239941375107
 30
0.0
  0
VERTEX
  5
12E
330
116
100
AcDbEntity
  8
Experiment Box
 62
     7
420
 16777215
370
     9
100
AcDbVertex
100
AcDb2dVertex
 10
247.6133400717463
 20
-116.6239941375107
 30
0.0
  0
VERTEX
  5
12F
330
116
100
AcDbEntity
  8
Experiment Box
 62
     7
420
 16777215
370
     9
100
AcDbVertex
100
AcDb2dVertex
 10
247.6133400717463
 20
-115.3486319156072
 30
0.0
  0
VERTEX
  5
130
330
116
100
AcDbEntity
  8
Experiment Box
 62
     7
420
 16777215
370
     9
100
AcDbVertex
100
AcDb2dVertex
 10
248.4141456068716
 20
-115.3486319156072
 30
0.0
  0
VERTEX
  5
131
330
116
100
AcDbEntity
  8
Experiment Box
 62
     7
420
 16777215
370
     9
100
AcDbVertex
100
AcDb2dVertex
 10
248.4141456068716
 20
-116.6239941375107
 30
0.0
  0
VERTEX
  5
132
330
116
100
AcDbEntity
  8
Experiment Box
 62
     7
420
 16777215
370
     9
100
AcDbVertex
100
AcDb2dVertex
 10
249.2149511419969
 20
-116.6239941375107
 30
0.0
  0
VERTEX
  5
133
330
116
100
AcDbEntity
  8
Experiment Box
 62
     7
420
 16777215
370
     9
100
AcDbVertex
100
AcDb2dVertex
 10
249.2149511419969
 20
-114.4747660824924
 30
0.0
  0
VERTEX
  5
134
330
116
100
AcDbEntity
  8
Experiment Box
 62
     7
420
 16777215
370
     9
100
AcDbVertex
100
AcDb2dVertex
 10
250.0157566771222
 20
-114.4747660824924
 30
0.0
  0
VERTEX
  5
135
330
116
100
AcDbEntity
  8
Experiment Box
 62
     7
420
 16777215
370
     9
100
AcDbVertex
100
AcDb2dVertex
 10
250.0157566771222
 20
-116.6239941375107
 30
0.0
  0
VERTEX
  5
136
330
116
100
AcDbEntity
  8
Experiment Box
 62
     7
420
 16777215
370
     9
100
AcDbVertex
100
AcDb2dVertex
 10
250.8322608229581
 20
-116.6239941375107
 30
0.0
  0
VERTEX
  5
137
330
116
100
AcDbEntity
  8
Experiment Box
 62
     7
420
 16777215
370
     9
100
AcDbVertex
100
AcDb2dVertex
 10
250.8322608229581
 20
-113.6298280271481
 30
0.0
  0
VERTEX
  5
138
330
116
100
AcDbEntity
  8
Experiment Box
 62
     7
420
 16777215
370
     9
100
AcDbVertex
100
AcDb2dVertex
 10
251.6451666355525
 20
-113.6298280271481
 30
0.0
  0
VERTEX
  5
139
330
116
100
AcDbEntity
  8
Experiment Box
 62
     7
420
 16777215
370
     9
100
AcDbVertex
100
AcDb2dVertex
 10
251.6451666355525
 20
-116.6410333041732
 30
0.0
  0
VERTEX
  5
13A
330
116
100
AcDbEntity
  8
Experiment Box
 62
     7
420
 16777215
370
     9
100
AcDbVertex
100
AcDb2dVertex
 10
252.4401866152699
 20
-116.6410333041732
 30
0.0
  0
VERTEX
  5
13B
330
116
100
AcDbEntity
  8
Experiment Box
 62
     7
420
 16777215
370
     9
100
AcDbVertex
100
AcDb2dVertex
 10
252.4401866152699
 20
-112.7999535829112
 30
0.0
  0
VERTEX
  5
13C
330
116
100
AcDbEntity
  8
Experiment Box
 62
     7
420
 16777215
370
     9
100
AcDbVertex
100
AcDb2dVertex
 10
253.2441318725373
 20
-112.7999535829112
 30
0.0
  0
VERTEX
  5
13D
330
116
100
AcDbEntity
  8
Experiment Box
 62
     7
420
 16777215
370
     9
100
AcDbVertex
100
AcDb2dVertex
 10
253.2441318725373
 20
-116.6765933041644
 30
0.0
  0
VERTEX
  5
13E
330
116
100
AcDbEntity
  8
Experiment Box
 62
     7
420
 16777215
370
     9
100
AcDbVertex
100
AcDb2dVertex
 10
254.0570024073548
 20
-116.6765933041644
 30
0.0
  0
SEQEND
  5
140
330
116
100
AcDbEntity
  8
Experiment Box
 62
     7
420
 16777215
370
     9
  0
HATCH
  5
13F
330
112
100
AcDbEntity
  8
Experiment Box
 62
     7
420
 16777215
100
AcDbHatch
 10
0.0
 20
0.0
 30
0.0
210
0.0
220
0.0
230
1.0
  2
SOLID
 70
     1
 71
     0
 91
        1
 92
        1
 93
       40
 72
     1
 10
238.0570136488818
 20
-116.6003933041833
 11
238.6976580769821
 21
-116.6003933041833
 72
     1
 10
238.6976580769821
 20
-116.6003933041833
 11
238.6976580769821
 21
-120.450080803221
 72
     1
 10
238.6976580769821
 20
-120.450080803221
 11
239.4984636121074
 21
-120.450080803221
 72
     1
 10
239.4984636121074
 20
-120.450080803221
 11
239.4984636121074
 21
-116.6003933041833
 72
     1
 10
239.4984636121074
 20
-116.6003933041833
 11
240.3170491467791
 21
-116.6003933041833
 72
     1
 10
240.3170491467791
 20
-116.6003933041833
 11
240.3170491467791
 21
-119.599851081211
 72
     1
 10
240.3170491467791
 20
-119.599851081211
 11
241.1178899596813
 21
-119.599851081211
 72
     1
 10
241.1178899596813
 20
-119.599851081211
 11
241.1178899596813
 21
-116.6003933041833
 72
     1
 10
241.1178899596813
 20
-116.6003933041833
 11
241.936475494353
 21
-116.6003933041833
 72
     1
 10
241.9364754943529
 20
-116.6003933041833
 11
241.9364754943529
 21
-118.7495860814235
 72
     1
 10
241.9364754943529
 20
-118.7495860814235
 11
242.7550963068015
 21
-118.7495860814235
 72
     1
 10
242.7550963068015
 20
-118.7495860814235
 11
242.7550963068015
 21
-116.6003933041833
 72
     1
 10
242.7550963068015
 20
-116.6003933041833
 11
243.5736818414732
 21
-116.6003933041833
 72
     1
 10
243.5736818414732
 20
-116.6003933041833
 11
243.5736818414732
 21
-117.8806591371966
 72
     1
 10
243.5736818414732
 20
-117.8806591371966
 11
244.3923026539218
 21
-117.8806591371966
 72
     1
 10
244.3923026539218
 20
-117.8806591371966
 11
244.3923026539218
 21
-116.6003933041833
 72
     1
 10
244.3923026539218
 20
-116.6003933041833
 11
245.1931081890471
 21
-116.6003933041833
 72
     1
 10
245.1931081890471
 20
-116.6003933041833
 11
245.1931081890471
 21
-117.0491266374041
 72
     1
 10
245.1931081890471
 20
-117.0491266374041
 11
245.9939137241724
 21
-117.0491266374041
 72
     1
 10
245.9939137241724
 20
-117.0491266374041
 11
245.9939137241724
 21
-116.1988616376172
 72
     1
 10
245.9939137241724
 20
-116.1988616376172
 11
246.8125054938525
 21
-116.1988616376172
 72
     1
 10
246.8125054938525
 20
-116.1988616376172
 11
246.8125054938525
 21
-116.6239941375107
 72
     1
 10
246.8125054938525
 20
-116.6239941375107
 11
247.6133400717463
 21
-116.6239941375107
 72
     1
 10
247.6133400717463
 20
-116.6239941375107
 11
247.6133400717463
 21
-115.3486319156072
 72
     1
 10
247.6133400717463
 20
-115.3486319156072
 11
248.4141456068716
 21
-115.3486319156072
 72
     1
 10
248.4141456068716
 20
-115.3486319156072
 11
248.4141456068716
 21
-116.6239941375107
 72
     1
 10
248.4141456068716
 20
-116.6239941375107
 11
249.2149511419969
 21
-116.6239941375107
 72
     1
 10
249.2149511419969
 20
-116.6239941375107
 11
249.2149511419969
 21
-114.4747660824924
 72
     1
 10
249.2149511419969
 20
-114.4747660824924
 11
250.0157566771222
 21
-114.4747660824924
 72
     1
 10
250.0157566771222
 20
-114.4747660824924
 11
250.0157566771222
 21
-116.6239941375107
 72
     1
 10
250.0157566771222
 20
-116.6239941375107
 11
250.8322608229581
 21
-116.6239941375107
 72
     1
 10
250.8322608229581
 20
-116.6239941375107
 11
250.8322608229581
 21
-113.6298280271481
 72
     1
 10
250.8322608229581
 20
-113.6298280271481
 11
251.6451666355525
 21
-113.6298280271481
 72
     1
 10
251.6451666355525
 20
-113.6298280271481
 11
251.6451666355525
 21
-116.6410333041732
 72
     1
 10
251.6451666355525
 20
-116.6410333041732
 11
252.4401866152699
 21
-116.6410333041732
 72
     1
 10
252.4401866152699
 20
-116.6410333041732
 11
252.4401866152699
 21
-112.7999535829112
 72
     1
 10
252.4401866152699
 20
-112.7999535829112
 11
253.2441318725373
 21
-112.7999535829112
 72
     1
 10
253.2441318725373
 20
-112.7999535829112
 11
253.2441318725373
 21
-116.6765933041644
 72
     1
 10
253.2441318725373
 20
-116.6765933041644
 11
254.0570024073548
 21
-116.6765933041644
 72
     1
 10
254.0570024073548
 20
-116.6765933041644
 11
238.0570136488818
 21
-116.6003933041833
 97
        0
 75
     2
 76
     1
 98
        0
  0
INSERT
  5
142
330
112
100
AcDbEntity
  8
Experiment Box
100
AcDbBlockReference
  2
block 33
 10
0.0
 20
0.0
 30
0.0
  0
MTEXT
  5
1DF
330
112
100
AcDbEntity
  8
Experiment Box
 62
     7
420
 16777215
100
AcDbMText
 10
240.9417412851864
 20
-98.74927574605137
 30
0.0
 40
1.9981333328338
 41
0.0
 46
0.0
 71
     7
 72
     1
  1
\fMyriad Pro|b0|i0|c0|p34;\W1;Stimulus 
 73
     1
 44
1.0
  0
MTEXT
  5
1E0
330
112
100
AcDbEntity
  8
Experiment Box
 62
     7
420
 16777215
100
AcDbMText
 10
240.9193481645323
 20
-101.571497967568
 30
0.0
 40
1.9981333328338
 41
0.0
 46
0.0
 71
     7
 72
     1
  1
\fMyriad Pro|b0|i0|c0|p34;\W1;Strength
 73
     1
 44
1.0
  0
ENDBLK
  5
115
330
112
100
AcDbEntity
  8
0
100
AcDbBlockEnd
  0
BLOCK
  5
143
330
141
100
AcDbEntity
  8
0
100
AcDbBlockBegin
  2
block 33
 70
     0
 10
0.0
 20
0.0
 30
0.0
  3
block 33
  1

  0
INSERT
  5
146
330
141
100
AcDbEntity
  8
Experiment Box
100
AcDbBlockReference
  2
block 34
 10
0.0
 20
0.0
 30
0.0
  0
INSERT
  5
15A
330
141
100
AcDbEntity
  8
Experiment Box
100
AcDbBlockReference
  2
block 37
 10
0.0
 20
0.0
 30
0.0
  0
INSERT
  5
16E
330
141
100
AcDbEntity
  8
Experiment Box
100
AcDbBlockReference
  2
block 40
 10
0.0
 20
0.0
 30
0.0
  0
INSERT
  5
1A7
330
141
100
AcDbEntity
  8
Experiment Box
100
AcDbBlockReference
  2
block 51
 10
0.0
 20
0.0
 30
0.0
  0
ENDBLK
  5
144
330
141
100
AcDbEntity
  8
0
100
AcDbBlockEnd
  0
BLOCK
  5
147
330
145
100
AcDbEntity
  8
0
100
AcDbBlockBegin
  2
block 34
 70
     0
 10
0.0
 20
0.0
 30
0.0
  3
block 34
  1

  0
INSERT
  5
14A
330
145
100
AcDbEntity
  8
Experiment Box
100
AcDbBlockReference
  2
block 35
 10
0.0
 20
0.0
 30
0.0
  0
MTEXT
  5
158
330
145
100
AcDbEntity
  8
Experiment Box
 62
     7
420
 16777215
100
AcDbMText
 10
237.9829732002551
 20
-112.2556958887692
 30
0.0
 40
2.49766666604225
 41
0.0
 46
0.0
 71
     7
 72
     1
  1
\fMyriad Pro|b0|i0|c0|p34;\W0.8713;-
 73
     1
 44
1.0
  0
ENDBLK
  5
148
330
145
100
AcDbEntity
  8
0
100
AcDbBlockEnd
  0
BLOCK
  5
14B
330
149
100
AcDbEntity
  8
0
100
AcDbBlockBegin
  2
block 35
 70
     0
 10
0.0
 20
0.0
 30
0.0
  3
block 35
  1

  0
INSERT
  5
14E
330
149
100
AcDbEntity
  8
Experiment Box
100
AcDbBlockReference
  2
block 36
 10
0.0
 20
0.0
 30
0.0
  0
ENDBLK
  5
14C
330
149
100
AcDbEntity
  8
0
100
AcDbBlockEnd
  0
BLOCK
  5
14F
330
14D
100
AcDbEntity
  8
0
100
AcDbBlockBegin
  2
block 36
 70
     0
 10
0.0
 20
0.0
 30
0.0
  3
block 36
  1

  0
POLYLINE
  5
151
330
14D
100
AcDbEntity
  8
Experiment Box
370
     0
100
AcDb2dPolyline
 66
     1
 10
0.0
 20
0.0
 30
0.0
  0
VERTEX
  5
152
330
151
100
AcDbEntity
  8
Experiment Box
370
     0
100
AcDbVertex
100
AcDb2dVertex
 10
239.1370075102178
 20
-111.9108124720226
 30
0.0
  0
VERTEX
  5
153
330
151
100
AcDbEntity
  8
Experiment Box
370
     0
100
AcDbVertex
100
AcDb2dVertex
 10
237.8468992097978
 20
-111.9108124720226
 30
0.0
  0
VERTEX
  5
154
330
151
100
AcDbEntity
  8
Experiment Box
370
     0
100
AcDbVertex
100
AcDb2dVertex
 10
237.8468992097978
 20
-110.6207041390114
 30
0.0
  0
VERTEX
  5
155
330
151
100
AcDbEntity
  8
Experiment Box
370
     0
100
AcDbVertex
100
AcDb2dVertex
 10
239.1370075102178
 20
-110.6207041390114
 30
0.0
  0
VERTEX
  5
156
330
151
100
AcDbEntity
  8
Experiment Box
370
     0
100
AcDbVertex
100
AcDb2dVertex
 10
239.1370075102178
 20
-111.9108124720226
 30
0.0
  0
SEQEND
  5
157
330
151
100
AcDbEntity
  8
Experiment Box
370
     0
  0
ENDBLK
  5
150
330
14D
100
AcDbEntity
  8
0
100
AcDbBlockEnd
  0
BLOCK
  5
15B
330
159
100
AcDbEntity
  8
0
100
AcDbBlockBegin
  2
block 37
 70
     0
 10
0.0
 20
0.0
 30
0.0
  3
block 37
  1

  0
INSERT
  5
15E
330
159
100
AcDbEntity
  8
Experiment Box
100
AcDbBlockReference
  2
block 38
 10
0.0
 20
0.0
 30
0.0
  0
MTEXT
  5
16C
330
159
100
AcDbEntity
  8
Experiment Box
 62
     7
420
 16777215
100
AcDbMText
 10
252.6649796934379
 20
-112.2475575235555
 30
0.0
 40
2.49766666604225
 41
0.0
 46
0.0
 71
     7
 72
     1
  1
\fMyriad Pro|b0|i0|c0|p34;\W0.8713;+
 73
     1
 44
1.0
  0
ENDBLK
  5
15C
330
159
100
AcDbEntity
  8
0
100
AcDbBlockEnd
  0
BLOCK
  5
15F
330
15D
100
AcDbEntity
  8
0
100
AcDbBlockBegin
  2
block 38
 70
     0
 10
0.0
 20
0.0
 30
0.0
  3
block 38
  1

  0
INSERT
  5
162
330
15D
100
AcDbEntity
  8
Experiment Box
100
AcDbBlockReference
  2
block 39
 10
0.0
 20
0.0
 30
0.0
  0
ENDBLK
  5
160
330
15D
100
AcDbEntity
  8
0
100
AcDbBlockEnd
  0
BLOCK
  5
163
330
161
100
AcDbEntity
  8
0
100
AcDbBlockBegin
  2
block 39
 70
     0
 10
0.0
 20
0.0
 30
0.0
  3
block 39
  1

  0
POLYLINE
  5
165
330
161
100
AcDbEntity
  8
Experiment Box
370
     0
100
AcDb2dPolyline
 66
     1
 10
0.0
 20
0.0
 30
0.0
  0
VERTEX
  5
166
330
165
100
AcDbEntity
  8
Experiment Box
370
     0
100
AcDbVertex
100
AcDb2dVertex
 10
254.1563799048194
 20
-111.9642230275644
 30
0.0
  0
VERTEX
  5
167
330
165
100
AcDbEntity
  8
Experiment Box
370
     0
100
AcDbVertex
100
AcDb2dVertex
 10
253.0245693811885
 20
-111.9642230275644
 30
0.0
  0
VERTEX
  5
168
330
165
100
AcDbEntity
  8
Experiment Box
370
     0
100
AcDbVertex
100
AcDb2dVertex
 10
253.0245693811885
 20
-110.6418002501176
 30
0.0
  0
VERTEX
  5
169
330
165
100
AcDbEntity
  8
Experiment Box
370
     0
100
AcDbVertex
100
AcDb2dVertex
 10
254.1563799048194
 20
-110.6418002501176
 30
0.0
  0
VERTEX
  5
16A
330
165
100
AcDbEntity
  8
Experiment Box
370
     0
100
AcDbVertex
100
AcDb2dVertex
 10
254.1563799048194
 20
-111.9642230275644
 30
0.0
  0
SEQEND
  5
16B
330
165
100
AcDbEntity
  8
Experiment Box
370
     0
  0
ENDBLK
  5
164
330
161
100
AcDbEntity
  8
0
100
AcDbBlockEnd
  0
BLOCK
  5
16F
330
16D
100
AcDbEntity
  8
0
100
AcDbBlockBegin
  2
block 40
 70
     0
 10
0.0
 20
0.0
 30
0.0
  3
block 40
  1

  0
INSERT
  5
172
330
16D
100
AcDbEntity
  8
Experiment Box
100
AcDbBlockReference
  2
block 41
 10
0.0
 20
0.0
 30
0.0
  0
INSERT
  5
18C
330
16D
100
AcDbEntity
  8
Experiment Box
100
AcDbBlockReference
  2
block 46
 10
0.0
 20
0.0
 30
0.0
  0
ENDBLK
  5
170
330
16D
100
AcDbEntity
  8
0
100
AcDbBlockEnd
  0
BLOCK
  5
173
330
171
100
AcDbEntity
  8
0
100
AcDbBlockBegin
  2
block 41
 70
     0
 10
0.0
 20
0.0
 30
0.0
  3
block 41
  1

  0
INSERT
  5
176
330
171
100
AcDbEntity
  8
Experiment Box
100
AcDbBlockReference
  2
block 42
 10
0.0
 20
0.0
 30
0.0
  0
POLYLINE
  5
187
330
171
100
AcDbEntity
  8
Experiment Box
 62
    18
420
        0
370
    70
100
AcDb2dPolyline
 66
     1
 10
0.0
 20
0.0
 30
0.0
  0
VERTEX
  5
188
330
187
100
AcDbEntity
  8
Experiment Box
 62
    18
420
        0
370
    70
100
AcDbVertex
100
AcDb2dVertex
 10
243.3126968481315
 20
-102.7995855298558
 30
0.0
  0
VERTEX
  5
189
330
187
100
AcDbEntity
  8
Experiment Box
 62
    18
420
        0
370
    70
100
AcDbVertex
100
AcDb2dVertex
 10
244.1005201613658
 20
-102.7995855298558
 30
0.0
  0
SEQEND
  5
18A
330
187
100
AcDbEntity
  8
Experiment Box
 62
    18
420
        0
370
    70
  0
ENDBLK
  5
174
330
171
100
AcDbEntity
  8
0
100
AcDbBlockEnd
  0
BLOCK
  5
177
330
175
100
AcDbEntity
  8
0
100
AcDbBlockBegin
  2
block 42
 70
     0
 10
0.0
 20
0.0
 30
0.0
  3
block 42
  1

  0
INSERT
  5
17A
330
175
100
AcDbEntity
  8
Experiment Box
100
AcDbBlockReference
  2
block 43
 10
0.0
 20
0.0
 30
0.0
  0
ENDBLK
  5
178
330
175
100
AcDbEntity
  8
0
100
AcDbBlockEnd
  0
BLOCK
  5
17B
330
179
100
AcDbEntity
  8
0
100
AcDbBlockBegin
  2
block 43
 70
     0
 10
0.0
 20
0.0
 30
0.0
  3
block 43
  1

  0
INSERT
  5
17E
330
179
100
AcDbEntity
  8
Experiment Box
100
AcDbBlockReference
  2
block 44
 10
0.0
 20
0.0
 30
0.0
  0
ENDBLK
  5
17C
330
179
100
AcDbEntity
  8
0
100
AcDbBlockEnd
  0
BLOCK
  5
17F
330
17D
100
AcDbEntity
  8
0
100
AcDbBlockBegin
  2
block 44
 70
     0
 10
0.0
 20
0.0
 30
0.0
  3
block 44
  1

  0
SPLINE
  5
181
330
17D
100
AcDbEntity
  8
Experiment Box
 62
    18
420
        0
370
    70
100
AcDbSpline
210
0.0
220
0.0
230
1.0
 70
     8
 71
     3
 72
     8
 73
     4
 74
     0
 42
0.0000000001
 43
0.0000000001
 12
1.0
 22
0.0
 32
0.0
 13
1.0
 23
0.0
 33
0.0
 40
0.0
 40
0.0
 40
0.0
 40
0.0
 40
1.0
 40
1.0
 40
1.0
 40
1.0
 10
243.3126968481315
 20
-102.7996208076333
 30
0.0
 10
241.0866691271444
 20
-102.7996208076333
 30
0.0
 10
239.2056933417988
 20
-105.0099146959697
 30
0.0
 10
238.5970811351036
 20
-108.0434508063225
 30
0.0
  0
INSERT
  5
183
330
17D
100
AcDbEntity
  8
Experiment Box
100
AcDbBlockReference
  2
block 45
 10
0.0
 20
0.0
 30
0.0
  0
ENDBLK
  5
180
330
17D
100
AcDbEntity
  8
0
100
AcDbBlockEnd
  0
BLOCK
  5
184
330
182
100
AcDbEntity
  8
0
100
AcDbBlockBegin
  2
block 45
 70
     0
 10
0.0
 20
0.0
 30
0.0
  3
block 45
  1

  0
SPLINE
  5
186
330
182
100
AcDbEntity
  8
Experiment Box
370
     0
100
AcDbSpline
210
0.0
220
0.0
230
1.0
 70
    11
 71
     3
 72
    17
 73
    13
 74
     0
 42
0.0000000001
 43
0.0000000001
 12
1.0
 22
0.0
 32
0.0
 13
1.0
 23
0.0
 33
0.0
 40
0.0
 40
0.0
 40
0.0
 40
0.0
 40
1.0
 40
1.0
 40
1.0
 40
2.0
 40
2.0
 40
2.0
 40
3.0
 40
3.0
 40
3.0
 40
4.0
 40
4.0
 40
4.0
 40
4.0
 10
238.3900005848311
 20
-110.1636805280145
 30
0.0
 10
238.1283100359518
 20
-109.1276780282734
 30
0.0
 10
237.6315989375128
 20
-107.8235996952664
 30
0.0
 10
237.0466933968795
 20
-106.985223306587
 30
0.0
 10
237.0466933968795
 20
-106.985223306587
 30
0.0
 10
238.6493628004364
 20
-107.7692366397245
 30
0.0
 10
238.6493628004364
 20
-107.7692366397245
 30
0.0
 10
238.6493628004364
 20
-107.7692366397245
 30
0.0
 10
240.3823835895567
 20
-107.3465735842748
 30
0.0
 10
240.3823835895567
 20
-107.3465735842748
 30
0.0
 10
239.6314961087134
 20
-108.0402052507676
 30
0.0
 10
238.867097239326
 20
-109.2076880282536
 30
0.0
 10
238.3900005848311
 20
-110.1636805280145
 30
0.0
  0
ENDBLK
  5
185
330
182
100
AcDbEntity
  8
0
100
AcDbBlockEnd
  0
BLOCK
  5
18D
330
18B
100
AcDbEntity
  8
0
100
AcDbBlockBegin
  2
block 46
 70
     0
 10
0.0
 20
0.0
 30
0.0
  3
block 46
  1

  0
INSERT
  5
190
330
18B
100
AcDbEntity
  8
Experiment Box
100
AcDbBlockReference
  2
block 47
 10
0.0
 20
0.0
 30
0.0
  0
POLYLINE
  5
1A2
330
18B
100
AcDbEntity
  8
Experiment Box
 62
   250
420
  1645085
370
    35
100
AcDb2dPolyline
 66
     1
 10
0.0
 20
0.0
 30
0.0
  0
VERTEX
  5
1A3
330
1A2
100
AcDbEntity
  8
Experiment Box
 62
   250
420
  1645085
370
    35
100
AcDbVertex
100
AcDb2dVertex
 10
243.328712958834
 20
-102.7995855298558
 30
0.0
  0
VERTEX
  5
1A4
330
1A2
100
AcDbEntity
  8
Experiment Box
 62
   250
420
  1645085
370
    35
100
AcDbVertex
100
AcDb2dVertex
 10
244.1005201613658
 20
-102.7995855298558
 30
0.0
  0
SEQEND
  5
1A5
330
1A2
100
AcDbEntity
  8
Experiment Box
 62
   250
420
  1645085
370
    35
  0
ENDBLK
  5
18E
330
18B
100
AcDbEntity
  8
0
100
AcDbBlockEnd
  0
BLOCK
  5
191
330
18F
100
AcDbEntity
  8
0
100
AcDbBlockBegin
  2
block 47
 70
     0
 10
0.0
 20
0.0
 30
0.0
  3
block 47
  1

  0
INSERT
  5
194
330
18F
100
AcDbEntity
  8
Experiment Box
100
AcDbBlockReference
  2
block 48
 10
0.0
 20
0.0
 30
0.0
  0
ENDBLK
  5
192
330
18F
100
AcDbEntity
  8
0
100
AcDbBlockEnd
  0
BLOCK
  5
195
330
193
100
AcDbEntity
  8
0
100
AcDbBlockBegin
  2
block 48
 70
     0
 10
0.0
 20
0.0
 30
0.0
  3
block 48
  1

  0
INSERT
  5
198
330
193
100
AcDbEntity
  8
Experiment Box
100
AcDbBlockReference
  2
block 49
 10
0.0
 20
0.0
 30
0.0
  0
ENDBLK
  5
196
330
193
100
AcDbEntity
  8
0
100
AcDbBlockEnd
  0
BLOCK
  5
199
330
197
100
AcDbEntity
  8
0
100
AcDbBlockBegin
  2
block 49
 70
     0
 10
0.0
 20
0.0
 30
0.0
  3
block 49
  1

  0
SPLINE
  5
19B
330
197
100
AcDbEntity
  8
Experiment Box
 62
   250
420
  1645085
370
    35
100
AcDbSpline
210
0.0
220
0.0
230
1.0
 70
     8
 71
     3
 72
     8
 73
     4
 74
     0
 42
0.0000000001
 43
0.0000000001
 12
1.0
 22
0.0
 32
0.0
 13
1.0
 23
0.0
 33
0.0
 40
0.0
 40
0.0
 40
0.0
 40
0.0
 40
1.0
 40
1.0
 40
1.0
 40
1.0
 10
243.328712958834
 20
-102.7996208076333
 30
0.0
 10
241.0594346833948
 20
-102.7996208076333
 30
0.0
 10
239.1562338986162
 20
-104.9810574737548
 30
0.0
 10
238.6426953006065
 20
-107.9193788619094
 30
0.0
  0
INSERT
  5
19D
330
197
100
AcDbEntity
  8
Experiment Box
100
AcDbBlockReference
  2
block 50
 10
0.0
 20
0.0
 30
0.0
  0
ENDBLK
  5
19A
330
197
100
AcDbEntity
  8
0
100
AcDbBlockEnd
  0
BLOCK
  5
19E
330
19C
100
AcDbEntity
  8
0
100
AcDbBlockBegin
  2
block 50
 70
     0
 10
0.0
 20
0.0
 30
0.0
  3
block 50
  1

  0
SPLINE
  5
1A0
330
19C
100
AcDbEntity
  8
Experiment Box
370
     0
100
AcDbSpline
210
0.0
220
0.0
230
1.0
 70
    11
 71
     3
 72
    17
 73
    13
 74
     0
 42
0.0000000001
 43
0.0000000001
 12
1.0
 22
0.0
 32
0.0
 13
1.0
 23
0.0
 33
0.0
 40
0.0
 40
0.0
 40
0.0
 40
0.0
 40
1.0
 40
1.0
 40
1.0
 40
2.0
 40
2.0
 40
2.0
 40
3.0
 40
3.0
 40
3.0
 40
4.0
 40
4.0
 40
4.0
 40
4.0
 10
238.5062408596433
 20
-109.5112533059557
 30
0.0
 10
238.3013122537604
 20
-108.7364827505937
 30
0.0
 10
237.9179193849651
 20
-107.7626396952815
 30
0.0
 10
237.4722139415791
 20
-107.1388227509931
 30
0.0
 10
237.4722139415791
 20
-107.1388227509931
 30
0.0
 10
238.6807247440807
 20
-107.7133566397384
 30
0.0
 10
238.6807247440807
 20
-107.7133566397384
 30
0.0
 10
238.6807247440807
 20
-107.7133566397384
 30
0.0
 10
239.9768302665699
 20
-107.3818160842657
 30
0.0
 10
239.9768302665699
 20
-107.3818160842657
 30
0.0
 10
239.4195472252318
 20
-107.9083369174675
 30
0.0
 10
238.8560552951633
 20
-108.790316639469
 30
0.0
 10
238.5062408596433
 20
-109.5112533059557
 30
0.0
  0
HATCH
  5
1A1
330
19C
100
AcDbEntity
  8
Experiment Box
 62
   250
420
  1645085
100
AcDbHatch
 10
0.0
 20
0.0
 30
0.0
210
0.0
220
0.0
230
1.0
  2
SOLID
 70
     1
 71
     0
 91
        1
 92
        1
 93
        1
 72
     4
 94
        3
 73
     0
 74
     1
 95
       17
 96
       13
 40
0.0
 40
0.0
 40
0.0
 40
0.0
 40
1.0
 40
1.0
 40
1.0
 40
2.0
 40
2.0
 40
2.0
 40
3.0
 40
3.0
 40
3.0
 40
4.0
 40
4.0
 40
4.0
 40
4.0
 10
238.5062408596433
 20
-109.5112533059557
 10
238.3013122537604
 20
-108.7364827505937
 10
237.9179193849651
 20
-107.7626396952815
 10
237.4722139415791
 20
-107.1388227509931
 10
237.4722139415791
 20
-107.1388227509931
 10
238.6807247440807
 20
-107.7133566397384
 10
238.6807247440807
 20
-107.7133566397384
 10
238.6807247440807
 20
-107.7133566397384
 10
239.9768302665699
 20
-107.3818160842657
 10
239.9768302665699
 20
-107.3818160842657
 10
239.4195472252318
 20
-107.9083369174675
 10
238.8560552951633
 20
-108.790316639469
 10
238.5062408596433
 20
-109.5112533059557
 97
        0
 97
        0
 75
     2
 76
     1
 98
        0
  0
ENDBLK
  5
19F
330
19C
100
AcDbEntity
  8
0
100
AcDbBlockEnd
  0
BLOCK
  5
1A8
330
1A6
100
AcDbEntity
  8
0
100
AcDbBlockBegin
  2
block 51
 70
     0
 10
0.0
 20
0.0
 30
0.0
  3
block 51
  1

  0
INSERT
  5
1AB
330
1A6
100
AcDbEntity
  8
Experiment Box
100
AcDbBlockReference
  2
block 52
 10
0.0
 20
0.0
 30
0.0
  0
INSERT
  5
1C5
330
1A6
100
AcDbEntity
  8
Experiment Box
100
AcDbBlockReference
  2
block 57
 10
0.0
 20
0.0
 30
0.0
  0
ENDBLK
  5
1A9
330
1A6
100
AcDbEntity
  8
0
100
AcDbBlockEnd
  0
BLOCK
  5
1AC
330
1AA
100
AcDbEntity
  8
0
100
AcDbBlockBegin
  2
block 52
 70
     0
 10
0.0
 20
0.0
 30
0.0
  3
block 52
  1

  0
INSERT
  5
1AF
330
1AA
100
AcDbEntity
  8
Experiment Box
100
AcDbBlockReference
  2
block 53
 10
0.0
 20
0.0
 30
0.0
  0
POLYLINE
  5
1C0
330
1AA
100
AcDbEntity
  8
Experiment Box
 62
    18
420
        0
370
    60
100
AcDb2dPolyline
 66
     1
 10
0.0
 20
0.0
 30
0.0
  0
VERTEX
  5
1C1
330
1C0
100
AcDbEntity
  8
Experiment Box
 62
    18
420
        0
370
    60
100
AcDbVertex
100
AcDb2dVertex
 10
248.5714844917464
 20
-102.7609563631986
 30
0.0
  0
VERTEX
  5
1C2
330
1C0
100
AcDbEntity
  8
Experiment Box
 62
    18
420
        0
370
    60
100
AcDbVertex
100
AcDb2dVertex
 10
247.7599897902272
 20
-102.7609563631986
 30
0.0
  0
SEQEND
  5
1C3
330
1C0
100
AcDbEntity
  8
Experiment Box
 62
    18
420
        0
370
    60
  0
ENDBLK
  5
1AD
330
1AA
100
AcDbEntity
  8
0
100
AcDbBlockEnd
  0
BLOCK
  5
1B0
330
1AE
100
AcDbEntity
  8
0
100
AcDbBlockBegin
  2
block 53
 70
     0
 10
0.0
 20
0.0
 30
0.0
  3
block 53
  1

  0
INSERT
  5
1B3
330
1AE
100
AcDbEntity
  8
Experiment Box
100
AcDbBlockReference
  2
block 54
 10
0.0
 20
0.0
 30
0.0
  0
ENDBLK
  5
1B1
330
1AE
100
AcDbEntity
  8
0
100
AcDbBlockEnd
  0
BLOCK
  5
1B4
330
1B2
100
AcDbEntity
  8
0
100
AcDbBlockBegin
  2
block 54
 70
     0
 10
0.0
 20
0.0
 30
0.0
  3
block 54
  1

  0
INSERT
  5
1B7
330
1B2
100
AcDbEntity
  8
Experiment Box
100
AcDbBlockReference
  2
block 55
 10
0.0
 20
0.0
 30
0.0
  0
ENDBLK
  5
1B5
330
1B2
100
AcDbEntity
  8
0
100
AcDbBlockEnd
  0
BLOCK
  5
1B8
330
1B6
100
AcDbEntity
  8
0
100
AcDbBlockBegin
  2
block 55
 70
     0
 10
0.0
 20
0.0
 30
0.0
  3
block 55
  1

  0
SPLINE
  5
1BA
330
1B6
100
AcDbEntity
  8
Experiment Box
 62
    18
420
        0
370
    60
100
AcDbSpline
210
0.0
220
0.0
230
1.0
 70
     8
 71
     3
 72
     8
 73
     4
 74
     0
 42
0.0000000001
 43
0.0000000001
 12
1.0
 22
0.0
 32
0.0
 13
1.0
 23
0.0
 33
0.0
 40
0.0
 40
0.0
 40
0.0
 40
0.0
 40
1.0
 40
1.0
 40
1.0
 40
1.0
 10
248.5714844917464
 20
-102.7609563631986
 30
0.0
 10
250.9300155426864
 20
-102.7609563631986
 30
0.0
 10
252.9124149365556
 20
-105.0991674737254
 30
0.0
 10
253.4792229776507
 20
-108.2662652507115
 30
0.0
  0
INSERT
  5
1BC
330
1B6
100
AcDbEntity
  8
Experiment Box
100
AcDbBlockReference
  2
block 56
 10
0.0
 20
0.0
 30
0.0
  0
ENDBLK
  5
1B9
330
1B6
100
AcDbEntity
  8
0
100
AcDbBlockEnd
  0
BLOCK
  5
1BD
330
1BB
100
AcDbEntity
  8
0
100
AcDbBlockBegin
  2
block 56
 70
     0
 10
0.0
 20
0.0
 30
0.0
  3
block 56
  1

  0
SPLINE
  5
1BF
330
1BB
100
AcDbEntity
  8
Experiment Box
370
     0
100
AcDbSpline
210
0.0
220
0.0
230
1.0
 70
    11
 71
     3
 72
    17
 73
    13
 74
     0
 42
0.0000000001
 43
0.0000000001
 12
1.0
 22
0.0
 32
0.0
 13
1.0
 23
0.0
 33
0.0
 40
0.0
 40
0.0
 40
0.0
 40
0.0
 40
1.0
 40
1.0
 40
1.0
 40
2.0
 40
2.0
 40
2.0
 40
3.0
 40
3.0
 40
3.0
 40
4.0
 40
4.0
 40
4.0
 40
4.0
 10
253.6418888068341
 20
-110.1232169169135
 30
0.0
 10
253.232666595052
 20
-109.2825474726793
 30
0.0
 10
252.5742421674054
 20
-108.254235528492
 30
0.0
 10
251.9234730173412
 20
-107.6406138619786
 30
0.0
 10
251.9234730173412
 20
-107.6406138619786
 30
0.0
 10
253.4363252009674
 20
-108.0258824729933
 30
0.0
 10
253.4363252009674
 20
-108.0258824729933
 30
0.0
 10
253.4363252009674
 20
-108.0258824729933
 30
0.0
 10
254.8452554918445
 20
-107.3542288620504
 30
0.0
 10
254.8452554918445
 20
-107.3542288620504
 30
0.0
 10
254.3259954560477
 20
-108.0825385840907
 30
0.0
 10
253.8797668563209
 20
-109.2191180282507
 30
0.0
 10
253.6418888068341
 20
-110.1232169169135
 30
0.0
  0
ENDBLK
  5
1BE
330
1BB
100
AcDbEntity
  8
0
100
AcDbBlockEnd
  0
BLOCK
  5
1C6
330
1C4
100
AcDbEntity
  8
0
100
AcDbBlockBegin
  2
block 57
 70
     0
 10
0.0
 20
0.0
 30
0.0
  3
block 57
  1

  0
INSERT
  5
1C9
330
1C4
100
AcDbEntity
  8
Experiment Box
100
AcDbBlockReference
  2
block 58
 10
0.0
 20
0.0
 30
0.0
  0
POLYLINE
  5
1DB
330
1C4
100
AcDbEntity
  8
Experiment Box
 62
   250
420
  1645085
370
    35
100
AcDb2dPolyline
 66
     1
 10
0.0
 20
0.0
 30
0.0
  0
VERTEX
  5
1DC
330
1DB
100
AcDbEntity
  8
Experiment Box
 62
   250
420
  1645085
370
    35
100
AcDbVertex
100
AcDb2dVertex
 10
248.5549392143908
 20
-102.7609563631986
 30
0.0
  0
VERTEX
  5
1DD
330
1DB
100
AcDbEntity
  8
Experiment Box
 62
   250
420
  1645085
370
    35
100
AcDbVertex
100
AcDb2dVertex
 10
247.7599897902272
 20
-102.7609563631986
 30
0.0
  0
SEQEND
  5
1DE
330
1DB
100
AcDbEntity
  8
Experiment Box
 62
   250
420
  1645085
370
    35
  0
ENDBLK
  5
1C7
330
1C4
100
AcDbEntity
  8
0
100
AcDbBlockEnd
  0
BLOCK
  5
1CA
330
1C8
100
AcDbEntity
  8
0
100
AcDbBlockBegin
  2
block 58
 70
     0
 10
0.0
 20
0.0
 30
0.0
  3
block 58
  1

  0
INSERT
  5
1CD
330
1C8
100
AcDbEntity
  8
Experiment Box
100
AcDbBlockReference
  2
block 59
 10
0.0
 20
0.0
 30
0.0
  0
ENDBLK
  5
1CB
330
1C8
100
AcDbEntity
  8
0
100
AcDbBlockEnd
  0
BLOCK
  5
1CE
330
1CC
100
AcDbEntity
  8
0
100
AcDbBlockBegin
  2
block 59
 70
     0
 10
0.0
 20
0.0
 30
0.0
  3
block 59
  1

  0
INSERT
  5
1D1
330
1CC
100
AcDbEntity
  8
Experiment Box
100
AcDbBlockReference
  2
block 60
 10
0.0
 20
0.0
 30
0.0
  0
ENDBLK
  5
1CF
330
1CC
100
AcDbEntity
  8
0
100
AcDbBlockEnd
  0
BLOCK
  5
1D2
330
1D0
100
AcDbEntity
  8
0
100
AcDbBlockBegin
  2
block 60
 70
     0
 10
0.0
 20
0.0
 30
0.0
  3
block 60
  1

  0
SPLINE
  5
1D4
330
1D0
100
AcDbEntity
  8
Experiment Box
 62
   250
420
  1645085
370
    35
100
AcDbSpline
210
0.0
220
0.0
230
1.0
 70
     8
 71
     3
 72
     8
 73
     4
 74
     0
 42
0.0000000001
 43
0.0000000001
 12
1.0
 22
0.0
 32
0.0
 13
1.0
 23
0.0
 33
0.0
 40
0.0
 40
0.0
 40
0.0
 40
0.0
 40
1.0
 40
1.0
 40
1.0
 40
1.0
 10
248.5549392143908
 20
-102.7609563631986
 30
0.0
 10
250.8923035992041
 20
-102.7609563631986
 30
0.0
 10
252.8526191047478
 20
-104.9418285848759
 30
0.0
 10
253.3815388134762
 20
-107.8794444174743
 30
0.0
  0
INSERT
  5
1D6
330
1D0
100
AcDbEntity
  8
Experiment Box
100
AcDbBlockReference
  2
block 61
 10
0.0
 20
0.0
 30
0.0
  0
ENDBLK
  5
1D3
330
1D0
100
AcDbEntity
  8
0
100
AcDbBlockEnd
  0
BLOCK
  5
1D7
330
1D5
100
AcDbEntity
  8
0
100
AcDbBlockBegin
  2
block 61
 70
     0
 10
0.0
 20
0.0
 30
0.0
  3
block 61
  1

  0
SPLINE
  5
1D9
330
1D5
100
AcDbEntity
  8
Experiment Box
370
     0
100
AcDbSpline
210
0.0
220
0.0
230
1.0
 70
    11
 71
     3
 72
    17
 73
    13
 74
     0
 42
0.0000000001
 43
0.0000000001
 12
1.0
 22
0.0
 32
0.0
 13
1.0
 23
0.0
 33
0.0
 40
0.0
 40
0.0
 40
0.0
 40
0.0
 40
1.0
 40
1.0
 40
1.0
 40
2.0
 40
2.0
 40
2.0
 40
3.0
 40
3.0
 40
3.0
 40
4.0
 40
4.0
 40
4.0
 40
4.0
 10
253.5221207543341
 20
-109.4709660837435
 30
0.0
 10
253.1699779855402
 20
-108.7510524728126
 30
0.0
 10
252.6039107777596
 20
-107.8707308063654
 30
0.0
 10
252.0451107920157
 20
-107.3458327509411
 30
0.0
 10
252.0451107920157
 20
-107.3458327509411
 30
0.0
 10
253.3424510366956
 20
-107.6735633064147
 30
0.0
 10
253.3424510366956
 20
-107.6735633064147
 30
0.0
 10
253.3424510366956
 20
-107.6735633064147
 30
0.0
 10
254.5489862836921
 20
-107.0955369176706
 30
0.0
 10
254.5489862836921
 20
-107.0955369176706
 30
0.0
 10
254.1051277142518
 20
-107.7206591397362
 30
0.0
 10
253.7245446380587
 20
-108.6956310839374
 30
0.0
 10
253.5221207543341
 20
-109.4709660837435
 30
0.0
  0
HATCH
  5
1DA
330
1D5
100
AcDbEntity
  8
Experiment Box
 62
   250
420
  1645085
100
AcDbHatch
 10
0.0
 20
0.0
 30
0.0
210
0.0
220
0.0
230
1.0
  2
SOLID
 70
     1
 71
     0
 91
        1
 92
        1
 93
        1
 72
     4
 94
        3
 73
     0
 74
     1
 95
       17
 96
       13
 40
0.0
 40
0.0
 40
0.0
 40
0.0
 40
1.0
 40
1.0
 40
1.0
 40
2.0
 40
2.0
 40
2.0
 40
3.0
 40
3.0
 40
3.0
 40
4.0
 40
4.0
 40
4.0
 40
4.0
 10
253.5221207543341
 20
-109.4709660837435
 10
253.1699779855402
 20
-108.7510524728126
 10
252.6039107777596
 20
-107.8707308063654
 10
252.0451107920157
 20
-107.3458327509411
 10
252.0451107920157
 20
-107.3458327509411
 10
253.3424510366956
 20
-107.6735633064147
 10
253.3424510366956
 20
-107.6735633064147
 10
253.3424510366956
 20
-107.6735633064147
 10
254.5489862836921
 20
-107.0955369176706
 10
254.5489862836921
 20
-107.0955369176706
 10
254.1051277142518
 20
-107.7206591397362
 10
253.7245446380587
 20
-108.6956310839374
 10
253.5221207543341
 20
-109.4709660837435
 97
        0
 97
        0
 75
     2
 76
     1
 98
        0
  0
ENDBLK
  5
1D8
330
1D5
100
AcDbEntity
  8
0
100
AcDbBlockEnd
  0
BLOCK
  5
1E3
330
1E1
100
AcDbEntity
  8
0
100
AcDbBlockBegin
  2
block 62
 70
     0
 10
0.0
 20
0.0
 30
0.0
  3
block 62
  1

  0
INSERT
  5
1E6
330
1E1
100
AcDbEntity
  8
Experiment Box
100
AcDbBlockReference
  2
block 63
 10
0.0
 20
0.0
 30
0.0
  0
MTEXT
  5
1FF
330
1E1
100
AcDbEntity
  8
Experiment Box
 62
     7
420
 16777215
100
AcDbMText
 10
240.9430783130122
 20
-124.1739620020379
 30
0.0
 40
1.9981333328338
 41
0.0
 46
0.0
 71
     7
 72
     1
  1
\fMyriad Pro|b0|i0|c0|p34;\W1;Stimulus 
 73
     1
 44
1.0
  0
MTEXT
  5
200
330
1E1
100
AcDbEntity
  8
Experiment Box
 62
     7
420
 16777215
100
AcDbMText
 10
241.7871267068984
 20
-126.9961842235545
 30
0.0
 40
1.9981333328338
 41
0.0
 46
0.0
 71
     7
 72
     1
  1
\fMyriad Pro|b0|i0|c0|p34;\W1;Output
 73
     1
 44
1.0
  0
ENDBLK
  5
1E4
330
1E1
100
AcDbEntity
  8
0
100
AcDbBlockEnd
  0
BLOCK
  5
1E7
330
1E5
100
AcDbEntity
  8
0
100
AcDbBlockBegin
  2
block 63
 70
     0
 10
0.0
 20
0.0
 30
0.0
  3
block 63
  1

  0
INSERT
  5
1EA
330
1E5
100
AcDbEntity
  8
Experiment Box
100
AcDbBlockReference
  2
block 64
 10
0.0
 20
0.0
 30
0.0
  0
ENDBLK
  5
1E8
330
1E5
100
AcDbEntity
  8
0
100
AcDbBlockEnd
  0
BLOCK
  5
1EB
330
1E9
100
AcDbEntity
  8
0
100
AcDbBlockBegin
  2
block 64
 70
     0
 10
0.0
 20
0.0
 30
0.0
  3
block 64
  1

  0
POLYLINE
  5
1ED
330
1E9
100
AcDbEntity
  8
Experiment Box
370
     0
100
AcDb2dPolyline
 66
     1
 10
0.0
 20
0.0
 30
0.0
  0
VERTEX
  5
1EE
330
1ED
100
AcDbEntity
  8
Experiment Box
370
     0
100
AcDbVertex
100
AcDb2dVertex
 10
247.4666550754885
 20
-132.2941713558156
 30
0.0
  0
VERTEX
  5
1EF
330
1ED
100
AcDbEntity
  8
Experiment Box
370
     0
100
AcDbVertex
100
AcDb2dVertex
 10
247.4666550754885
 20
-127.2941813570652
 30
0.0
  0
SEQEND
  5
1F0
330
1ED
100
AcDbEntity
  8
Experiment Box
370
     0
  0
INSERT
  5
1F2
330
1E9
100
AcDbEntity
  8
Experiment Box
100
AcDbBlockReference
  2
block 65
 10
0.0
 20
0.0
 30
0.0
  0
ENDBLK
  5
1EC
330
1E9
100
AcDbEntity
  8
0
100
AcDbBlockEnd
  0
BLOCK
  5
1F3
330
1F1
100
AcDbEntity
  8
0
100
AcDbBlockBegin
  2
block 65
 70
     0
 10
0.0
 20
0.0
 30
0.0
  3
block 65
  1

  0
POLYLINE
  5
1F5
330
1F1
100
AcDbEntity
  8
Experiment Box
 62
   250
420
  1645085
370
    35
100
AcDb2dPolyline
 66
     1
 10
0.0
 20
0.0
 30
0.0
  0
VERTEX
  5
1F6
330
1F5
100
AcDbEntity
  8
Experiment Box
 62
   250
420
  1645085
370
    35
100
AcDbVertex
100
AcDb2dVertex
 10
247.4666550754885
 20
-130.4248019118382
 30
0.0
  0
VERTEX
  5
1F7
330
1F5
100
AcDbEntity
  8
Experiment Box
 62
   250
420
  1645085
370
    35
100
AcDbVertex
100
AcDb2dVertex
 10
247.4666550754885
 20
-127.2941813570652
 30
0.0
  0
SEQEND
  5
1F8
330
1F5
100
AcDbEntity
  8
Experiment Box
 62
   250
420
  1645085
370
    35
  0
INSERT
  5
1FA
330
1F1
100
AcDbEntity
  8
Experiment Box
100
AcDbBlockReference
  2
block 66
 10
0.0
 20
0.0
 30
0.0
  0
ENDBLK
  5
1F4
330
1F1
100
AcDbEntity
  8
0
100
AcDbBlockEnd
  0
BLOCK
  5
1FB
330
1F9
100
AcDbEntity
  8
0
100
AcDbBlockBegin
  2
block 66
 70
     0
 10
0.0
 20
0.0
 30
0.0
  3
block 66
  1

  0
SPLINE
  5
1FD
330
1F9
100
AcDbEntity
  8
Experiment Box
370
     0
100
AcDbSpline
210
0.0
220
0.0
230
1.0
 70
    11
 71
     3
 72
    29
 73
    25
 74
     0
 42
0.0000000001
 43
0.0000000001
 12
1.0
 22
0.0
 32
0.0
 13
1.0
 23
0.0
 33
0.0
 40
0.0
 40
0.0
 40
0.0
 40
0.0
 40
1.0
 40
1.0
 40
1.0
 40
2.0
 40
2.0
 40
2.0
 40
3.0
 40
3.0
 40
3.0
 40
4.0
 40
4.0
 40
4.0
 40
5.0
 40
5.0
 40
5.0
 40
6.0
 40
6.0
 40
6.0
 40
7.0
 40
7.0
 40
7.0
 40
8.0
 40
8.0
 40
8.0
 40
8.0
 10
247.4666550754885
 20
-130.0132160786078
 30
0.0
 10
247.4666550754885
 20
-130.0132160786078
 30
0.0
 10
246.6404848187881
 20
-129.5106841342893
 30
0.0
 10
246.6404848187881
 20
-129.5106841342893
 30
0.0
 10
246.6404848187881
 20
-129.5106841342893
 30
0.0
 10
246.621752319266
 20
-129.5389063565045
 30
0.0
 10
246.621752319266
 20
-129.5389063565045
 30
0.0
 10
246.621752319266
 20
-129.5389063565045
 30
0.0
 10
247.156845638948
 20
-130.8860941339451
 30
0.0
 10
247.156845638948
 20
-130.8860941339451
 30
0.0
 10
247.2600684140923
 20
-131.3554649671611
 30
0.0
 10
247.3633264670136
 20
-131.8248005225996
 30
0.0
 10
247.4666550754885
 20
-132.2941713558156
 30
0.0
 10
247.5698778506329
 20
-131.8248005225996
 30
0.0
 10
247.6731359035541
 20
-131.3554649671611
 30
0.0
 10
247.7764645120291
 20
-130.8860941339451
 30
0.0
 10
247.7764645120291
 20
-130.8860941339451
 30
0.0
 10
248.3115578317111
 20
-129.5389063565045
 30
0.0
 10
248.3115578317111
 20
-129.5389063565045
 30
0.0
 10
248.3115578317111
 20
-129.5389063565045
 30
0.0
 10
248.29744672096
 20
-129.5106841342893
 30
0.0
 10
248.29744672096
 20
-129.5106841342893
 30
0.0
 10
248.29744672096
 20
-129.5106841342893
 30
0.0
 10
247.4666550754885
 20
-130.0132160786078
 30
0.0
 10
247.4666550754885
 20
-130.0132160786078
 30
0.0
  0
HATCH
  5
1FE
330
1F9
100
AcDbEntity
  8
Experiment Box
 62
   250
420
  1645085
100
AcDbHatch
 10
0.0
 20
0.0
 30
0.0
210
0.0
220
0.0
230
1.0
  2
SOLID
 70
     1
 71
     0
 91
        1
 92
        1
 93
        1
 72
     4
 94
        3
 73
     0
 74
     1
 95
       29
 96
       25
 40
0.0
 40
0.0
 40
0.0
 40
0.0
 40
1.0
 40
1.0
 40
1.0
 40
2.0
 40
2.0
 40
2.0
 40
3.0
 40
3.0
 40
3.0
 40
4.0
 40
4.0
 40
4.0
 40
5.0
 40
5.0
 40
5.0
 40
6.0
 40
6.0
 40
6.0
 40
7.0
 40
7.0
 40
7.0
 40
8.0
 40
8.0
 40
8.0
 40
8.0
 10
247.4666550754885
 20
-130.0132160786078
 10
247.4666550754885
 20
-130.0132160786078
 10
246.6404848187881
 20
-129.5106841342893
 10
246.6404848187881
 20
-129.5106841342893
 10
246.6404848187881
 20
-129.5106841342893
 10
246.621752319266
 20
-129.5389063565045
 10
246.621752319266
 20
-129.5389063565045
 10
246.621752319266
 20
-129.5389063565045
 10
247.156845638948
 20
-130.8860941339451
 10
247.156845638948
 20
-130.8860941339451
 10
247.2600684140923
 20
-131.3554649671611
 10
247.3633264670136
 20
-131.8248005225996
 10
247.4666550754885
 20
-132.2941713558156
 10
247.5698778506329
 20
-131.8248005225996
 10
247.6731359035541
 20
-131.3554649671611
 10
247.7764645120291
 20
-130.8860941339451
 10
247.7764645120291
 20
-130.8860941339451
 10
248.3115578317111
 20
-129.5389063565045
 10
248.3115578317111
 20
-129.5389063565045
 10
248.3115578317111
 20
-129.5389063565045
 10
248.29744672096
 20
-129.5106841342893
 10
248.29744672096
 20
-129.5106841342893
 10
248.29744672096
 20
-129.5106841342893
 10
247.4666550754885
 20
-130.0132160786078
 10
247.4666550754885
 20
-130.0132160786078
 97
        0
 97
        0
 75
     2
 76
     1
 98
        0
  0
ENDBLK
  5
1FC
330
1F9
100
AcDbEntity
  8
0
100
AcDbBlockEnd
  0
BLOCK
  5
203
330
201
100
AcDbEntity
  8
0
100
AcDbBlockBegin
  2
block 67
 70
     0
 10
0.0
 20
0.0
 30
0.0
  3
block 67
  1

  0
POLYLINE
  5
205
330
201
100
AcDbEntity
  8
Experiment Box
 62
     7
420
 16777215
370
    18
100
AcDb2dPolyline
 66
     1
 10
0.0
 20
0.0
 30
0.0
  0
VERTEX
  5
206
330
205
100
AcDbEntity
  8
Experiment Box
 62
     7
420
 16777215
370
    18
100
AcDbVertex
100
AcDb2dVertex
 10
201.9190940152814
 20
-132.7160583001541
 30
0.0
  0
VERTEX
  5
207
330
205
100
AcDbEntity
  8
Experiment Box
 62
     7
420
 16777215
370
    18
100
AcDbVertex
100
AcDb2dVertex
 10
201.9190940152814
 20
-114.0593349714854
 30
0.0
  0
SEQEND
  5
208
330
205
100
AcDbEntity
  8
Experiment Box
 62
     7
420
 16777215
370
    18
  0
POLYLINE
  5
209
330
201
100
AcDbEntity
  8
Experiment Box
 62
     7
420
 16777215
370
    18
100
AcDb2dPolyline
 66
     1
 10
0.0
 20
0.0
 30
0.0
  0
VERTEX
  5
20A
330
209
100
AcDbEntity
  8
Experiment Box
 62
     7
420
 16777215
370
    18
100
AcDbVertex
100
AcDb2dVertex
 10
255.0570215485088
 20
-70.63570664900784
 30
0.0
  0
VERTEX
  5
20B
330
209
100
AcDbEntity
  8
Experiment Box
 62
     7
420
 16777215
370
    18
100
AcDbVertex
100
AcDb2dVertex
 10
237.0555481188758
 20
-70.63570664900784
 30
0.0
  0
SEQEND
  5
20C
330
209
100
AcDbEntity
  8
Experiment Box
 62
     7
420
 16777215
370
    18
  0
POLYLINE
  5
20D
330
201
100
AcDbEntity
  8
Experiment Box
 62
     7
420
 16777215
370
    18
100
AcDb2dPolyline
 66
     1
 10
0.0
 20
0.0
 30
0.0
  0
VERTEX
  5
20E
330
20D
100
AcDbEntity
  8
Experiment Box
 62
     7
420
 16777215
370
    18
100
AcDbVertex
100
AcDb2dVertex
 10
237.0555481188758
 20
-114.0479049714883
 30
0.0
  0
VERTEX
  5
20F
330
20D
100
AcDbEntity
  8
Experiment Box
 62
     7
420
 16777215
370
    18
100
AcDbVertex
100
AcDb2dVertex
 10
201.9190940152814
 20
-114.0479049714883
 30
0.0
  0
SEQEND
  5
210
330
20D
100
AcDbEntity
  8
Experiment Box
 62
     7
420
 16777215
370
    18
  0
POLYLINE
  5
211
330
201
100
AcDbEntity
  8
Experiment Box
 62
     7
420
 16777215
370
    18
100
AcDb2dPolyline
 66
     1
 10
0.0
 20
0.0
 30
0.0
  0
VERTEX
  5
212
330
211
100
AcDbEntity
  8
Experiment Box
 62
     7
420
 16777215
370
    18
100
AcDbVertex
100
AcDb2dVertex
 10
237.0555481188758
 20
-132.2260852447211
 30
0.0
  0
VERTEX
  5
213
330
211
100
AcDbEntity
  8
Experiment Box
 62
     7
420
 16777215
370
    18
100
AcDbVertex
100
AcDb2dVertex
 10
237.0555481188758
 20
-70.63574192678568
 30
0.0
  0
SEQEND
  5
214
330
211
100
AcDbEntity
  8
Experiment Box
 62
     7
420
 16777215
370
    18
  0
ENDBLK
  5
204
330
201
100
AcDbEntity
  8
0
100
AcDbBlockEnd
  0
BLOCK
  5
21C
330
21A
100
AcDbEntity
  8
0
100
AcDbBlockBegin
  2
block 68
 70
     0
 10
0.0
 20
0.0
 30
0.0
  3
block 68
  1

  0
INSERT
  5
21F
330
21A
100
AcDbEntity
  8
Experiment Box
100
AcDbBlockReference
  2
block 69
 10
0.0
 20
0.0
 30
0.0
  0
ENDBLK
  5
21D
330
21A
100
AcDbEntity
  8
0
100
AcDbBlockEnd
  0
BLOCK
  5
220
330
21E
100
AcDbEntity
  8
0
100
AcDbBlockBegin
  2
block 69
 70
     0
 10
0.0
 20
0.0
 30
0.0
  3
block 69
  1

  0
SPLINE
  5
222
330
21E
100
AcDbEntity
  8
Experiment Box
370
     0
100
AcDbSpline
210
0.0
220
0.0
230
1.0
 70
    11
 71
     3
 72
   644
 73
   640
 74
     0
 42
0.0000000001
 43
0.0000000001
 12
1.0
 22
0.0
 32
0.0
 13
1.0
 23
0.0
 33
0.0
 40
0.0
 40
0.0
 40
0.0
 40
0.0
 40
1.0
 40
1.0
 40
1.0
 40
2.0
 40
2.0
 40
2.0
 40
3.0
 40
3.0
 40
3.0
 40
4.0
 40
4.0
 40
4.0
 40
5.0
 40
5.0
 40
5.0
 40
6.0
 40
6.0
 40
6.0
 40
7.0
 40
7.0
 40
7.0
 40
8.0
 40
8.0
 40
8.0
 40
9.0
 40
9.0
 40
9.0
 40
10.0
 40
10.0
 40
10.0
 40
11.0
 40
11.0
 40
11.0
 40
12.0
 40
12.0
 40
12.0
 40
13.0
 40
13.0
 40
13.0
 40
14.0
 40
14.0
 40
14.0
 40
15.0
 40
15.0
 40
15.0
 40
16.0
 40
16.0
 40
16.0
 40
17.0
 40
17.0
 40
17.0
 40
18.0
 40
18.0
 40
18.0
 40
19.0
 40
19.0
 40
19.0
 40
20.0
 40
20.0
 40
20.0
 40
21.0
 40
21.0
 40
21.0
 40
22.0
 40
22.0
 40
22.0
 40
23.0
 40
23.0
 40
23.0
 40
24.0
 40
24.0
 40
24.0
 40
25.0
 40
25.0
 40
25.0
 40
26.0
 40
26.0
 40
26.0
 40
27.0
 40
27.0
 40
27.0
 40
28.0
 40
28.0
 40
28.0
 40
29.0
 40
29.0
 40
29.0
 40
30.0
 40
30.0
 40
30.0
 40
31.0
 40
31.0
 40
31.0
 40
32.0
 40
32.0
 40
32.0
 40
33.0
 40
33.0
 40
33.0
 40
34.0
 40
34.0
 40
34.0
 40
35.0
 40
35.0
 40
35.0
 40
36.0
 40
36.0
 40
36.0
 40
37.0
 40
37.0
 40
37.0
 40
38.0
 40
38.0
 40
38.0
 40
39.0
 40
39.0
 40
39.0
 40
40.0
 40
40.0
 40
40.0
 40
41.0
 40
41.0
 40
41.0
 40
42.0
 40
42.0
 40
42.0
 40
43.0
 40
43.0
 40
43.0
 40
44.0
 40
44.0
 40
44.0
 40
45.0
 40
45.0
 40
45.0
 40
46.0
 40
46.0
 40
46.0
 40
47.0
 40
47.0
 40
47.0
 40
48.0
 40
48.0
 40
48.0
 40
49.0
 40
49.0
 40
49.0
 40
50.0
 40
50.0
 40
50.0
 40
51.0
 40
51.0
 40
51.0
 40
52.0
 40
52.0
 40
52.0
 40
53.0
 40
53.0
 40
53.0
 40
54.0
 40
54.0
 40
54.0
 40
55.0
 40
55.0
 40
55.0
 40
56.0
 40
56.0
 40
56.0
 40
57.0
 40
57.0
 40
57.0
 40
58.0
 40
58.0
 40
58.0
 40
59.0
 40
59.0
 40
59.0
 40
60.0
 40
60.0
 40
60.0
 40
61.0
 40
61.0
 40
61.0
 40
62.0
 40
62.0
 40
62.0
 40
63.0
 40
63.0
 40
63.0
 40
64.0
 40
64.0
 40
64.0
 40
65.0
 40
65.0
 40
65.0
 40
66.0
 40
66.0
 40
66.0
 40
67.0
 40
67.0
 40
67.0
 40
68.0
 40
68.0
 40
68.0
 40
69.0
 40
69.0
 40
69.0
 40
70.0
 40
70.0
 40
70.0
 40
71.0
 40
71.0
 40
71.0
 40
72.0
 40
72.0
 40
72.0
 40
73.0
 40
73.0
 40
73.0
 40
74.0
 40
74.0
 40
74.0
 40
75.0
 40
75.0
 40
75.0
 40
76.0
 40
76.0
 40
76.0
 40
77.0
 40
77.0
 40
77.0
 40
78.0
 40
78.0
 40
78.0
 40
79.0
 40
79.0
 40
79.0
 40
80.0
 40
80.0
 40
80.0
 40
81.0
 40
81.0
 40
81.0
 40
82.0
 40
82.0
 40
82.0
 40
83.0
 40
83.0
 40
83.0
 40
84.0
 40
84.0
 40
84.0
 40
85.0
 40
85.0
 40
85.0
 40
86.0
 40
86.0
 40
86.0
 40
87.0
 40
87.0
 40
87.0
 40
88.0
 40
88.0
 40
88.0
 40
89.0
 40
89.0
 40
89.0
 40
90.0
 40
90.0
 40
90.0
 40
91.0
 40
91.0
 40
91.0
 40
92.0
 40
92.0
 40
92.0
 40
93.0
 40
93.0
 40
93.0
 40
94.0
 40
94.0
 40
94.0
 40
95.0
 40
95.0
 40
95.0
 40
96.0
 40
96.0
 40
96.0
 40
97.0
 40
97.0
 40
97.0
 40
98.0
 40
98.0
 40
98.0
 40
99.0
 40
99.0
 40
99.0
 40
100.0
 40
100.0
 40
100.0
 40
101.0
 40
101.0
 40
101.0
 40
102.0
 40
102.0
 40
102.0
 40
103.0
 40
103.0
 40
103.0
 40
104.0
 40
104.0
 40
104.0
 40
105.0
 40
105.0
 40
105.0
 40
106.0
 40
106.0
 40
106.0
 40
107.0
 40
107.0
 40
107.0
 40
108.0
 40
108.0
 40
108.0
 40
109.0
 40
109.0
 40
109.0
 40
110.0
 40
110.0
 40
110.0
 40
111.0
 40
111.0
 40
111.0
 40
112.0
 40
112.0
 40
112.0
 40
113.0
 40
113.0
 40
113.0
 40
114.0
 40
114.0
 40
114.0
 40
115.0
 40
115.0
 40
115.0
 40
116.0
 40
116.0
 40
116.0
 40
117.0
 40
117.0
 40
117.0
 40
118.0
 40
118.0
 40
118.0
 40
119.0
 40
119.0
 40
119.0
 40
120.0
 40
120.0
 40
120.0
 40
121.0
 40
121.0
 40
121.0
 40
122.0
 40
122.0
 40
122.0
 40
123.0
 40
123.0
 40
123.0
 40
124.0
 40
124.0
 40
124.0
 40
125.0
 40
125.0
 40
125.0
 40
126.0
 40
126.0
 40
126.0
 40
127.0
 40
127.0
 40
127.0
 40
128.0
 40
128.0
 40
128.0
 40
129.0
 40
129.0
 40
129.0
 40
130.0
 40
130.0
 40
130.0
 40
131.0
 40
131.0
 40
131.0
 40
132.0
 40
132.0
 40
132.0
 40
133.0
 40
133.0
 40
133.0
 40
134.0
 40
134.0
 40
134.0
 40
135.0
 40
135.0
 40
135.0
 40
136.0
 40
136.0
 40
136.0
 40
137.0
 40
137.0
 40
137.0
 40
138.0
 40
138.0
 40
138.0
 40
139.0
 40
139.0
 40
139.0
 40
140.0
 40
140.0
 40
140.0
 40
141.0
 40
141.0
 40
141.0
 40
142.0
 40
142.0
 40
142.0
 40
143.0
 40
143.0
 40
143.0
 40
144.0
 40
144.0
 40
144.0
 40
145.0
 40
145.0
 40
145.0
 40
146.0
 40
146.0
 40
146.0
 40
147.0
 40
147.0
 40
147.0
 40
148.0
 40
148.0
 40
148.0
 40
149.0
 40
149.0
 40
149.0
 40
150.0
 40
150.0
 40
150.0
 40
151.0
 40
151.0
 40
151.0
 40
152.0
 40
152.0
 40
152.0
 40
153.0
 40
153.0
 40
153.0
 40
154.0
 40
154.0
 40
154.0
 40
155.0
 40
155.0
 40
155.0
 40
156.0
 40
156.0
 40
156.0
 40
157.0
 40
157.0
 40
157.0
 40
158.0
 40
158.0
 40
158.0
 40
159.0
 40
159.0
 40
159.0
 40
160.0
 40
160.0
 40
160.0
 40
161.0
 40
161.0
 40
161.0
 40
162.0
 40
162.0
 40
162.0
 40
163.0
 40
163.0
 40
163.0
 40
164.0
 40
164.0
 40
164.0
 40
165.0
 40
165.0
 40
165.0
 40
166.0
 40
166.0
 40
166.0
 40
167.0
 40
167.0
 40
167.0
 40
168.0
 40
168.0
 40
168.0
 40
169.0
 40
169.0
 40
169.0
 40
170.0
 40
170.0
 40
170.0
 40
171.0
 40
171.0
 40
171.0
 40
172.0
 40
172.0
 40
172.0
 40
173.0
 40
173.0
 40
173.0
 40
174.0
 40
174.0
 40
174.0
 40
175.0
 40
175.0
 40
175.0
 40
176.0
 40
176.0
 40
176.0
 40
177.0
 40
177.0
 40
177.0
 40
178.0
 40
178.0
 40
178.0
 40
179.0
 40
179.0
 40
179.0
 40
180.0
 40
180.0
 40
180.0
 40
181.0
 40
181.0
 40
181.0
 40
182.0
 40
182.0
 40
182.0
 40
183.0
 40
183.0
 40
183.0
 40
184.0
 40
184.0
 40
184.0
 40
185.0
 40
185.0
 40
185.0
 40
186.0
 40
186.0
 40
186.0
 40
187.0
 40
187.0
 40
187.0
 40
188.0
 40
188.0
 40
188.0
 40
189.0
 40
189.0
 40
189.0
 40
190.0
 40
190.0
 40
190.0
 40
191.0
 40
191.0
 40
191.0
 40
192.0
 40
192.0
 40
192.0
 40
193.0
 40
193.0
 40
193.0
 40
194.0
 40
194.0
 40
194.0
 40
195.0
 40
195.0
 40
195.0
 40
196.0
 40
196.0
 40
196.0
 40
197.0
 40
197.0
 40
197.0
 40
198.0
 40
198.0
 40
198.0
 40
199.0
 40
199.0
 40
199.0
 40
200.0
 40
200.0
 40
200.0
 40
201.0
 40
201.0
 40
201.0
 40
202.0
 40
202.0
 40
202.0
 40
203.0
 40
203.0
 40
203.0
 40
204.0
 40
204.0
 40
204.0
 40
205.0
 40
205.0
 40
205.0
 40
206.0
 40
206.0
 40
206.0
 40
207.0
 40
207.0
 40
207.0
 40
208.0
 40
208.0
 40
208.0
 40
209.0
 40
209.0
 40
209.0
 40
210.0
 40
210.0
 40
210.0
 40
211.0
 40
211.0
 40
211.0
 40
212.0
 40
212.0
 40
212.0
 40
213.0
 40
213.0
 40
213.0
 40
213.0
 10
236.8385283324816
 20
-126.5948670896015
 30
0.0
 10
236.8385283324816
 20
-128.4858432016849
 30
0.0
 10
236.8385283324816
 20
-130.3768193137696
 30
0.0
 10
236.8385283324816
 20
-132.267795425853
 30
0.0
 10
229.4016937838999
 20
-132.2677966988248
 30
0.0
 10
221.9648606932681
 20
-132.2677966988248
 30
0.0
 10
214.5280204951282
 20
-132.2677979717959
 30
0.0
 10
214.5280144810825
 20
-130.3490125263479
 30
0.0
 10
214.5280144810825
 20
-128.4302270808999
 30
0.0
 10
214.5280146974974
 20
-126.5114416354513
 30
0.0
 10
214.5947270350199
 20
-126.4314353825014
 30
0.0
 10
214.6614391561287
 20
-126.3514284930649
 30
0.0
 10
214.7281512772369
 20
-126.2714222401156
 30
0.0
 10
214.7531867008008
 20
-126.2886302675992
 30
0.0
 10
214.7782221015851
 20
-126.3058389315692
 30
0.0
 10
214.8032575023687
 20
-126.3230475955386
 30
0.0
 10
214.9147819851214
 20
-126.7264840588037
 30
0.0
 10
215.0263064450945
 20
-127.1299198855816
 30
0.0
 10
215.1378309506281
 20
-127.5333563488454
 30
0.0
 10
215.1789232834169
 20
-127.5310032611994
 30
0.0
 10
215.2200156617662
 20
-127.5286495370662
 30
0.0
 10
215.2611080401161
 20
-127.5262964494202
 30
0.0
 10
215.3701468768541
 20
-126.6704879560519
 30
0.0
 10
215.4791856224707
 20
-125.8146794626848
 30
0.0
 10
215.5882244592092
 20
-124.9588716058024
 30
0.0
 10
215.6123568191663
 20
-124.9555892490283
 30
0.0
 10
215.636489179124
 20
-124.9523068922543
 30
0.0
 10
215.6606215390811
 20
-124.9490245354809
 30
0.0
 10
215.7125583805125
 20
-125.0968871657833
 30
0.0
 10
215.7915762866402
 20
-125.2419747184184
 30
0.0
 10
215.8118914590139
 20
-125.3930789704097
 30
0.0
 10
215.9175333623784
 20
-126.1788434850612
 30
0.0
 10
216.0073136763153
 20
-126.9662278558286
 30
0.0
 10
216.1061743788783
 20
-127.7527077804114
 30
0.0
 10
216.1126799359278
 20
-127.8044617059474
 30
0.0
 10
216.1487605641234
 20
-127.8533813606451
 30
0.0
 10
216.1710845188198
 20
-127.9036198137207
 30
0.0
 10
216.198892371804
 20
-127.9017880078656
 30
0.0
 10
216.2267004070319
 20
-127.8999555655247
 30
0.0
 10
216.2545084422599
 20
-127.8981237596696
 30
0.0
 10
216.6416203415267
 20
-126.3385772102229
 30
0.0
 10
216.8716823675142
 20
-124.7535623218298
 30
0.0
 10
217.141330481255
 20
-123.1749673464871
 30
0.0
 10
217.1807263064782
 20
-123.1766171174315
 30
0.0
 10
217.2201221317008
 20
-123.1782668883753
 30
0.0
 10
217.2595181391679
 20
-123.1799169775627
 30
0.0
 10
217.3792253459126
 20
-124.0408867335008
 30
0.0
 10
217.3974772450661
 20
-124.9137364950999
 30
0.0
 10
217.585925903231
 20
-125.7707479464467
 30
0.0
 10
217.8976240409479
 20
-124.9881830454272
 30
0.0
 10
217.966603685019
 20
-124.1748364228074
 30
0.0
 10
218.0813010096087
 20
-123.4019626531114
 30
0.0
 10
218.2073298894057
 20
-123.5777733706616
 30
0.0
 10
218.346168686143
 20
-123.7489721128031
 30
0.0
 10
218.4570469095887
 20
-123.9330132269883
 30
0.0
 10
218.551201348173
 20
-124.0892940172059
 30
0.0
 10
218.6510574663897
 20
-124.2551691929228
 30
0.0
 10
218.6818942113866
 20
-124.4259523098993
 30
0.0
 10
218.7635204819501
 20
-124.878016280923
 30
0.0
 10
218.8080342599035
 20
-125.3351536794914
 30
0.0
 10
218.8704906692761
 20
-125.7899392633828
 30
0.0
 10
218.8776229627658
 20
-125.8418752238294
 30
0.0
 10
218.9049110564227
 20
-125.8917005976835
 30
0.0
 10
218.9228529588666
 20
-125.9425048865498
 30
0.0
 10
218.9539200600304
 20
-125.9400652368484
 30
0.0
 10
218.9849871611943
 20
-125.9376249506604
 30
0.0
 10
219.0160542623587
 20
-125.9351853009583
 30
0.0
 10
219.0925729680887
 20
-124.9093091005434
 30
0.0
 10
219.169091673818
 20
-123.8834329001299
 30
0.0
 10
219.245610379548
 20
-122.8575563814728
 30
0.0
 10
219.285341715613
 20
-122.8578863993092
 30
0.0
 10
219.3250726871905
 20
-122.8582160989047
 30
0.0
 10
219.3648036587673
 20
-122.8585461167411
 30
0.0
 10
219.4680083246276
 20
-124.1902762930069
 30
0.0
 10
219.571212990488
 20
-125.5220067875136
 30
0.0
 10
219.6744176563484
 20
-126.8537372820217
 30
0.0
 10
219.7108434543078
 20
-126.854718106491
 30
0.0
 10
219.7472688877789
 20
-126.855698930959
 30
0.0
 10
219.7836946857377
 20
-126.8566791189436
 30
0.0
 10
219.8268000835787
 20
-126.6775064839067
 30
0.0
 10
219.8699054814196
 20
-126.4983338488697
 30
0.0
 10
219.9191641590383
 20
-126.2935846723169
 30
0.0
 10
219.9920416335763
 20
-126.3826958532573
 30
0.0
 10
220.0375333317788
 20
-126.4383208848433
 30
0.0
 10
220.0830250299814
 20
-126.4939459164293
 30
0.0
 10
220.105373587591
 20
-126.4888629415998
 30
0.0
 10
220.1277217807136
 20
-126.4837806032555
 30
0.0
 10
220.1500703383231
 20
-126.478697628426
 30
0.0
 10
220.1901774611103
 20
-125.9369757352429
 30
0.0
 10
220.230284583898
 20
-125.395254478545
 30
0.0
 10
220.2703917066858
 20
-124.8535325853612
 30
0.0
 10
220.376648956253
 20
-125.7529785385723
 30
0.0
 10
220.4273900049679
 20
-126.6553376868486
 30
0.0
 10
220.5367421188041
 20
-127.5524445550978
 30
0.0
 10
220.5758643960785
 20
-127.552471923984
 30
0.0
 10
220.6149874023276
 20
-127.5524992928684
 30
0.0
 10
220.654110044089
 20
-127.5525266617546
 30
0.0
 10
220.7222327777966
 20
-126.8442561909803
 30
0.0
 10
220.7903562404795
 20
-126.1359863566912
 30
0.0
 10
220.8584789741872
 20
-125.4277158859169
 30
0.0
 10
220.8750361882128
 20
-125.429234540806
 30
0.0
 10
220.8915934022384
 20
-125.4307525592087
 30
0.0
 10
220.9081513452392
 20
-125.4322712140985
 30
0.0
 10
220.9417877195434
 20
-125.5775859921287
 30
0.0
 10
220.9754248228228
 20
-125.7229007701602
 30
0.0
 10
221.0133526742095
 20
-125.8867563767378
 30
0.0
 10
221.3500029045114
 20
-125.7630324667466
 30
0.0
 10
221.4354067246314
 20
-125.5310773452764
 30
0.0
 10
221.4906265970591
 20
-125.2612876041242
 30
0.0
 10
221.5460360030422
 20
-125.3353974535159
 30
0.0
 10
221.5848998586028
 20
-125.3873779679623
 30
0.0
 10
221.6237644431387
 20
-125.439359118894
 30
0.0
 10
221.6451875667153
 20
-125.4389320369864
 30
0.0
 10
221.6666114192665
 20
-125.4385049550801
 30
0.0
 10
221.6880345428424
 20
-125.4380778731725
 30
0.0
 10
221.8685710862836
 20
-124.8305599068594
 30
0.0
 10
221.8932716824202
 20
-124.1983450222722
 30
0.0
 10
222.0145046342869
 20
-123.536618841549
 30
0.0
 10
222.089372575646
 20
-123.9114643670057
 30
0.0
 10
222.1554191879448
 20
-124.2421384211124
 30
0.0
 10
222.2214650712691
 20
-124.5728118387338
 30
0.0
 10
222.2637638580364
 20
-124.5713485581005
 30
0.0
 10
222.3060626448031
 20
-124.5698852774684
 30
0.0
 10
222.3483614315704
 20
-124.5684213603498
 30
0.0
 10
222.3788719601592
 20
-124.3571259283361
 30
0.0
 10
222.409381759772
 20
-124.1458304963199
 30
0.0
 10
222.4466382249867
 20
-123.8878163771705
 30
0.0
 10
222.4686109958743
 20
-124.0468416937442
 30
0.0
 10
222.4960627444666
 20
-124.1618145617961
 30
0.0
 10
222.4986119707885
 20
-124.2772062374417
 30
0.0
 10
222.519015987016
 20
-125.2009073878472
 30
0.0
 10
222.5323445698208
 20
-126.1247269245942
 30
0.0
 10
222.5528433528266
 20
-127.0484261655415
 30
0.0
 10
222.5631634549249
 20
-127.5134738084349
 30
0.0
 10
222.5737860817371
 20
-127.9788626076644
 30
0.0
 10
222.6049453982653
 20
-128.4430395381144
 30
0.0
 10
222.6171134525304
 20
-128.6243068476015
 30
0.0
 10
222.6860234794684
 20
-128.8026705093103
 30
0.0
 10
222.7290884191853
 20
-128.982356788309
 30
0.0
 10
222.7714892624821
 20
-128.9779472153539
 30
0.0
 10
222.8138901057789
 20
-128.9735363694276
 30
0.0
 10
222.8562916780509
 20
-128.9691255235014
 30
0.0
 10
222.885229807104
 20
-128.0021057925893
 30
0.0
 10
222.9141679361566
 20
-127.0350860616792
 30
0.0
 10
222.9431060652097
 20
-126.0680663307677
 30
0.0
 10
222.9529734737004
 20
-126.0679625835988
 30
0.0
 10
222.9628401532158
 20
-126.0678581999433
 30
0.0
 10
222.9727068327319
 20
-126.0677544527724
 30
0.0
 10
223.0446894901952
 20
-126.4930993904433
 30
0.0
 10
223.1166721476585
 20
-126.9184443281117
 30
0.0
 10
223.1886540761465
 20
-127.3437892657814
 30
0.0
 10
223.2277249606684
 20
-127.3426709604007
 30
0.0
 10
223.2667951162142
 20
-127.3415532915052
 30
0.0
 10
223.3058652717602
 20
-127.3404356226104
 30
0.0
 10
223.3516594946767
 20
-126.721924911708
 30
0.0
 10
223.3974537175927
 20
-126.1034142008057
 30
0.0
 10
223.4420269070258
 20
-125.5013992898863
 30
0.0
 10
223.5312629498442
 20
-125.5236686516872
 30
0.0
 10
223.6100768340336
 20
-125.5433366964144
 30
0.0
 10
223.6942275457621
 20
-125.5643369057217
 30
0.0
 10
223.7320125180064
 20
-126.3670752211184
 30
0.0
 10
223.7699724443024
 20
-127.1735293400522
 30
0.0
 10
223.8079323705985
 20
-127.9799834589886
 30
0.0
 10
223.8502289704401
 20
-127.9806498595203
 30
0.0
 10
223.892525570281
 20
-127.981316260052
 30
0.0
 10
223.9348228990979
 20
-127.9819826605836
 30
0.0
 10
224.1875170540534
 20
-126.8458938686957
 30
0.0
 10
224.1343674712326
 20
-125.6802473172154
 30
0.0
 10
224.2883962889823
 20
-124.5265125956778
 30
0.0
 10
224.508008090796
 20
-124.6189010415071
 30
0.0
 10
224.3033956829766
 20
-124.9494204295888
 30
0.0
 10
224.6569632410597
 20
-124.9407120321903
 30
0.0
 10
224.6569632410597
 20
-125.1771040955012
 30
0.0
 10
224.651253178212
 20
-125.413320488757
 30
0.0
 10
224.6585954165632
 20
-125.6492269134757
 30
0.0
 10
224.6657153174738
 20
-125.8779938780558
 30
0.0
 10
224.6863139700834
 20
-126.1064381443852
 30
0.0
 10
224.7008657732968
 20
-126.335030711882
 30
0.0
 10
224.7158600644643
 20
-126.5705603370639
 30
0.0
 10
224.7314564891589
 20
-126.8060638663319
 30
0.0
 10
224.7453959531925
 20
-127.0416412279417
 30
0.0
 10
224.7589264621317
 20
-127.2702955345519
 30
0.0
 10
224.7544972087336
 20
-127.5008484780168
 30
0.0
 10
224.7878573014324
 20
-127.7272076171802
 30
0.0
 10
224.8200692581689
 20
-127.9457691699886
 30
0.0
 10
224.7256115658966
 20
-128.1825755854921
 30
0.0
 10
224.8602642224701
 20
-128.387654461639
 30
0.0
 10
224.8933531363885
 20
-128.3864177699161
 30
0.0
 10
224.9264427792827
 20
-128.3851810781932
 30
0.0
 10
224.9595324221769
 20
-128.3839443864721
 30
0.0
 10
224.9866925806839
 20
-127.0753062297799
 30
0.0
 10
225.0138527391908
 20
-125.766668709571
 30
0.0
 10
225.0410128976978
 20
-124.4580305528788
 30
0.0
 10
225.0652338281436
 20
-124.4573743361173
 30
0.0
 10
225.0894540296142
 20
-124.4567181193584
 30
0.0
 10
225.1136742310854
 20
-124.4560625390828
 30
0.0
 10
225.1346760069879
 20
-124.6942093934782
 30
0.0
 10
225.1680579689428
 20
-124.9321041995352
 30
0.0
 10
225.1744467077142
 20
-125.1705495657245
 30
0.0
 10
225.1969581912847
 20
-126.0107711606957
 30
0.0
 10
225.2091845635666
 20
-126.8512002500068
 30
0.0
 10
225.22899519397
 20
-127.6914848570612
 30
0.0
 10
225.2305121913897
 20
-127.755829106303
 30
0.0
 10
225.2607894479098
 20
-127.8196558926653
 30
0.0
 10
225.2776980279881
 20
-127.8837239071106
 30
0.0
 10
225.3081159767249
 20
-127.880696781103
 30
0.0
 10
225.3385346544363
 20
-127.8776696550968
 30
0.0
 10
225.3689533321477
 20
-127.8746425290898
 30
0.0
 10
225.4017265997996
 20
-127.1877255171879
 30
0.0
 10
225.4344998674508
 20
-126.5008078688002
 30
0.0
 10
225.4672731351021
 20
-125.8138908568976
 30
0.0
 10
225.4974869707787
 20
-125.8139570514108
 30
0.0
 10
225.5277015354305
 20
-125.8140232459246
 30
0.0
 10
225.5579161000824
 20
-125.8140894404372
 30
0.0
 10
225.5579161000824
 20
-126.4904535193731
 30
0.0
 10
225.5579161000824
 20
-127.1668182347942
 30
0.0
 10
225.5579161000824
 20
-127.8431829502147
 30
0.0
 10
225.6021802040249
 20
-127.8435852091802
 30
0.0
 10
225.6464435789928
 20
-127.8439881046309
 30
0.0
 10
225.690707682936
 20
-127.8443903635944
 30
0.0
 10
225.71852464811
 20
-126.9569345280701
 30
0.0
 10
225.7463423422599
 20
-126.0694786925451
 30
0.0
 10
225.7741593074339
 20
-125.1820228570195
 30
0.0
 10
225.7883298566103
 20
-125.1813920996866
 30
0.0
 10
225.8025004057873
 20
-125.1807607058679
 30
0.0
 10
225.8166709549637
 20
-125.1801299485363
 30
0.0
 10
225.836671118923
 20
-125.3779713457473
 30
0.0
 10
225.8566720118576
 20
-125.575812106473
 30
0.0
 10
225.8766721758169
 20
-125.7736528671981
 30
0.0
 10
225.9032717523842
 20
-125.7744682053844
 30
0.0
 10
225.9298720579275
 20
-125.7752841800573
 30
0.0
 10
225.9564716344955
 20
-125.7760995182436
 30
0.0
 10
225.9915455479206
 20
-125.6307223646129
 30
0.0
 10
226.0266201903215
 20
-125.4853452109823
 30
0.0
 10
226.0616941037466
 20
-125.3399680573529
 30
0.0
 10
226.3426761418647
 20
-125.8067953142723
 30
0.0
 10
226.1367260645287
 20
-126.3393206255251
 30
0.0
 10
226.3939245573285
 20
-126.812841802589
 30
0.0
 10
226.4147725194613
 20
-126.7071940865837
 30
0.0
 10
226.4356197526189
 20
-126.6015463705746
 30
0.0
 10
226.4550221569032
 20
-126.5032239685306
 30
0.0
 10
226.5420486758486
 20
-126.7223729976431
 30
0.0
 10
226.6269371104934
 20
-126.9361379941894
 30
0.0
 10
226.7118248161624
 20
-127.1499036272189
 30
0.0
 10
226.7469687112081
 20
-127.1463113019077
 30
0.0
 10
226.7821126062539
 20
-127.1427196130831
 30
0.0
 10
226.8172579592501
 20
-127.13912728777
 30
0.0
 10
226.8372333380525
 20
-126.9614160239093
 30
0.0
 10
226.8572087168548
 20
-126.7837053965333
 30
0.0
 10
226.877185553607
 20
-126.6059941326727
 30
0.0
 10
226.8879160687507
 20
-126.6058922949594
 30
0.0
 10
226.8986465838943
 20
-126.6057904572468
 30
0.0
 10
226.9093785569884
 20
-126.6056892560207
 30
0.0
 10
226.9275985634764
 20
-127.3280986202153
 30
0.0
 10
226.9458200279149
 20
-128.0505079844113
 30
0.0
 10
226.9640400344023
 20
-128.7729173486059
 30
0.0
 10
226.9971398829492
 20
-128.7734710911683
 30
0.0
 10
227.0302397314969
 20
-128.7740241972454
 30
0.0
 10
227.0633395800438
 20
-128.7745779398077
 30
0.0
 10
227.0748588463683
 20
-128.6914357217955
 30
0.0
 10
227.0890578255785
 20
-128.6085003616367
 30
0.0
 10
227.0974789472454
 20
-128.525119461487
 30
0.0
 10
227.1715384550921
 20
-127.7916880743611
 30
0.0
 10
227.0451983028788
 20
-127.050008469001
 30
0.0
 10
227.2704735131266
 20
-126.3197709671368
 30
0.0
 10
227.3828100514876
 20
-125.9556279487879
 30
0.0
 10
227.408798017851
 20
-125.5648893753117
 30
0.0
 10
227.4216002805513
 20
-125.1848393062578
 30
0.0
 10
227.4559831254748
 20
-124.1642147493848
 30
0.0
 10
227.462300424675
 20
-123.1428680994794
 30
0.0
 10
227.4794648750538
 20
-122.121804367471
 30
0.0
 10
227.480731833975
 20
-122.0463878129311
 30
0.0
 10
227.4796310814026
 20
-121.9709413435608
 30
0.0
 10
227.4796310814026
 20
-121.8924343326879
 30
0.0
 10
227.5412134494942
 20
-122.1636259336025
 30
0.0
 10
227.6386847252998
 20
-122.4269079266777
 30
0.0
 10
227.6541827383399
 20
-122.6938191612354
 30
0.0
 10
227.6928344621134
 20
-123.3593776223798
 30
0.0
 10
227.6928913221804
 20
-124.0266160875394
 30
0.0
 10
227.7126523822698
 20
-124.6930847232387
 30
0.0
 10
227.7145622973291
 20
-124.7575059872498
 30
0.0
 10
227.7458440816935
 20
-124.8212640331573
 30
0.0
 10
227.7634911136634
 20
-124.8853301381443
 30
0.0
 10
227.7827739660131
 20
-124.883396494576
 30
0.0
 10
227.8020568183622
 20
-124.8814628510089
 30
0.0
 10
227.8213396707112
 20
-124.8795292074419
 30
0.0
 10
227.8537542825573
 20
-124.7991149671549
 30
0.0
 10
227.8861674364535
 20
-124.7187013633551
 30
0.0
 10
227.9233947426599
 20
-124.6263447418119
 30
0.0
 10
227.9667818894204
 20
-125.1248206138604
 30
0.0
 10
228.008770861722
 20
-125.6072494083482
 30
0.0
 10
228.0507598340235
 20
-126.0896782028354
 30
0.0
 10
228.0894757076157
 20
-126.0889958901614
 30
0.0
 10
228.128191581208
 20
-126.0883135774873
 30
0.0
 10
228.1669074548002
 20
-126.0876319012984
 30
0.0
 10
228.1669074548002
 20
-125.7184905607198
 30
0.0
 10
228.1669074548002
 20
-125.349348583654
 30
0.0
 10
228.1669074548002
 20
-124.9802072430748
 30
0.0
 10
228.1882270638962
 20
-124.9802944416167
 30
0.0
 10
228.2095466729922
 20
-124.9803816401581
 30
0.0
 10
228.2308648241378
 20
-124.9804682022135
 30
0.0
 10
228.2329569830006
 20
-125.0139855393676
 30
0.0
 10
228.2357285467624
 20
-125.0474825089793
 30
0.0
 10
228.2370421600972
 20
-125.0810227596204
 30
0.0
 10
228.2533449617735
 20
-125.4972614963279
 30
0.0
 10
228.2677568017461
 20
-125.9135670640337
 30
0.0
 10
228.2874566279171
 20
-126.3296829590004
 30
0.0
 10
228.2902908835478
 20
-126.3895826285704
 30
0.0
 10
228.3048062379997
 20
-126.4932947915548
 30
0.0
 10
228.3368957269012
 20
-126.5006869365157
 30
0.0
 10
228.5369542265612
 20
-126.5467755028038
 30
0.0
 10
228.4558936407633
 20
-126.6809734215348
 30
0.0
 10
228.4734998501216
 20
-126.7842966917521
 30
0.0
 10
228.4946270097607
 20
-126.9082911081677
 30
0.0
 10
228.5174526816478
 20
-127.0320653005291
 30
0.0
 10
228.5395435465201
 20
-127.1559349657482
 30
0.0
 10
228.5770012088934
 20
-127.1530345003954
 30
0.0
 10
228.6144588712673
 20
-127.150133398558
 30
0.0
 10
228.6519165336413
 20
-127.1472322967206
 30
0.0
 10
228.6948167249592
 20
-126.5255283370445
 30
0.0
 10
228.7377183742283
 20
-125.9038250138529
 30
0.0
 10
228.7806185655461
 20
-125.2821210541761
 30
0.0
 10
228.8280792258007
 20
-125.6833393647631
 30
0.0
 10
228.8748254903453
 20
-126.0732613270813
 30
0.0
 10
229.0264027644525
 20
-126.4628370411771
 30
0.0
 10
229.1530855350163
 20
-126.7884293934267
 30
0.0
 10
229.1537124536997
 20
-127.1535856970149
 30
0.0
 10
229.1912255181901
 20
-127.502771937813
 30
0.0
 10
229.2216252425458
 20
-127.7857267492609
 30
0.0
 10
229.2221734319063
 20
-128.0710709280389
 30
0.0
 10
229.2405057005771
 20
-128.3551319516384
 30
0.0
 10
229.2431445908506
 20
-128.3960172472997
 30
0.0
 10
229.2713019874493
 20
-128.435646120181
 30
0.0
 10
229.2876499855887
 20
-128.4758567409949
 30
0.0
 10
229.3139922339064
 20
-128.4743291753054
 30
0.0
 10
229.3403344822235
 20
-128.472802246103
 30
0.0
 10
229.3666767305406
 20
-128.4712746804148
 30
0.0
 10
229.4070371722148
 20
-127.47399514618
 30
0.0
 10
229.4473990718395
 20
-126.4767156119452
 30
0.0
 10
229.4877595135137
 20
-125.4794360777104
 30
0.0
 10
229.4963905800427
 20
-125.4795455532516
 30
0.0
 10
229.5050216465711
 20
-125.4796550287922
 30
0.0
 10
229.51365417105
 20
-125.4797645043341
 30
0.0
 10
229.5550249723703
 20
-126.2245838936692
 30
0.0
 10
229.5963943157402
 20
-126.969403283005
 30
0.0
 10
229.63776511706
 20
-127.7142226723401
 30
0.0
 10
229.6736569406755
 20
-127.7153231561221
 30
0.0
 10
229.7095473063399
 20
-127.7164236399034
 30
0.0
 10
229.7454391299549
 20
-127.7175234871994
 30
0.0
 10
229.7693276477036
 20
-127.5589227065911
 30
0.0
 10
229.81037915788
 20
-127.4006089810334
 30
0.0
 10
229.8138694912026
 20
-127.2416664076011
 30
0.0
 10
229.8240955554984
 20
-126.7760694775471
 30
0.0
 10
229.8161118189596
 20
-126.3101848559547
 30
0.0
 10
229.8230050085788
 20
-125.8445013638439
 30
0.0
 10
229.8245416883294
 20
-125.7406415361773
 30
0.0
 10
229.8577712944644
 20
-125.6371394134781
 30
0.0
 10
229.8764097327248
 20
-125.5334730774653
 30
0.0
 10
229.8978109870448
 20
-125.535008917468
 30
0.0
 10
229.9192136993146
 20
-125.5365453939566
 30
0.0
 10
229.9406149536346
 20
-125.5380812339606
 30
0.0
 10
229.9449815151638
 20
-125.603636079007
 30
0.0
 10
229.9526794934191
 20
-125.6691718294854
 30
0.0
 10
229.9531577011595
 20
-125.7347483150472
 30
0.0
 10
229.9557936755314
 20
-126.0962155474979
 30
0.0
 10
229.9518455457746
 20
-126.4577878000894
 30
0.0
 10
229.9612726532368
 20
-126.8191029124562
 30
0.0
 10
229.9638794686003
 20
-126.9189185099613
 30
0.0
 10
230.0045081731528
 20
-127.0179773259641
 30
0.0
 10
230.0276895849447
 20
-127.1173836631618
 30
0.0
 10
230.061235566322
 20
-127.114524569382
 30
0.0
 10
230.0947830056505
 20
-127.1116661120874
 30
0.0
 10
230.1283289870285
 20
-127.1088070183063
 30
0.0
 10
230.1530981068348
 20
-126.4031340456878
 30
0.0
 10
230.1778672266411
 20
-125.6974617095558
 30
0.0
 10
230.202636346448
 20
-124.9917887369392
 30
0.0
 10
230.2258498331486
 20
-124.992360301101
 30
0.0
 10
230.2490633198493
 20
-124.9929318652633
 30
0.0
 10
230.2722753485994
 20
-124.9935034294232
 30
0.0
 10
230.3318092963408
 20
-125.4016110612673
 30
0.0
 10
230.2370964627433
 20
-125.8213772017439
 30
0.0
 10
230.3414317691597
 20
-126.2806754692755
 30
0.0
 10
230.4165220479587
 20
-126.1991518344088
 30
0.0
 10
230.4417066836371
 20
-126.1718103180357
 30
0.0
 10
230.5136361259096
 20
-126.0937192505682
 30
0.0
 10
230.5136361259096
 20
-126.4533896838775
 30
0.0
 10
230.5136361259096
 20
-126.7580785726467
 30
0.0
 10
230.5136361259096
 20
-127.0627674614166
 30
0.0
 10
230.5398296632837
 20
-127.063691002173
 30
0.0
 10
230.5660246586076
 20
-127.0646145429295
 30
0.0
 10
230.5922181959816
 20
-127.065538083684
 30
0.0
 10
230.6058952289382
 20
-126.9979044763279
 30
0.0
 10
230.6199192540972
 20
-126.9303224243137
 30
0.0
 10
230.6331734814299
 20
-126.8626258048726
 30
0.0
 10
230.6543604170369
 20
-126.7543882285375
 30
0.0
 10
230.6701850109728
 20
-126.6451520061319
 30
0.0
 10
230.6969413172115
 20
-126.5379869082073
 30
0.0
 10
230.7516509069901
 20
-126.3188735222942
 30
0.0
 10
230.8440368517057
 20
-126.1029966661844
 30
0.0
 10
230.8634844524531
 20
-125.8819369069899
 30
0.0
 10
230.9024204765602
 20
-125.43937312158
 30
0.0
 10
230.9045024297696
 20
-124.9942608474114
 30
0.0
 10
230.918118228809
 20
-124.550114758542
 30
0.0
 10
230.9234805704795
 20
-124.3752199439184
 30
0.0
 10
230.9189973729167
 20
-124.2000947214717
 30
0.0
 10
230.9189973729167
 20
-124.0250745191657
 30
0.0
 10
230.9987851679915
 20
-124.2898462070299
 30
0.0
 10
231.0361116148269
 20
-124.55550006408
 30
0.0
 10
231.0510672703085
 20
-124.8221105591426
 30
0.0
 10
231.0646816113968
 20
-125.0648324727761
 30
0.0
 10
231.0530952793526
 20
-125.3085969499915
 30
0.0
 10
231.0544088926874
 20
-125.5518942467007
 30
0.0
 10
231.0550839237349
 20
-125.6769013118717
 30
0.0
 10
231.0523823415938
 20
-125.802618695087
 30
0.0
 10
231.0685393482267
 20
-125.9262878673064
 30
0.0
 10
231.0718168207868
 20
-125.951369859431
 30
0.0
 10
231.152918229197
 20
-125.9687000921688
 30
0.0
 10
231.2510105918847
 20
-126.0140407877561
 30
0.0
 10
231.2817543925414
 20
-126.1063515823278
 30
0.0
 10
231.3640790213595
 20
-126.2694866870903
 30
0.0
 10
231.3861174000163
 20
-126.4386104858388
 30
0.0
 10
231.4228621246314
 20
-126.7206073863013
 30
0.0
 10
231.4193747072092
 20
-127.0065154914137
 30
0.0
 10
231.4370086176255
 20
-127.2905784244709
 30
0.0
 10
231.4399813785464
 20
-127.3384536061283
 30
0.0
 10
231.4639909061803
 20
-127.3853320511747
 30
0.0
 10
231.4782817362672
 20
-127.4326713118698
 30
0.0
 10
231.507847512979
 20
-127.4314556241757
 30
0.0
 10
231.5374132896908
 20
-127.4302405729668
 30
0.0
 10
231.566979066402
 20
-127.4290248852733
 30
0.0
 10
231.6195906655158
 20
-126.9253056439981
 30
0.0
 10
231.5606778046565
 20
-126.4143826575287
 30
0.0
 10
231.6341789174894
 20
-125.9101777776619
 30
0.0
 10
231.6973650310507
 20
-126.4842337810757
 30
0.0
 10
231.6458250255015
 20
-127.0625746062493
 30
0.0
 10
231.6955542566205
 20
-127.6351628736311
 30
0.0
 10
231.7293757906292
 20
-127.6345200230705
 30
0.0
 10
231.7631973246373
 20
-127.6338778089957
 30
0.0
 10
231.797018858646
 20
-127.633234958435
 30
0.0
 10
231.8311174032359
 20
-126.7491843214249
 30
0.0
 10
231.8652159478251
 20
-125.8651330479282
 30
0.0
 10
231.899314492415
 20
-124.9810824109155
 30
0.0
 10
231.956658598615
 20
-125.0153164309732
 30
0.0
 10
231.9590131885548
 20
-125.0490597205531
 30
0.0
 10
231.9599768937867
 20
-125.0828329249614
 30
0.0
 10
231.9920153544231
 20
-126.2071276367606
 30
0.0
 10
232.0232242412665
 20
-127.3314414431303
 30
0.0
 10
232.0576318713463
 20
-128.4556807806737
 30
0.0
 10
232.0596263475305
 20
-128.5208480059291
 30
0.0
 10
232.0873973872668
 20
-128.5854131157085
 30
0.0
 10
232.1031709529377
 20
-128.6502589156824
 30
0.0
 10
232.1293134620467
 20
-128.6473934570451
 30
0.0
 10
232.1554545132052
 20
-128.6445286348924
 30
0.0
 10
232.1815955643637
 20
-128.6416631762551
 30
0.0
 10
232.306626477093
 20
-127.6881974084033
 30
0.0
 10
232.227373749825
 20
-126.7275781777282
 30
0.0
 10
232.2755823386481
 20
-125.7706041006778
 30
0.0
 10
232.326256321644
 20
-126.1276203886024
 30
0.0
 10
232.2566829272611
 20
-126.4943443564788
 30
0.0
 10
232.3317557106549
 20
-126.8483570683675
 30
0.0
 10
232.3752624093508
 20
-126.8480057282606
 30
0.0
 10
232.4187705659977
 20
-126.847655024637
 30
0.0
 10
232.4622772646936
 20
-126.8473036845295
 30
0.0
 10
232.4805920379592
 20
-126.5090229897767
 30
0.0
 10
232.4989082691747
 20
-126.1707416585399
 30
0.0
 10
232.5172230424404
 20
-125.8324603273019
 30
0.0
 10
232.540518174365
 20
-125.8336454636823
 30
0.0
 10
232.5638118483397
 20
-125.8348306000633
 30
0.0
 10
232.5871069802643
 20
-125.8360157364425
 30
0.0
 10
232.5871069802643
 20
-126.029024297706
 30
0.0
 10
232.5816265446084
 20
-126.2221849790529
 30
0.0
 10
232.5886159589564
 20
-126.4150000486613
 30
0.0
 10
232.5959013372405
 20
-126.6159984149621
 30
0.0
 10
232.6242920059079
 20
-126.8165563331563
 30
0.0
 10
232.6274091039211
 20
-127.017496779259
 30
0.0
 10
232.6343270786979
 20
-127.463462580755
 30
0.0
 10
232.6302346118489
 20
-127.4635109536694
 30
0.0
 10
232.7325798159325
 20
-127.5415733792789
 30
0.0
 10
232.7940003515267
 20
-127.2458869443023
 30
0.0
 10
232.8561440305325
 20
-126.9467214784684
 30
0.0
 10
232.927557358354
 20
-126.6029281810382
 30
0.0
 10
232.9916751022385
 20
-127.2461065318706
 30
0.0
 10
233.0675031039532
 20
-127.8361695142469
 30
0.0
 10
233.1039722759377
 20
-128.4280814875925
 30
0.0
 10
233.1317301941196
 20
-128.8786248942707
 30
0.0
 10
233.1072730757042
 20
-129.3315341183074
 30
0.0
 10
233.1116265156797
 20
-129.7833498599067
 30
0.0
 10
233.1123861078528
 20
-129.862130241391
 30
0.0
 10
233.1408321786359
 20
-129.9407069474501
 30
0.0
 10
233.1564905662236
 20
-130.0193765804233
 30
0.0
 10
233.1902887730252
 20
-130.0165569487563
 30
0.0
 10
233.2240869798268
 20
-130.0137360441169
 30
0.0
 10
233.2578851866284
 20
-130.0109164124498
 30
0.0
 10
233.2804353058848
 20
-128.8853512751859
 30
0.0
 10
233.3029854251411
 20
-127.759787410893
 30
0.0
 10
233.3255355443976
 20
-126.634222910115
 30
0.0
 10
233.3529143954689
 20
-126.6337009918394
 30
0.0
 10
233.3802932465402
 20
-126.6331790735613
 30
0.0
 10
233.4076735555613
 20
-126.6326571552838
 30
0.0
 10
233.5154058864731
 20
-127.04291101692
 30
0.0
 10
233.3640691741869
 20
-127.4804472017568
 30
0.0
 10
233.5422146789273
 20
-127.8892804273032
 30
0.0
 10
233.602874164398
 20
-127.8090590421848
 30
0.0
 10
233.6338468632725
 20
-127.7278358285696
 30
0.0
 10
233.6357946850431
 20
-127.6460849683066
 30
0.0
 10
233.6430844371787
 20
-127.3403299659825
 30
0.0
 10
233.6403624437309
 20
-127.0343980206335
 30
0.0
 10
233.6426966223646
 20
-126.7285405441121
 30
0.0
 10
233.6431194279884
 20
-126.6731758351797
 30
0.0
 10
233.6245218123403
 20
-126.5886619904754
 30
0.0
 10
233.6573650616122
 20
-126.5670711224365
 30
0.0
 10
233.9467550998435
 20
-126.3768159983268
 30
0.0
 10
233.785288547989
 20
-126.1078963331321
 30
0.0
 10
233.8303829547005
 20
-125.876302735541
 30
0.0
 10
233.8515713482581
 20
-125.7674923220731
 30
0.0
 10
233.8841128017912
 20
-125.6603673227465
 30
0.0
 10
233.9115091482677
 20
-125.5524779040915
 30
0.0
 10
233.9311943949345
 20
-125.5553293600427
 30
0.0
 10
233.9508796416019
 20
-125.5581801795107
 30
0.0
 10
233.9705648882687
 20
-125.5610309989773
 30
0.0
 10
233.9705648882687
 20
-125.8385241266
 30
0.0
 10
233.9630229107095
 20
-126.1162896701046
 30
0.0
 10
233.9761677917602
 20
-126.3933073429092
 30
0.0
 10
233.9792338615084
 20
-126.457931645859
 30
0.0
 10
234.0525556464393
 20
-126.52001509788
 30
0.0
 10
234.0935517544999
 20
-126.5832671376518
 30
0.0
 10
234.114941345216
 20
-126.577510124462
 30
0.0
 10
234.1363309359327
 20
-126.5717524747864
 30
0.0
 10
234.1577205266488
 20
-126.5659954615966
 30
0.0
 10
234.1577205266488
 20
-126.8160598743081
 30
0.0
 10
234.1577234425498
 20
-127.0661249235042
 30
0.0
 10
234.1577219845993
 20
-127.3161893362131
 30
0.0
 10
234.1577176107478
 20
-127.5733951185195
 30
0.0
 10
234.1551559918475
 20
-127.8306250872828
 30
0.0
 10
234.1584538757137
 20
-128.0877984088172
 30
0.0
 10
234.1614907864535
 20
-128.324550723036
 30
0.0
 10
234.1708216691869
 20
-128.5612406616543
 30
0.0
 10
234.1773795302081
 20
-128.7979579691595
 30
0.0
 10
234.2122274613177
 20
-128.7970490675743
 30
0.0
 10
234.2470739344761
 20
-128.7961408024757
 30
0.0
 10
234.2819218655856
 20
-128.7952319008913
 30
0.0
 10
234.2918140592332
 20
-128.7104991051064
 30
0.0
 10
234.3100063646633
 20
-128.6257873133477
 30
0.0
 10
234.3102921229468
 20
-128.5410303311072
 30
0.0
 10
234.3127050309041
 20
-127.825031650919
 30
0.0
 10
234.3058803649544
 20
-127.1089667762176
 30
0.0
 10
234.3149838074213
 20
-126.3930495661985
 30
0.0
 10
234.3185105895047
 20
-126.1156958289443
 30
0.0
 10
234.3558661953485
 20
-125.8386711547983
 30
0.0
 10
234.377809807227
 20
-125.5614962700253
 30
0.0
 10
234.4004197024513
 20
-125.562496189067
 30
0.0
 10
234.423029597675
 20
-125.5634961081068
 30
0.0
 10
234.4456394928987
 20
-125.5644960271478
 30
0.0
 10
234.4456394928987
 20
-125.9184393620946
 30
0.0
 10
234.4394606989888
 20
-126.2724889901551
 30
0.0
 10
234.4473861175108
 20
-126.6262967536474
 30
0.0
 10
234.4552313487594
 20
-126.9764485432582
 30
0.0
 10
234.4117917157826
 20
-127.3305121740042
 30
0.0
 10
234.4740622364761
 20
-127.6775833728086
 30
0.0
 10
234.499786313812
 20
-127.6774630770113
 30
0.0
 10
234.5255089331981
 20
-127.6773427812128
 30
0.0
 10
234.551233010534
 20
-127.6772231219007
 30
0.0
 10
234.6019157412322
 20
-127.2106536416907
 30
0.0
 10
234.6525970139805
 20
-126.7440841614806
 30
0.0
 10
234.7032797446787
 20
-126.2775146812692
 30
0.0
 10
234.7284643803571
 20
-126.279202004872
 30
0.0
 10
234.7536490160348
 20
-126.2808893284723
 30
0.0
 10
234.7788336517132
 20
-126.2825766520719
 30
0.0
 10
234.7788336517132
 20
-127.0121197480335
 30
0.0
 10
234.7774704680639
 20
-127.7416666629098
 30
0.0
 10
234.7806794169538
 20
-128.4711983021295
 30
0.0
 10
234.7810511943126
 20
-128.5559170952296
 30
0.0
 10
234.8067548603431
 20
-128.6405505992453
 30
0.0
 10
234.8207147356827
 20
-128.7252235653745
 30
0.0
 10
234.844996900047
 20
-128.7232135435216
 30
0.0
 10
234.8692790644106
 20
-128.7212035216699
 30
0.0
 10
234.8935612287742
 20
-128.719192863331
 30
0.0
 10
234.9063941084341
 20
-128.6756795182008
 30
0.0
 10
234.9289529753928
 20
-128.6324519551515
 30
0.0
 10
234.9306427399379
 20
-128.5886114563687
 30
0.0
 10
234.9800832968724
 20
-127.3056510424191
 30
0.0
 10
235.0276270603008
 20
-126.022634617727
 30
0.0
 10
235.0747261488492
 20
-124.7396067362925
 30
0.0
 10
235.0778811535738
 20
-124.6536811662979
 30
0.0
 10
235.0751372908699
 20
-124.5675894735352
 30
0.0
 10
235.0751372908699
 20
-124.4709015667785
 30
0.0
 10
235.1510309003539
 20
-124.9188691158136
 30
0.0
 10
235.2413407236614
 20
-125.3513592419929
 30
0.0
 10
235.2939085842619
 20
-125.7873188517412
 30
0.0
 10
235.361748475587
 20
-126.349937207062
 30
0.0
 10
235.4032067539326
 20
-126.915100232225
 30
0.0
 10
235.4478433642099
 20
-127.4796611419144
 30
0.0
 10
235.4620671285764
 20
-127.6595466409392
 30
0.0
 10
235.4461973381774
 20
-127.8411130987074
 30
0.0
 10
235.4526137780073
 20
-128.0216796374351
 30
0.0
 10
235.4546636563074
 20
-128.0794095272427
 30
0.0
 10
235.4841375821425
 20
-128.1363972747192
 30
0.0
 10
235.5010643866013
 20
-128.1937242690767
 30
0.0
 10
235.5227047447911
 20
-128.1908619928675
 30
0.0
 10
235.5443436450311
 20
-128.187999716657
 30
0.0
 10
235.5659840032209
 20
-128.1851374404491
 30
0.0
 10
235.6575505797962
 20
-127.5043898844719
 30
0.0
 10
235.7491171563721
 20
-126.8236423284948
 30
0.0
 10
235.840683732948
 20
-126.1428947725183
 30
0.0
 10
235.8626885787449
 20
-126.1417885603653
 30
0.0
 10
235.8846948824916
 20
-126.1406823482124
 30
0.0
 10
235.906701186239
 20
-126.1395754995749
 30
0.0
 10
235.9193037097307
 20
-126.4898692254964
 30
0.0
 10
235.9319047752724
 20
-126.8401629514198
 30
0.0
 10
235.9445072987647
 20
-127.1904566773419
 30
0.0
 10
235.9783973564436
 20
-127.1901842614619
 30
0.0
 10
236.0122874141219
 20
-127.1899118455805
 30
0.0
 10
236.0461774718008
 20
-127.1896394296992
 30
0.0
 10
236.0566936682315
 20
-127.0991718977226
 30
0.0
 10
236.0579708328055
 20
-127.0068827436636
 30
0.0
 10
236.0807367287253
 20
-126.9188300384482
 30
0.0
 10
236.0980251048901
 20
-126.8519589409649
 30
0.0
 10
236.1426587992664
 20
-126.7904782409072
 30
0.0
 10
236.175125897328
 20
-126.7265998992018
 30
0.0
 10
236.2215426650765
 20
-126.7875440418119
 30
0.0
 10
236.3051663277253
 20
-126.8469962619346
 30
0.0
 10
236.3084612956906
 20
-126.9096690997161
 30
0.0
 10
236.3336284359638
 20
-127.3880918531854
 30
0.0
 10
236.3416136304531
 20
-127.8671854625862
 30
0.0
 10
236.3590886242729
 20
-128.3459551007638
 30
0.0
 10
236.3618047859182
 20
-128.4203609160066
 30
0.0
 10
236.3856043686906
 20
-128.4941811644035
 30
0.0
 10
236.4022337512626
 20
-128.5818793470819
 30
0.0
 10
236.4517749067761
 20
-128.5553238905538
 30
0.0
 10
236.4711364884488
 20
-128.550932775684
 30
0.0
 10
236.4766562887659
 20
-128.5407935584234
 30
0.0
 10
236.4899425910079
 20
-128.5163938789755
 30
0.0
 10
236.5030612289513
 20
-128.4896933037061
 30
0.0
 10
236.505216079683
 20
-128.4632358659773
 30
0.0
 10
236.5394035592486
 20
-128.0436307563832
 30
0.0
 10
236.5880437013985
 20
-127.624220411414
 30
0.0
 10
236.5983280837112
 20
-127.2041105686566
 30
0.0
 10
236.6040549129894
 20
-126.9701562455914
 30
0.0
 10
236.7293030603326
 20
-126.7888373807625
 30
0.0
 10
236.8385283324816
 20
-126.5948670896015
 30
0.0
  0
SPLINE
  5
223
330
21E
100
AcDbEntity
  8
Experiment Box
370
     0
100
AcDbSpline
210
0.0
220
0.0
230
1.0
 70
    11
 71
     3
 72
   641
 73
   637
 74
     0
 42
0.0000000001
 43
0.0000000001
 12
1.0
 22
0.0
 32
0.0
 13
1.0
 23
0.0
 33
0.0
 40
0.0
 40
0.0
 40
0.0
 40
0.0
 40
1.0
 40
1.0
 40
1.0
 40
2.0
 40
2.0
 40
2.0
 40
3.0
 40
3.0
 40
3.0
 40
4.0
 40
4.0
 40
4.0
 40
5.0
 40
5.0
 40
5.0
 40
6.0
 40
6.0
 40
6.0
 40
7.0
 40
7.0
 40
7.0
 40
8.0
 40
8.0
 40
8.0
 40
9.0
 40
9.0
 40
9.0
 40
10.0
 40
10.0
 40
10.0
 40
11.0
 40
11.0
 40
11.0
 40
12.0
 40
12.0
 40
12.0
 40
13.0
 40
13.0
 40
13.0
 40
14.0
 40
14.0
 40
14.0
 40
15.0
 40
15.0
 40
15.0
 40
16.0
 40
16.0
 40
16.0
 40
17.0
 40
17.0
 40
17.0
 40
18.0
 40
18.0
 40
18.0
 40
19.0
 40
19.0
 40
19.0
 40
20.0
 40
20.0
 40
20.0
 40
21.0
 40
21.0
 40
21.0
 40
22.0
 40
22.0
 40
22.0
 40
23.0
 40
23.0
 40
23.0
 40
24.0
 40
24.0
 40
24.0
 40
25.0
 40
25.0
 40
25.0
 40
26.0
 40
26.0
 40
26.0
 40
27.0
 40
27.0
 40
27.0
 40
28.0
 40
28.0
 40
28.0
 40
29.0
 40
29.0
 40
29.0
 40
30.0
 40
30.0
 40
30.0
 40
31.0
 40
31.0
 40
31.0
 40
32.0
 40
32.0
 40
32.0
 40
33.0
 40
33.0
 40
33.0
 40
34.0
 40
34.0
 40
34.0
 40
35.0
 40
35.0
 40
35.0
 40
36.0
 40
36.0
 40
36.0
 40
37.0
 40
37.0
 40
37.0
 40
38.0
 40
38.0
 40
38.0
 40
39.0
 40
39.0
 40
39.0
 40
40.0
 40
40.0
 40
40.0
 40
41.0
 40
41.0
 40
41.0
 40
42.0
 40
42.0
 40
42.0
 40
43.0
 40
43.0
 40
43.0
 40
44.0
 40
44.0
 40
44.0
 40
45.0
 40
45.0
 40
45.0
 40
46.0
 40
46.0
 40
46.0
 40
47.0
 40
47.0
 40
47.0
 40
48.0
 40
48.0
 40
48.0
 40
49.0
 40
49.0
 40
49.0
 40
50.0
 40
50.0
 40
50.0
 40
51.0
 40
51.0
 40
51.0
 40
52.0
 40
52.0
 40
52.0
 40
53.0
 40
53.0
 40
53.0
 40
54.0
 40
54.0
 40
54.0
 40
55.0
 40
55.0
 40
55.0
 40
56.0
 40
56.0
 40
56.0
 40
57.0
 40
57.0
 40
57.0
 40
58.0
 40
58.0
 40
58.0
 40
59.0
 40
59.0
 40
59.0
 40
60.0
 40
60.0
 40
60.0
 40
61.0
 40
61.0
 40
61.0
 40
62.0
 40
62.0
 40
62.0
 40
63.0
 40
63.0
 40
63.0
 40
64.0
 40
64.0
 40
64.0
 40
65.0
 40
65.0
 40
65.0
 40
66.0
 40
66.0
 40
66.0
 40
67.0
 40
67.0
 40
67.0
 40
68.0
 40
68.0
 40
68.0
 40
69.0
 40
69.0
 40
69.0
 40
70.0
 40
70.0
 40
70.0
 40
71.0
 40
71.0
 40
71.0
 40
72.0
 40
72.0
 40
72.0
 40
73.0
 40
73.0
 40
73.0
 40
74.0
 40
74.0
 40
74.0
 40
75.0
 40
75.0
 40
75.0
 40
76.0
 40
76.0
 40
76.0
 40
77.0
 40
77.0
 40
77.0
 40
78.0
 40
78.0
 40
78.0
 40
79.0
 40
79.0
 40
79.0
 40
80.0
 40
80.0
 40
80.0
 40
81.0
 40
81.0
 40
81.0
 40
82.0
 40
82.0
 40
82.0
 40
83.0
 40
83.0
 40
83.0
 40
84.0
 40
84.0
 40
84.0
 40
85.0
 40
85.0
 40
85.0
 40
86.0
 40
86.0
 40
86.0
 40
87.0
 40
87.0
 40
87.0
 40
88.0
 40
88.0
 40
88.0
 40
89.0
 40
89.0
 40
89.0
 40
90.0
 40
90.0
 40
90.0
 40
91.0
 40
91.0
 40
91.0
 40
92.0
 40
92.0
 40
92.0
 40
93.0
 40
93.0
 40
93.0
 40
94.0
 40
94.0
 40
94.0
 40
95.0
 40
95.0
 40
95.0
 40
96.0
 40
96.0
 40
96.0
 40
97.0
 40
97.0
 40
97.0
 40
98.0
 40
98.0
 40
98.0
 40
99.0
 40
99.0
 40
99.0
 40
100.0
 40
100.0
 40
100.0
 40
101.0
 40
101.0
 40
101.0
 40
102.0
 40
102.0
 40
102.0
 40
103.0
 40
103.0
 40
103.0
 40
104.0
 40
104.0
 40
104.0
 40
105.0
 40
105.0
 40
105.0
 40
106.0
 40
106.0
 40
106.0
 40
107.0
 40
107.0
 40
107.0
 40
108.0
 40
108.0
 40
108.0
 40
109.0
 40
109.0
 40
109.0
 40
110.0
 40
110.0
 40
110.0
 40
111.0
 40
111.0
 40
111.0
 40
112.0
 40
112.0
 40
112.0
 40
113.0
 40
113.0
 40
113.0
 40
114.0
 40
114.0
 40
114.0
 40
115.0
 40
115.0
 40
115.0
 40
116.0
 40
116.0
 40
116.0
 40
117.0
 40
117.0
 40
117.0
 40
118.0
 40
118.0
 40
118.0
 40
119.0
 40
119.0
 40
119.0
 40
120.0
 40
120.0
 40
120.0
 40
121.0
 40
121.0
 40
121.0
 40
122.0
 40
122.0
 40
122.0
 40
123.0
 40
123.0
 40
123.0
 40
124.0
 40
124.0
 40
124.0
 40
125.0
 40
125.0
 40
125.0
 40
126.0
 40
126.0
 40
126.0
 40
127.0
 40
127.0
 40
127.0
 40
128.0
 40
128.0
 40
128.0
 40
129.0
 40
129.0
 40
129.0
 40
130.0
 40
130.0
 40
130.0
 40
131.0
 40
131.0
 40
131.0
 40
132.0
 40
132.0
 40
132.0
 40
133.0
 40
133.0
 40
133.0
 40
134.0
 40
134.0
 40
134.0
 40
135.0
 40
135.0
 40
135.0
 40
136.0
 40
136.0
 40
136.0
 40
137.0
 40
137.0
 40
137.0
 40
138.0
 40
138.0
 40
138.0
 40
139.0
 40
139.0
 40
139.0
 40
140.0
 40
140.0
 40
140.0
 40
141.0
 40
141.0
 40
141.0
 40
142.0
 40
142.0
 40
142.0
 40
143.0
 40
143.0
 40
143.0
 40
144.0
 40
144.0
 40
144.0
 40
145.0
 40
145.0
 40
145.0
 40
146.0
 40
146.0
 40
146.0
 40
147.0
 40
147.0
 40
147.0
 40
148.0
 40
148.0
 40
148.0
 40
149.0
 40
149.0
 40
149.0
 40
150.0
 40
150.0
 40
150.0
 40
151.0
 40
151.0
 40
151.0
 40
152.0
 40
152.0
 40
152.0
 40
153.0
 40
153.0
 40
153.0
 40
154.0
 40
154.0
 40
154.0
 40
155.0
 40
155.0
 40
155.0
 40
156.0
 40
156.0
 40
156.0
 40
157.0
 40
157.0
 40
157.0
 40
158.0
 40
158.0
 40
158.0
 40
159.0
 40
159.0
 40
159.0
 40
160.0
 40
160.0
 40
160.0
 40
161.0
 40
161.0
 40
161.0
 40
162.0
 40
162.0
 40
162.0
 40
163.0
 40
163.0
 40
163.0
 40
164.0
 40
164.0
 40
164.0
 40
165.0
 40
165.0
 40
165.0
 40
166.0
 40
166.0
 40
166.0
 40
167.0
 40
167.0
 40
167.0
 40
168.0
 40
168.0
 40
168.0
 40
169.0
 40
169.0
 40
169.0
 40
170.0
 40
170.0
 40
170.0
 40
171.0
 40
171.0
 40
171.0
 40
172.0
 40
172.0
 40
172.0
 40
173.0
 40
173.0
 40
173.0
 40
174.0
 40
174.0
 40
174.0
 40
175.0
 40
175.0
 40
175.0
 40
176.0
 40
176.0
 40
176.0
 40
177.0
 40
177.0
 40
177.0
 40
178.0
 40
178.0
 40
178.0
 40
179.0
 40
179.0
 40
179.0
 40
180.0
 40
180.0
 40
180.0
 40
181.0
 40
181.0
 40
181.0
 40
182.0
 40
182.0
 40
182.0
 40
183.0
 40
183.0
 40
183.0
 40
184.0
 40
184.0
 40
184.0
 40
185.0
 40
185.0
 40
185.0
 40
186.0
 40
186.0
 40
186.0
 40
187.0
 40
187.0
 40
187.0
 40
188.0
 40
188.0
 40
188.0
 40
189.0
 40
189.0
 40
189.0
 40
190.0
 40
190.0
 40
190.0
 40
191.0
 40
191.0
 40
191.0
 40
192.0
 40
192.0
 40
192.0
 40
193.0
 40
193.0
 40
193.0
 40
194.0
 40
194.0
 40
194.0
 40
195.0
 40
195.0
 40
195.0
 40
196.0
 40
196.0
 40
196.0
 40
197.0
 40
197.0
 40
197.0
 40
198.0
 40
198.0
 40
198.0
 40
199.0
 40
199.0
 40
199.0
 40
200.0
 40
200.0
 40
200.0
 40
201.0
 40
201.0
 40
201.0
 40
202.0
 40
202.0
 40
202.0
 40
203.0
 40
203.0
 40
203.0
 40
204.0
 40
204.0
 40
204.0
 40
205.0
 40
205.0
 40
205.0
 40
206.0
 40
206.0
 40
206.0
 40
207.0
 40
207.0
 40
207.0
 40
208.0
 40
208.0
 40
208.0
 40
209.0
 40
209.0
 40
209.0
 40
210.0
 40
210.0
 40
210.0
 40
211.0
 40
211.0
 40
211.0
 40
212.0
 40
212.0
 40
212.0
 40
212.0
 10
214.5280144013507
 20
-126.3028780000761
 30
0.0
 10
214.5280144810825
 20
-123.6072191087698
 30
0.0
 10
214.5280144810825
 20
-120.9115598992211
 30
0.0
 10
214.5280144810825
 20
-118.2132548086578
 30
0.0
 10
221.9648519455658
 20
-118.2132548086578
 30
0.0
 10
229.4016894100485
 20
-118.2132548086578
 30
0.0
 10
236.8385283324816
 20
-118.213338228064
 30
0.0
 10
236.8385283324816
 20
-119.6446211034034
 30
0.0
 10
236.8385283324816
 20
-121.0758203107071
 30
0.0
 10
236.8385283324816
 20
-122.5070198362543
 30
0.0
 10
236.7735197808862
 20
-122.6734293417187
 30
0.0
 10
236.6820377654353
 20
-122.8359912911042
 30
0.0
 10
236.6494132087277
 20
-123.0071076083472
 30
0.0
 10
236.5938886246609
 20
-123.2983246407136
 30
0.0
 10
236.5764267523948
 20
-123.5950214967451
 30
0.0
 10
236.5397082708878
 20
-123.8891046242353
 30
0.0
 10
236.5360313199102
 20
-123.9185478164006
 30
0.0
 10
236.5098844369504
 20
-123.9458517801173
 30
0.0
 10
236.4941648154449
 20
-123.9741480250432
 30
0.0
 10
236.4323579229876
 20
-123.8968735687344
 30
0.0
 10
236.4128578360254
 20
-123.8201496725585
 30
0.0
 10
236.4116142043106
 20
-123.7431991874716
 30
0.0
 10
236.3949673263341
 20
-122.7151968065641
 30
0.0
 10
236.3815381449497
 20
-121.6871546452996
 30
0.0
 10
236.3645850973829
 20
-120.659156401549
 30
0.0
 10
236.3634945504633
 20
-120.5930661129041
 30
0.0
 10
236.3400609132484
 20
-120.5272566735745
 30
0.0
 10
236.327021004628
 20
-120.461316595554
 30
0.0
 10
236.3013858622678
 20
-120.4625381707406
 30
0.0
 10
236.2757521778581
 20
-120.4637599050486
 30
0.0
 10
236.2501170354979
 20
-120.4649814802352
 30
0.0
 10
236.2382682723767
 20
-120.5489331489406
 30
0.0
 10
236.2165929233765
 20
-120.6328455146535
 30
0.0
 10
236.2161540802979
 20
-120.716842532966
 30
0.0
 10
236.2131769455255
 20
-121.286840144412
 30
0.0
 10
236.21520641252
 20
-121.8568563730672
 30
0.0
 10
236.2140648373354
 20
-122.4268640091632
 30
0.0
 10
236.2139263320451
 20
-122.4959939944092
 30
0.0
 10
236.2348960330383
 20
-122.5865223107697
 30
0.0
 10
236.1941871412123
 20
-122.6305674397059
 30
0.0
 10
236.0062806583621
 20
-122.8338740214112
 30
0.0
 10
236.080668205055
 20
-123.0675750231662
 30
0.0
 10
236.0704975428758
 20
-123.2904395375736
 30
0.0
 10
236.0616813166429
 20
-123.4836062655344
 30
0.0
 10
236.0686648991883
 20
-123.6773229171429
 30
0.0
 10
236.0686648991883
 20
-123.8707967494563
 30
0.0
 10
236.0318458191016
 20
-123.5740594765814
 30
0.0
 10
236.0425850819482
 20
-123.2770001419402
 30
0.0
 10
236.0287622539483
 20
-122.9808150204148
 30
0.0
 10
236.01548907326
 20
-122.6964172958771
 30
0.0
 10
236.089248243319
 20
-122.4038515503043
 30
0.0
 10
235.9534970210982
 20
-122.1273732991363
 30
0.0
 10
235.6879080235904
 20
-122.9202804563538
 30
0.0
 10
235.8206864848896
 20
-123.733608620889
 30
0.0
 10
235.7737608924418
 20
-124.5298108645949
 30
0.0
 10
235.5365508999981
 20
-124.3112945022716
 30
0.0
 10
235.6032185991791
 20
-124.0407447971882
 30
0.0
 10
235.5973751338672
 20
-123.7821909381626
 30
0.0
 10
235.5943907093429
 20
-123.6501602532543
 30
0.0
 10
235.6040685842783
 20
-123.5173078653002
 30
0.0
 10
235.589824408605
 20
-123.3863356561163
 30
0.0
 10
235.5830041165068
 20
-123.3236233562207
 30
0.0
 10
235.5406783576568
 20
-123.2154379717115
 30
0.0
 10
235.5027847681052
 20
-123.2114118813924
 30
0.0
 10
235.2109409993056
 20
-123.180401661426
 30
0.0
 10
235.2690155386695
 20
-122.9954853793982
 30
0.0
 10
235.2619313575439
 20
-122.8343243350469
 30
0.0
 10
235.2556650866081
 20
-122.6917855894121
 30
0.0
 10
235.2427753468819
 20
-122.5494692955308
 30
0.0
 10
235.2328117136631
 20
-122.4070546646086
 30
0.0
 10
235.2049357014963
 20
-122.407740477955
 30
0.0
 10
235.1770611472801
 20
-122.4084266095437
 30
0.0
 10
235.1491865930639
 20
-122.4091127411317
 30
0.0
 10
234.7845721445947
 20
-122.7412192063151
 30
0.0
 10
234.9993311584111
 20
-123.1878202205438
 30
0.0
 10
234.8730828570752
 20
-123.5693914904304
 30
0.0
 10
234.8292568672354
 20
-123.132511840596
 30
0.0
 10
234.8073774051757
 20
-122.6980107378369
 30
0.0
 10
234.7896035315187
 20
-122.26338170145
 30
0.0
 10
234.771911303085
 20
-121.8307400916745
 30
0.0
 10
234.8181385372782
 20
-121.3947397468397
 30
0.0
 10
234.7116819129899
 20
-120.9653009331249
 30
0.0
 10
234.5296728396176
 20
-121.7347812792909
 30
0.0
 10
234.6252210788102
 20
-122.5130900004105
 30
0.0
 10
234.5641212923097
 20
-123.285191712947
 30
0.0
 10
234.5141996117345
 20
-122.9302761460864
 30
0.0
 10
234.4642779311592
 20
-122.5753608974707
 30
0.0
 10
234.4143562505839
 20
-122.2204456488538
 30
0.0
 10
234.3836386930347
 20
-122.2212797633683
 30
0.0
 10
234.3529211354861
 20
-122.2221141961258
 30
0.0
 10
234.3222035779369
 20
-122.2229486288826
 30
0.0
 10
234.2968789790171
 20
-123.0633589418655
 30
0.0
 10
234.2715543800979
 20
-123.9037692548471
 30
0.0
 10
234.2462297811788
 20
-124.7441798860729
 30
0.0
 10
234.2154597374147
 20
-124.4040183760654
 30
0.0
 10
234.215592410903
 20
-124.0643724194805
 30
0.0
 10
234.2154218307033
 20
-123.7247258264084
 30
0.0
 10
234.2152512505031
 20
-123.3841105020961
 30
0.0
 10
234.2213411094372
 20
-123.043365971185
 30
0.0
 10
234.2125627899157
 20
-122.7029164513979
 30
0.0
 10
234.204096471785
 20
-122.3745684342946
 30
0.0
 10
234.248407959117
 20
-122.0416784552097
 30
0.0
 10
234.180932555399
 20
-121.7170745652593
 30
0.0
 10
234.1561750991959
 20
-121.7173323419674
 30
0.0
 10
234.1314191009433
 20
-121.7175898004351
 30
0.0
 10
234.1066616447403
 20
-121.7178475771451
 30
0.0
 10
234.0510831165081
 20
-122.1301283275042
 30
0.0
 10
233.9955031303248
 20
-122.5424087596203
 30
0.0
 10
233.9399231441415
 20
-122.9546891917365
 30
0.0
 10
233.9188572184202
 20
-122.9530130066359
 30
0.0
 10
233.8977898347484
 20
-122.951336503293
 30
0.0
 10
233.8767239090264
 20
-122.9496603181924
 30
0.0
 10
233.8767239090264
 20
-122.7626493617157
 30
0.0
 10
233.8873859005005
 20
-122.5750378809751
 30
0.0
 10
233.8736199325676
 20
-122.3888028005713
 30
0.0
 10
233.8607680995521
 20
-122.2149432299459
 30
0.0
 10
233.9391795894238
 20
-122.0240917187318
 30
0.0
 10
233.7581735859458
 20
-121.8683570332459
 30
0.0
 10
233.709141255131
 20
-121.9645516635838
 30
0.0
 10
233.6888276318296
 20
-122.0603192120122
 30
0.0
 10
233.6862106108128
 20
-122.1564543309354
 30
0.0
 10
233.6592997618291
 20
-123.1447540066198
 30
0.0
 10
233.6352552433849
 20
-124.1331135119612
 30
0.0
 10
233.6104117681064
 20
-125.1214561504301
 30
0.0
 10
233.6059504397996
 20
-125.12020736548
 30
0.0
 10
233.6014876535422
 20
-125.1189592170145
 30
0.0
 10
233.5970263252353
 20
-125.117710432065
 30
0.0
 10
233.5255678009501
 20
-124.590748005863
 30
0.0
 10
233.4541092766655
 20
-124.0637855796616
 30
0.0
 10
233.3826507523803
 20
-123.5368231534589
 30
0.0
 10
233.3507624606381
 20
-123.5372998812526
 30
0.0
 10
233.318872710946
 20
-123.5377759725579
 30
0.0
 10
233.2869844192037
 20
-123.5382527003497
 30
0.0
 10
233.2747041027557
 20
-123.6074692476518
 30
0.0
 10
233.2525840788756
 20
-123.6766024153259
 30
0.0
 10
233.2518069912981
 20
-123.7459169814253
 30
0.0
 10
233.2479871611788
 20
-124.0865011179393
 30
0.0
 10
233.2534588491318
 20
-124.4271870921646
 30
0.0
 10
233.2468382962424
 20
-124.7677069436223
 30
0.0
 10
233.2453978412199
 20
-124.8417690565855
 30
0.0
 10
233.2078322905146
 20
-124.9152971580434
 30
0.0
 10
233.186906328034
 20
-124.9890709429829
 30
0.0
 10
233.1612784754262
 20
-124.9848796846256
 30
0.0
 10
233.1356506228178
 20
-124.9806877897812
 30
0.0
 10
233.11002277021
 20
-124.9764958949368
 30
0.0
 10
233.0634383381621
 20
-124.7425262962139
 30
0.0
 10
232.9908936408094
 20
-124.5098786782988
 30
0.0
 10
232.9751623557007
 20
-124.2743375963744
 30
0.0
 10
232.9289190840528
 20
-123.5819474439066
 30
0.0
 10
232.906804891974
 20
-122.8883463773868
 30
0.0
 10
232.8703080189323
 20
-122.1954177580139
 30
0.0
 10
232.8666091986982
 20
-122.1252025646445
 30
0.0
 10
232.829450416162
 20
-122.0563309925937
 30
0.0
 10
232.8078202636256
 20
-121.9868359827971
 30
0.0
 10
232.7796453716211
 20
-121.9891486536008
 30
0.0
 10
232.751471937567
 20
-121.9914616426482
 30
0.0
 10
232.7232985035136
 20
-121.993774313452
 30
0.0
 10
232.7095587786881
 20
-122.078084482731
 30
0.0
 10
232.6845870037722
 20
-122.1623246385804
 30
0.0
 10
232.6838915614185
 20
-122.2467165962708
 30
0.0
 10
232.6792640267628
 20
-122.809752167972
 30
0.0
 10
232.6803268726244
 20
-123.3728214734123
 30
0.0
 10
232.6778877215597
 20
-123.9358748667116
 30
0.0
 10
232.6776500756403
 20
-123.9906209115403
 30
0.0
 10
232.6832121565196
 20
-124.085413363871
 30
0.0
 10
232.6572518912141
 20
-124.0938315237882
 30
0.0
 10
232.4078519752486
 20
-124.1746995783806
 30
0.0
 10
232.5068220240935
 20
-124.3588196167919
 30
0.0
 10
232.4902669969936
 20
-124.5037181331725
 30
0.0
 10
232.476304205753
 20
-124.6259144774755
 30
0.0
 10
232.4873919187513
 20
-124.7502920582855
 30
0.0
 10
232.4873919187513
 20
-124.8737040902814
 30
0.0
 10
232.4612552414442
 20
-123.9700121409405
 30
0.0
 10
232.4242043472395
 20
-123.0679960584586
 30
0.0
 10
232.3754621485595
 20
-122.166477071312
 30
0.0
 10
232.3466020198547
 20
-122.1665404016381
 30
0.0
 10
232.3177433490997
 20
-122.1666037319674
 30
0.0
 10
232.2888832203949
 20
-122.1666670622942
 30
0.0
 10
232.2236793034423
 20
-123.0127223669814
 30
0.0
 10
232.1584753864903
 20
-123.8587779899129
 30
0.0
 10
232.0932714695376
 20
-124.7048329763585
 30
0.0
 10
232.0703481149719
 20
-124.6710298571229
 30
0.0
 10
232.0671726989418
 20
-124.6373693106846
 30
0.0
 10
232.0667353138138
 20
-124.603680758876
 30
0.0
 10
232.0505987184857
 20
-123.3601802308524
 30
0.0
 10
232.0353748001258
 20
-122.1166698372997
 30
0.0
 10
232.0173355794908
 20
-120.8731906315485
 30
0.0
 10
232.0161050693305
 20
-120.7884002338072
 30
0.0
 10
231.9940214942106
 20
-120.7038405621326
 30
0.0
 10
231.9816362053322
 20
-120.6191736426179
 30
0.0
 10
231.9423604787756
 20
-120.621541051193
 30
0.0
 10
231.9030832942692
 20
-120.6239086188895
 30
0.0
 10
231.8638061097622
 20
-120.626276186584
 30
0.0
 10
231.8638061097622
 20
-121.2496404192203
 30
0.0
 10
231.8638061097622
 20
-121.8730046518534
 30
0.0
 10
231.8638061097622
 20
-122.496368884489
 30
0.0
 10
231.838687081853
 20
-122.4966161591846
 30
0.0
 10
231.813566595994
 20
-122.4968637521238
 30
0.0
 10
231.7884475680849
 20
-122.497111345063
 30
0.0
 10
231.7537060673569
 20
-122.207046988305
 30
0.0
 10
231.8179404472751
 20
-121.9077596354604
 30
0.0
 10
231.7501034718515
 20
-121.6207793701792
 30
0.0
 10
231.7188960429587
 20
-121.6216911359508
 30
0.0
 10
231.6876871561153
 20
-121.6226032199634
 30
0.0
 10
231.6564797272231
 20
-121.6235153039779
 30
0.0
 10
231.6082128203826
 20
-122.5028260319522
 30
0.0
 10
231.5599459135421
 20
-123.3821370781714
 30
0.0
 10
231.5116790067015
 20
-124.2614481243907
 30
0.0
 10
231.4757959307889
 20
-124.2666272085599
 30
0.0
 10
231.4399128548762
 20
-124.2718062927311
 30
0.0
 10
231.4040312369141
 20
-124.276985376901
 30
0.0
 10
231.3698306357947
 20
-124.1828090427305
 30
0.0
 10
231.3091580287696
 20
-124.0892882888362
 30
0.0
 10
231.3060788374678
 20
-123.9943418069638
 30
0.0
 10
231.2936818849855
 20
-123.6122976282
 30
0.0
 10
231.3016116773589
 20
-123.2297830865013
 30
0.0
 10
231.295720099683
 20
-122.8475164559839
 30
0.0
 10
231.2945916460521
 20
-122.774279546735
 30
0.0
 10
231.2649588036211
 20
-122.7013767924806
 30
0.0
 10
231.2484766740423
 20
-122.6283200086865
 30
0.0
 10
231.2192097771683
 20
-122.6297575116476
 30
0.0
 10
231.1899414223432
 20
-122.63119501461
 30
0.0
 10
231.1606745254692
 20
-122.6326325175711
 30
0.0
 10
231.1348804665126
 20
-122.8923781960776
 30
0.0
 10
231.1090864075559
 20
-123.1521238745841
 30
0.0
 10
231.0883266514242
 20
-123.3611680566638
 30
0.0
 10
231.0448447378853
 20
-123.0623860734678
 30
0.0
 10
230.9943413350897
 20
-122.7153708854038
 30
0.0
 10
230.943839390244
 20
-122.3683553790976
 30
0.0
 10
230.9130270659171
 20
-122.3690905200859
 30
0.0
 10
230.8822147415902
 20
-122.3698253428294
 30
0.0
 10
230.8514024172633
 20
-122.3705604838184
 30
0.0
 10
230.8388859128465
 20
-122.4465247343067
 30
0.0
 10
230.816755683313
 20
-122.5223623241416
 30
0.0
 10
230.8154376961268
 20
-122.5984745575557
 30
0.0
 10
230.8077338860701
 20
-123.0431352451176
 30
0.0
 10
230.8324315663058
 20
-123.4897747667303
 30
0.0
 10
230.7920959097886
 20
-123.9319840296052
 30
0.0
 10
230.7571371744473
 20
-124.3152407136344
 30
0.0
 10
230.6503248102549
 20
-124.6935003484044
 30
0.0
 10
230.5808272292947
 20
-125.0458034596942
 30
0.0
 10
230.5808272292947
 20
-124.5167068969286
 30
0.0
 10
230.5854912127106
 20
-123.9547097516538
 30
0.0
 10
230.5774258309479
 20
-123.3928519967493
 30
0.0
 10
230.5754984204834
 20
-123.2586922671619
 30
0.0
 10
230.5311111197294
 20
-123.1249971721353
 30
0.0
 10
230.5062545228973
 20
-122.9910882179145
 30
0.0
 10
230.4665253737579
 20
-122.9892360445172
 30
0.0
 10
230.4267962246186
 20
-122.9873838711192
 30
0.0
 10
230.3870685334297
 20
-122.9855313794796
 30
0.0
 10
230.4275047885266
 20
-123.3823503008823
 30
0.0
 10
230.3331826856429
 20
-123.7459246192546
 30
0.0
 10
230.1613501062525
 20
-124.0903766793885
 30
0.0
 10
230.1210334030909
 20
-124.0860778549463
 30
0.0
 10
230.0807181578798
 20
-124.0817783940183
 30
0.0
 10
230.0404014547188
 20
-124.0774789330903
 30
0.0
 10
230.0404014547188
 20
-123.8201967725005
 30
0.0
 10
230.0404014547188
 20
-123.5629139754242
 30
0.0
 10
230.0404014547188
 20
-123.3056318148345
 30
0.0
 10
230.0162330104879
 20
-123.3065954541902
 30
0.0
 10
229.9920660242081
 20
-123.3075590935447
 30
0.0
 10
229.9678975799777
 20
-123.3085227329004
 30
0.0
 10
229.6396575367147
 20
-123.8732631315576
 30
0.0
 10
229.8549005900735
 20
-124.5089583199711
 30
0.0
 10
229.6595687656977
 20
-125.094528349765
 30
0.0
 10
229.6265724316313
 20
-124.6659837984647
 30
0.0
 10
229.6247587413001
 20
-124.2383322366044
 30
0.0
 10
229.6270870881318
 20
-123.8106978598578
 30
0.0
 10
229.629371696451
 20
-123.3907687790411
 30
0.0
 10
229.606780754583
 20
-122.9731822838561
 30
0.0
 10
229.5035330791852
 20
-122.5598020044451
 30
0.0
 10
229.3221071859837
 20
-123.4344717969118
 30
0.0
 10
229.4142146621676
 20
-124.3177115511355
 30
0.0
 10
229.3553018013083
 20
-125.1947582994628
 30
0.0
 10
229.3392453932544
 20
-124.5133787131836
 30
0.0
 10
229.3403884263895
 20
-123.8324561236373
 30
0.0
 10
229.3377466202151
 20
-123.151544036106
 30
0.0
 10
229.3374302449727
 20
-123.069832637957
 30
0.0
 10
229.3187845169599
 20
-122.987853279326
 30
0.0
 10
229.3029628389249
 20
-122.9068429701781
 30
0.0
 10
229.3004668277939
 20
-122.894068702106
 30
0.0
 10
229.267674606787
 20
-122.8858058447016
 30
0.0
 10
229.2344158416429
 20
-122.8674836489923
 30
0.0
 10
229.2098479189952
 20
-122.9195399052381
 30
0.0
 10
229.188886965705
 20
-122.963951649939
 30
0.0
 10
229.1720607598252
 20
-122.9996034419009
 30
0.0
 10
229.1288485671157
 20
-122.967352711297
 30
0.0
 10
229.0916810368767
 20
-122.9396137096025
 30
0.0
 10
229.0545135066377
 20
-122.9118743896657
 30
0.0
 10
229.0311775521014
 20
-122.9155418202911
 30
0.0
 10
229.0078401396141
 20
-122.9192092509145
 30
0.0
 10
228.9845027271274
 20
-122.9228766815386
 30
0.0
 10
228.9845027271274
 20
-123.2943147807804
 30
0.0
 10
228.9845027271274
 20
-123.6657528800223
 30
0.0
 10
228.9845027271274
 20
-124.0371906610207
 30
0.0
 10
228.9609072574145
 20
-124.0371047354498
 30
0.0
 10
228.9373103297517
 20
-124.0370188098802
 30
0.0
 10
228.9137148600389
 20
-124.0369328843094
 30
0.0
 10
228.8852323404948
 20
-123.785304626225
 30
0.0
 10
228.8567512789007
 20
-123.5336770046264
 30
0.0
 10
228.828268759356
 20
-123.2820490647862
 30
0.0
 10
228.7922442622522
 20
-123.2833452679206
 30
0.0
 10
228.7562197651482
 20
-123.2846414710563
 30
0.0
 10
228.7201952680444
 20
-123.2859373559484
 30
0.0
 10
228.5851890584924
 20
-124.06965525082
 30
0.0
 10
228.631992183104
 20
-124.8645959798615
 30
0.0
 10
228.5935941427046
 20
-125.654656136527
 30
0.0
 10
228.5745693475811
 20
-125.1328887066392
 30
0.0
 10
228.5750563030237
 20
-124.6119162473954
 30
0.0
 10
228.5739293073433
 20
-124.0909463340939
 30
0.0
 10
228.5737951759045
 20
-124.0287196727911
 30
0.0
 10
228.5799404369545
 20
-123.9608352900665
 30
0.0
 10
228.5532599441384
 20
-123.9068428443121
 30
0.0
 10
228.5411414601878
 20
-123.8823190501484
 30
0.0
 10
228.4559417531273
 20
-123.8853251721278
 30
0.0
 10
228.4005323471443
 20
-123.875231145353
 30
0.0
 10
228.3772707480796
 20
-123.1780587575508
 30
0.0
 10
228.3529186020953
 20
-122.4482206504656
 30
0.0
 10
228.3285649981605
 20
-121.7183822251356
 30
0.0
 10
228.2828699158737
 20
-121.7182600198807
 30
0.0
 10
228.2371733756357
 20
-121.7181378146264
 30
0.0
 10
228.1914768353984
 20
-121.7180152911273
 30
0.0
 10
228.1494251712286
 20
-122.6290605598022
 30
0.0
 10
228.1073735070588
 20
-123.5401055102342
 30
0.0
 10
228.0653233008401
 20
-124.4511507789078
 30
0.0
 10
228.04781331621
 20
-124.2711889015978
 30
0.0
 10
228.0496955302114
 20
-124.091386782201
 30
0.0
 10
228.0471616123689
 20
-123.9116330357161
 30
0.0
 10
228.0454222775093
 20
-123.7881592646056
 30
0.0
 10
228.0101588305289
 20
-123.6961215223998
 30
0.0
 10
227.8279543917994
 20
-123.7904951671387
 30
0.0
 10
227.8220569823214
 20
-123.7355772711696
 30
0.0
 10
227.8160356470575
 20
-123.7015329238523
 30
0.0
 10
227.8150894372301
 20
-123.6673816469374
 30
0.0
 10
227.7975648730964
 20
-123.0356428536562
 30
0.0
 10
227.7809398643758
 20
-122.4038852840468
 30
0.0
 10
227.7630858034447
 20
-121.7721538103525
 30
0.0
 10
227.7615228805873
 20
-121.7168390655485
 30
0.0
 10
227.7757553926567
 20
-121.6466397843202
 30
0.0
 10
227.7434661645472
 20
-121.6089420090624
 30
0.0
 10
227.5623187398774
 20
-121.3974508576937
 30
0.0
 10
227.6331299341724
 20
-121.1558272001435
 30
0.0
 10
227.6208073371622
 20
-120.9248067579294
 30
0.0
 10
227.6023190677959
 20
-120.5781704379807
 30
0.0
 10
227.591291130765
 20
-120.2312308325947
 30
0.0
 10
227.5728845066226
 20
-119.8845905346112
 30
0.0
 10
227.5702981025647
 20
-119.8358767830388
 30
0.0
 10
227.543909199834
 20
-119.7881265117006
 30
0.0
 10
227.5285394864308
 20
-119.7399303821266
 30
0.0
 10
227.5073233918153
 20
-119.7399321324634
 30
0.0
 10
227.4861072971999
 20
-119.7399340419197
 30
0.0
 10
227.4648912025844
 20
-119.7399357922553
 30
0.0
 10
227.4506674382172
 20
-119.7946298043777
 30
0.0
 10
227.4264698349785
 20
-119.8489479716921
 30
0.0
 10
227.4237463835802
 20
-119.9040751123366
 30
0.0
 10
227.3911845187409
 20
-120.5627724167174
 30
0.0
 10
227.351121498954
 20
-121.2213788627625
 30
0.0
 10
227.3340809743613
 20
-121.8804244839448
 30
0.0
 10
227.3075054539757
 20
-122.9082263718558
 30
0.0
 10
227.3037206146668
 20
-123.9364852565009
 30
0.0
 10
227.2755530124146
 20
-124.964242908655
 30
0.0
 10
227.2678185853991
 20
-125.2464460304863
 30
0.0
 10
227.2090602672848
 20
-125.5277065169906
 30
0.0
 10
227.1690045372497
 20
-125.8088880792674
 30
0.0
 10
227.1655564844899
 20
-125.8330936305769
 30
0.0
 10
227.1265679741673
 20
-125.8534401690656
 30
0.0
 10
227.1040892944821
 20
-125.8755790512971
 30
0.0
 10
227.0471067599883
 20
-125.381773074856
 30
0.0
 10
227.0518494727278
 20
-124.8989159254894
 30
0.0
 10
227.0457698194464
 20
-124.4161631597778
 30
0.0
 10
227.039716409273
 20
-123.9354509672328
 30
0.0
 10
227.0698886933621
 20
-123.452618322566
 30
0.0
 10
226.9673641613766
 20
-122.9712718720178
 30
0.0
 10
226.8914807575453
 20
-123.0939312596688
 30
0.0
 10
226.858971378921
 20
-123.2185392483031
 30
0.0
 10
226.854980968602
 20
-123.3438400516253
 30
0.0
 10
226.8328667765232
 20
-124.038049916719
 30
0.0
 10
226.8190191633664
 20
-124.7324590018388
 30
0.0
 10
226.7985043429065
 20
-125.4267134209329
 30
0.0
 10
226.7958581628813
 20
-125.5162516837822
 30
0.0
 10
226.7769062652788
 20
-125.6064900809036
 30
0.0
 10
226.7536388344122
 20
-125.6939979543564
 30
0.0
 10
226.7435920980189
 20
-125.7317829281536
 30
0.0
 10
226.70333444185
 20
-125.7634455459687
 30
0.0
 10
226.6768012020265
 20
-125.7978896063079
 30
0.0
 10
226.6580585203109
 20
-125.7944958645363
 30
0.0
 10
226.6393158385946
 20
-125.791102122764
 30
0.0
 10
226.620573156879
 20
-125.7877077445065
 30
0.0
 10
226.5921722825583
 20
-125.5509980748305
 30
0.0
 10
226.5637706792623
 20
-125.3142884051527
 30
0.0
 10
226.5353698049423
 20
-125.0775787354774
 30
0.0
 10
226.5061984038212
 20
-125.0767086595204
 30
0.0
 10
226.4770270026995
 20
-125.0758385835641
 30
0.0
 10
226.4478563305536
 20
-125.0749691440918
 30
0.0
 10
226.4142097505967
 20
-125.2024419548788
 30
0.0
 10
226.3805638996143
 20
-125.3299147656638
 30
0.0
 10
226.3508100472976
 20
-125.442641475668
 30
0.0
 10
226.3259950020524
 20
-125.0933457593287
 30
0.0
 10
226.3002104197739
 20
-124.7304133367883
 30
0.0
 10
226.2705804932433
 20
-124.3133478051526
 30
0.0
 10
226.1262368401807
 20
-124.395940736001
 30
0.0
 10
226.0404984204372
 20
-124.4449997810671
 30
0.0
 10
225.9682125092847
 20
-124.4863618045196
 30
0.0
 10
225.9404961426903
 20
-124.4174705014131
 30
0.0
 10
225.9053989020574
 20
-124.3302312249277
 30
0.0
 10
225.87030093245
 20
-124.2429919484391
 30
0.0
 10
225.8438945343142
 20
-124.2454907913129
 30
0.0
 10
225.8174881361777
 20
-124.2479896341855
 30
0.0
 10
225.7910817380418
 20
-124.2504884770587
 30
0.0
 10
225.7536335523461
 20
-124.4909190421582
 30
0.0
 10
225.7161846376744
 20
-124.7313502437436
 30
0.0
 10
225.6787357230033
 20
-124.971781445329
 30
0.0
 10
225.6406803009544
 20
-124.9692221363155
 30
0.0
 10
225.6026248789055
 20
-124.9666634637859
 30
0.0
 10
225.5645694568565
 20
-124.9641041547711
 30
0.0
 10
225.5645694568565
 20
-124.5835951795248
 30
0.0
 10
225.5683528382149
 20
-124.2030340124507
 30
0.0
 10
225.5615908641342
 20
-123.822616691145
 30
0.0
 10
225.5601205211281
 20
-123.7399346522976
 30
0.0
 10
225.5208666638282
 20
-123.6577649844402
 30
0.0
 10
225.4990156318016
 20
-123.5753598168746
 30
0.0
 10
225.4571629778653
 20
-123.5792022810672
 30
0.0
 10
225.415310323929
 20
-123.5830447452598
 30
0.0
 10
225.3734576699926
 20
-123.586887209453
 30
0.0
 10
225.3734576699926
 20
-123.994368539363
 30
0.0
 10
225.3734576699926
 20
-124.4018498692741
 30
0.0
 10
225.3734576699926
 20
-124.8093311991847
 30
0.0
 10
225.3495385352849
 20
-124.8083669233437
 30
0.0
 10
225.3256201295532
 20
-124.8074026475034
 30
0.0
 10
225.3017009948455
 20
-124.8064383716611
 30
0.0
 10
225.2749497914335
 20
-124.600533973557
 30
0.0
 10
225.268542828281
 20
-124.3905414277769
 30
0.0
 10
225.2156615083385
 20
-124.1898867637564
 30
0.0
 10
225.163929053333
 20
-123.9935958457182
 30
0.0
 10
225.0648183122721
 20
-123.8068242078675
 30
0.0
 10
224.9865037761038
 20
-123.6158734048829
 30
0.0
 10
224.9544500069879
 20
-123.6192041345695
 30
0.0
 10
224.9223955088974
 20
-123.6225342277721
 30
0.0
 10
224.8903417397816
 20
-123.6258643209734
 30
0.0
 10
224.8903417397816
 20
-124.3193886909656
 30
0.0
 10
224.8903417397816
 20
-125.0129130609565
 30
0.0
 10
224.8903417397816
 20
-125.7064374309487
 30
0.0
 10
224.8619430523866
 20
-125.7069548938263
 30
0.0
 10
224.8335443649916
 20
-125.7074729931879
 30
0.0
 10
224.8051456775973
 20
-125.7079904560655
 30
0.0
 10
224.8077495770597
 20
-125.0683185049747
 30
0.0
 10
224.7715698082356
 20
-124.4319505511714
 30
0.0
 10
224.6699302521584
 20
-123.8011594851035
 30
0.0
 10
224.6389466186566
 20
-123.8009367151071
 30
0.0
 10
224.6079637141295
 20
-123.8007133086248
 30
0.0
 10
224.5769800806277
 20
-123.800490538629
 30
0.0
 10
224.5468056096122
 20
-123.9990047012291
 30
0.0
 10
224.5166311385974
 20
-124.1975182273421
 30
0.0
 10
224.4864559386073
 20
-124.3960323899428
 30
0.0
 10
224.4705234563394
 20
-124.3964034611074
 30
0.0
 10
224.4545902450969
 20
-124.3967751687591
 30
0.0
 10
224.438657762829
 20
-124.3971468764102
 30
0.0
 10
224.3962088071682
 20
-123.9852935261997
 30
0.0
 10
224.3537591225314
 20
-123.5734408124763
 30
0.0
 10
224.3113101668706
 20
-123.1615874622677
 30
0.0
 10
224.2751632019311
 20
-123.1634055836803
 30
0.0
 10
224.2390162369909
 20
-123.1652237050928
 30
0.0
 10
224.2028692720508
 20
-123.1670415082618
 30
0.0
 10
224.1133926674127
 20
-124.4987102636565
 30
0.0
 10
224.0239153337987
 20
-125.8303783825654
 30
0.0
 10
223.9344387291606
 20
-127.1620471379595
 30
0.0
 10
223.9055159085869
 20
-127.1617747220775
 30
0.0
 10
223.876593816989
 20
-127.1615023061969
 30
0.0
 10
223.8476709964153
 20
-127.1612292538303
 30
0.0
 10
223.8476709964153
 20
-126.6482828793091
 30
0.0
 10
223.8490844793544
 20
-126.1353307764162
 30
0.0
 10
223.8467473848198
 20
-125.6223920397242
 30
0.0
 10
223.8461066156074
 20
-125.4817465208142
 30
0.0
 10
223.89013161568
 20
-125.3234016074589
 30
0.0
 10
223.6641055609621
 20
-125.2605161834518
 30
0.0
 10
223.6311777505653
 20
-125.2513539717472
 30
0.0
 10
223.6139899729801
 20
-125.1649306699334
 30
0.0
 10
223.6110142961581
 20
-125.1133135888236
 30
0.0
 10
223.5902355866708
 20
-124.7528596416134
 30
0.0
 10
223.5789554242162
 20
-124.3919690652101
 30
0.0
 10
223.5558541996984
 20
-124.0316475070257
 30
0.0
 10
223.548900505136
 20
-123.9232011633803
 30
0.0
 10
223.5141116210191
 20
-123.8161156261684
 30
0.0
 10
223.4920739713382
 20
-123.7084063329664
 30
0.0
 10
223.4580636327495
 20
-123.710745417927
 30
0.0
 10
223.4240540231353
 20
-123.7130845028883
 30
0.0
 10
223.3900436845465
 20
-123.7154229513636
 30
0.0
 10
223.3375020670541
 20
-124.6150534854282
 30
0.0
 10
223.284960449561
 20
-125.5146833830075
 30
0.0
 10
223.2324195610432
 20
-126.4143132805874
 30
0.0
 10
223.2097148990418
 20
-126.4140415011913
 30
0.0
 10
223.1870102370398
 20
-126.41376908531
 30
0.0
 10
223.1643055750384
 20
-126.4134966694287
 30
0.0
 10
223.095329211356
 20
-125.7614826240591
 30
0.0
 10
223.0263528476729
 20
-125.1094679422016
 30
0.0
 10
222.9573764839905
 20
-124.457453896832
 30
0.0
 10
222.9187626669277
 20
-124.4586536723831
 30
0.0
 10
222.8801488498655
 20
-124.4598534479348
 30
0.0
 10
222.8415343038275
 20
-124.4610532234858
 30
0.0
 10
222.8069874394815
 20
-125.5124773235585
 30
0.0
 10
222.7724398461603
 20
-126.5639020601176
 30
0.0
 10
222.7378929818143
 20
-127.6153267966761
 30
0.0
 10
222.7087937492396
 20
-127.6151161199094
 30
0.0
 10
222.6796945166643
 20
-127.614906079626
 30
0.0
 10
222.650595284089
 20
-127.6146954028599
 30
0.0
 10
222.650595284089
 20
-126.566154583024
 30
0.0
 10
222.6631445923911
 20
-125.517441912047
 30
0.0
 10
222.6442932933683
 20
-124.4691595054076
 30
0.0
 10
222.6369605316946
 20
-124.0613853920729
 30
0.0
 10
222.5602577597236
 20
-123.6544482574391
 30
0.0
 10
222.5108507356489
 20
-123.2475279896752
 30
0.0
 10
222.5053899823239
 20
-123.2025539098558
 30
0.0
 10
222.4715436631582
 20
-123.1602075612631
 30
0.0
 10
222.4508619073742
 20
-123.116642342548
 30
0.0
 10
222.4254979437939
 20
-123.1191144530196
 30
0.0
 10
222.400133980213
 20
-123.1215862452501
 30
0.0
 10
222.374770016632
 20
-123.1240583557229
 30
0.0
 10
222.3370280539251
 20
-123.4137755095297
 30
0.0
 10
222.2992860912182
 20
-123.7034932998198
 30
0.0
 10
222.2615433995354
 20
-123.9932107718682
 30
0.0
 10
222.2552392218889
 20
-123.9917716776924
 30
0.0
 10
222.2489350442418
 20
-123.9903332200031
 30
0.0
 10
222.2426301376201
 20
-123.9888947623125
 30
0.0
 10
222.1976567407944
 20
-123.5602019098408
 30
0.0
 10
222.1526826149934
 20
-123.1315087391275
 30
0.0
 10
222.1077092181676
 20
-122.7028152501699
 30
0.0
 10
222.0737666742738
 20
-122.7020228254706
 30
0.0
 10
222.0398248593553
 20
-122.7012300825259
 30
0.0
 10
222.0058823154608
 20
-122.7004376578253
 30
0.0
 10
221.815343503115
 20
-123.4199869735114
 30
0.0
 10
221.8184350869954
 20
-124.1684569265993
 30
0.0
 10
221.6496350444932
 20
-124.9079642062536
 30
0.0
 10
221.5926160612386
 20
-124.835159152553
 30
0.0
 10
221.5527943322473
 20
-124.7843122191452
 30
0.0
 10
221.4912753849992
 20
-124.7057622454859
 30
0.0
 10
221.3022112895103
 20
-125.0205903515143
 30
0.0
 10
221.4124403605283
 20
-125.3825903224986
 30
0.0
 10
221.1186611625365
 20
-125.6848300142802
 30
0.0
 10
221.0582728558445
 20
-125.3698485151972
 30
0.0
 10
221.0099848087232
 20
-125.1179809384887
 30
0.0
 10
220.9616967616012
 20
-124.8661139982654
 30
0.0
 10
220.9289220359995
 20
-124.8665824517422
 30
0.0
 10
220.8961465814226
 20
-124.8670515417067
 30
0.0
 10
220.863371126845
 20
-124.8675206316712
 30
0.0
 10
220.7017456583947
 20
-125.3496496413921
 30
0.0
 10
220.647792015913
 20
-125.8504913308016
 30
0.0
 10
220.5951523512543
 20
-126.3524971525627
 30
0.0
 10
220.5290980847147
 20
-125.8927157923818
 30
0.0
 10
220.5051435947097
 20
-125.4356872328688
 30
0.0
 10
220.4501774056567
 20
-124.9815196765958
 30
0.0
 10
220.3970916081664
 20
-124.5428887363479
 30
0.0
 10
220.4191248839965
 20
-124.0938557102451
 30
0.0
 10
220.3014894248085
 20
-123.6626913837877
 30
0.0
 10
220.2635564705958
 20
-123.6641222036491
 30
0.0
 10
220.2256235163824
 20
-123.6655530235111
 30
0.0
 10
220.1876905621697
 20
-123.6669838433724
 30
0.0
 10
220.1416080295563
 20
-124.4078805713163
 30
0.0
 10
220.0955254969436
 20
-125.1487772992596
 30
0.0
 10
220.0490934207156
 20
-125.8952954689388
 30
0.0
 10
219.9906091972815
 20
-125.8680914334785
 30
0.0
 10
219.9401929070235
 20
-125.8446401177259
 30
0.0
 10
219.8731147947971
 20
-125.8134383155633
 30
0.0
 10
219.8349157646312
 20
-125.9168080492361
 30
0.0
 10
219.8027774343911
 20
-126.0037774557837
 30
0.0
 10
219.7552537177806
 20
-126.1323813016657
 30
0.0
 10
219.6700882725552
 20
-124.8458139232336
 30
0.0
 10
219.6362550749433
 20
-123.6017892492319
 30
0.0
 10
219.3523567714835
 20
-122.3764374745638
 30
0.0
 10
218.9033258998204
 20
-123.1677486438787
 30
0.0
 10
219.0880285366067
 20
-124.0311268617206
 30
0.0
 10
218.9168673433876
 20
-124.8533931949922
 30
0.0
 10
218.8915314453528
 20
-124.7902665429034
 30
0.0
 10
218.8848048265695
 20
-124.7259713030624
 30
0.0
 10
218.8761682927268
 20
-124.6618727373041
 30
0.0
 10
218.8410090892015
 20
-124.400923146089
 30
0.0
 10
218.8541864096493
 20
-124.1157775508505
 30
0.0
 10
218.6233396418448
 20
-123.9192937776456
 30
0.0
 10
218.3514078310027
 20
-123.6878402069095
 30
0.0
 10
218.2940400331087
 20
-123.3915468828146
 30
0.0
 10
218.2094603194675
 20
-123.0970694524304
 30
0.0
 10
218.1841670664824
 20
-123.0090075181724
 30
0.0
 10
218.1452682201114
 20
-122.9239249734927
 30
0.0
 10
218.1126028407916
 20
-122.8374774852227
 30
0.0
 10
218.0817905164647
 20
-122.8383491523936
 30
0.0
 10
218.0509785566254
 20
-122.839220819564
 30
0.0
 10
218.0201662322986
 20
-122.840092486735
 30
0.0
 10
217.9043980431195
 20
-123.6067360161211
 30
0.0
 10
217.7886294894534
 20
-124.3733798637502
 30
0.0
 10
217.672861300275
 20
-125.1400237113779
 30
0.0
 10
217.6489571095598
 20
-125.1370646893412
 30
0.0
 10
217.6250529188439
 20
-125.1341056673051
 30
0.0
 10
217.6011487281281
 20
-125.1311472817542
 30
0.0
 10
217.580724665082
 20
-124.896503644673
 30
0.0
 10
217.562499555768
 20
-124.6616945213068
 30
0.0
 10
217.5393924994482
 20
-124.4272526501925
 30
0.0
 10
217.498520681662
 20
-124.0125733034594
 30
0.0
 10
217.4588400093743
 20
-123.5977252880147
 30
0.0
 10
217.4076748793288
 20
-123.1839831664805
 30
0.0
 10
217.3998356621254
 20
-123.1205914180948
 30
0.0
 10
217.3230344785005
 20
-123.0082825609574
 30
0.0
 10
217.2957221464175
 20
-123.0121969480342
 30
0.0
 10
217.2015088430856
 20
-123.0256977645366
 30
0.0
 10
217.1025876355801
 20
-123.0683356235825
 30
0.0
 10
217.0302660046419
 20
-123.1243107223049
 30
0.0
 10
216.9850345505913
 20
-123.1593193454631
 30
0.0
 10
216.9753067408537
 20
-123.2370282032658
 30
0.0
 10
216.9650329286815
 20
-123.297567222726
 30
0.0
 10
216.8344612575968
 20
-124.0669858297787
 30
0.0
 10
216.7118740520269
 20
-124.8374613213424
 30
0.0
 10
216.5764698220086
 20
-125.6062208474517
 30
0.0
 10
216.4766893349701
 20
-126.1727255844783
 30
0.0
 10
216.3610953708676
 20
-126.7371063687129
 30
0.0
 10
216.2525476811793
 20
-127.3024336071871
 30
0.0
 10
216.2104151007608
 20
-127.2785908527283
 30
0.0
 10
216.2021027786443
 20
-127.2592327765375
 30
0.0
 10
216.1995777907487
 20
-127.2393158658973
 30
0.0
 10
216.1208790846424
 20
-126.6185519956053
 30
0.0
 10
216.0465070286727
 20
-125.9973464042337
 30
0.0
 10
215.9628574874041
 20
-125.3770949049335
 30
0.0
 10
215.9239453372356
 20
-125.0885657516943
 30
0.0
 10
215.7377199623495
 20
-124.8578326827745
 30
0.0
 10
215.5712008832903
 20
-124.62124585484
 30
0.0
 10
215.542308770798
 20
-124.6230216499533
 30
0.0
 10
215.5134165671832
 20
-124.6247974450653
 30
0.0
 10
215.4845244546909
 20
-124.6265732401793
 30
0.0
 10
215.3827090333435
 20
-125.4205019569525
 30
0.0
 10
215.2808936119968
 20
-126.214431310211
 30
0.0
 10
215.1790781450888
 20
-127.008360026983
 30
0.0
 10
215.1696980565284
 20
-127.00773372505
 30
0.0
 10
215.1603179679674
 20
-127.0071067866318
 30
0.0
 10
215.150937879407
 20
-127.0064804847001
 30
0.0
 10
215.0582231668699
 20
-126.6934479048401
 30
0.0
 10
214.9655084543328
 20
-126.3804146884954
 30
0.0
 10
214.8608058810916
 20
-126.0269073462553
 30
0.0
 10
214.709673190743
 20
-126.1522352002201
 30
0.0
 10
214.6188437675712
 20
-126.2275569183907
 30
0.0
 10
214.5280144013507
 20
-126.3028780000761
 30
0.0
  0
SPLINE
  5
224
330
21E
100
AcDbEntity
  8
Experiment Box
370
     0
100
AcDbSpline
210
0.0
220
0.0
230
1.0
 70
    11
 71
     3
 72
  1268
 73
  1264
 74
     0
 42
0.0000000001
 43
0.0000000001
 12
1.0
 22
0.0
 32
0.0
 13
1.0
 23
0.0
 33
0.0
 40
0.0
 40
0.0
 40
0.0
 40
0.0
 40
1.0
 40
1.0
 40
1.0
 40
2.0
 40
2.0
 40
2.0
 40
3.0
 40
3.0
 40
3.0
 40
4.0
 40
4.0
 40
4.0
 40
5.0
 40
5.0
 40
5.0
 40
6.0
 40
6.0
 40
6.0
 40
7.0
 40
7.0
 40
7.0
 40
8.0
 40
8.0
 40
8.0
 40
9.0
 40
9.0
 40
9.0
 40
10.0
 40
10.0
 40
10.0
 40
11.0
 40
11.0
 40
11.0
 40
12.0
 40
12.0
 40
12.0
 40
13.0
 40
13.0
 40
13.0
 40
14.0
 40
14.0
 40
14.0
 40
15.0
 40
15.0
 40
15.0
 40
16.0
 40
16.0
 40
16.0
 40
17.0
 40
17.0
 40
17.0
 40
18.0
 40
18.0
 40
18.0
 40
19.0
 40
19.0
 40
19.0
 40
20.0
 40
20.0
 40
20.0
 40
21.0
 40
21.0
 40
21.0
 40
22.0
 40
22.0
 40
22.0
 40
23.0
 40
23.0
 40
23.0
 40
24.0
 40
24.0
 40
24.0
 40
25.0
 40
25.0
 40
25.0
 40
26.0
 40
26.0
 40
26.0
 40
27.0
 40
27.0
 40
27.0
 40
28.0
 40
28.0
 40
28.0
 40
29.0
 40
29.0
 40
29.0
 40
30.0
 40
30.0
 40
30.0
 40
31.0
 40
31.0
 40
31.0
 40
32.0
 40
32.0
 40
32.0
 40
33.0
 40
33.0
 40
33.0
 40
34.0
 40
34.0
 40
34.0
 40
35.0
 40
35.0
 40
35.0
 40
36.0
 40
36.0
 40
36.0
 40
37.0
 40
37.0
 40
37.0
 40
38.0
 40
38.0
 40
38.0
 40
39.0
 40
39.0
 40
39.0
 40
40.0
 40
40.0
 40
40.0
 40
41.0
 40
41.0
 40
41.0
 40
42.0
 40
42.0
 40
42.0
 40
43.0
 40
43.0
 40
43.0
 40
44.0
 40
44.0
 40
44.0
 40
45.0
 40
45.0
 40
45.0
 40
46.0
 40
46.0
 40
46.0
 40
47.0
 40
47.0
 40
47.0
 40
48.0
 40
48.0
 40
48.0
 40
49.0
 40
49.0
 40
49.0
 40
50.0
 40
50.0
 40
50.0
 40
51.0
 40
51.0
 40
51.0
 40
52.0
 40
52.0
 40
52.0
 40
53.0
 40
53.0
 40
53.0
 40
54.0
 40
54.0
 40
54.0
 40
55.0
 40
55.0
 40
55.0
 40
56.0
 40
56.0
 40
56.0
 40
57.0
 40
57.0
 40
57.0
 40
58.0
 40
58.0
 40
58.0
 40
59.0
 40
59.0
 40
59.0
 40
60.0
 40
60.0
 40
60.0
 40
61.0
 40
61.0
 40
61.0
 40
62.0
 40
62.0
 40
62.0
 40
63.0
 40
63.0
 40
63.0
 40
64.0
 40
64.0
 40
64.0
 40
65.0
 40
65.0
 40
65.0
 40
66.0
 40
66.0
 40
66.0
 40
67.0
 40
67.0
 40
67.0
 40
68.0
 40
68.0
 40
68.0
 40
69.0
 40
69.0
 40
69.0
 40
70.0
 40
70.0
 40
70.0
 40
71.0
 40
71.0
 40
71.0
 40
72.0
 40
72.0
 40
72.0
 40
73.0
 40
73.0
 40
73.0
 40
74.0
 40
74.0
 40
74.0
 40
75.0
 40
75.0
 40
75.0
 40
76.0
 40
76.0
 40
76.0
 40
77.0
 40
77.0
 40
77.0
 40
78.0
 40
78.0
 40
78.0
 40
79.0
 40
79.0
 40
79.0
 40
80.0
 40
80.0
 40
80.0
 40
81.0
 40
81.0
 40
81.0
 40
82.0
 40
82.0
 40
82.0
 40
83.0
 40
83.0
 40
83.0
 40
84.0
 40
84.0
 40
84.0
 40
85.0
 40
85.0
 40
85.0
 40
86.0
 40
86.0
 40
86.0
 40
87.0
 40
87.0
 40
87.0
 40
88.0
 40
88.0
 40
88.0
 40
89.0
 40
89.0
 40
89.0
 40
90.0
 40
90.0
 40
90.0
 40
91.0
 40
91.0
 40
91.0
 40
92.0
 40
92.0
 40
92.0
 40
93.0
 40
93.0
 40
93.0
 40
94.0
 40
94.0
 40
94.0
 40
95.0
 40
95.0
 40
95.0
 40
96.0
 40
96.0
 40
96.0
 40
97.0
 40
97.0
 40
97.0
 40
98.0
 40
98.0
 40
98.0
 40
99.0
 40
99.0
 40
99.0
 40
100.0
 40
100.0
 40
100.0
 40
101.0
 40
101.0
 40
101.0
 40
102.0
 40
102.0
 40
102.0
 40
103.0
 40
103.0
 40
103.0
 40
104.0
 40
104.0
 40
104.0
 40
105.0
 40
105.0
 40
105.0
 40
106.0
 40
106.0
 40
106.0
 40
107.0
 40
107.0
 40
107.0
 40
108.0
 40
108.0
 40
108.0
 40
109.0
 40
109.0
 40
109.0
 40
110.0
 40
110.0
 40
110.0
 40
111.0
 40
111.0
 40
111.0
 40
112.0
 40
112.0
 40
112.0
 40
113.0
 40
113.0
 40
113.0
 40
114.0
 40
114.0
 40
114.0
 40
115.0
 40
115.0
 40
115.0
 40
116.0
 40
116.0
 40
116.0
 40
117.0
 40
117.0
 40
117.0
 40
118.0
 40
118.0
 40
118.0
 40
119.0
 40
119.0
 40
119.0
 40
120.0
 40
120.0
 40
120.0
 40
121.0
 40
121.0
 40
121.0
 40
122.0
 40
122.0
 40
122.0
 40
123.0
 40
123.0
 40
123.0
 40
124.0
 40
124.0
 40
124.0
 40
125.0
 40
125.0
 40
125.0
 40
126.0
 40
126.0
 40
126.0
 40
127.0
 40
127.0
 40
127.0
 40
128.0
 40
128.0
 40
128.0
 40
129.0
 40
129.0
 40
129.0
 40
130.0
 40
130.0
 40
130.0
 40
131.0
 40
131.0
 40
131.0
 40
132.0
 40
132.0
 40
132.0
 40
133.0
 40
133.0
 40
133.0
 40
134.0
 40
134.0
 40
134.0
 40
135.0
 40
135.0
 40
135.0
 40
136.0
 40
136.0
 40
136.0
 40
137.0
 40
137.0
 40
137.0
 40
138.0
 40
138.0
 40
138.0
 40
139.0
 40
139.0
 40
139.0
 40
140.0
 40
140.0
 40
140.0
 40
141.0
 40
141.0
 40
141.0
 40
142.0
 40
142.0
 40
142.0
 40
143.0
 40
143.0
 40
143.0
 40
144.0
 40
144.0
 40
144.0
 40
145.0
 40
145.0
 40
145.0
 40
146.0
 40
146.0
 40
146.0
 40
147.0
 40
147.0
 40
147.0
 40
148.0
 40
148.0
 40
148.0
 40
149.0
 40
149.0
 40
149.0
 40
150.0
 40
150.0
 40
150.0
 40
151.0
 40
151.0
 40
151.0
 40
152.0
 40
152.0
 40
152.0
 40
153.0
 40
153.0
 40
153.0
 40
154.0
 40
154.0
 40
154.0
 40
155.0
 40
155.0
 40
155.0
 40
156.0
 40
156.0
 40
156.0
 40
157.0
 40
157.0
 40
157.0
 40
158.0
 40
158.0
 40
158.0
 40
159.0
 40
159.0
 40
159.0
 40
160.0
 40
160.0
 40
160.0
 40
161.0
 40
161.0
 40
161.0
 40
162.0
 40
162.0
 40
162.0
 40
163.0
 40
163.0
 40
163.0
 40
164.0
 40
164.0
 40
164.0
 40
165.0
 40
165.0
 40
165.0
 40
166.0
 40
166.0
 40
166.0
 40
167.0
 40
167.0
 40
167.0
 40
168.0
 40
168.0
 40
168.0
 40
169.0
 40
169.0
 40
169.0
 40
170.0
 40
170.0
 40
170.0
 40
171.0
 40
171.0
 40
171.0
 40
172.0
 40
172.0
 40
172.0
 40
173.0
 40
173.0
 40
173.0
 40
174.0
 40
174.0
 40
174.0
 40
175.0
 40
175.0
 40
175.0
 40
176.0
 40
176.0
 40
176.0
 40
177.0
 40
177.0
 40
177.0
 40
178.0
 40
178.0
 40
178.0
 40
179.0
 40
179.0
 40
179.0
 40
180.0
 40
180.0
 40
180.0
 40
181.0
 40
181.0
 40
181.0
 40
182.0
 40
182.0
 40
182.0
 40
183.0
 40
183.0
 40
183.0
 40
184.0
 40
184.0
 40
184.0
 40
185.0
 40
185.0
 40
185.0
 40
186.0
 40
186.0
 40
186.0
 40
187.0
 40
187.0
 40
187.0
 40
188.0
 40
188.0
 40
188.0
 40
189.0
 40
189.0
 40
189.0
 40
190.0
 40
190.0
 40
190.0
 40
191.0
 40
191.0
 40
191.0
 40
192.0
 40
192.0
 40
192.0
 40
193.0
 40
193.0
 40
193.0
 40
194.0
 40
194.0
 40
194.0
 40
195.0
 40
195.0
 40
195.0
 40
196.0
 40
196.0
 40
196.0
 40
197.0
 40
197.0
 40
197.0
 40
198.0
 40
198.0
 40
198.0
 40
199.0
 40
199.0
 40
199.0
 40
200.0
 40
200.0
 40
200.0
 40
201.0
 40
201.0
 40
201.0
 40
202.0
 40
202.0
 40
202.0
 40
203.0
 40
203.0
 40
203.0
 40
204.0
 40
204.0
 40
204.0
 40
205.0
 40
205.0
 40
205.0
 40
206.0
 40
206.0
 40
206.0
 40
207.0
 40
207.0
 40
207.0
 40
208.0
 40
208.0
 40
208.0
 40
209.0
 40
209.0
 40
209.0
 40
210.0
 40
210.0
 40
210.0
 40
211.0
 40
211.0
 40
211.0
 40
212.0
 40
212.0
 40
212.0
 40
213.0
 40
213.0
 40
213.0
 40
214.0
 40
214.0
 40
214.0
 40
215.0
 40
215.0
 40
215.0
 40
216.0
 40
216.0
 40
216.0
 40
217.0
 40
217.0
 40
217.0
 40
218.0
 40
218.0
 40
218.0
 40
219.0
 40
219.0
 40
219.0
 40
220.0
 40
220.0
 40
220.0
 40
221.0
 40
221.0
 40
221.0
 40
222.0
 40
222.0
 40
222.0
 40
223.0
 40
223.0
 40
223.0
 40
224.0
 40
224.0
 40
224.0
 40
225.0
 40
225.0
 40
225.0
 40
226.0
 40
226.0
 40
226.0
 40
227.0
 40
227.0
 40
227.0
 40
228.0
 40
228.0
 40
228.0
 40
229.0
 40
229.0
 40
229.0
 40
230.0
 40
230.0
 40
230.0
 40
231.0
 40
231.0
 40
231.0
 40
232.0
 40
232.0
 40
232.0
 40
233.0
 40
233.0
 40
233.0
 40
234.0
 40
234.0
 40
234.0
 40
235.0
 40
235.0
 40
235.0
 40
236.0
 40
236.0
 40
236.0
 40
237.0
 40
237.0
 40
237.0
 40
238.0
 40
238.0
 40
238.0
 40
239.0
 40
239.0
 40
239.0
 40
240.0
 40
240.0
 40
240.0
 40
241.0
 40
241.0
 40
241.0
 40
242.0
 40
242.0
 40
242.0
 40
243.0
 40
243.0
 40
243.0
 40
244.0
 40
244.0
 40
244.0
 40
245.0
 40
245.0
 40
245.0
 40
246.0
 40
246.0
 40
246.0
 40
247.0
 40
247.0
 40
247.0
 40
248.0
 40
248.0
 40
248.0
 40
249.0
 40
249.0
 40
249.0
 40
250.0
 40
250.0
 40
250.0
 40
251.0
 40
251.0
 40
251.0
 40
252.0
 40
252.0
 40
252.0
 40
253.0
 40
253.0
 40
253.0
 40
254.0
 40
254.0
 40
254.0
 40
255.0
 40
255.0
 40
255.0
 40
256.0
 40
256.0
 40
256.0
 40
257.0
 40
257.0
 40
257.0
 40
258.0
 40
258.0
 40
258.0
 40
259.0
 40
259.0
 40
259.0
 40
260.0
 40
260.0
 40
260.0
 40
261.0
 40
261.0
 40
261.0
 40
262.0
 40
262.0
 40
262.0
 40
263.0
 40
263.0
 40
263.0
 40
264.0
 40
264.0
 40
264.0
 40
265.0
 40
265.0
 40
265.0
 40
266.0
 40
266.0
 40
266.0
 40
267.0
 40
267.0
 40
267.0
 40
268.0
 40
268.0
 40
268.0
 40
269.0
 40
269.0
 40
269.0
 40
270.0
 40
270.0
 40
270.0
 40
271.0
 40
271.0
 40
271.0
 40
272.0
 40
272.0
 40
272.0
 40
273.0
 40
273.0
 40
273.0
 40
274.0
 40
274.0
 40
274.0
 40
275.0
 40
275.0
 40
275.0
 40
276.0
 40
276.0
 40
276.0
 40
277.0
 40
277.0
 40
277.0
 40
278.0
 40
278.0
 40
278.0
 40
279.0
 40
279.0
 40
279.0
 40
280.0
 40
280.0
 40
280.0
 40
281.0
 40
281.0
 40
281.0
 40
282.0
 40
282.0
 40
282.0
 40
283.0
 40
283.0
 40
283.0
 40
284.0
 40
284.0
 40
284.0
 40
285.0
 40
285.0
 40
285.0
 40
286.0
 40
286.0
 40
286.0
 40
287.0
 40
287.0
 40
287.0
 40
288.0
 40
288.0
 40
288.0
 40
289.0
 40
289.0
 40
289.0
 40
290.0
 40
290.0
 40
290.0
 40
291.0
 40
291.0
 40
291.0
 40
292.0
 40
292.0
 40
292.0
 40
293.0
 40
293.0
 40
293.0
 40
294.0
 40
294.0
 40
294.0
 40
295.0
 40
295.0
 40
295.0
 40
296.0
 40
296.0
 40
296.0
 40
297.0
 40
297.0
 40
297.0
 40
298.0
 40
298.0
 40
298.0
 40
299.0
 40
299.0
 40
299.0
 40
300.0
 40
300.0
 40
300.0
 40
301.0
 40
301.0
 40
301.0
 40
302.0
 40
302.0
 40
302.0
 40
303.0
 40
303.0
 40
303.0
 40
304.0
 40
304.0
 40
304.0
 40
305.0
 40
305.0
 40
305.0
 40
306.0
 40
306.0
 40
306.0
 40
307.0
 40
307.0
 40
307.0
 40
308.0
 40
308.0
 40
308.0
 40
309.0
 40
309.0
 40
309.0
 40
310.0
 40
310.0
 40
310.0
 40
311.0
 40
311.0
 40
311.0
 40
312.0
 40
312.0
 40
312.0
 40
313.0
 40
313.0
 40
313.0
 40
314.0
 40
314.0
 40
314.0
 40
315.0
 40
315.0
 40
315.0
 40
316.0
 40
316.0
 40
316.0
 40
317.0
 40
317.0
 40
317.0
 40
318.0
 40
318.0
 40
318.0
 40
319.0
 40
319.0
 40
319.0
 40
320.0
 40
320.0
 40
320.0
 40
321.0
 40
321.0
 40
321.0
 40
322.0
 40
322.0
 40
322.0
 40
323.0
 40
323.0
 40
323.0
 40
324.0
 40
324.0
 40
324.0
 40
325.0
 40
325.0
 40
325.0
 40
326.0
 40
326.0
 40
326.0
 40
327.0
 40
327.0
 40
327.0
 40
328.0
 40
328.0
 40
328.0
 40
329.0
 40
329.0
 40
329.0
 40
330.0
 40
330.0
 40
330.0
 40
331.0
 40
331.0
 40
331.0
 40
332.0
 40
332.0
 40
332.0
 40
333.0
 40
333.0
 40
333.0
 40
334.0
 40
334.0
 40
334.0
 40
335.0
 40
335.0
 40
335.0
 40
336.0
 40
336.0
 40
336.0
 40
337.0
 40
337.0
 40
337.0
 40
338.0
 40
338.0
 40
338.0
 40
339.0
 40
339.0
 40
339.0
 40
340.0
 40
340.0
 40
340.0
 40
341.0
 40
341.0
 40
341.0
 40
342.0
 40
342.0
 40
342.0
 40
343.0
 40
343.0
 40
343.0
 40
344.0
 40
344.0
 40
344.0
 40
345.0
 40
345.0
 40
345.0
 40
346.0
 40
346.0
 40
346.0
 40
347.0
 40
347.0
 40
347.0
 40
348.0
 40
348.0
 40
348.0
 40
349.0
 40
349.0
 40
349.0
 40
350.0
 40
350.0
 40
350.0
 40
351.0
 40
351.0
 40
351.0
 40
352.0
 40
352.0
 40
352.0
 40
353.0
 40
353.0
 40
353.0
 40
354.0
 40
354.0
 40
354.0
 40
355.0
 40
355.0
 40
355.0
 40
356.0
 40
356.0
 40
356.0
 40
357.0
 40
357.0
 40
357.0
 40
358.0
 40
358.0
 40
358.0
 40
359.0
 40
359.0
 40
359.0
 40
360.0
 40
360.0
 40
360.0
 40
361.0
 40
361.0
 40
361.0
 40
362.0
 40
362.0
 40
362.0
 40
363.0
 40
363.0
 40
363.0
 40
364.0
 40
364.0
 40
364.0
 40
365.0
 40
365.0
 40
365.0
 40
366.0
 40
366.0
 40
366.0
 40
367.0
 40
367.0
 40
367.0
 40
368.0
 40
368.0
 40
368.0
 40
369.0
 40
369.0
 40
369.0
 40
370.0
 40
370.0
 40
370.0
 40
371.0
 40
371.0
 40
371.0
 40
372.0
 40
372.0
 40
372.0
 40
373.0
 40
373.0
 40
373.0
 40
374.0
 40
374.0
 40
374.0
 40
375.0
 40
375.0
 40
375.0
 40
376.0
 40
376.0
 40
376.0
 40
377.0
 40
377.0
 40
377.0
 40
378.0
 40
378.0
 40
378.0
 40
379.0
 40
379.0
 40
379.0
 40
380.0
 40
380.0
 40
380.0
 40
381.0
 40
381.0
 40
381.0
 40
382.0
 40
382.0
 40
382.0
 40
383.0
 40
383.0
 40
383.0
 40
384.0
 40
384.0
 40
384.0
 40
385.0
 40
385.0
 40
385.0
 40
386.0
 40
386.0
 40
386.0
 40
387.0
 40
387.0
 40
387.0
 40
388.0
 40
388.0
 40
388.0
 40
389.0
 40
389.0
 40
389.0
 40
390.0
 40
390.0
 40
390.0
 40
391.0
 40
391.0
 40
391.0
 40
392.0
 40
392.0
 40
392.0
 40
393.0
 40
393.0
 40
393.0
 40
394.0
 40
394.0
 40
394.0
 40
395.0
 40
395.0
 40
395.0
 40
396.0
 40
396.0
 40
396.0
 40
397.0
 40
397.0
 40
397.0
 40
398.0
 40
398.0
 40
398.0
 40
399.0
 40
399.0
 40
399.0
 40
400.0
 40
400.0
 40
400.0
 40
401.0
 40
401.0
 40
401.0
 40
402.0
 40
402.0
 40
402.0
 40
403.0
 40
403.0
 40
403.0
 40
404.0
 40
404.0
 40
404.0
 40
405.0
 40
405.0
 40
405.0
 40
406.0
 40
406.0
 40
406.0
 40
407.0
 40
407.0
 40
407.0
 40
408.0
 40
408.0
 40
408.0
 40
409.0
 40
409.0
 40
409.0
 40
410.0
 40
410.0
 40
410.0
 40
411.0
 40
411.0
 40
411.0
 40
412.0
 40
412.0
 40
412.0
 40
413.0
 40
413.0
 40
413.0
 40
414.0
 40
414.0
 40
414.0
 40
415.0
 40
415.0
 40
415.0
 40
416.0
 40
416.0
 40
416.0
 40
417.0
 40
417.0
 40
417.0
 40
418.0
 40
418.0
 40
418.0
 40
419.0
 40
419.0
 40
419.0
 40
420.0
 40
420.0
 40
420.0
 40
421.0
 40
421.0
 40
421.0
 40
421.0
 10
214.5280144013507
 20
-126.3028780000761
 30
0.0
 10
214.6188437675712
 20
-126.2275569183907
 30
0.0
 10
214.709673190743
 20
-126.1522352002201
 30
0.0
 10
214.8608058810916
 20
-126.0269073462553
 30
0.0
 10
214.9655084543328
 20
-126.3804146884954
 30
0.0
 10
215.0582231668699
 20
-126.6934479048401
 30
0.0
 10
215.150937879407
 20
-127.0064804847001
 30
0.0
 10
215.1603179679674
 20
-127.0071067866318
 30
0.0
 10
215.1696980565284
 20
-127.00773372505
 30
0.0
 10
215.1790781450888
 20
-127.008360026983
 30
0.0
 10
215.2808936119968
 20
-126.214431310211
 30
0.0
 10
215.3827090333435
 20
-125.4205019569525
 30
0.0
 10
215.4845244546909
 20
-124.6265732401793
 30
0.0
 10
215.5134165671832
 20
-124.6247974450653
 30
0.0
 10
215.542308770798
 20
-124.6230216499533
 30
0.0
 10
215.5712008832903
 20
-124.62124585484
 30
0.0
 10
215.7377199623495
 20
-124.8578326827745
 30
0.0
 10
215.9239453372356
 20
-125.0885657516943
 30
0.0
 10
215.9628574874041
 20
-125.3770949049335
 30
0.0
 10
216.0465070286727
 20
-125.9973464042337
 30
0.0
 10
216.1208790846424
 20
-126.6185519956053
 30
0.0
 10
216.1995777907487
 20
-127.2393158658973
 30
0.0
 10
216.2021027786443
 20
-127.2592327765375
 30
0.0
 10
216.2104151007608
 20
-127.2785908527283
 30
0.0
 10
216.2525476811793
 20
-127.3024336071871
 30
0.0
 10
216.3610953708676
 20
-126.7371063687129
 30
0.0
 10
216.4766893349701
 20
-126.1727255844783
 30
0.0
 10
216.5764698220086
 20
-125.6062208474517
 30
0.0
 10
216.7118740520269
 20
-124.8374613213424
 30
0.0
 10
216.8344612575968
 20
-124.0669858297787
 30
0.0
 10
216.9650329286815
 20
-123.297567222726
 30
0.0
 10
216.9753067408537
 20
-123.2370282032658
 30
0.0
 10
216.9850345505913
 20
-123.1593193454631
 30
0.0
 10
217.0302660046419
 20
-123.1243107223049
 30
0.0
 10
217.1025876355801
 20
-123.0683356235825
 30
0.0
 10
217.2015088430856
 20
-123.0256977645366
 30
0.0
 10
217.2957221464175
 20
-123.0121969480342
 30
0.0
 10
217.3230344785005
 20
-123.0082825609574
 30
0.0
 10
217.3998356621254
 20
-123.1205914180948
 30
0.0
 10
217.4076748793288
 20
-123.1839831664805
 30
0.0
 10
217.4588400093743
 20
-123.5977252880147
 30
0.0
 10
217.498520681662
 20
-124.0125733034594
 30
0.0
 10
217.5393924994482
 20
-124.4272526501925
 30
0.0
 10
217.562499555768
 20
-124.6616945213068
 30
0.0
 10
217.580724665082
 20
-124.896503644673
 30
0.0
 10
217.6011487281281
 20
-125.1311472817542
 30
0.0
 10
217.6250529188439
 20
-125.1341056673051
 30
0.0
 10
217.6489571095598
 20
-125.1370646893412
 30
0.0
 10
217.672861300275
 20
-125.1400237113779
 30
0.0
 10
217.7886294894534
 20
-124.3733798637502
 30
0.0
 10
217.9043980431195
 20
-123.6067360161211
 30
0.0
 10
218.0201662322986
 20
-122.840092486735
 30
0.0
 10
218.0509785566254
 20
-122.839220819564
 30
0.0
 10
218.0817905164647
 20
-122.8383491523936
 30
0.0
 10
218.1126028407916
 20
-122.8374774852227
 30
0.0
 10
218.1452682201114
 20
-122.9239249734927
 30
0.0
 10
218.1841670664824
 20
-123.0090075181724
 30
0.0
 10
218.2094603194675
 20
-123.0970694524304
 30
0.0
 10
218.2940400331087
 20
-123.3915468828146
 30
0.0
 10
218.3514078310027
 20
-123.6878402069095
 30
0.0
 10
218.6233396418448
 20
-123.9192937776456
 30
0.0
 10
218.8541864096493
 20
-124.1157775508505
 30
0.0
 10
218.8410090892015
 20
-124.400923146089
 30
0.0
 10
218.8761682927268
 20
-124.6618727373041
 30
0.0
 10
218.8848048265695
 20
-124.7259713030624
 30
0.0
 10
218.8915314453528
 20
-124.7902665429034
 30
0.0
 10
218.9168673433876
 20
-124.8533931949922
 30
0.0
 10
219.0880285366067
 20
-124.0311268617206
 30
0.0
 10
218.9033258998204
 20
-123.1677486438787
 30
0.0
 10
219.3523567714835
 20
-122.3764374745638
 30
0.0
 10
219.6362550749433
 20
-123.6017892492319
 30
0.0
 10
219.6700882725552
 20
-124.8458139232336
 30
0.0
 10
219.7552537177806
 20
-126.1323813016657
 30
0.0
 10
219.8027774343911
 20
-126.0037774557837
 30
0.0
 10
219.8349157646312
 20
-125.9168080492361
 30
0.0
 10
219.8731147947971
 20
-125.8134383155633
 30
0.0
 10
219.9401929070235
 20
-125.8446401177259
 30
0.0
 10
219.9906091972815
 20
-125.8680914334785
 30
0.0
 10
220.0490934207156
 20
-125.8952954689388
 30
0.0
 10
220.0955254969436
 20
-125.1487772992596
 30
0.0
 10
220.1416080295563
 20
-124.4078805713163
 30
0.0
 10
220.1876905621697
 20
-123.6669838433724
 30
0.0
 10
220.2256235163824
 20
-123.6655530235111
 30
0.0
 10
220.2635564705958
 20
-123.6641222036491
 30
0.0
 10
220.3014894248085
 20
-123.6626913837877
 30
0.0
 10
220.4191248839965
 20
-124.0938557102451
 30
0.0
 10
220.3970916081664
 20
-124.5428887363479
 30
0.0
 10
220.4501774056567
 20
-124.9815196765958
 30
0.0
 10
220.5051435947097
 20
-125.4356872328688
 30
0.0
 10
220.5290980847147
 20
-125.8927157923818
 30
0.0
 10
220.5951523512543
 20
-126.3524971525627
 30
0.0
 10
220.647792015913
 20
-125.8504913308016
 30
0.0
 10
220.7017456583947
 20
-125.3496496413921
 30
0.0
 10
220.863371126845
 20
-124.8675206316712
 30
0.0
 10
220.8961465814226
 20
-124.8670515417067
 30
0.0
 10
220.9289220359995
 20
-124.8665824517422
 30
0.0
 10
220.9616967616012
 20
-124.8661139982654
 30
0.0
 10
221.0099848087232
 20
-125.1179809384887
 30
0.0
 10
221.0582728558445
 20
-125.3698485151972
 30
0.0
 10
221.1186611625365
 20
-125.6848300142802
 30
0.0
 10
221.4124403605283
 20
-125.3825903224986
 30
0.0
 10
221.3022112895103
 20
-125.0205903515143
 30
0.0
 10
221.4912753849992
 20
-124.7057622454859
 30
0.0
 10
221.5527943322473
 20
-124.7843122191452
 30
0.0
 10
221.5926160612386
 20
-124.835159152553
 30
0.0
 10
221.6496350444932
 20
-124.9079642062536
 30
0.0
 10
221.8184350869954
 20
-124.1684569265993
 30
0.0
 10
221.815343503115
 20
-123.4199869735114
 30
0.0
 10
222.0058823154608
 20
-122.7004376578253
 30
0.0
 10
222.0398248593553
 20
-122.7012300825259
 30
0.0
 10
222.0737666742738
 20
-122.7020228254706
 30
0.0
 10
222.1077092181676
 20
-122.7028152501699
 30
0.0
 10
222.1526826149934
 20
-123.1315087391275
 30
0.0
 10
222.1976567407944
 20
-123.5602019098408
 30
0.0
 10
222.2426301376201
 20
-123.9888947623125
 30
0.0
 10
222.2489350442418
 20
-123.9903332200031
 30
0.0
 10
222.2552392218889
 20
-123.9917716776924
 30
0.0
 10
222.2615433995354
 20
-123.9932107718682
 30
0.0
 10
222.2992860912182
 20
-123.7034932998198
 30
0.0
 10
222.3370280539251
 20
-123.4137755095297
 30
0.0
 10
222.374770016632
 20
-123.1240583557229
 30
0.0
 10
222.400133980213
 20
-123.1215862452501
 30
0.0
 10
222.4254979437939
 20
-123.1191144530196
 30
0.0
 10
222.4508619073742
 20
-123.116642342548
 30
0.0
 10
222.4715436631582
 20
-123.1602075612631
 30
0.0
 10
222.5053899823239
 20
-123.2025539098558
 30
0.0
 10
222.5108507356489
 20
-123.2475279896752
 30
0.0
 10
222.5602577597236
 20
-123.6544482574391
 30
0.0
 10
222.6369605316946
 20
-124.0613853920729
 30
0.0
 10
222.6442932933683
 20
-124.4691595054076
 30
0.0
 10
222.6631445923911
 20
-125.517441912047
 30
0.0
 10
222.650595284089
 20
-126.566154583024
 30
0.0
 10
222.650595284089
 20
-127.6146954028599
 30
0.0
 10
222.6796945166643
 20
-127.614906079626
 30
0.0
 10
222.7087937492396
 20
-127.6151161199094
 30
0.0
 10
222.7378929818143
 20
-127.6153267966761
 30
0.0
 10
222.7724398461603
 20
-126.5639020601176
 30
0.0
 10
222.8069874394815
 20
-125.5124773235585
 30
0.0
 10
222.8415343038275
 20
-124.4610532234858
 30
0.0
 10
222.8801488498655
 20
-124.4598534479348
 30
0.0
 10
222.9187626669277
 20
-124.4586536723831
 30
0.0
 10
222.9573764839905
 20
-124.457453896832
 30
0.0
 10
223.0263528476729
 20
-125.1094679422016
 30
0.0
 10
223.095329211356
 20
-125.7614826240591
 30
0.0
 10
223.1643055750384
 20
-126.4134966694287
 30
0.0
 10
223.1870102370398
 20
-126.41376908531
 30
0.0
 10
223.2097148990418
 20
-126.4140415011913
 30
0.0
 10
223.2324195610432
 20
-126.4143132805874
 30
0.0
 10
223.284960449561
 20
-125.5146833830075
 30
0.0
 10
223.3375020670541
 20
-124.6150534854282
 30
0.0
 10
223.3900436845465
 20
-123.7154229513636
 30
0.0
 10
223.4240540231353
 20
-123.7130845028883
 30
0.0
 10
223.4580636327495
 20
-123.710745417927
 30
0.0
 10
223.4920739713382
 20
-123.7084063329664
 30
0.0
 10
223.5141116210191
 20
-123.8161156261684
 30
0.0
 10
223.548900505136
 20
-123.9232011633803
 30
0.0
 10
223.5558541996984
 20
-124.0316475070257
 30
0.0
 10
223.5789554242162
 20
-124.3919690652101
 30
0.0
 10
223.5902355866708
 20
-124.7528596416134
 30
0.0
 10
223.6110142961581
 20
-125.1133135888236
 30
0.0
 10
223.6139899729801
 20
-125.1649306699334
 30
0.0
 10
223.6311777505653
 20
-125.2513539717472
 30
0.0
 10
223.6641055609621
 20
-125.2605161834518
 30
0.0
 10
223.89013161568
 20
-125.3234016074589
 30
0.0
 10
223.8461066156074
 20
-125.4817465208142
 30
0.0
 10
223.8467473848198
 20
-125.6223920397242
 30
0.0
 10
223.8490844793544
 20
-126.1353307764162
 30
0.0
 10
223.8476709964153
 20
-126.6482828793091
 30
0.0
 10
223.8476709964153
 20
-127.1612292538303
 30
0.0
 10
223.876593816989
 20
-127.1615023061969
 30
0.0
 10
223.9055159085869
 20
-127.1617747220775
 30
0.0
 10
223.9344387291606
 20
-127.1620471379595
 30
0.0
 10
224.0239153337987
 20
-125.8303783825654
 30
0.0
 10
224.1133926674127
 20
-124.4987102636565
 30
0.0
 10
224.2028692720508
 20
-123.1670415082618
 30
0.0
 10
224.2390162369909
 20
-123.1652237050928
 30
0.0
 10
224.2751632019311
 20
-123.1634055836803
 30
0.0
 10
224.3113101668706
 20
-123.1615874622677
 30
0.0
 10
224.3537591225314
 20
-123.5734408124763
 30
0.0
 10
224.3962088071682
 20
-123.9852935261997
 30
0.0
 10
224.438657762829
 20
-124.3971468764102
 30
0.0
 10
224.4545902450969
 20
-124.3967751687591
 30
0.0
 10
224.4705234563394
 20
-124.3964034611074
 30
0.0
 10
224.4864559386073
 20
-124.3960323899428
 30
0.0
 10
224.5166311385974
 20
-124.1975182273421
 30
0.0
 10
224.5468056096122
 20
-123.9990047012291
 30
0.0
 10
224.5769800806277
 20
-123.800490538629
 30
0.0
 10
224.6079637141295
 20
-123.8007133086248
 30
0.0
 10
224.6389466186566
 20
-123.8009367151071
 30
0.0
 10
224.6699302521584
 20
-123.8011594851035
 30
0.0
 10
224.7715698082356
 20
-124.4319505511714
 30
0.0
 10
224.8077495770597
 20
-125.0683185049747
 30
0.0
 10
224.8051456775973
 20
-125.7079904560655
 30
0.0
 10
224.8335443649916
 20
-125.7074729931879
 30
0.0
 10
224.8619430523866
 20
-125.7069548938263
 30
0.0
 10
224.8903417397816
 20
-125.7064374309487
 30
0.0
 10
224.8903417397816
 20
-125.0129130609565
 30
0.0
 10
224.8903417397816
 20
-124.3193886909656
 30
0.0
 10
224.8903417397816
 20
-123.6258643209734
 30
0.0
 10
224.9223955088974
 20
-123.6225342277721
 30
0.0
 10
224.9544500069879
 20
-123.6192041345695
 30
0.0
 10
224.9865037761038
 20
-123.6158734048829
 30
0.0
 10
225.0648183122721
 20
-123.8068242078675
 30
0.0
 10
225.163929053333
 20
-123.9935958457182
 30
0.0
 10
225.2156615083385
 20
-124.1898867637564
 30
0.0
 10
225.268542828281
 20
-124.3905414277769
 30
0.0
 10
225.2749497914335
 20
-124.600533973557
 30
0.0
 10
225.3017009948455
 20
-124.8064383716611
 30
0.0
 10
225.3256201295532
 20
-124.8074026475034
 30
0.0
 10
225.3495385352849
 20
-124.8083669233437
 30
0.0
 10
225.3734576699926
 20
-124.8093311991847
 30
0.0
 10
225.3734576699926
 20
-124.4018498692741
 30
0.0
 10
225.3734576699926
 20
-123.994368539363
 30
0.0
 10
225.3734576699926
 20
-123.586887209453
 30
0.0
 10
225.415310323929
 20
-123.5830447452598
 30
0.0
 10
225.4571629778653
 20
-123.5792022810672
 30
0.0
 10
225.4990156318016
 20
-123.5753598168746
 30
0.0
 10
225.5208666638282
 20
-123.6577649844402
 30
0.0
 10
225.5601205211281
 20
-123.7399346522976
 30
0.0
 10
225.5615908641342
 20
-123.822616691145
 30
0.0
 10
225.5683528382149
 20
-124.2030340124507
 30
0.0
 10
225.5645694568565
 20
-124.5835951795248
 30
0.0
 10
225.5645694568565
 20
-124.9641041547711
 30
0.0
 10
225.6026248789055
 20
-124.9666634637859
 30
0.0
 10
225.6406803009544
 20
-124.9692221363155
 30
0.0
 10
225.6787357230033
 20
-124.971781445329
 30
0.0
 10
225.7161846376744
 20
-124.7313502437436
 30
0.0
 10
225.7536335523461
 20
-124.4909190421582
 30
0.0
 10
225.7910817380418
 20
-124.2504884770587
 30
0.0
 10
225.8174881361777
 20
-124.2479896341855
 30
0.0
 10
225.8438945343142
 20
-124.2454907913129
 30
0.0
 10
225.87030093245
 20
-124.2429919484391
 30
0.0
 10
225.9053989020574
 20
-124.3302312249277
 30
0.0
 10
225.9404961426903
 20
-124.4174705014131
 30
0.0
 10
225.9682125092847
 20
-124.4863618045196
 30
0.0
 10
226.0404984204372
 20
-124.4449997810671
 30
0.0
 10
226.1262368401807
 20
-124.395940736001
 30
0.0
 10
226.2705804932433
 20
-124.3133478051526
 30
0.0
 10
226.3002104197739
 20
-124.7304133367883
 30
0.0
 10
226.3259950020524
 20
-125.0933457593287
 30
0.0
 10
226.3508100472976
 20
-125.442641475668
 30
0.0
 10
226.3805638996143
 20
-125.3299147656638
 30
0.0
 10
226.4142097505967
 20
-125.2024419548788
 30
0.0
 10
226.4478563305536
 20
-125.0749691440918
 30
0.0
 10
226.4770270026995
 20
-125.0758385835641
 30
0.0
 10
226.5061984038212
 20
-125.0767086595204
 30
0.0
 10
226.5353698049423
 20
-125.0775787354774
 30
0.0
 10
226.5637706792623
 20
-125.3142884051527
 30
0.0
 10
226.5921722825583
 20
-125.5509980748305
 30
0.0
 10
226.620573156879
 20
-125.7877077445065
 30
0.0
 10
226.6393158385946
 20
-125.791102122764
 30
0.0
 10
226.6580585203109
 20
-125.7944958645363
 30
0.0
 10
226.6768012020265
 20
-125.7978896063079
 30
0.0
 10
226.70333444185
 20
-125.7634455459687
 30
0.0
 10
226.7435920980189
 20
-125.7317829281536
 30
0.0
 10
226.7536388344122
 20
-125.6939979543564
 30
0.0
 10
226.7769062652788
 20
-125.6064900809036
 30
0.0
 10
226.7958581628813
 20
-125.5162516837822
 30
0.0
 10
226.7985043429065
 20
-125.4267134209329
 30
0.0
 10
226.8190191633664
 20
-124.7324590018388
 30
0.0
 10
226.8328667765232
 20
-124.038049916719
 30
0.0
 10
226.854980968602
 20
-123.3438400516253
 30
0.0
 10
226.858971378921
 20
-123.2185392483031
 30
0.0
 10
226.8914807575453
 20
-123.0939312596688
 30
0.0
 10
226.9673641613766
 20
-122.9712718720178
 30
0.0
 10
227.0698886933621
 20
-123.452618322566
 30
0.0
 10
227.039716409273
 20
-123.9354509672328
 30
0.0
 10
227.0457698194464
 20
-124.4161631597778
 30
0.0
 10
227.0518494727278
 20
-124.8989159254894
 30
0.0
 10
227.0471067599883
 20
-125.381773074856
 30
0.0
 10
227.1040892944821
 20
-125.8755790512971
 30
0.0
 10
227.1265679741673
 20
-125.8534401690656
 30
0.0
 10
227.1655564844899
 20
-125.8330936305769
 30
0.0
 10
227.1690045372497
 20
-125.8088880792674
 30
0.0
 10
227.2090602672848
 20
-125.5277065169906
 30
0.0
 10
227.2678185853991
 20
-125.2464460304863
 30
0.0
 10
227.2755530124146
 20
-124.964242908655
 30
0.0
 10
227.3037206146668
 20
-123.9364852565009
 30
0.0
 10
227.3075054539757
 20
-122.9082263718558
 30
0.0
 10
227.3340809743613
 20
-121.8804244839448
 30
0.0
 10
227.351121498954
 20
-121.2213788627625
 30
0.0
 10
227.3911845187409
 20
-120.5627724167174
 30
0.0
 10
227.4237463835802
 20
-119.9040751123366
 30
0.0
 10
227.4264698349785
 20
-119.8489479716921
 30
0.0
 10
227.4506674382172
 20
-119.7946298043777
 30
0.0
 10
227.4648912025844
 20
-119.7399357922553
 30
0.0
 10
227.4861072971999
 20
-119.7399340419197
 30
0.0
 10
227.5073233918153
 20
-119.7399321324634
 30
0.0
 10
227.5285394864308
 20
-119.7399303821266
 30
0.0
 10
227.543909199834
 20
-119.7881265117006
 30
0.0
 10
227.5702981025647
 20
-119.8358767830388
 30
0.0
 10
227.5728845066226
 20
-119.8845905346112
 30
0.0
 10
227.591291130765
 20
-120.2312308325947
 30
0.0
 10
227.6023190677959
 20
-120.5781704379807
 30
0.0
 10
227.6208073371622
 20
-120.9248067579294
 30
0.0
 10
227.6331299341724
 20
-121.1558272001435
 30
0.0
 10
227.5623187398774
 20
-121.3974508576937
 30
0.0
 10
227.7434661645472
 20
-121.6089420090624
 30
0.0
 10
227.7757553926567
 20
-121.6466397843202
 30
0.0
 10
227.7615228805873
 20
-121.7168390655485
 30
0.0
 10
227.7630858034447
 20
-121.7721538103525
 30
0.0
 10
227.7809398643758
 20
-122.4038852840468
 30
0.0
 10
227.7975648730964
 20
-123.0356428536562
 30
0.0
 10
227.8150894372301
 20
-123.6673816469374
 30
0.0
 10
227.8160356470575
 20
-123.7015329238523
 30
0.0
 10
227.8220569823214
 20
-123.7355772711696
 30
0.0
 10
227.8279543917994
 20
-123.7904951671387
 30
0.0
 10
228.0101588305289
 20
-123.6961215223998
 30
0.0
 10
228.0454222775093
 20
-123.7881592646056
 30
0.0
 10
228.0471616123689
 20
-123.9116330357161
 30
0.0
 10
228.0496955302114
 20
-124.091386782201
 30
0.0
 10
228.04781331621
 20
-124.2711889015978
 30
0.0
 10
228.0653233008401
 20
-124.4511507789078
 30
0.0
 10
228.1073735070588
 20
-123.5401055102342
 30
0.0
 10
228.1494251712286
 20
-122.6290605598022
 30
0.0
 10
228.1914768353984
 20
-121.7180152911273
 30
0.0
 10
228.2371733756357
 20
-121.7181378146264
 30
0.0
 10
228.2828699158737
 20
-121.7182600198807
 30
0.0
 10
228.3285649981605
 20
-121.7183822251356
 30
0.0
 10
228.3529186020953
 20
-122.4482206504656
 30
0.0
 10
228.3772707480796
 20
-123.1780587575508
 30
0.0
 10
228.4005323471443
 20
-123.875231145353
 30
0.0
 10
228.4559417531273
 20
-123.8853251721278
 30
0.0
 10
228.5411414601878
 20
-123.8823190501484
 30
0.0
 10
228.5532599441384
 20
-123.9068428443121
 30
0.0
 10
228.5799404369545
 20
-123.9608352900665
 30
0.0
 10
228.5737951759045
 20
-124.0287196727911
 30
0.0
 10
228.5739293073433
 20
-124.0909463340939
 30
0.0
 10
228.5750563030237
 20
-124.6119162473954
 30
0.0
 10
228.5745693475811
 20
-125.1328887066392
 30
0.0
 10
228.5935941427046
 20
-125.654656136527
 30
0.0
 10
228.631992183104
 20
-124.8645959798615
 30
0.0
 10
228.5851890584924
 20
-124.06965525082
 30
0.0
 10
228.7201952680444
 20
-123.2859373559484
 30
0.0
 10
228.7562197651482
 20
-123.2846414710563
 30
0.0
 10
228.7922442622522
 20
-123.2833452679206
 30
0.0
 10
228.828268759356
 20
-123.2820490647862
 30
0.0
 10
228.8567512789007
 20
-123.5336770046264
 30
0.0
 10
228.8852323404948
 20
-123.785304626225
 30
0.0
 10
228.9137148600389
 20
-124.0369328843094
 30
0.0
 10
228.9373103297517
 20
-124.0370188098802
 30
0.0
 10
228.9609072574145
 20
-124.0371047354498
 30
0.0
 10
228.9845027271274
 20
-124.0371906610207
 30
0.0
 10
228.9845027271274
 20
-123.6657528800223
 30
0.0
 10
228.9845027271274
 20
-123.2943147807804
 30
0.0
 10
228.9845027271274
 20
-122.9228766815386
 30
0.0
 10
229.0078401396141
 20
-122.9192092509145
 30
0.0
 10
229.0311775521014
 20
-122.9155418202911
 30
0.0
 10
229.0545135066377
 20
-122.9118743896657
 30
0.0
 10
229.0916810368767
 20
-122.9396137096025
 30
0.0
 10
229.1288485671157
 20
-122.967352711297
 30
0.0
 10
229.1720607598252
 20
-122.9996034419009
 30
0.0
 10
229.188886965705
 20
-122.963951649939
 30
0.0
 10
229.2098479189952
 20
-122.9195399052381
 30
0.0
 10
229.2344158416429
 20
-122.8674836489923
 30
0.0
 10
229.267674606787
 20
-122.8858058447016
 30
0.0
 10
229.3004668277939
 20
-122.894068702106
 30
0.0
 10
229.3029628389249
 20
-122.9068429701781
 30
0.0
 10
229.3187845169599
 20
-122.987853279326
 30
0.0
 10
229.3374302449727
 20
-123.069832637957
 30
0.0
 10
229.3377466202151
 20
-123.151544036106
 30
0.0
 10
229.3403884263895
 20
-123.8324561236373
 30
0.0
 10
229.3392453932544
 20
-124.5133787131836
 30
0.0
 10
229.3553018013083
 20
-125.1947582994628
 30
0.0
 10
229.4142146621676
 20
-124.3177115511355
 30
0.0
 10
229.3221071859837
 20
-123.4344717969118
 30
0.0
 10
229.5035330791852
 20
-122.5598020044451
 30
0.0
 10
229.606780754583
 20
-122.9731822838561
 30
0.0
 10
229.629371696451
 20
-123.3907687790411
 30
0.0
 10
229.6270870881318
 20
-123.8106978598578
 30
0.0
 10
229.6247587413001
 20
-124.2383322366044
 30
0.0
 10
229.6265724316313
 20
-124.6659837984647
 30
0.0
 10
229.6595687656977
 20
-125.094528349765
 30
0.0
 10
229.8549005900735
 20
-124.5089583199711
 30
0.0
 10
229.6396575367147
 20
-123.8732631315576
 30
0.0
 10
229.9678975799777
 20
-123.3085227329004
 30
0.0
 10
229.9920660242081
 20
-123.3075590935447
 30
0.0
 10
230.0162330104879
 20
-123.3065954541902
 30
0.0
 10
230.0404014547188
 20
-123.3056318148345
 30
0.0
 10
230.0404014547188
 20
-123.5629139754242
 30
0.0
 10
230.0404014547188
 20
-123.8201967725005
 30
0.0
 10
230.0404014547188
 20
-124.0774789330903
 30
0.0
 10
230.0807181578798
 20
-124.0817783940183
 30
0.0
 10
230.1210334030909
 20
-124.0860778549463
 30
0.0
 10
230.1613501062525
 20
-124.0903766793885
 30
0.0
 10
230.3331826856429
 20
-123.7459246192546
 30
0.0
 10
230.4275047885266
 20
-123.3823503008823
 30
0.0
 10
230.3870685334297
 20
-122.9855313794796
 30
0.0
 10
230.4267962246186
 20
-122.9873838711192
 30
0.0
 10
230.4665253737579
 20
-122.9892360445172
 30
0.0
 10
230.5062545228973
 20
-122.9910882179145
 30
0.0
 10
230.5311111197294
 20
-123.1249971721353
 30
0.0
 10
230.5754984204834
 20
-123.2586922671619
 30
0.0
 10
230.5774258309479
 20
-123.3928519967493
 30
0.0
 10
230.5854912127106
 20
-123.9547097516538
 30
0.0
 10
230.5808272292947
 20
-124.5167068969286
 30
0.0
 10
230.5808272292947
 20
-125.0458034596942
 30
0.0
 10
230.6503248102549
 20
-124.6935003484044
 30
0.0
 10
230.7571371744473
 20
-124.3152407136344
 30
0.0
 10
230.7920959097886
 20
-123.9319840296052
 30
0.0
 10
230.8324315663058
 20
-123.4897747667303
 30
0.0
 10
230.8077338860701
 20
-123.0431352451176
 30
0.0
 10
230.8154376961268
 20
-122.5984745575557
 30
0.0
 10
230.816755683313
 20
-122.5223623241416
 30
0.0
 10
230.8388859128465
 20
-122.4465247343067
 30
0.0
 10
230.8514024172633
 20
-122.3705604838184
 30
0.0
 10
230.8822147415902
 20
-122.3698253428294
 30
0.0
 10
230.9130270659171
 20
-122.3690905200859
 30
0.0
 10
230.943839390244
 20
-122.3683553790976
 30
0.0
 10
230.9943413350897
 20
-122.7153708854038
 30
0.0
 10
231.0448447378853
 20
-123.0623860734678
 30
0.0
 10
231.0883266514242
 20
-123.3611680566638
 30
0.0
 10
231.1090864075559
 20
-123.1521238745841
 30
0.0
 10
231.1348804665126
 20
-122.8923781960776
 30
0.0
 10
231.1606745254692
 20
-122.6326325175711
 30
0.0
 10
231.1899414223432
 20
-122.63119501461
 30
0.0
 10
231.2192097771683
 20
-122.6297575116476
 30
0.0
 10
231.2484766740423
 20
-122.6283200086865
 30
0.0
 10
231.2649588036211
 20
-122.7013767924806
 30
0.0
 10
231.2945916460521
 20
-122.774279546735
 30
0.0
 10
231.295720099683
 20
-122.8475164559839
 30
0.0
 10
231.3016116773589
 20
-123.2297830865013
 30
0.0
 10
231.2936818849855
 20
-123.6122976282
 30
0.0
 10
231.3060788374678
 20
-123.9943418069638
 30
0.0
 10
231.3091580287696
 20
-124.0892882888362
 30
0.0
 10
231.3698306357947
 20
-124.1828090427305
 30
0.0
 10
231.4040312369141
 20
-124.276985376901
 30
0.0
 10
231.4399128548762
 20
-124.2718062927311
 30
0.0
 10
231.4757959307889
 20
-124.2666272085599
 30
0.0
 10
231.5116790067015
 20
-124.2614481243907
 30
0.0
 10
231.5599459135421
 20
-123.3821370781714
 30
0.0
 10
231.6082128203826
 20
-122.5028260319522
 30
0.0
 10
231.6564797272231
 20
-121.6235153039779
 30
0.0
 10
231.6876871561153
 20
-121.6226032199634
 30
0.0
 10
231.7188960429587
 20
-121.6216911359508
 30
0.0
 10
231.7501034718515
 20
-121.6207793701792
 30
0.0
 10
231.8179404472751
 20
-121.9077596354604
 30
0.0
 10
231.7537060673569
 20
-122.207046988305
 30
0.0
 10
231.7884475680849
 20
-122.497111345063
 30
0.0
 10
231.813566595994
 20
-122.4968637521238
 30
0.0
 10
231.838687081853
 20
-122.4966161591846
 30
0.0
 10
231.8638061097622
 20
-122.496368884489
 30
0.0
 10
231.8638061097622
 20
-121.8730046518534
 30
0.0
 10
231.8638061097622
 20
-121.2496404192203
 30
0.0
 10
231.8638061097622
 20
-120.626276186584
 30
0.0
 10
231.9030832942692
 20
-120.6239086188895
 30
0.0
 10
231.9423604787756
 20
-120.621541051193
 30
0.0
 10
231.9816362053322
 20
-120.6191736426179
 30
0.0
 10
231.9940214942106
 20
-120.7038405621326
 30
0.0
 10
232.0161050693305
 20
-120.7884002338072
 30
0.0
 10
232.0173355794908
 20
-120.8731906315485
 30
0.0
 10
232.0353748001258
 20
-122.1166698372997
 30
0.0
 10
232.0505987184857
 20
-123.3601802308524
 30
0.0
 10
232.0667353138138
 20
-124.603680758876
 30
0.0
 10
232.0671726989418
 20
-124.6373693106846
 30
0.0
 10
232.0703481149719
 20
-124.6710298571229
 30
0.0
 10
232.0932714695376
 20
-124.7048329763585
 30
0.0
 10
232.1584753864903
 20
-123.8587779899129
 30
0.0
 10
232.2236793034423
 20
-123.0127223669814
 30
0.0
 10
232.2888832203949
 20
-122.1666670622942
 30
0.0
 10
232.3177433490997
 20
-122.1666037319674
 30
0.0
 10
232.3466020198547
 20
-122.1665404016381
 30
0.0
 10
232.3754621485595
 20
-122.166477071312
 30
0.0
 10
232.4242043472395
 20
-123.0679960584586
 30
0.0
 10
232.4612552414442
 20
-123.9700121409405
 30
0.0
 10
232.4873919187513
 20
-124.8737040902814
 30
0.0
 10
232.4873919187513
 20
-124.7502920582855
 30
0.0
 10
232.476304205753
 20
-124.6259144774755
 30
0.0
 10
232.4902669969936
 20
-124.5037181331725
 30
0.0
 10
232.5068220240935
 20
-124.3588196167919
 30
0.0
 10
232.4078519752486
 20
-124.1746995783806
 30
0.0
 10
232.6572518912141
 20
-124.0938315237882
 30
0.0
 10
232.6832121565196
 20
-124.085413363871
 30
0.0
 10
232.6776500756403
 20
-123.9906209115403
 30
0.0
 10
232.6778877215597
 20
-123.9358748667116
 30
0.0
 10
232.6803268726244
 20
-123.3728214734123
 30
0.0
 10
232.6792640267628
 20
-122.809752167972
 30
0.0
 10
232.6838915614185
 20
-122.2467165962708
 30
0.0
 10
232.6845870037722
 20
-122.1623246385804
 30
0.0
 10
232.7095587786881
 20
-122.078084482731
 30
0.0
 10
232.7232985035136
 20
-121.993774313452
 30
0.0
 10
232.751471937567
 20
-121.9914616426482
 30
0.0
 10
232.7796453716211
 20
-121.9891486536008
 30
0.0
 10
232.8078202636256
 20
-121.9868359827971
 30
0.0
 10
232.829450416162
 20
-122.0563309925937
 30
0.0
 10
232.8666091986982
 20
-122.1252025646445
 30
0.0
 10
232.8703080189323
 20
-122.1954177580139
 30
0.0
 10
232.906804891974
 20
-122.8883463773868
 30
0.0
 10
232.9289190840528
 20
-123.5819474439066
 30
0.0
 10
232.9751623557007
 20
-124.2743375963744
 30
0.0
 10
232.9908936408094
 20
-124.5098786782988
 30
0.0
 10
233.0634383381621
 20
-124.7425262962139
 30
0.0
 10
233.11002277021
 20
-124.9764958949368
 30
0.0
 10
233.1356506228178
 20
-124.9806877897812
 30
0.0
 10
233.1612784754262
 20
-124.9848796846256
 30
0.0
 10
233.186906328034
 20
-124.9890709429829
 30
0.0
 10
233.2078322905146
 20
-124.9152971580434
 30
0.0
 10
233.2453978412199
 20
-124.8417690565855
 30
0.0
 10
233.2468382962424
 20
-124.7677069436223
 30
0.0
 10
233.2534588491318
 20
-124.4271870921646
 30
0.0
 10
233.2479871611788
 20
-124.0865011179393
 30
0.0
 10
233.2518069912981
 20
-123.7459169814253
 30
0.0
 10
233.2525840788756
 20
-123.6766024153259
 30
0.0
 10
233.2747041027557
 20
-123.6074692476518
 30
0.0
 10
233.2869844192037
 20
-123.5382527003497
 30
0.0
 10
233.318872710946
 20
-123.5377759725579
 30
0.0
 10
233.3507624606381
 20
-123.5372998812526
 30
0.0
 10
233.3826507523803
 20
-123.5368231534589
 30
0.0
 10
233.4541092766655
 20
-124.0637855796616
 30
0.0
 10
233.5255678009501
 20
-124.590748005863
 30
0.0
 10
233.5970263252353
 20
-125.117710432065
 30
0.0
 10
233.6014876535422
 20
-125.1189592170145
 30
0.0
 10
233.6059504397996
 20
-125.12020736548
 30
0.0
 10
233.6104117681064
 20
-125.1214561504301
 30
0.0
 10
233.6352552433849
 20
-124.1331135119612
 30
0.0
 10
233.6592997618291
 20
-123.1447540066198
 30
0.0
 10
233.6862106108128
 20
-122.1564543309354
 30
0.0
 10
233.6888276318296
 20
-122.0603192120122
 30
0.0
 10
233.709141255131
 20
-121.9645516635838
 30
0.0
 10
233.7581735859458
 20
-121.8683570332459
 30
0.0
 10
233.9391795894238
 20
-122.0240917187318
 30
0.0
 10
233.8607680995521
 20
-122.2149432299459
 30
0.0
 10
233.8736199325676
 20
-122.3888028005713
 30
0.0
 10
233.8873859005005
 20
-122.5750378809751
 30
0.0
 10
233.8767239090264
 20
-122.7626493617157
 30
0.0
 10
233.8767239090264
 20
-122.9496603181924
 30
0.0
 10
233.8977898347484
 20
-122.951336503293
 30
0.0
 10
233.9188572184202
 20
-122.9530130066359
 30
0.0
 10
233.9399231441415
 20
-122.9546891917365
 30
0.0
 10
233.9955031303248
 20
-122.5424087596203
 30
0.0
 10
234.0510831165081
 20
-122.1301283275042
 30
0.0
 10
234.1066616447403
 20
-121.7178475771451
 30
0.0
 10
234.1314191009433
 20
-121.7175898004351
 30
0.0
 10
234.1561750991959
 20
-121.7173323419674
 30
0.0
 10
234.180932555399
 20
-121.7170745652593
 30
0.0
 10
234.248407959117
 20
-122.0416784552097
 30
0.0
 10
234.204096471785
 20
-122.3745684342946
 30
0.0
 10
234.2125627899157
 20
-122.7029164513979
 30
0.0
 10
234.2213411094372
 20
-123.043365971185
 30
0.0
 10
234.2152512505031
 20
-123.3841105020961
 30
0.0
 10
234.2154218307033
 20
-123.7247258264084
 30
0.0
 10
234.215592410903
 20
-124.0643724194805
 30
0.0
 10
234.2154597374147
 20
-124.4040183760654
 30
0.0
 10
234.2462297811788
 20
-124.7441798860729
 30
0.0
 10
234.2715543800979
 20
-123.9037692548471
 30
0.0
 10
234.2968789790171
 20
-123.0633589418655
 30
0.0
 10
234.3222035779369
 20
-122.2229486288826
 30
0.0
 10
234.3529211354861
 20
-122.2221141961258
 30
0.0
 10
234.3836386930347
 20
-122.2212797633683
 30
0.0
 10
234.4143562505839
 20
-122.2204456488538
 30
0.0
 10
234.4642779311592
 20
-122.5753608974707
 30
0.0
 10
234.5141996117345
 20
-122.9302761460864
 30
0.0
 10
234.5641212923097
 20
-123.285191712947
 30
0.0
 10
234.6252210788102
 20
-122.5130900004105
 30
0.0
 10
234.5296728396176
 20
-121.7347812792909
 30
0.0
 10
234.7116819129899
 20
-120.9653009331249
 30
0.0
 10
234.8181385372782
 20
-121.3947397468397
 30
0.0
 10
234.771911303085
 20
-121.8307400916745
 30
0.0
 10
234.7896035315187
 20
-122.26338170145
 30
0.0
 10
234.8073774051757
 20
-122.6980107378369
 30
0.0
 10
234.8292568672354
 20
-123.132511840596
 30
0.0
 10
234.8730828570752
 20
-123.5693914904304
 30
0.0
 10
234.9993311584111
 20
-123.1878202205438
 30
0.0
 10
234.7845721445947
 20
-122.7412192063151
 30
0.0
 10
235.1491865930639
 20
-122.4091127411317
 30
0.0
 10
235.1770611472801
 20
-122.4084266095437
 30
0.0
 10
235.2049357014963
 20
-122.407740477955
 30
0.0
 10
235.2328117136631
 20
-122.4070546646086
 30
0.0
 10
235.2427753468819
 20
-122.5494692955308
 30
0.0
 10
235.2556650866081
 20
-122.6917855894121
 30
0.0
 10
235.2619313575439
 20
-122.8343243350469
 30
0.0
 10
235.2690155386695
 20
-122.9954853793982
 30
0.0
 10
235.2109409993056
 20
-123.180401661426
 30
0.0
 10
235.5027847681052
 20
-123.2114118813924
 30
0.0
 10
235.5406783576568
 20
-123.2154379717115
 30
0.0
 10
235.5830041165068
 20
-123.3236233562207
 30
0.0
 10
235.589824408605
 20
-123.3863356561163
 30
0.0
 10
235.6040685842783
 20
-123.5173078653002
 30
0.0
 10
235.5943907093429
 20
-123.6501602532543
 30
0.0
 10
235.5973751338672
 20
-123.7821909381626
 30
0.0
 10
235.6032185991791
 20
-124.0407447971882
 30
0.0
 10
235.5365508999981
 20
-124.3112945022716
 30
0.0
 10
235.7737608924418
 20
-124.5298108645949
 30
0.0
 10
235.8206864848896
 20
-123.733608620889
 30
0.0
 10
235.6879080235904
 20
-122.9202804563538
 30
0.0
 10
235.9534970210982
 20
-122.1273732991363
 30
0.0
 10
236.089248243319
 20
-122.4038515503043
 30
0.0
 10
236.01548907326
 20
-122.6964172958771
 30
0.0
 10
236.0287622539483
 20
-122.9808150204148
 30
0.0
 10
236.0425850819482
 20
-123.2770001419402
 30
0.0
 10
236.0318458191016
 20
-123.5740594765814
 30
0.0
 10
236.0686648991883
 20
-123.8707967494563
 30
0.0
 10
236.0686648991883
 20
-123.6773229171429
 30
0.0
 10
236.0616813166429
 20
-123.4836062655344
 30
0.0
 10
236.0704975428758
 20
-123.2904395375736
 30
0.0
 10
236.080668205055
 20
-123.0675750231662
 30
0.0
 10
236.0062806583621
 20
-122.8338740214112
 30
0.0
 10
236.1941871412123
 20
-122.6305674397059
 30
0.0
 10
236.2348960330383
 20
-122.5865223107697
 30
0.0
 10
236.2139263320451
 20
-122.4959939944092
 30
0.0
 10
236.2140648373354
 20
-122.4268640091632
 30
0.0
 10
236.21520641252
 20
-121.8568563730672
 30
0.0
 10
236.2131769455255
 20
-121.286840144412
 30
0.0
 10
236.2161540802979
 20
-120.716842532966
 30
0.0
 10
236.2165929233765
 20
-120.6328455146535
 30
0.0
 10
236.2382682723767
 20
-120.5489331489406
 30
0.0
 10
236.2501170354979
 20
-120.4649814802352
 30
0.0
 10
236.2757521778581
 20
-120.4637599050486
 30
0.0
 10
236.3013858622678
 20
-120.4625381707406
 30
0.0
 10
236.327021004628
 20
-120.461316595554
 30
0.0
 10
236.3400609132484
 20
-120.5272566735745
 30
0.0
 10
236.3634945504633
 20
-120.5930661129041
 30
0.0
 10
236.3645850973829
 20
-120.659156401549
 30
0.0
 10
236.3815381449497
 20
-121.6871546452996
 30
0.0
 10
236.3949673263341
 20
-122.7151968065641
 30
0.0
 10
236.4116142043106
 20
-123.7431991874716
 30
0.0
 10
236.4128578360254
 20
-123.8201496725585
 30
0.0
 10
236.4323579229876
 20
-123.8968735687344
 30
0.0
 10
236.4941648154449
 20
-123.9741480250432
 30
0.0
 10
236.5098844369504
 20
-123.9458517801173
 30
0.0
 10
236.5360313199102
 20
-123.9185478164006
 30
0.0
 10
236.5397082708878
 20
-123.8891046242353
 30
0.0
 10
236.5764267523948
 20
-123.5950214967451
 30
0.0
 10
236.5938886246609
 20
-123.2983246407136
 30
0.0
 10
236.6494132087277
 20
-123.0071076083472
 30
0.0
 10
236.6820377654353
 20
-122.8359912911042
 30
0.0
 10
236.7735197808862
 20
-122.6734293417187
 30
0.0
 10
236.8385283324816
 20
-122.5070198362543
 30
0.0
 10
236.8385283324816
 20
-123.8696357995315
 30
0.0
 10
236.8385283324816
 20
-125.2322511263236
 30
0.0
 10
236.8385283324816
 20
-126.5948670896015
 30
0.0
 10
236.7293030603326
 20
-126.7888373807625
 30
0.0
 10
236.6040549129894
 20
-126.9701562455914
 30
0.0
 10
236.5983280837112
 20
-127.2041105686566
 30
0.0
 10
236.5880437013985
 20
-127.624220411414
 30
0.0
 10
236.5394035592486
 20
-128.0436307563832
 30
0.0
 10
236.505216079683
 20
-128.4632358659773
 30
0.0
 10
236.5030612289513
 20
-128.4896933037061
 30
0.0
 10
236.4899425910079
 20
-128.5163938789755
 30
0.0
 10
236.4766562887659
 20
-128.5407935584234
 30
0.0
 10
236.4711364884488
 20
-128.550932775684
 30
0.0
 10
236.4517749067761
 20
-128.5553238905538
 30
0.0
 10
236.4022337512626
 20
-128.5818793470819
 30
0.0
 10
236.3856043686906
 20
-128.4941811644035
 30
0.0
 10
236.3618047859182
 20
-128.4203609160066
 30
0.0
 10
236.3590886242729
 20
-128.3459551007638
 30
0.0
 10
236.3416136304531
 20
-127.8671854625862
 30
0.0
 10
236.3336284359638
 20
-127.3880918531854
 30
0.0
 10
236.3084612956906
 20
-126.9096690997161
 30
0.0
 10
236.3051663277253
 20
-126.8469962619346
 30
0.0
 10
236.2215426650765
 20
-126.7875440418119
 30
0.0
 10
236.175125897328
 20
-126.7265998992018
 30
0.0
 10
236.1426587992664
 20
-126.7904782409072
 30
0.0
 10
236.0980251048901
 20
-126.8519589409649
 30
0.0
 10
236.0807367287253
 20
-126.9188300384482
 30
0.0
 10
236.0579708328055
 20
-127.0068827436636
 30
0.0
 10
236.0566936682315
 20
-127.0991718977226
 30
0.0
 10
236.0461774718008
 20
-127.1896394296992
 30
0.0
 10
236.0122874141219
 20
-127.1899118455805
 30
0.0
 10
235.9783973564436
 20
-127.1901842614619
 30
0.0
 10
235.9445072987647
 20
-127.1904566773419
 30
0.0
 10
235.9319047752724
 20
-126.8401629514198
 30
0.0
 10
235.9193037097307
 20
-126.4898692254964
 30
0.0
 10
235.906701186239
 20
-126.1395754995749
 30
0.0
 10
235.8846948824916
 20
-126.1406823482124
 30
0.0
 10
235.8626885787449
 20
-126.1417885603653
 30
0.0
 10
235.840683732948
 20
-126.1428947725183
 30
0.0
 10
235.7491171563721
 20
-126.8236423284948
 30
0.0
 10
235.6575505797962
 20
-127.5043898844719
 30
0.0
 10
235.5659840032209
 20
-128.1851374404491
 30
0.0
 10
235.5443436450311
 20
-128.187999716657
 30
0.0
 10
235.5227047447911
 20
-128.1908619928675
 30
0.0
 10
235.5010643866013
 20
-128.1937242690767
 30
0.0
 10
235.4841375821425
 20
-128.1363972747192
 30
0.0
 10
235.4546636563074
 20
-128.0794095272427
 30
0.0
 10
235.4526137780073
 20
-128.0216796374351
 30
0.0
 10
235.4461973381774
 20
-127.8411130987074
 30
0.0
 10
235.4620671285764
 20
-127.6595466409392
 30
0.0
 10
235.4478433642099
 20
-127.4796611419144
 30
0.0
 10
235.4032067539326
 20
-126.915100232225
 30
0.0
 10
235.361748475587
 20
-126.349937207062
 30
0.0
 10
235.2939085842619
 20
-125.7873188517412
 30
0.0
 10
235.2413407236614
 20
-125.3513592419929
 30
0.0
 10
235.1510309003539
 20
-124.9188691158136
 30
0.0
 10
235.0751372908699
 20
-124.4709015667785
 30
0.0
 10
235.0751372908699
 20
-124.5675894735352
 30
0.0
 10
235.0778811535738
 20
-124.6536811662979
 30
0.0
 10
235.0747261488492
 20
-124.7396067362925
 30
0.0
 10
235.0276270603008
 20
-126.022634617727
 30
0.0
 10
234.9800832968724
 20
-127.3056510424191
 30
0.0
 10
234.9306427399379
 20
-128.5886114563687
 30
0.0
 10
234.9289529753928
 20
-128.6324519551515
 30
0.0
 10
234.9063941084341
 20
-128.6756795182008
 30
0.0
 10
234.8935612287742
 20
-128.719192863331
 30
0.0
 10
234.8692790644106
 20
-128.7212035216699
 30
0.0
 10
234.844996900047
 20
-128.7232135435216
 30
0.0
 10
234.8207147356827
 20
-128.7252235653745
 30
0.0
 10
234.8067548603431
 20
-128.6405505992453
 30
0.0
 10
234.7810511943126
 20
-128.5559170952296
 30
0.0
 10
234.7806794169538
 20
-128.4711983021295
 30
0.0
 10
234.7774704680639
 20
-127.7416666629098
 30
0.0
 10
234.7788336517132
 20
-127.0121197480335
 30
0.0
 10
234.7788336517132
 20
-126.2825766520719
 30
0.0
 10
234.7536490160348
 20
-126.2808893284723
 30
0.0
 10
234.7284643803571
 20
-126.279202004872
 30
0.0
 10
234.7032797446787
 20
-126.2775146812692
 30
0.0
 10
234.6525970139805
 20
-126.7440841614806
 30
0.0
 10
234.6019157412322
 20
-127.2106536416907
 30
0.0
 10
234.551233010534
 20
-127.6772231219007
 30
0.0
 10
234.5255089331981
 20
-127.6773427812128
 30
0.0
 10
234.499786313812
 20
-127.6774630770113
 30
0.0
 10
234.4740622364761
 20
-127.6775833728086
 30
0.0
 10
234.4117917157826
 20
-127.3305121740042
 30
0.0
 10
234.4552313487594
 20
-126.9764485432582
 30
0.0
 10
234.4473861175108
 20
-126.6262967536474
 30
0.0
 10
234.4394606989888
 20
-126.2724889901551
 30
0.0
 10
234.4456394928987
 20
-125.9184393620946
 30
0.0
 10
234.4456394928987
 20
-125.5644960271478
 30
0.0
 10
234.423029597675
 20
-125.5634961081068
 30
0.0
 10
234.4004197024513
 20
-125.562496189067
 30
0.0
 10
234.377809807227
 20
-125.5614962700253
 30
0.0
 10
234.3558661953485
 20
-125.8386711547983
 30
0.0
 10
234.3185105895047
 20
-126.1156958289443
 30
0.0
 10
234.3149838074213
 20
-126.3930495661985
 30
0.0
 10
234.3058803649544
 20
-127.1089667762176
 30
0.0
 10
234.3127050309041
 20
-127.825031650919
 30
0.0
 10
234.3102921229468
 20
-128.5410303311072
 30
0.0
 10
234.3100063646633
 20
-128.6257873133477
 30
0.0
 10
234.2918140592332
 20
-128.7104991051064
 30
0.0
 10
234.2819218655856
 20
-128.7952319008913
 30
0.0
 10
234.2470739344761
 20
-128.7961408024757
 30
0.0
 10
234.2122274613177
 20
-128.7970490675743
 30
0.0
 10
234.1773795302081
 20
-128.7979579691595
 30
0.0
 10
234.1708216691869
 20
-128.5612406616543
 30
0.0
 10
234.1614907864535
 20
-128.324550723036
 30
0.0
 10
234.1584538757137
 20
-128.0877984088172
 30
0.0
 10
234.1551559918475
 20
-127.8306250872828
 30
0.0
 10
234.1577176107478
 20
-127.5733951185195
 30
0.0
 10
234.1577219845993
 20
-127.3161893362131
 30
0.0
 10
234.1577234425498
 20
-127.0661249235042
 30
0.0
 10
234.1577205266488
 20
-126.8160598743081
 30
0.0
 10
234.1577205266488
 20
-126.5659954615966
 30
0.0
 10
234.1363309359327
 20
-126.5717524747864
 30
0.0
 10
234.114941345216
 20
-126.577510124462
 30
0.0
 10
234.0935517544999
 20
-126.5832671376518
 30
0.0
 10
234.0525556464393
 20
-126.52001509788
 30
0.0
 10
233.9792338615084
 20
-126.457931645859
 30
0.0
 10
233.9761677917602
 20
-126.3933073429092
 30
0.0
 10
233.9630229107095
 20
-126.1162896701046
 30
0.0
 10
233.9705648882687
 20
-125.8385241266
 30
0.0
 10
233.9705648882687
 20
-125.5610309989773
 30
0.0
 10
233.9508796416019
 20
-125.5581801795107
 30
0.0
 10
233.9311943949345
 20
-125.5553293600427
 30
0.0
 10
233.9115091482677
 20
-125.5524779040915
 30
0.0
 10
233.8841128017912
 20
-125.6603673227465
 30
0.0
 10
233.8515713482581
 20
-125.7674923220731
 30
0.0
 10
233.8303829547005
 20
-125.876302735541
 30
0.0
 10
233.785288547989
 20
-126.1078963331321
 30
0.0
 10
233.9467550998435
 20
-126.3768159983268
 30
0.0
 10
233.6573650616122
 20
-126.5670711224365
 30
0.0
 10
233.6245218123403
 20
-126.5886619904754
 30
0.0
 10
233.6431194279884
 20
-126.6731758351797
 30
0.0
 10
233.6426966223646
 20
-126.7285405441121
 30
0.0
 10
233.6403624437309
 20
-127.0343980206335
 30
0.0
 10
233.6430844371787
 20
-127.3403299659825
 30
0.0
 10
233.6357946850431
 20
-127.6460849683066
 30
0.0
 10
233.6338468632725
 20
-127.7278358285696
 30
0.0
 10
233.602874164398
 20
-127.8090590421848
 30
0.0
 10
233.5422146789273
 20
-127.8892804273032
 30
0.0
 10
233.3640691741869
 20
-127.4804472017568
 30
0.0
 10
233.5154058864731
 20
-127.04291101692
 30
0.0
 10
233.4076735555613
 20
-126.6326571552838
 30
0.0
 10
233.3802932465402
 20
-126.6331790735613
 30
0.0
 10
233.3529143954689
 20
-126.6337009918394
 30
0.0
 10
233.3255355443976
 20
-126.634222910115
 30
0.0
 10
233.3029854251411
 20
-127.759787410893
 30
0.0
 10
233.2804353058848
 20
-128.8853512751859
 30
0.0
 10
233.2578851866284
 20
-130.0109164124498
 30
0.0
 10
233.2240869798268
 20
-130.0137360441169
 30
0.0
 10
233.1902887730252
 20
-130.0165569487563
 30
0.0
 10
233.1564905662236
 20
-130.0193765804233
 30
0.0
 10
233.1408321786359
 20
-129.9407069474501
 30
0.0
 10
233.1123861078528
 20
-129.862130241391
 30
0.0
 10
233.1116265156797
 20
-129.7833498599067
 30
0.0
 10
233.1072730757042
 20
-129.3315341183074
 30
0.0
 10
233.1317301941196
 20
-128.8786248942707
 30
0.0
 10
233.1039722759377
 20
-128.4280814875925
 30
0.0
 10
233.0675031039532
 20
-127.8361695142469
 30
0.0
 10
232.9916751022385
 20
-127.2461065318706
 30
0.0
 10
232.927557358354
 20
-126.6029281810382
 30
0.0
 10
232.8561440305325
 20
-126.9467214784684
 30
0.0
 10
232.7940003515267
 20
-127.2458869443023
 30
0.0
 10
232.7325798159325
 20
-127.5415733792789
 30
0.0
 10
232.6302346118489
 20
-127.4635109536694
 30
0.0
 10
232.6343270786979
 20
-127.463462580755
 30
0.0
 10
232.6274091039211
 20
-127.017496779259
 30
0.0
 10
232.6242920059079
 20
-126.8165563331563
 30
0.0
 10
232.5959013372405
 20
-126.6159984149621
 30
0.0
 10
232.5886159589564
 20
-126.4150000486613
 30
0.0
 10
232.5816265446084
 20
-126.2221849790529
 30
0.0
 10
232.5871069802643
 20
-126.029024297706
 30
0.0
 10
232.5871069802643
 20
-125.8360157364425
 30
0.0
 10
232.5638118483397
 20
-125.8348306000633
 30
0.0
 10
232.540518174365
 20
-125.8336454636823
 30
0.0
 10
232.5172230424404
 20
-125.8324603273019
 30
0.0
 10
232.4989082691747
 20
-126.1707416585399
 30
0.0
 10
232.4805920379592
 20
-126.5090229897767
 30
0.0
 10
232.4622772646936
 20
-126.8473036845295
 30
0.0
 10
232.4187705659977
 20
-126.847655024637
 30
0.0
 10
232.3752624093508
 20
-126.8480057282606
 30
0.0
 10
232.3317557106549
 20
-126.8483570683675
 30
0.0
 10
232.2566829272611
 20
-126.4943443564788
 30
0.0
 10
232.326256321644
 20
-126.1276203886024
 30
0.0
 10
232.2755823386481
 20
-125.7706041006778
 30
0.0
 10
232.227373749825
 20
-126.7275781777282
 30
0.0
 10
232.306626477093
 20
-127.6881974084033
 30
0.0
 10
232.1815955643637
 20
-128.6416631762551
 30
0.0
 10
232.1554545132052
 20
-128.6445286348924
 30
0.0
 10
232.1293134620467
 20
-128.6473934570451
 30
0.0
 10
232.1031709529377
 20
-128.6502589156824
 30
0.0
 10
232.0873973872668
 20
-128.5854131157085
 30
0.0
 10
232.0596263475305
 20
-128.5208480059291
 30
0.0
 10
232.0576318713463
 20
-128.4556807806737
 30
0.0
 10
232.0232242412665
 20
-127.3314414431303
 30
0.0
 10
231.9920153544231
 20
-126.2071276367606
 30
0.0
 10
231.9599768937867
 20
-125.0828329249614
 30
0.0
 10
231.9590131885548
 20
-125.0490597205531
 30
0.0
 10
231.956658598615
 20
-125.0153164309732
 30
0.0
 10
231.899314492415
 20
-124.9810824109155
 30
0.0
 10
231.8652159478251
 20
-125.8651330479282
 30
0.0
 10
231.8311174032359
 20
-126.7491843214249
 30
0.0
 10
231.797018858646
 20
-127.633234958435
 30
0.0
 10
231.7631973246373
 20
-127.6338778089957
 30
0.0
 10
231.7293757906292
 20
-127.6345200230705
 30
0.0
 10
231.6955542566205
 20
-127.6351628736311
 30
0.0
 10
231.6458250255015
 20
-127.0625746062493
 30
0.0
 10
231.6973650310507
 20
-126.4842337810757
 30
0.0
 10
231.6341789174894
 20
-125.9101777776619
 30
0.0
 10
231.5606778046565
 20
-126.4143826575287
 30
0.0
 10
231.6195906655158
 20
-126.9253056439981
 30
0.0
 10
231.566979066402
 20
-127.4290248852733
 30
0.0
 10
231.5374132896908
 20
-127.4302405729668
 30
0.0
 10
231.507847512979
 20
-127.4314556241757
 30
0.0
 10
231.4782817362672
 20
-127.4326713118698
 30
0.0
 10
231.4639909061803
 20
-127.3853320511747
 30
0.0
 10
231.4399813785464
 20
-127.3384536061283
 30
0.0
 10
231.4370086176255
 20
-127.2905784244709
 30
0.0
 10
231.4193747072092
 20
-127.0065154914137
 30
0.0
 10
231.4228621246314
 20
-126.7206073863013
 30
0.0
 10
231.3861174000163
 20
-126.4386104858388
 30
0.0
 10
231.3640790213595
 20
-126.2694866870903
 30
0.0
 10
231.2817543925414
 20
-126.1063515823278
 30
0.0
 10
231.2510105918847
 20
-126.0140407877561
 30
0.0
 10
231.152918229197
 20
-125.9687000921688
 30
0.0
 10
231.0718168207868
 20
-125.951369859431
 30
0.0
 10
231.0685393482267
 20
-125.9262878673064
 30
0.0
 10
231.0523823415938
 20
-125.802618695087
 30
0.0
 10
231.0550839237349
 20
-125.6769013118717
 30
0.0
 10
231.0544088926874
 20
-125.5518942467007
 30
0.0
 10
231.0530952793526
 20
-125.3085969499915
 30
0.0
 10
231.0646816113968
 20
-125.0648324727761
 30
0.0
 10
231.0510672703085
 20
-124.8221105591426
 30
0.0
 10
231.0361116148269
 20
-124.55550006408
 30
0.0
 10
230.9987851679915
 20
-124.2898462070299
 30
0.0
 10
230.9189973729167
 20
-124.0250745191657
 30
0.0
 10
230.9189973729167
 20
-124.2000947214717
 30
0.0
 10
230.9234805704795
 20
-124.3752199439184
 30
0.0
 10
230.918118228809
 20
-124.550114758542
 30
0.0
 10
230.9045024297696
 20
-124.9942608474114
 30
0.0
 10
230.9024204765602
 20
-125.43937312158
 30
0.0
 10
230.8634844524531
 20
-125.8819369069899
 30
0.0
 10
230.8440368517057
 20
-126.1029966661844
 30
0.0
 10
230.7516509069901
 20
-126.3188735222942
 30
0.0
 10
230.6969413172115
 20
-126.5379869082073
 30
0.0
 10
230.6701850109728
 20
-126.6451520061319
 30
0.0
 10
230.6543604170369
 20
-126.7543882285375
 30
0.0
 10
230.6331734814299
 20
-126.8626258048726
 30
0.0
 10
230.6199192540972
 20
-126.9303224243137
 30
0.0
 10
230.6058952289382
 20
-126.9979044763279
 30
0.0
 10
230.5922181959816
 20
-127.065538083684
 30
0.0
 10
230.5660246586076
 20
-127.0646145429295
 30
0.0
 10
230.5398296632837
 20
-127.063691002173
 30
0.0
 10
230.5136361259096
 20
-127.0627674614166
 30
0.0
 10
230.5136361259096
 20
-126.7580785726467
 30
0.0
 10
230.5136361259096
 20
-126.4533896838775
 30
0.0
 10
230.5136361259096
 20
-126.0937192505682
 30
0.0
 10
230.4417066836371
 20
-126.1718103180357
 30
0.0
 10
230.4165220479587
 20
-126.1991518344088
 30
0.0
 10
230.3414317691597
 20
-126.2806754692755
 30
0.0
 10
230.2370964627433
 20
-125.8213772017439
 30
0.0
 10
230.3318092963408
 20
-125.4016110612673
 30
0.0
 10
230.2722753485994
 20
-124.9935034294232
 30
0.0
 10
230.2490633198493
 20
-124.9929318652633
 30
0.0
 10
230.2258498331486
 20
-124.992360301101
 30
0.0
 10
230.202636346448
 20
-124.9917887369392
 30
0.0
 10
230.1778672266411
 20
-125.6974617095558
 30
0.0
 10
230.1530981068348
 20
-126.4031340456878
 30
0.0
 10
230.1283289870285
 20
-127.1088070183063
 30
0.0
 10
230.0947830056505
 20
-127.1116661120874
 30
0.0
 10
230.061235566322
 20
-127.114524569382
 30
0.0
 10
230.0276895849447
 20
-127.1173836631618
 30
0.0
 10
230.0045081731528
 20
-127.0179773259641
 30
0.0
 10
229.9638794686003
 20
-126.9189185099613
 30
0.0
 10
229.9612726532368
 20
-126.8191029124562
 30
0.0
 10
229.9518455457746
 20
-126.4577878000894
 30
0.0
 10
229.9557936755314
 20
-126.0962155474979
 30
0.0
 10
229.9531577011595
 20
-125.7347483150472
 30
0.0
 10
229.9526794934191
 20
-125.6691718294854
 30
0.0
 10
229.9449815151638
 20
-125.603636079007
 30
0.0
 10
229.9406149536346
 20
-125.5380812339606
 30
0.0
 10
229.9192136993146
 20
-125.5365453939566
 30
0.0
 10
229.8978109870448
 20
-125.535008917468
 30
0.0
 10
229.8764097327248
 20
-125.5334730774653
 30
0.0
 10
229.8577712944644
 20
-125.6371394134781
 30
0.0
 10
229.8245416883294
 20
-125.7406415361773
 30
0.0
 10
229.8230050085788
 20
-125.8445013638439
 30
0.0
 10
229.8161118189596
 20
-126.3101848559547
 30
0.0
 10
229.8240955554984
 20
-126.7760694775471
 30
0.0
 10
229.8138694912026
 20
-127.2416664076011
 30
0.0
 10
229.81037915788
 20
-127.4006089810334
 30
0.0
 10
229.7693276477036
 20
-127.5589227065911
 30
0.0
 10
229.7454391299549
 20
-127.7175234871994
 30
0.0
 10
229.7095473063399
 20
-127.7164236399034
 30
0.0
 10
229.6736569406755
 20
-127.7153231561221
 30
0.0
 10
229.63776511706
 20
-127.7142226723401
 30
0.0
 10
229.5963943157402
 20
-126.969403283005
 30
0.0
 10
229.5550249723703
 20
-126.2245838936692
 30
0.0
 10
229.51365417105
 20
-125.4797645043341
 30
0.0
 10
229.5050216465711
 20
-125.4796550287922
 30
0.0
 10
229.4963905800427
 20
-125.4795455532516
 30
0.0
 10
229.4877595135137
 20
-125.4794360777104
 30
0.0
 10
229.4473990718395
 20
-126.4767156119452
 30
0.0
 10
229.4070371722148
 20
-127.47399514618
 30
0.0
 10
229.3666767305406
 20
-128.4712746804148
 30
0.0
 10
229.3403344822235
 20
-128.472802246103
 30
0.0
 10
229.3139922339064
 20
-128.4743291753054
 30
0.0
 10
229.2876499855887
 20
-128.4758567409949
 30
0.0
 10
229.2713019874493
 20
-128.435646120181
 30
0.0
 10
229.2431445908506
 20
-128.3960172472997
 30
0.0
 10
229.2405057005771
 20
-128.3551319516384
 30
0.0
 10
229.2221734319063
 20
-128.0710709280389
 30
0.0
 10
229.2216252425458
 20
-127.7857267492609
 30
0.0
 10
229.1912255181901
 20
-127.502771937813
 30
0.0
 10
229.1537124536997
 20
-127.1535856970149
 30
0.0
 10
229.1530855350163
 20
-126.7884293934267
 30
0.0
 10
229.0264027644525
 20
-126.4628370411771
 30
0.0
 10
228.8748254903453
 20
-126.0732613270813
 30
0.0
 10
228.8280792258007
 20
-125.6833393647631
 30
0.0
 10
228.7806185655461
 20
-125.2821210541761
 30
0.0
 10
228.7377183742283
 20
-125.9038250138529
 30
0.0
 10
228.6948167249592
 20
-126.5255283370445
 30
0.0
 10
228.6519165336413
 20
-127.1472322967206
 30
0.0
 10
228.6144588712673
 20
-127.150133398558
 30
0.0
 10
228.5770012088934
 20
-127.1530345003954
 30
0.0
 10
228.5395435465201
 20
-127.1559349657482
 30
0.0
 10
228.5174526816478
 20
-127.0320653005291
 30
0.0
 10
228.4946270097607
 20
-126.9082911081677
 30
0.0
 10
228.4734998501216
 20
-126.7842966917521
 30
0.0
 10
228.4558936407633
 20
-126.6809734215348
 30
0.0
 10
228.5369542265612
 20
-126.5467755028038
 30
0.0
 10
228.3368957269012
 20
-126.5006869365157
 30
0.0
 10
228.3048062379997
 20
-126.4932947915548
 30
0.0
 10
228.2902908835478
 20
-126.3895826285704
 30
0.0
 10
228.2874566279171
 20
-126.3296829590004
 30
0.0
 10
228.2677568017461
 20
-125.9135670640337
 30
0.0
 10
228.2533449617735
 20
-125.4972614963279
 30
0.0
 10
228.2370421600972
 20
-125.0810227596204
 30
0.0
 10
228.2357285467624
 20
-125.0474825089793
 30
0.0
 10
228.2329569830006
 20
-125.0139855393676
 30
0.0
 10
228.2308648241378
 20
-124.9804682022135
 30
0.0
 10
228.2095466729922
 20
-124.9803816401581
 30
0.0
 10
228.1882270638962
 20
-124.9802944416167
 30
0.0
 10
228.1669074548002
 20
-124.9802072430748
 30
0.0
 10
228.1669074548002
 20
-125.349348583654
 30
0.0
 10
228.1669074548002
 20
-125.7184905607198
 30
0.0
 10
228.1669074548002
 20
-126.0876319012984
 30
0.0
 10
228.128191581208
 20
-126.0883135774873
 30
0.0
 10
228.0894757076157
 20
-126.0889958901614
 30
0.0
 10
228.0507598340235
 20
-126.0896782028354
 30
0.0
 10
228.008770861722
 20
-125.6072494083482
 30
0.0
 10
227.9667818894204
 20
-125.1248206138604
 30
0.0
 10
227.9233947426599
 20
-124.6263447418119
 30
0.0
 10
227.8861674364535
 20
-124.7187013633551
 30
0.0
 10
227.8537542825573
 20
-124.7991149671549
 30
0.0
 10
227.8213396707112
 20
-124.8795292074419
 30
0.0
 10
227.8020568183622
 20
-124.8814628510089
 30
0.0
 10
227.7827739660131
 20
-124.883396494576
 30
0.0
 10
227.7634911136634
 20
-124.8853301381443
 30
0.0
 10
227.7458440816935
 20
-124.8212640331573
 30
0.0
 10
227.7145622973291
 20
-124.7575059872498
 30
0.0
 10
227.7126523822698
 20
-124.6930847232387
 30
0.0
 10
227.6928913221804
 20
-124.0266160875394
 30
0.0
 10
227.6928344621134
 20
-123.3593776223798
 30
0.0
 10
227.6541827383399
 20
-122.6938191612354
 30
0.0
 10
227.6386847252998
 20
-122.4269079266777
 30
0.0
 10
227.5412134494942
 20
-122.1636259336025
 30
0.0
 10
227.4796310814026
 20
-121.8924343326879
 30
0.0
 10
227.4796310814026
 20
-121.9709413435608
 30
0.0
 10
227.480731833975
 20
-122.0463878129311
 30
0.0
 10
227.4794648750538
 20
-122.121804367471
 30
0.0
 10
227.462300424675
 20
-123.1428680994794
 30
0.0
 10
227.4559831254748
 20
-124.1642147493848
 30
0.0
 10
227.4216002805513
 20
-125.1848393062578
 30
0.0
 10
227.408798017851
 20
-125.5648893753117
 30
0.0
 10
227.3828100514876
 20
-125.9556279487879
 30
0.0
 10
227.2704735131266
 20
-126.3197709671368
 30
0.0
 10
227.0451983028788
 20
-127.050008469001
 30
0.0
 10
227.1715384550921
 20
-127.7916880743611
 30
0.0
 10
227.0974789472454
 20
-128.525119461487
 30
0.0
 10
227.0890578255785
 20
-128.6085003616367
 30
0.0
 10
227.0748588463683
 20
-128.6914357217955
 30
0.0
 10
227.0633395800438
 20
-128.7745779398077
 30
0.0
 10
227.0302397314969
 20
-128.7740241972454
 30
0.0
 10
226.9971398829492
 20
-128.7734710911683
 30
0.0
 10
226.9640400344023
 20
-128.7729173486059
 30
0.0
 10
226.9458200279149
 20
-128.0505079844113
 30
0.0
 10
226.9275985634764
 20
-127.3280986202153
 30
0.0
 10
226.9093785569884
 20
-126.6056892560207
 30
0.0
 10
226.8986465838943
 20
-126.6057904572468
 30
0.0
 10
226.8879160687507
 20
-126.6058922949594
 30
0.0
 10
226.877185553607
 20
-126.6059941326727
 30
0.0
 10
226.8572087168548
 20
-126.7837053965333
 30
0.0
 10
226.8372333380525
 20
-126.9614160239093
 30
0.0
 10
226.8172579592501
 20
-127.13912728777
 30
0.0
 10
226.7821126062539
 20
-127.1427196130831
 30
0.0
 10
226.7469687112081
 20
-127.1463113019077
 30
0.0
 10
226.7118248161624
 20
-127.1499036272189
 30
0.0
 10
226.6269371104934
 20
-126.9361379941894
 30
0.0
 10
226.5420486758486
 20
-126.7223729976431
 30
0.0
 10
226.4550221569032
 20
-126.5032239685306
 30
0.0
 10
226.4356197526189
 20
-126.6015463705746
 30
0.0
 10
226.4147725194613
 20
-126.7071940865837
 30
0.0
 10
226.3939245573285
 20
-126.812841802589
 30
0.0
 10
226.1367260645287
 20
-126.3393206255251
 30
0.0
 10
226.3426761418647
 20
-125.8067953142723
 30
0.0
 10
226.0616941037466
 20
-125.3399680573529
 30
0.0
 10
226.0266201903215
 20
-125.4853452109823
 30
0.0
 10
225.9915455479206
 20
-125.6307223646129
 30
0.0
 10
225.9564716344955
 20
-125.7760995182436
 30
0.0
 10
225.9298720579275
 20
-125.7752841800573
 30
0.0
 10
225.9032717523842
 20
-125.7744682053844
 30
0.0
 10
225.8766721758169
 20
-125.7736528671981
 30
0.0
 10
225.8566720118576
 20
-125.575812106473
 30
0.0
 10
225.836671118923
 20
-125.3779713457473
 30
0.0
 10
225.8166709549637
 20
-125.1801299485363
 30
0.0
 10
225.8025004057873
 20
-125.1807607058679
 30
0.0
 10
225.7883298566103
 20
-125.1813920996866
 30
0.0
 10
225.7741593074339
 20
-125.1820228570195
 30
0.0
 10
225.7463423422599
 20
-126.0694786925451
 30
0.0
 10
225.71852464811
 20
-126.9569345280701
 30
0.0
 10
225.690707682936
 20
-127.8443903635944
 30
0.0
 10
225.6464435789928
 20
-127.8439881046309
 30
0.0
 10
225.6021802040249
 20
-127.8435852091802
 30
0.0
 10
225.5579161000824
 20
-127.8431829502147
 30
0.0
 10
225.5579161000824
 20
-127.1668182347942
 30
0.0
 10
225.5579161000824
 20
-126.4904535193731
 30
0.0
 10
225.5579161000824
 20
-125.8140894404372
 30
0.0
 10
225.5277015354305
 20
-125.8140232459246
 30
0.0
 10
225.4974869707787
 20
-125.8139570514108
 30
0.0
 10
225.4672731351021
 20
-125.8138908568976
 30
0.0
 10
225.4344998674508
 20
-126.5008078688002
 30
0.0
 10
225.4017265997996
 20
-127.1877255171879
 30
0.0
 10
225.3689533321477
 20
-127.8746425290898
 30
0.0
 10
225.3385346544363
 20
-127.8776696550968
 30
0.0
 10
225.3081159767249
 20
-127.880696781103
 30
0.0
 10
225.2776980279881
 20
-127.8837239071106
 30
0.0
 10
225.2607894479098
 20
-127.8196558926653
 30
0.0
 10
225.2305121913897
 20
-127.755829106303
 30
0.0
 10
225.22899519397
 20
-127.6914848570612
 30
0.0
 10
225.2091845635666
 20
-126.8512002500068
 30
0.0
 10
225.1969581912847
 20
-126.0107711606957
 30
0.0
 10
225.1744467077142
 20
-125.1705495657245
 30
0.0
 10
225.1680579689428
 20
-124.9321041995352
 30
0.0
 10
225.1346760069879
 20
-124.6942093934782
 30
0.0
 10
225.1136742310854
 20
-124.4560625390828
 30
0.0
 10
225.0894540296142
 20
-124.4567181193584
 30
0.0
 10
225.0652338281436
 20
-124.4573743361173
 30
0.0
 10
225.0410128976978
 20
-124.4580305528788
 30
0.0
 10
225.0138527391908
 20
-125.766668709571
 30
0.0
 10
224.9866925806839
 20
-127.0753062297799
 30
0.0
 10
224.9595324221769
 20
-128.3839443864721
 30
0.0
 10
224.9264427792827
 20
-128.3851810781932
 30
0.0
 10
224.8933531363885
 20
-128.3864177699161
 30
0.0
 10
224.8602642224701
 20
-128.387654461639
 30
0.0
 10
224.7256115658966
 20
-128.1825755854921
 30
0.0
 10
224.8200692581689
 20
-127.9457691699886
 30
0.0
 10
224.7878573014324
 20
-127.7272076171802
 30
0.0
 10
224.7544972087336
 20
-127.5008484780168
 30
0.0
 10
224.7589264621317
 20
-127.2702955345519
 30
0.0
 10
224.7453959531925
 20
-127.0416412279417
 30
0.0
 10
224.7314564891589
 20
-126.8060638663319
 30
0.0
 10
224.7158600644643
 20
-126.5705603370639
 30
0.0
 10
224.7008657732968
 20
-126.335030711882
 30
0.0
 10
224.6863139700834
 20
-126.1064381443852
 30
0.0
 10
224.6657153174738
 20
-125.8779938780558
 30
0.0
 10
224.6585954165632
 20
-125.6492269134757
 30
0.0
 10
224.651253178212
 20
-125.413320488757
 30
0.0
 10
224.6569632410597
 20
-125.1771040955012
 30
0.0
 10
224.6569632410597
 20
-124.9407120321903
 30
0.0
 10
224.3033956829766
 20
-124.9494204295888
 30
0.0
 10
224.508008090796
 20
-124.6189010415071
 30
0.0
 10
224.2883962889823
 20
-124.5265125956778
 30
0.0
 10
224.1343674712326
 20
-125.6802473172154
 30
0.0
 10
224.1875170540534
 20
-126.8458938686957
 30
0.0
 10
223.9348228990979
 20
-127.9819826605836
 30
0.0
 10
223.892525570281
 20
-127.981316260052
 30
0.0
 10
223.8502289704401
 20
-127.9806498595203
 30
0.0
 10
223.8079323705985
 20
-127.9799834589886
 30
0.0
 10
223.7699724443024
 20
-127.1735293400522
 30
0.0
 10
223.7320125180064
 20
-126.3670752211184
 30
0.0
 10
223.6942275457621
 20
-125.5643369057217
 30
0.0
 10
223.6100768340336
 20
-125.5433366964144
 30
0.0
 10
223.5312629498442
 20
-125.5236686516872
 30
0.0
 10
223.4420269070258
 20
-125.5013992898863
 30
0.0
 10
223.3974537175927
 20
-126.1034142008057
 30
0.0
 10
223.3516594946767
 20
-126.721924911708
 30
0.0
 10
223.3058652717602
 20
-127.3404356226104
 30
0.0
 10
223.2667951162142
 20
-127.3415532915052
 30
0.0
 10
223.2277249606684
 20
-127.3426709604007
 30
0.0
 10
223.1886540761465
 20
-127.3437892657814
 30
0.0
 10
223.1166721476585
 20
-126.9184443281117
 30
0.0
 10
223.0446894901952
 20
-126.4930993904433
 30
0.0
 10
222.9727068327319
 20
-126.0677544527724
 30
0.0
 10
222.9628401532158
 20
-126.0678581999433
 30
0.0
 10
222.9529734737004
 20
-126.0679625835988
 30
0.0
 10
222.9431060652097
 20
-126.0680663307677
 30
0.0
 10
222.9141679361566
 20
-127.0350860616792
 30
0.0
 10
222.885229807104
 20
-128.0021057925893
 30
0.0
 10
222.8562916780509
 20
-128.9691255235014
 30
0.0
 10
222.8138901057789
 20
-128.9735363694276
 30
0.0
 10
222.7714892624821
 20
-128.9779472153539
 30
0.0
 10
222.7290884191853
 20
-128.982356788309
 30
0.0
 10
222.6860234794684
 20
-128.8026705093103
 30
0.0
 10
222.6171134525304
 20
-128.6243068476015
 30
0.0
 10
222.6049453982653
 20
-128.4430395381144
 30
0.0
 10
222.5737860817371
 20
-127.9788626076644
 30
0.0
 10
222.5631634549249
 20
-127.5134738084349
 30
0.0
 10
222.5528433528266
 20
-127.0484261655415
 30
0.0
 10
222.5323445698208
 20
-126.1247269245942
 30
0.0
 10
222.519015987016
 20
-125.2009073878472
 30
0.0
 10
222.4986119707885
 20
-124.2772062374417
 30
0.0
 10
222.4960627444666
 20
-124.1618145617961
 30
0.0
 10
222.4686109958743
 20
-124.0468416937442
 30
0.0
 10
222.4466382249867
 20
-123.8878163771705
 30
0.0
 10
222.409381759772
 20
-124.1458304963199
 30
0.0
 10
222.3788719601592
 20
-124.3571259283361
 30
0.0
 10
222.3483614315704
 20
-124.5684213603498
 30
0.0
 10
222.3060626448031
 20
-124.5698852774684
 30
0.0
 10
222.2637638580364
 20
-124.5713485581005
 30
0.0
 10
222.2214650712691
 20
-124.5728118387338
 30
0.0
 10
222.1554191879448
 20
-124.2421384211124
 30
0.0
 10
222.089372575646
 20
-123.9114643670057
 30
0.0
 10
222.0145046342869
 20
-123.536618841549
 30
0.0
 10
221.8932716824202
 20
-124.1983450222722
 30
0.0
 10
221.8685710862836
 20
-124.8305599068594
 30
0.0
 10
221.6880345428424
 20
-125.4380778731725
 30
0.0
 10
221.6666114192665
 20
-125.4385049550801
 30
0.0
 10
221.6451875667153
 20
-125.4389320369864
 30
0.0
 10
221.6237644431387
 20
-125.439359118894
 30
0.0
 10
221.5848998586028
 20
-125.3873779679623
 30
0.0
 10
221.5460360030422
 20
-125.3353974535159
 30
0.0
 10
221.4906265970591
 20
-125.2612876041242
 30
0.0
 10
221.4354067246314
 20
-125.5310773452764
 30
0.0
 10
221.3500029045114
 20
-125.7630324667466
 30
0.0
 10
221.0133526742095
 20
-125.8867563767378
 30
0.0
 10
220.9754248228228
 20
-125.7229007701602
 30
0.0
 10
220.9417877195434
 20
-125.5775859921287
 30
0.0
 10
220.9081513452392
 20
-125.4322712140985
 30
0.0
 10
220.8915934022384
 20
-125.4307525592087
 30
0.0
 10
220.8750361882128
 20
-125.429234540806
 30
0.0
 10
220.8584789741872
 20
-125.4277158859169
 30
0.0
 10
220.7903562404795
 20
-126.1359863566912
 30
0.0
 10
220.7222327777966
 20
-126.8442561909803
 30
0.0
 10
220.654110044089
 20
-127.5525266617546
 30
0.0
 10
220.6149874023276
 20
-127.5524992928684
 30
0.0
 10
220.5758643960785
 20
-127.552471923984
 30
0.0
 10
220.5367421188041
 20
-127.5524445550978
 30
0.0
 10
220.4273900049679
 20
-126.6553376868486
 30
0.0
 10
220.376648956253
 20
-125.7529785385723
 30
0.0
 10
220.2703917066858
 20
-124.8535325853612
 30
0.0
 10
220.230284583898
 20
-125.395254478545
 30
0.0
 10
220.1901774611103
 20
-125.9369757352429
 30
0.0
 10
220.1500703383231
 20
-126.478697628426
 30
0.0
 10
220.1277217807136
 20
-126.4837806032555
 30
0.0
 10
220.105373587591
 20
-126.4888629415998
 30
0.0
 10
220.0830250299814
 20
-126.4939459164293
 30
0.0
 10
220.0375333317788
 20
-126.4383208848433
 30
0.0
 10
219.9920416335763
 20
-126.3826958532573
 30
0.0
 10
219.9191641590383
 20
-126.2935846723169
 30
0.0
 10
219.8699054814196
 20
-126.4983338488697
 30
0.0
 10
219.8268000835787
 20
-126.6775064839067
 30
0.0
 10
219.7836946857377
 20
-126.8566791189436
 30
0.0
 10
219.7472688877789
 20
-126.855698930959
 30
0.0
 10
219.7108434543078
 20
-126.854718106491
 30
0.0
 10
219.6744176563484
 20
-126.8537372820217
 30
0.0
 10
219.571212990488
 20
-125.5220067875136
 30
0.0
 10
219.4680083246276
 20
-124.1902762930069
 30
0.0
 10
219.3648036587673
 20
-122.8585461167411
 30
0.0
 10
219.3250726871905
 20
-122.8582160989047
 30
0.0
 10
219.285341715613
 20
-122.8578863993092
 30
0.0
 10
219.245610379548
 20
-122.8575563814728
 30
0.0
 10
219.169091673818
 20
-123.8834329001299
 30
0.0
 10
219.0925729680887
 20
-124.9093091005434
 30
0.0
 10
219.0160542623587
 20
-125.9351853009583
 30
0.0
 10
218.9849871611943
 20
-125.9376249506604
 30
0.0
 10
218.9539200600304
 20
-125.9400652368484
 30
0.0
 10
218.9228529588666
 20
-125.9425048865498
 30
0.0
 10
218.9049110564227
 20
-125.8917005976835
 30
0.0
 10
218.8776229627658
 20
-125.8418752238294
 30
0.0
 10
218.8704906692761
 20
-125.7899392633828
 30
0.0
 10
218.8080342599035
 20
-125.3351536794914
 30
0.0
 10
218.7635204819501
 20
-124.878016280923
 30
0.0
 10
218.6818942113866
 20
-124.4259523098993
 30
0.0
 10
218.6510574663897
 20
-124.2551691929228
 30
0.0
 10
218.551201348173
 20
-124.0892940172059
 30
0.0
 10
218.4570469095887
 20
-123.9330132269883
 30
0.0
 10
218.346168686143
 20
-123.7489721128031
 30
0.0
 10
218.2073298894057
 20
-123.5777733706616
 30
0.0
 10
218.0813010096087
 20
-123.4019626531114
 30
0.0
 10
217.966603685019
 20
-124.1748364228074
 30
0.0
 10
217.8976240409479
 20
-124.9881830454272
 30
0.0
 10
217.585925903231
 20
-125.7707479464467
 30
0.0
 10
217.3974772450661
 20
-124.9137364950999
 30
0.0
 10
217.3792253459126
 20
-124.0408867335008
 30
0.0
 10
217.2595181391679
 20
-123.1799169775627
 30
0.0
 10
217.2201221317008
 20
-123.1782668883753
 30
0.0
 10
217.1807263064782
 20
-123.1766171174315
 30
0.0
 10
217.141330481255
 20
-123.1749673464871
 30
0.0
 10
216.8716823675142
 20
-124.7535623218298
 30
0.0
 10
216.6416203415267
 20
-126.3385772102229
 30
0.0
 10
216.2545084422599
 20
-127.8981237596696
 30
0.0
 10
216.2267004070319
 20
-127.8999555655247
 30
0.0
 10
216.198892371804
 20
-127.9017880078656
 30
0.0
 10
216.1710845188198
 20
-127.9036198137207
 30
0.0
 10
216.1487605641234
 20
-127.8533813606451
 30
0.0
 10
216.1126799359278
 20
-127.8044617059474
 30
0.0
 10
216.1061743788783
 20
-127.7527077804114
 30
0.0
 10
216.0073136763153
 20
-126.9662278558286
 30
0.0
 10
215.9175333623784
 20
-126.1788434850612
 30
0.0
 10
215.8118914590139
 20
-125.3930789704097
 30
0.0
 10
215.7915762866402
 20
-125.2419747184184
 30
0.0
 10
215.7125583805125
 20
-125.0968871657833
 30
0.0
 10
215.6606215390811
 20
-124.9490245354809
 30
0.0
 10
215.636489179124
 20
-124.9523068922543
 30
0.0
 10
215.6123568191663
 20
-124.9555892490283
 30
0.0
 10
215.5882244592092
 20
-124.9588716058024
 30
0.0
 10
215.4791856224707
 20
-125.8146794626848
 30
0.0
 10
215.3701468768541
 20
-126.6704879560519
 30
0.0
 10
215.2611080401161
 20
-127.5262964494202
 30
0.0
 10
215.2200156617662
 20
-127.5286495370662
 30
0.0
 10
215.1789232834169
 20
-127.5310032611994
 30
0.0
 10
215.1378309506281
 20
-127.5333563488454
 30
0.0
 10
215.0263064450945
 20
-127.1299198855816
 30
0.0
 10
214.9147819851214
 20
-126.7264840588037
 30
0.0
 10
214.8032575023687
 20
-126.3230475955386
 30
0.0
 10
214.7782221015851
 20
-126.3058389315692
 30
0.0
 10
214.7531867008008
 20
-126.2886302675992
 30
0.0
 10
214.7281512772369
 20
-126.2714222401156
 30
0.0
 10
214.6614391561287
 20
-126.3514284930649
 30
0.0
 10
214.5947270350199
 20
-126.4314353825014
 30
0.0
 10
214.5280146974974
 20
-126.5114416354513
 30
0.0
 10
214.5280144810825
 20
-126.4419202114972
 30
0.0
 10
214.5280144810825
 20
-126.3723994240289
 30
0.0
 10
214.5280144013507
 20
-126.3028780000761
 30
0.0
  0
HATCH
  5
225
330
21E
100
AcDbEntity
  8
Experiment Box
 62
     7
420
 16777215
100
AcDbHatch
 10
0.0
 20
0.0
 30
0.0
210
0.0
220
0.0
230
1.0
  2
SOLID
 70
     1
 71
     0
 91
        1
 92
        1
 93
        1
 72
     4
 94
        3
 73
     0
 74
     1
 95
     1268
 96
     1264
 40
0.0
 40
0.0
 40
0.0
 40
0.0
 40
1.0
 40
1.0
 40
1.0
 40
2.0
 40
2.0
 40
2.0
 40
3.0
 40
3.0
 40
3.0
 40
4.0
 40
4.0
 40
4.0
 40
5.0
 40
5.0
 40
5.0
 40
6.0
 40
6.0
 40
6.0
 40
7.0
 40
7.0
 40
7.0
 40
8.0
 40
8.0
 40
8.0
 40
9.0
 40
9.0
 40
9.0
 40
10.0
 40
10.0
 40
10.0
 40
11.0
 40
11.0
 40
11.0
 40
12.0
 40
12.0
 40
12.0
 40
13.0
 40
13.0
 40
13.0
 40
14.0
 40
14.0
 40
14.0
 40
15.0
 40
15.0
 40
15.0
 40
16.0
 40
16.0
 40
16.0
 40
17.0
 40
17.0
 40
17.0
 40
18.0
 40
18.0
 40
18.0
 40
19.0
 40
19.0
 40
19.0
 40
20.0
 40
20.0
 40
20.0
 40
21.0
 40
21.0
 40
21.0
 40
22.0
 40
22.0
 40
22.0
 40
23.0
 40
23.0
 40
23.0
 40
24.0
 40
24.0
 40
24.0
 40
25.0
 40
25.0
 40
25.0
 40
26.0
 40
26.0
 40
26.0
 40
27.0
 40
27.0
 40
27.0
 40
28.0
 40
28.0
 40
28.0
 40
29.0
 40
29.0
 40
29.0
 40
30.0
 40
30.0
 40
30.0
 40
31.0
 40
31.0
 40
31.0
 40
32.0
 40
32.0
 40
32.0
 40
33.0
 40
33.0
 40
33.0
 40
34.0
 40
34.0
 40
34.0
 40
35.0
 40
35.0
 40
35.0
 40
36.0
 40
36.0
 40
36.0
 40
37.0
 40
37.0
 40
37.0
 40
38.0
 40
38.0
 40
38.0
 40
39.0
 40
39.0
 40
39.0
 40
40.0
 40
40.0
 40
40.0
 40
41.0
 40
41.0
 40
41.0
 40
42.0
 40
42.0
 40
42.0
 40
43.0
 40
43.0
 40
43.0
 40
44.0
 40
44.0
 40
44.0
 40
45.0
 40
45.0
 40
45.0
 40
46.0
 40
46.0
 40
46.0
 40
47.0
 40
47.0
 40
47.0
 40
48.0
 40
48.0
 40
48.0
 40
49.0
 40
49.0
 40
49.0
 40
50.0
 40
50.0
 40
50.0
 40
51.0
 40
51.0
 40
51.0
 40
52.0
 40
52.0
 40
52.0
 40
53.0
 40
53.0
 40
53.0
 40
54.0
 40
54.0
 40
54.0
 40
55.0
 40
55.0
 40
55.0
 40
56.0
 40
56.0
 40
56.0
 40
57.0
 40
57.0
 40
57.0
 40
58.0
 40
58.0
 40
58.0
 40
59.0
 40
59.0
 40
59.0
 40
60.0
 40
60.0
 40
60.0
 40
61.0
 40
61.0
 40
61.0
 40
62.0
 40
62.0
 40
62.0
 40
63.0
 40
63.0
 40
63.0
 40
64.0
 40
64.0
 40
64.0
 40
65.0
 40
65.0
 40
65.0
 40
66.0
 40
66.0
 40
66.0
 40
67.0
 40
67.0
 40
67.0
 40
68.0
 40
68.0
 40
68.0
 40
69.0
 40
69.0
 40
69.0
 40
70.0
 40
70.0
 40
70.0
 40
71.0
 40
71.0
 40
71.0
 40
72.0
 40
72.0
 40
72.0
 40
73.0
 40
73.0
 40
73.0
 40
74.0
 40
74.0
 40
74.0
 40
75.0
 40
75.0
 40
75.0
 40
76.0
 40
76.0
 40
76.0
 40
77.0
 40
77.0
 40
77.0
 40
78.0
 40
78.0
 40
78.0
 40
79.0
 40
79.0
 40
79.0
 40
80.0
 40
80.0
 40
80.0
 40
81.0
 40
81.0
 40
81.0
 40
82.0
 40
82.0
 40
82.0
 40
83.0
 40
83.0
 40
83.0
 40
84.0
 40
84.0
 40
84.0
 40
85.0
 40
85.0
 40
85.0
 40
86.0
 40
86.0
 40
86.0
 40
87.0
 40
87.0
 40
87.0
 40
88.0
 40
88.0
 40
88.0
 40
89.0
 40
89.0
 40
89.0
 40
90.0
 40
90.0
 40
90.0
 40
91.0
 40
91.0
 40
91.0
 40
92.0
 40
92.0
 40
92.0
 40
93.0
 40
93.0
 40
93.0
 40
94.0
 40
94.0
 40
94.0
 40
95.0
 40
95.0
 40
95.0
 40
96.0
 40
96.0
 40
96.0
 40
97.0
 40
97.0
 40
97.0
 40
98.0
 40
98.0
 40
98.0
 40
99.0
 40
99.0
 40
99.0
 40
100.0
 40
100.0
 40
100.0
 40
101.0
 40
101.0
 40
101.0
 40
102.0
 40
102.0
 40
102.0
 40
103.0
 40
103.0
 40
103.0
 40
104.0
 40
104.0
 40
104.0
 40
105.0
 40
105.0
 40
105.0
 40
106.0
 40
106.0
 40
106.0
 40
107.0
 40
107.0
 40
107.0
 40
108.0
 40
108.0
 40
108.0
 40
109.0
 40
109.0
 40
109.0
 40
110.0
 40
110.0
 40
110.0
 40
111.0
 40
111.0
 40
111.0
 40
112.0
 40
112.0
 40
112.0
 40
113.0
 40
113.0
 40
113.0
 40
114.0
 40
114.0
 40
114.0
 40
115.0
 40
115.0
 40
115.0
 40
116.0
 40
116.0
 40
116.0
 40
117.0
 40
117.0
 40
117.0
 40
118.0
 40
118.0
 40
118.0
 40
119.0
 40
119.0
 40
119.0
 40
120.0
 40
120.0
 40
120.0
 40
121.0
 40
121.0
 40
121.0
 40
122.0
 40
122.0
 40
122.0
 40
123.0
 40
123.0
 40
123.0
 40
124.0
 40
124.0
 40
124.0
 40
125.0
 40
125.0
 40
125.0
 40
126.0
 40
126.0
 40
126.0
 40
127.0
 40
127.0
 40
127.0
 40
128.0
 40
128.0
 40
128.0
 40
129.0
 40
129.0
 40
129.0
 40
130.0
 40
130.0
 40
130.0
 40
131.0
 40
131.0
 40
131.0
 40
132.0
 40
132.0
 40
132.0
 40
133.0
 40
133.0
 40
133.0
 40
134.0
 40
134.0
 40
134.0
 40
135.0
 40
135.0
 40
135.0
 40
136.0
 40
136.0
 40
136.0
 40
137.0
 40
137.0
 40
137.0
 40
138.0
 40
138.0
 40
138.0
 40
139.0
 40
139.0
 40
139.0
 40
140.0
 40
140.0
 40
140.0
 40
141.0
 40
141.0
 40
141.0
 40
142.0
 40
142.0
 40
142.0
 40
143.0
 40
143.0
 40
143.0
 40
144.0
 40
144.0
 40
144.0
 40
145.0
 40
145.0
 40
145.0
 40
146.0
 40
146.0
 40
146.0
 40
147.0
 40
147.0
 40
147.0
 40
148.0
 40
148.0
 40
148.0
 40
149.0
 40
149.0
 40
149.0
 40
150.0
 40
150.0
 40
150.0
 40
151.0
 40
151.0
 40
151.0
 40
152.0
 40
152.0
 40
152.0
 40
153.0
 40
153.0
 40
153.0
 40
154.0
 40
154.0
 40
154.0
 40
155.0
 40
155.0
 40
155.0
 40
156.0
 40
156.0
 40
156.0
 40
157.0
 40
157.0
 40
157.0
 40
158.0
 40
158.0
 40
158.0
 40
159.0
 40
159.0
 40
159.0
 40
160.0
 40
160.0
 40
160.0
 40
161.0
 40
161.0
 40
161.0
 40
162.0
 40
162.0
 40
162.0
 40
163.0
 40
163.0
 40
163.0
 40
164.0
 40
164.0
 40
164.0
 40
165.0
 40
165.0
 40
165.0
 40
166.0
 40
166.0
 40
166.0
 40
167.0
 40
167.0
 40
167.0
 40
168.0
 40
168.0
 40
168.0
 40
169.0
 40
169.0
 40
169.0
 40
170.0
 40
170.0
 40
170.0
 40
171.0
 40
171.0
 40
171.0
 40
172.0
 40
172.0
 40
172.0
 40
173.0
 40
173.0
 40
173.0
 40
174.0
 40
174.0
 40
174.0
 40
175.0
 40
175.0
 40
175.0
 40
176.0
 40
176.0
 40
176.0
 40
177.0
 40
177.0
 40
177.0
 40
178.0
 40
178.0
 40
178.0
 40
179.0
 40
179.0
 40
179.0
 40
180.0
 40
180.0
 40
180.0
 40
181.0
 40
181.0
 40
181.0
 40
182.0
 40
182.0
 40
182.0
 40
183.0
 40
183.0
 40
183.0
 40
184.0
 40
184.0
 40
184.0
 40
185.0
 40
185.0
 40
185.0
 40
186.0
 40
186.0
 40
186.0
 40
187.0
 40
187.0
 40
187.0
 40
188.0
 40
188.0
 40
188.0
 40
189.0
 40
189.0
 40
189.0
 40
190.0
 40
190.0
 40
190.0
 40
191.0
 40
191.0
 40
191.0
 40
192.0
 40
192.0
 40
192.0
 40
193.0
 40
193.0
 40
193.0
 40
194.0
 40
194.0
 40
194.0
 40
195.0
 40
195.0
 40
195.0
 40
196.0
 40
196.0
 40
196.0
 40
197.0
 40
197.0
 40
197.0
 40
198.0
 40
198.0
 40
198.0
 40
199.0
 40
199.0
 40
199.0
 40
200.0
 40
200.0
 40
200.0
 40
201.0
 40
201.0
 40
201.0
 40
202.0
 40
202.0
 40
202.0
 40
203.0
 40
203.0
 40
203.0
 40
204.0
 40
204.0
 40
204.0
 40
205.0
 40
205.0
 40
205.0
 40
206.0
 40
206.0
 40
206.0
 40
207.0
 40
207.0
 40
207.0
 40
208.0
 40
208.0
 40
208.0
 40
209.0
 40
209.0
 40
209.0
 40
210.0
 40
210.0
 40
210.0
 40
211.0
 40
211.0
 40
211.0
 40
212.0
 40
212.0
 40
212.0
 40
213.0
 40
213.0
 40
213.0
 40
214.0
 40
214.0
 40
214.0
 40
215.0
 40
215.0
 40
215.0
 40
216.0
 40
216.0
 40
216.0
 40
217.0
 40
217.0
 40
217.0
 40
218.0
 40
218.0
 40
218.0
 40
219.0
 40
219.0
 40
219.0
 40
220.0
 40
220.0
 40
220.0
 40
221.0
 40
221.0
 40
221.0
 40
222.0
 40
222.0
 40
222.0
 40
223.0
 40
223.0
 40
223.0
 40
224.0
 40
224.0
 40
224.0
 40
225.0
 40
225.0
 40
225.0
 40
226.0
 40
226.0
 40
226.0
 40
227.0
 40
227.0
 40
227.0
 40
228.0
 40
228.0
 40
228.0
 40
229.0
 40
229.0
 40
229.0
 40
230.0
 40
230.0
 40
230.0
 40
231.0
 40
231.0
 40
231.0
 40
232.0
 40
232.0
 40
232.0
 40
233.0
 40
233.0
 40
233.0
 40
234.0
 40
234.0
 40
234.0
 40
235.0
 40
235.0
 40
235.0
 40
236.0
 40
236.0
 40
236.0
 40
237.0
 40
237.0
 40
237.0
 40
238.0
 40
238.0
 40
238.0
 40
239.0
 40
239.0
 40
239.0
 40
240.0
 40
240.0
 40
240.0
 40
241.0
 40
241.0
 40
241.0
 40
242.0
 40
242.0
 40
242.0
 40
243.0
 40
243.0
 40
243.0
 40
244.0
 40
244.0
 40
244.0
 40
245.0
 40
245.0
 40
245.0
 40
246.0
 40
246.0
 40
246.0
 40
247.0
 40
247.0
 40
247.0
 40
248.0
 40
248.0
 40
248.0
 40
249.0
 40
249.0
 40
249.0
 40
250.0
 40
250.0
 40
250.0
 40
251.0
 40
251.0
 40
251.0
 40
252.0
 40
252.0
 40
252.0
 40
253.0
 40
253.0
 40
253.0
 40
254.0
 40
254.0
 40
254.0
 40
255.0
 40
255.0
 40
255.0
 40
256.0
 40
256.0
 40
256.0
 40
257.0
 40
257.0
 40
257.0
 40
258.0
 40
258.0
 40
258.0
 40
259.0
 40
259.0
 40
259.0
 40
260.0
 40
260.0
 40
260.0
 40
261.0
 40
261.0
 40
261.0
 40
262.0
 40
262.0
 40
262.0
 40
263.0
 40
263.0
 40
263.0
 40
264.0
 40
264.0
 40
264.0
 40
265.0
 40
265.0
 40
265.0
 40
266.0
 40
266.0
 40
266.0
 40
267.0
 40
267.0
 40
267.0
 40
268.0
 40
268.0
 40
268.0
 40
269.0
 40
269.0
 40
269.0
 40
270.0
 40
270.0
 40
270.0
 40
271.0
 40
271.0
 40
271.0
 40
272.0
 40
272.0
 40
272.0
 40
273.0
 40
273.0
 40
273.0
 40
274.0
 40
274.0
 40
274.0
 40
275.0
 40
275.0
 40
275.0
 40
276.0
 40
276.0
 40
276.0
 40
277.0
 40
277.0
 40
277.0
 40
278.0
 40
278.0
 40
278.0
 40
279.0
 40
279.0
 40
279.0
 40
280.0
 40
280.0
 40
280.0
 40
281.0
 40
281.0
 40
281.0
 40
282.0
 40
282.0
 40
282.0
 40
283.0
 40
283.0
 40
283.0
 40
284.0
 40
284.0
 40
284.0
 40
285.0
 40
285.0
 40
285.0
 40
286.0
 40
286.0
 40
286.0
 40
287.0
 40
287.0
 40
287.0
 40
288.0
 40
288.0
 40
288.0
 40
289.0
 40
289.0
 40
289.0
 40
290.0
 40
290.0
 40
290.0
 40
291.0
 40
291.0
 40
291.0
 40
292.0
 40
292.0
 40
292.0
 40
293.0
 40
293.0
 40
293.0
 40
294.0
 40
294.0
 40
294.0
 40
295.0
 40
295.0
 40
295.0
 40
296.0
 40
296.0
 40
296.0
 40
297.0
 40
297.0
 40
297.0
 40
298.0
 40
298.0
 40
298.0
 40
299.0
 40
299.0
 40
299.0
 40
300.0
 40
300.0
 40
300.0
 40
301.0
 40
301.0
 40
301.0
 40
302.0
 40
302.0
 40
302.0
 40
303.0
 40
303.0
 40
303.0
 40
304.0
 40
304.0
 40
304.0
 40
305.0
 40
305.0
 40
305.0
 40
306.0
 40
306.0
 40
306.0
 40
307.0
 40
307.0
 40
307.0
 40
308.0
 40
308.0
 40
308.0
 40
309.0
 40
309.0
 40
309.0
 40
310.0
 40
310.0
 40
310.0
 40
311.0
 40
311.0
 40
311.0
 40
312.0
 40
312.0
 40
312.0
 40
313.0
 40
313.0
 40
313.0
 40
314.0
 40
314.0
 40
314.0
 40
315.0
 40
315.0
 40
315.0
 40
316.0
 40
316.0
 40
316.0
 40
317.0
 40
317.0
 40
317.0
 40
318.0
 40
318.0
 40
318.0
 40
319.0
 40
319.0
 40
319.0
 40
320.0
 40
320.0
 40
320.0
 40
321.0
 40
321.0
 40
321.0
 40
322.0
 40
322.0
 40
322.0
 40
323.0
 40
323.0
 40
323.0
 40
324.0
 40
324.0
 40
324.0
 40
325.0
 40
325.0
 40
325.0
 40
326.0
 40
326.0
 40
326.0
 40
327.0
 40
327.0
 40
327.0
 40
328.0
 40
328.0
 40
328.0
 40
329.0
 40
329.0
 40
329.0
 40
330.0
 40
330.0
 40
330.0
 40
331.0
 40
331.0
 40
331.0
 40
332.0
 40
332.0
 40
332.0
 40
333.0
 40
333.0
 40
333.0
 40
334.0
 40
334.0
 40
334.0
 40
335.0
 40
335.0
 40
335.0
 40
336.0
 40
336.0
 40
336.0
 40
337.0
 40
337.0
 40
337.0
 40
338.0
 40
338.0
 40
338.0
 40
339.0
 40
339.0
 40
339.0
 40
340.0
 40
340.0
 40
340.0
 40
341.0
 40
341.0
 40
341.0
 40
342.0
 40
342.0
 40
342.0
 40
343.0
 40
343.0
 40
343.0
 40
344.0
 40
344.0
 40
344.0
 40
345.0
 40
345.0
 40
345.0
 40
346.0
 40
346.0
 40
346.0
 40
347.0
 40
347.0
 40
347.0
 40
348.0
 40
348.0
 40
348.0
 40
349.0
 40
349.0
 40
349.0
 40
350.0
 40
350.0
 40
350.0
 40
351.0
 40
351.0
 40
351.0
 40
352.0
 40
352.0
 40
352.0
 40
353.0
 40
353.0
 40
353.0
 40
354.0
 40
354.0
 40
354.0
 40
355.0
 40
355.0
 40
355.0
 40
356.0
 40
356.0
 40
356.0
 40
357.0
 40
357.0
 40
357.0
 40
358.0
 40
358.0
 40
358.0
 40
359.0
 40
359.0
 40
359.0
 40
360.0
 40
360.0
 40
360.0
 40
361.0
 40
361.0
 40
361.0
 40
362.0
 40
362.0
 40
362.0
 40
363.0
 40
363.0
 40
363.0
 40
364.0
 40
364.0
 40
364.0
 40
365.0
 40
365.0
 40
365.0
 40
366.0
 40
366.0
 40
366.0
 40
367.0
 40
367.0
 40
367.0
 40
368.0
 40
368.0
 40
368.0
 40
369.0
 40
369.0
 40
369.0
 40
370.0
 40
370.0
 40
370.0
 40
371.0
 40
371.0
 40
371.0
 40
372.0
 40
372.0
 40
372.0
 40
373.0
 40
373.0
 40
373.0
 40
374.0
 40
374.0
 40
374.0
 40
375.0
 40
375.0
 40
375.0
 40
376.0
 40
376.0
 40
376.0
 40
377.0
 40
377.0
 40
377.0
 40
378.0
 40
378.0
 40
378.0
 40
379.0
 40
379.0
 40
379.0
 40
380.0
 40
380.0
 40
380.0
 40
381.0
 40
381.0
 40
381.0
 40
382.0
 40
382.0
 40
382.0
 40
383.0
 40
383.0
 40
383.0
 40
384.0
 40
384.0
 40
384.0
 40
385.0
 40
385.0
 40
385.0
 40
386.0
 40
386.0
 40
386.0
 40
387.0
 40
387.0
 40
387.0
 40
388.0
 40
388.0
 40
388.0
 40
389.0
 40
389.0
 40
389.0
 40
390.0
 40
390.0
 40
390.0
 40
391.0
 40
391.0
 40
391.0
 40
392.0
 40
392.0
 40
392.0
 40
393.0
 40
393.0
 40
393.0
 40
394.0
 40
394.0
 40
394.0
 40
395.0
 40
395.0
 40
395.0
 40
396.0
 40
396.0
 40
396.0
 40
397.0
 40
397.0
 40
397.0
 40
398.0
 40
398.0
 40
398.0
 40
399.0
 40
399.0
 40
399.0
 40
400.0
 40
400.0
 40
400.0
 40
401.0
 40
401.0
 40
401.0
 40
402.0
 40
402.0
 40
402.0
 40
403.0
 40
403.0
 40
403.0
 40
404.0
 40
404.0
 40
404.0
 40
405.0
 40
405.0
 40
405.0
 40
406.0
 40
406.0
 40
406.0
 40
407.0
 40
407.0
 40
407.0
 40
408.0
 40
408.0
 40
408.0
 40
409.0
 40
409.0
 40
409.0
 40
410.0
 40
410.0
 40
410.0
 40
411.0
 40
411.0
 40
411.0
 40
412.0
 40
412.0
 40
412.0
 40
413.0
 40
413.0
 40
413.0
 40
414.0
 40
414.0
 40
414.0
 40
415.0
 40
415.0
 40
415.0
 40
416.0
 40
416.0
 40
416.0
 40
417.0
 40
417.0
 40
417.0
 40
418.0
 40
418.0
 40
418.0
 40
419.0
 40
419.0
 40
419.0
 40
420.0
 40
420.0
 40
420.0
 40
421.0
 40
421.0
 40
421.0
 40
421.0
 10
214.5280144013507
 20
-126.3028780000761
 10
214.6188437675712
 20
-126.2275569183907
 10
214.709673190743
 20
-126.1522352002201
 10
214.8608058810916
 20
-126.0269073462553
 10
214.9655084543328
 20
-126.3804146884954
 10
215.0582231668699
 20
-126.6934479048401
 10
215.150937879407
 20
-127.0064804847001
 10
215.1603179679674
 20
-127.0071067866318
 10
215.1696980565284
 20
-127.00773372505
 10
215.1790781450888
 20
-127.008360026983
 10
215.2808936119968
 20
-126.214431310211
 10
215.3827090333435
 20
-125.4205019569525
 10
215.4845244546909
 20
-124.6265732401793
 10
215.5134165671832
 20
-124.6247974450653
 10
215.542308770798
 20
-124.6230216499533
 10
215.5712008832903
 20
-124.62124585484
 10
215.7377199623495
 20
-124.8578326827745
 10
215.9239453372356
 20
-125.0885657516943
 10
215.9628574874041
 20
-125.3770949049335
 10
216.0465070286727
 20
-125.9973464042337
 10
216.1208790846424
 20
-126.6185519956053
 10
216.1995777907487
 20
-127.2393158658973
 10
216.2021027786443
 20
-127.2592327765375
 10
216.2104151007608
 20
-127.2785908527283
 10
216.2525476811793
 20
-127.3024336071871
 10
216.3610953708676
 20
-126.7371063687129
 10
216.4766893349701
 20
-126.1727255844783
 10
216.5764698220086
 20
-125.6062208474517
 10
216.7118740520269
 20
-124.8374613213424
 10
216.8344612575968
 20
-124.0669858297787
 10
216.9650329286815
 20
-123.297567222726
 10
216.9753067408537
 20
-123.2370282032658
 10
216.9850345505913
 20
-123.1593193454631
 10
217.0302660046419
 20
-123.1243107223049
 10
217.1025876355801
 20
-123.0683356235825
 10
217.2015088430856
 20
-123.0256977645366
 10
217.2957221464175
 20
-123.0121969480342
 10
217.3230344785005
 20
-123.0082825609574
 10
217.3998356621254
 20
-123.1205914180948
 10
217.4076748793288
 20
-123.1839831664805
 10
217.4588400093743
 20
-123.5977252880147
 10
217.498520681662
 20
-124.0125733034594
 10
217.5393924994482
 20
-124.4272526501925
 10
217.562499555768
 20
-124.6616945213068
 10
217.580724665082
 20
-124.896503644673
 10
217.6011487281281
 20
-125.1311472817542
 10
217.6250529188439
 20
-125.1341056673051
 10
217.6489571095598
 20
-125.1370646893412
 10
217.672861300275
 20
-125.1400237113779
 10
217.7886294894534
 20
-124.3733798637502
 10
217.9043980431195
 20
-123.6067360161211
 10
218.0201662322986
 20
-122.840092486735
 10
218.0509785566254
 20
-122.839220819564
 10
218.0817905164647
 20
-122.8383491523936
 10
218.1126028407916
 20
-122.8374774852227
 10
218.1452682201114
 20
-122.9239249734927
 10
218.1841670664824
 20
-123.0090075181724
 10
218.2094603194675
 20
-123.0970694524304
 10
218.2940400331087
 20
-123.3915468828146
 10
218.3514078310027
 20
-123.6878402069095
 10
218.6233396418448
 20
-123.9192937776456
 10
218.8541864096493
 20
-124.1157775508505
 10
218.8410090892015
 20
-124.400923146089
 10
218.8761682927268
 20
-124.6618727373041
 10
218.8848048265695
 20
-124.7259713030624
 10
218.8915314453528
 20
-124.7902665429034
 10
218.9168673433876
 20
-124.8533931949922
 10
219.0880285366067
 20
-124.0311268617206
 10
218.9033258998204
 20
-123.1677486438787
 10
219.3523567714835
 20
-122.3764374745638
 10
219.6362550749433
 20
-123.6017892492319
 10
219.6700882725552
 20
-124.8458139232336
 10
219.7552537177806
 20
-126.1323813016657
 10
219.8027774343911
 20
-126.0037774557837
 10
219.8349157646312
 20
-125.9168080492361
 10
219.8731147947971
 20
-125.8134383155633
 10
219.9401929070235
 20
-125.8446401177259
 10
219.9906091972815
 20
-125.8680914334785
 10
220.0490934207156
 20
-125.8952954689388
 10
220.0955254969436
 20
-125.1487772992596
 10
220.1416080295563
 20
-124.4078805713163
 10
220.1876905621697
 20
-123.6669838433724
 10
220.2256235163824
 20
-123.6655530235111
 10
220.2635564705958
 20
-123.6641222036491
 10
220.3014894248085
 20
-123.6626913837877
 10
220.4191248839965
 20
-124.0938557102451
 10
220.3970916081664
 20
-124.5428887363479
 10
220.4501774056567
 20
-124.9815196765958
 10
220.5051435947097
 20
-125.4356872328688
 10
220.5290980847147
 20
-125.8927157923818
 10
220.5951523512543
 20
-126.3524971525627
 10
220.647792015913
 20
-125.8504913308016
 10
220.7017456583947
 20
-125.3496496413921
 10
220.863371126845
 20
-124.8675206316712
 10
220.8961465814226
 20
-124.8670515417067
 10
220.9289220359995
 20
-124.8665824517422
 10
220.9616967616012
 20
-124.8661139982654
 10
221.0099848087232
 20
-125.1179809384887
 10
221.0582728558445
 20
-125.3698485151972
 10
221.1186611625365
 20
-125.6848300142802
 10
221.4124403605283
 20
-125.3825903224986
 10
221.3022112895103
 20
-125.0205903515143
 10
221.4912753849992
 20
-124.7057622454859
 10
221.5527943322473
 20
-124.7843122191452
 10
221.5926160612386
 20
-124.835159152553
 10
221.6496350444932
 20
-124.9079642062536
 10
221.8184350869954
 20
-124.1684569265993
 10
221.815343503115
 20
-123.4199869735114
 10
222.0058823154608
 20
-122.7004376578253
 10
222.0398248593553
 20
-122.7012300825259
 10
222.0737666742738
 20
-122.7020228254706
 10
222.1077092181676
 20
-122.7028152501699
 10
222.1526826149934
 20
-123.1315087391275
 10
222.1976567407944
 20
-123.5602019098408
 10
222.2426301376201
 20
-123.9888947623125
 10
222.2489350442418
 20
-123.9903332200031
 10
222.2552392218889
 20
-123.9917716776924
 10
222.2615433995354
 20
-123.9932107718682
 10
222.2992860912182
 20
-123.7034932998198
 10
222.3370280539251
 20
-123.4137755095297
 10
222.374770016632
 20
-123.1240583557229
 10
222.400133980213
 20
-123.1215862452501
 10
222.4254979437939
 20
-123.1191144530196
 10
222.4508619073742
 20
-123.116642342548
 10
222.4715436631582
 20
-123.1602075612631
 10
222.5053899823239
 20
-123.2025539098558
 10
222.5108507356489
 20
-123.2475279896752
 10
222.5602577597236
 20
-123.6544482574391
 10
222.6369605316946
 20
-124.0613853920729
 10
222.6442932933683
 20
-124.4691595054076
 10
222.6631445923911
 20
-125.517441912047
 10
222.650595284089
 20
-126.566154583024
 10
222.650595284089
 20
-127.6146954028599
 10
222.6796945166643
 20
-127.614906079626
 10
222.7087937492396
 20
-127.6151161199094
 10
222.7378929818143
 20
-127.6153267966761
 10
222.7724398461603
 20
-126.5639020601176
 10
222.8069874394815
 20
-125.5124773235585
 10
222.8415343038275
 20
-124.4610532234858
 10
222.8801488498655
 20
-124.4598534479348
 10
222.9187626669277
 20
-124.4586536723831
 10
222.9573764839905
 20
-124.457453896832
 10
223.0263528476729
 20
-125.1094679422016
 10
223.095329211356
 20
-125.7614826240591
 10
223.1643055750384
 20
-126.4134966694287
 10
223.1870102370398
 20
-126.41376908531
 10
223.2097148990418
 20
-126.4140415011913
 10
223.2324195610432
 20
-126.4143132805874
 10
223.284960449561
 20
-125.5146833830075
 10
223.3375020670541
 20
-124.6150534854282
 10
223.3900436845465
 20
-123.7154229513636
 10
223.4240540231353
 20
-123.7130845028883
 10
223.4580636327495
 20
-123.710745417927
 10
223.4920739713382
 20
-123.7084063329664
 10
223.5141116210191
 20
-123.8161156261684
 10
223.548900505136
 20
-123.9232011633803
 10
223.5558541996984
 20
-124.0316475070257
 10
223.5789554242162
 20
-124.3919690652101
 10
223.5902355866708
 20
-124.7528596416134
 10
223.6110142961581
 20
-125.1133135888236
 10
223.6139899729801
 20
-125.1649306699334
 10
223.6311777505653
 20
-125.2513539717472
 10
223.6641055609621
 20
-125.2605161834518
 10
223.89013161568
 20
-125.3234016074589
 10
223.8461066156074
 20
-125.4817465208142
 10
223.8467473848198
 20
-125.6223920397242
 10
223.8490844793544
 20
-126.1353307764162
 10
223.8476709964153
 20
-126.6482828793091
 10
223.8476709964153
 20
-127.1612292538303
 10
223.876593816989
 20
-127.1615023061969
 10
223.9055159085869
 20
-127.1617747220775
 10
223.9344387291606
 20
-127.1620471379595
 10
224.0239153337987
 20
-125.8303783825654
 10
224.1133926674127
 20
-124.4987102636565
 10
224.2028692720508
 20
-123.1670415082618
 10
224.2390162369909
 20
-123.1652237050928
 10
224.2751632019311
 20
-123.1634055836803
 10
224.3113101668706
 20
-123.1615874622677
 10
224.3537591225314
 20
-123.5734408124763
 10
224.3962088071682
 20
-123.9852935261997
 10
224.438657762829
 20
-124.3971468764102
 10
224.4545902450969
 20
-124.3967751687591
 10
224.4705234563394
 20
-124.3964034611074
 10
224.4864559386073
 20
-124.3960323899428
 10
224.5166311385974
 20
-124.1975182273421
 10
224.5468056096122
 20
-123.9990047012291
 10
224.5769800806277
 20
-123.800490538629
 10
224.6079637141295
 20
-123.8007133086248
 10
224.6389466186566
 20
-123.8009367151071
 10
224.6699302521584
 20
-123.8011594851035
 10
224.7715698082356
 20
-124.4319505511714
 10
224.8077495770597
 20
-125.0683185049747
 10
224.8051456775973
 20
-125.7079904560655
 10
224.8335443649916
 20
-125.7074729931879
 10
224.8619430523866
 20
-125.7069548938263
 10
224.8903417397816
 20
-125.7064374309487
 10
224.8903417397816
 20
-125.0129130609565
 10
224.8903417397816
 20
-124.3193886909656
 10
224.8903417397816
 20
-123.6258643209734
 10
224.9223955088974
 20
-123.6225342277721
 10
224.9544500069879
 20
-123.6192041345695
 10
224.9865037761038
 20
-123.6158734048829
 10
225.0648183122721
 20
-123.8068242078675
 10
225.163929053333
 20
-123.9935958457182
 10
225.2156615083385
 20
-124.1898867637564
 10
225.268542828281
 20
-124.3905414277769
 10
225.2749497914335
 20
-124.600533973557
 10
225.3017009948455
 20
-124.8064383716611
 10
225.3256201295532
 20
-124.8074026475034
 10
225.3495385352849
 20
-124.8083669233437
 10
225.3734576699926
 20
-124.8093311991847
 10
225.3734576699926
 20
-124.4018498692741
 10
225.3734576699926
 20
-123.994368539363
 10
225.3734576699926
 20
-123.586887209453
 10
225.415310323929
 20
-123.5830447452598
 10
225.4571629778653
 20
-123.5792022810672
 10
225.4990156318016
 20
-123.5753598168746
 10
225.5208666638282
 20
-123.6577649844402
 10
225.5601205211281
 20
-123.7399346522976
 10
225.5615908641342
 20
-123.822616691145
 10
225.5683528382149
 20
-124.2030340124507
 10
225.5645694568565
 20
-124.5835951795248
 10
225.5645694568565
 20
-124.9641041547711
 10
225.6026248789055
 20
-124.9666634637859
 10
225.6406803009544
 20
-124.9692221363155
 10
225.6787357230033
 20
-124.971781445329
 10
225.7161846376744
 20
-124.7313502437436
 10
225.7536335523461
 20
-124.4909190421582
 10
225.7910817380418
 20
-124.2504884770587
 10
225.8174881361777
 20
-124.2479896341855
 10
225.8438945343142
 20
-124.2454907913129
 10
225.87030093245
 20
-124.2429919484391
 10
225.9053989020574
 20
-124.3302312249277
 10
225.9404961426903
 20
-124.4174705014131
 10
225.9682125092847
 20
-124.4863618045196
 10
226.0404984204372
 20
-124.4449997810671
 10
226.1262368401807
 20
-124.395940736001
 10
226.2705804932433
 20
-124.3133478051526
 10
226.3002104197739
 20
-124.7304133367883
 10
226.3259950020524
 20
-125.0933457593287
 10
226.3508100472976
 20
-125.442641475668
 10
226.3805638996143
 20
-125.3299147656638
 10
226.4142097505967
 20
-125.2024419548788
 10
226.4478563305536
 20
-125.0749691440918
 10
226.4770270026995
 20
-125.0758385835641
 10
226.5061984038212
 20
-125.0767086595204
 10
226.5353698049423
 20
-125.0775787354774
 10
226.5637706792623
 20
-125.3142884051527
 10
226.5921722825583
 20
-125.5509980748305
 10
226.620573156879
 20
-125.7877077445065
 10
226.6393158385946
 20
-125.791102122764
 10
226.6580585203109
 20
-125.7944958645363
 10
226.6768012020265
 20
-125.7978896063079
 10
226.70333444185
 20
-125.7634455459687
 10
226.7435920980189
 20
-125.7317829281536
 10
226.7536388344122
 20
-125.6939979543564
 10
226.7769062652788
 20
-125.6064900809036
 10
226.7958581628813
 20
-125.5162516837822
 10
226.7985043429065
 20
-125.4267134209329
 10
226.8190191633664
 20
-124.7324590018388
 10
226.8328667765232
 20
-124.038049916719
 10
226.854980968602
 20
-123.3438400516253
 10
226.858971378921
 20
-123.2185392483031
 10
226.8914807575453
 20
-123.0939312596688
 10
226.9673641613766
 20
-122.9712718720178
 10
227.0698886933621
 20
-123.452618322566
 10
227.039716409273
 20
-123.9354509672328
 10
227.0457698194464
 20
-124.4161631597778
 10
227.0518494727278
 20
-124.8989159254894
 10
227.0471067599883
 20
-125.381773074856
 10
227.1040892944821
 20
-125.8755790512971
 10
227.1265679741673
 20
-125.8534401690656
 10
227.1655564844899
 20
-125.8330936305769
 10
227.1690045372497
 20
-125.8088880792674
 10
227.2090602672848
 20
-125.5277065169906
 10
227.2678185853991
 20
-125.2464460304863
 10
227.2755530124146
 20
-124.964242908655
 10
227.3037206146668
 20
-123.9364852565009
 10
227.3075054539757
 20
-122.9082263718558
 10
227.3340809743613
 20
-121.8804244839448
 10
227.351121498954
 20
-121.2213788627625
 10
227.3911845187409
 20
-120.5627724167174
 10
227.4237463835802
 20
-119.9040751123366
 10
227.4264698349785
 20
-119.8489479716921
 10
227.4506674382172
 20
-119.7946298043777
 10
227.4648912025844
 20
-119.7399357922553
 10
227.4861072971999
 20
-119.7399340419197
 10
227.5073233918153
 20
-119.7399321324634
 10
227.5285394864308
 20
-119.7399303821266
 10
227.543909199834
 20
-119.7881265117006
 10
227.5702981025647
 20
-119.8358767830388
 10
227.5728845066226
 20
-119.8845905346112
 10
227.591291130765
 20
-120.2312308325947
 10
227.6023190677959
 20
-120.5781704379807
 10
227.6208073371622
 20
-120.9248067579294
 10
227.6331299341724
 20
-121.1558272001435
 10
227.5623187398774
 20
-121.3974508576937
 10
227.7434661645472
 20
-121.6089420090624
 10
227.7757553926567
 20
-121.6466397843202
 10
227.7615228805873
 20
-121.7168390655485
 10
227.7630858034447
 20
-121.7721538103525
 10
227.7809398643758
 20
-122.4038852840468
 10
227.7975648730964
 20
-123.0356428536562
 10
227.8150894372301
 20
-123.6673816469374
 10
227.8160356470575
 20
-123.7015329238523
 10
227.8220569823214
 20
-123.7355772711696
 10
227.8279543917994
 20
-123.7904951671387
 10
228.0101588305289
 20
-123.6961215223998
 10
228.0454222775093
 20
-123.7881592646056
 10
228.0471616123689
 20
-123.9116330357161
 10
228.0496955302114
 20
-124.091386782201
 10
228.04781331621
 20
-124.2711889015978
 10
228.0653233008401
 20
-124.4511507789078
 10
228.1073735070588
 20
-123.5401055102342
 10
228.1494251712286
 20
-122.6290605598022
 10
228.1914768353984
 20
-121.7180152911273
 10
228.2371733756357
 20
-121.7181378146264
 10
228.2828699158737
 20
-121.7182600198807
 10
228.3285649981605
 20
-121.7183822251356
 10
228.3529186020953
 20
-122.4482206504656
 10
228.3772707480796
 20
-123.1780587575508
 10
228.4005323471443
 20
-123.875231145353
 10
228.4559417531273
 20
-123.8853251721278
 10
228.5411414601878
 20
-123.8823190501484
 10
228.5532599441384
 20
-123.9068428443121
 10
228.5799404369545
 20
-123.9608352900665
 10
228.5737951759045
 20
-124.0287196727911
 10
228.5739293073433
 20
-124.0909463340939
 10
228.5750563030237
 20
-124.6119162473954
 10
228.5745693475811
 20
-125.1328887066392
 10
228.5935941427046
 20
-125.654656136527
 10
228.631992183104
 20
-124.8645959798615
 10
228.5851890584924
 20
-124.06965525082
 10
228.7201952680444
 20
-123.2859373559484
 10
228.7562197651482
 20
-123.2846414710563
 10
228.7922442622522
 20
-123.2833452679206
 10
228.828268759356
 20
-123.2820490647862
 10
228.8567512789007
 20
-123.5336770046264
 10
228.8852323404948
 20
-123.785304626225
 10
228.9137148600389
 20
-124.0369328843094
 10
228.9373103297517
 20
-124.0370188098802
 10
228.9609072574145
 20
-124.0371047354498
 10
228.9845027271274
 20
-124.0371906610207
 10
228.9845027271274
 20
-123.6657528800223
 10
228.9845027271274
 20
-123.2943147807804
 10
228.9845027271274
 20
-122.9228766815386
 10
229.0078401396141
 20
-122.9192092509145
 10
229.0311775521014
 20
-122.9155418202911
 10
229.0545135066377
 20
-122.9118743896657
 10
229.0916810368767
 20
-122.9396137096025
 10
229.1288485671157
 20
-122.967352711297
 10
229.1720607598252
 20
-122.9996034419009
 10
229.188886965705
 20
-122.963951649939
 10
229.2098479189952
 20
-122.9195399052381
 10
229.2344158416429
 20
-122.8674836489923
 10
229.267674606787
 20
-122.8858058447016
 10
229.3004668277939
 20
-122.894068702106
 10
229.3029628389249
 20
-122.9068429701781
 10
229.3187845169599
 20
-122.987853279326
 10
229.3374302449727
 20
-123.069832637957
 10
229.3377466202151
 20
-123.151544036106
 10
229.3403884263895
 20
-123.8324561236373
 10
229.3392453932544
 20
-124.5133787131836
 10
229.3553018013083
 20
-125.1947582994628
 10
229.4142146621676
 20
-124.3177115511355
 10
229.3221071859837
 20
-123.4344717969118
 10
229.5035330791852
 20
-122.5598020044451
 10
229.606780754583
 20
-122.9731822838561
 10
229.629371696451
 20
-123.3907687790411
 10
229.6270870881318
 20
-123.8106978598578
 10
229.6247587413001
 20
-124.2383322366044
 10
229.6265724316313
 20
-124.6659837984647
 10
229.6595687656977
 20
-125.094528349765
 10
229.8549005900735
 20
-124.5089583199711
 10
229.6396575367147
 20
-123.8732631315576
 10
229.9678975799777
 20
-123.3085227329004
 10
229.9920660242081
 20
-123.3075590935447
 10
230.0162330104879
 20
-123.3065954541902
 10
230.0404014547188
 20
-123.3056318148345
 10
230.0404014547188
 20
-123.5629139754242
 10
230.0404014547188
 20
-123.8201967725005
 10
230.0404014547188
 20
-124.0774789330903
 10
230.0807181578798
 20
-124.0817783940183
 10
230.1210334030909
 20
-124.0860778549463
 10
230.1613501062525
 20
-124.0903766793885
 10
230.3331826856429
 20
-123.7459246192546
 10
230.4275047885266
 20
-123.3823503008823
 10
230.3870685334297
 20
-122.9855313794796
 10
230.4267962246186
 20
-122.9873838711192
 10
230.4665253737579
 20
-122.9892360445172
 10
230.5062545228973
 20
-122.9910882179145
 10
230.5311111197294
 20
-123.1249971721353
 10
230.5754984204834
 20
-123.2586922671619
 10
230.5774258309479
 20
-123.3928519967493
 10
230.5854912127106
 20
-123.9547097516538
 10
230.5808272292947
 20
-124.5167068969286
 10
230.5808272292947
 20
-125.0458034596942
 10
230.6503248102549
 20
-124.6935003484044
 10
230.7571371744473
 20
-124.3152407136344
 10
230.7920959097886
 20
-123.9319840296052
 10
230.8324315663058
 20
-123.4897747667303
 10
230.8077338860701
 20
-123.0431352451176
 10
230.8154376961268
 20
-122.5984745575557
 10
230.816755683313
 20
-122.5223623241416
 10
230.8388859128465
 20
-122.4465247343067
 10
230.8514024172633
 20
-122.3705604838184
 10
230.8822147415902
 20
-122.3698253428294
 10
230.9130270659171
 20
-122.3690905200859
 10
230.943839390244
 20
-122.3683553790976
 10
230.9943413350897
 20
-122.7153708854038
 10
231.0448447378853
 20
-123.0623860734678
 10
231.0883266514242
 20
-123.3611680566638
 10
231.1090864075559
 20
-123.1521238745841
 10
231.1348804665126
 20
-122.8923781960776
 10
231.1606745254692
 20
-122.6326325175711
 10
231.1899414223432
 20
-122.63119501461
 10
231.2192097771683
 20
-122.6297575116476
 10
231.2484766740423
 20
-122.6283200086865
 10
231.2649588036211
 20
-122.7013767924806
 10
231.2945916460521
 20
-122.774279546735
 10
231.295720099683
 20
-122.8475164559839
 10
231.3016116773589
 20
-123.2297830865013
 10
231.2936818849855
 20
-123.6122976282
 10
231.3060788374678
 20
-123.9943418069638
 10
231.3091580287696
 20
-124.0892882888362
 10
231.3698306357947
 20
-124.1828090427305
 10
231.4040312369141
 20
-124.276985376901
 10
231.4399128548762
 20
-124.2718062927311
 10
231.4757959307889
 20
-124.2666272085599
 10
231.5116790067015
 20
-124.2614481243907
 10
231.5599459135421
 20
-123.3821370781714
 10
231.6082128203826
 20
-122.5028260319522
 10
231.6564797272231
 20
-121.6235153039779
 10
231.6876871561153
 20
-121.6226032199634
 10
231.7188960429587
 20
-121.6216911359508
 10
231.7501034718515
 20
-121.6207793701792
 10
231.8179404472751
 20
-121.9077596354604
 10
231.7537060673569
 20
-122.207046988305
 10
231.7884475680849
 20
-122.497111345063
 10
231.813566595994
 20
-122.4968637521238
 10
231.838687081853
 20
-122.4966161591846
 10
231.8638061097622
 20
-122.496368884489
 10
231.8638061097622
 20
-121.8730046518534
 10
231.8638061097622
 20
-121.2496404192203
 10
231.8638061097622
 20
-120.626276186584
 10
231.9030832942692
 20
-120.6239086188895
 10
231.9423604787756
 20
-120.621541051193
 10
231.9816362053322
 20
-120.6191736426179
 10
231.9940214942106
 20
-120.7038405621326
 10
232.0161050693305
 20
-120.7884002338072
 10
232.0173355794908
 20
-120.8731906315485
 10
232.0353748001258
 20
-122.1166698372997
 10
232.0505987184857
 20
-123.3601802308524
 10
232.0667353138138
 20
-124.603680758876
 10
232.0671726989418
 20
-124.6373693106846
 10
232.0703481149719
 20
-124.6710298571229
 10
232.0932714695376
 20
-124.7048329763585
 10
232.1584753864903
 20
-123.8587779899129
 10
232.2236793034423
 20
-123.0127223669814
 10
232.2888832203949
 20
-122.1666670622942
 10
232.3177433490997
 20
-122.1666037319674
 10
232.3466020198547
 20
-122.1665404016381
 10
232.3754621485595
 20
-122.166477071312
 10
232.4242043472395
 20
-123.0679960584586
 10
232.4612552414442
 20
-123.9700121409405
 10
232.4873919187513
 20
-124.8737040902814
 10
232.4873919187513
 20
-124.7502920582855
 10
232.476304205753
 20
-124.6259144774755
 10
232.4902669969936
 20
-124.5037181331725
 10
232.5068220240935
 20
-124.3588196167919
 10
232.4078519752486
 20
-124.1746995783806
 10
232.6572518912141
 20
-124.0938315237882
 10
232.6832121565196
 20
-124.085413363871
 10
232.6776500756403
 20
-123.9906209115403
 10
232.6778877215597
 20
-123.9358748667116
 10
232.6803268726244
 20
-123.3728214734123
 10
232.6792640267628
 20
-122.809752167972
 10
232.6838915614185
 20
-122.2467165962708
 10
232.6845870037722
 20
-122.1623246385804
 10
232.7095587786881
 20
-122.078084482731
 10
232.7232985035136
 20
-121.993774313452
 10
232.751471937567
 20
-121.9914616426482
 10
232.7796453716211
 20
-121.9891486536008
 10
232.8078202636256
 20
-121.9868359827971
 10
232.829450416162
 20
-122.0563309925937
 10
232.8666091986982
 20
-122.1252025646445
 10
232.8703080189323
 20
-122.1954177580139
 10
232.906804891974
 20
-122.8883463773868
 10
232.9289190840528
 20
-123.5819474439066
 10
232.9751623557007
 20
-124.2743375963744
 10
232.9908936408094
 20
-124.5098786782988
 10
233.0634383381621
 20
-124.7425262962139
 10
233.11002277021
 20
-124.9764958949368
 10
233.1356506228178
 20
-124.9806877897812
 10
233.1612784754262
 20
-124.9848796846256
 10
233.186906328034
 20
-124.9890709429829
 10
233.2078322905146
 20
-124.9152971580434
 10
233.2453978412199
 20
-124.8417690565855
 10
233.2468382962424
 20
-124.7677069436223
 10
233.2534588491318
 20
-124.4271870921646
 10
233.2479871611788
 20
-124.0865011179393
 10
233.2518069912981
 20
-123.7459169814253
 10
233.2525840788756
 20
-123.6766024153259
 10
233.2747041027557
 20
-123.6074692476518
 10
233.2869844192037
 20
-123.5382527003497
 10
233.318872710946
 20
-123.5377759725579
 10
233.3507624606381
 20
-123.5372998812526
 10
233.3826507523803
 20
-123.5368231534589
 10
233.4541092766655
 20
-124.0637855796616
 10
233.5255678009501
 20
-124.590748005863
 10
233.5970263252353
 20
-125.117710432065
 10
233.6014876535422
 20
-125.1189592170145
 10
233.6059504397996
 20
-125.12020736548
 10
233.6104117681064
 20
-125.1214561504301
 10
233.6352552433849
 20
-124.1331135119612
 10
233.6592997618291
 20
-123.1447540066198
 10
233.6862106108128
 20
-122.1564543309354
 10
233.6888276318296
 20
-122.0603192120122
 10
233.709141255131
 20
-121.9645516635838
 10
233.7581735859458
 20
-121.8683570332459
 10
233.9391795894238
 20
-122.0240917187318
 10
233.8607680995521
 20
-122.2149432299459
 10
233.8736199325676
 20
-122.3888028005713
 10
233.8873859005005
 20
-122.5750378809751
 10
233.8767239090264
 20
-122.7626493617157
 10
233.8767239090264
 20
-122.9496603181924
 10
233.8977898347484
 20
-122.951336503293
 10
233.9188572184202
 20
-122.9530130066359
 10
233.9399231441415
 20
-122.9546891917365
 10
233.9955031303248
 20
-122.5424087596203
 10
234.0510831165081
 20
-122.1301283275042
 10
234.1066616447403
 20
-121.7178475771451
 10
234.1314191009433
 20
-121.7175898004351
 10
234.1561750991959
 20
-121.7173323419674
 10
234.180932555399
 20
-121.7170745652593
 10
234.248407959117
 20
-122.0416784552097
 10
234.204096471785
 20
-122.3745684342946
 10
234.2125627899157
 20
-122.7029164513979
 10
234.2213411094372
 20
-123.043365971185
 10
234.2152512505031
 20
-123.3841105020961
 10
234.2154218307033
 20
-123.7247258264084
 10
234.215592410903
 20
-124.0643724194805
 10
234.2154597374147
 20
-124.4040183760654
 10
234.2462297811788
 20
-124.7441798860729
 10
234.2715543800979
 20
-123.9037692548471
 10
234.2968789790171
 20
-123.0633589418655
 10
234.3222035779369
 20
-122.2229486288826
 10
234.3529211354861
 20
-122.2221141961258
 10
234.3836386930347
 20
-122.2212797633683
 10
234.4143562505839
 20
-122.2204456488538
 10
234.4642779311592
 20
-122.5753608974707
 10
234.5141996117345
 20
-122.9302761460864
 10
234.5641212923097
 20
-123.285191712947
 10
234.6252210788102
 20
-122.5130900004105
 10
234.5296728396176
 20
-121.7347812792909
 10
234.7116819129899
 20
-120.9653009331249
 10
234.8181385372782
 20
-121.3947397468397
 10
234.771911303085
 20
-121.8307400916745
 10
234.7896035315187
 20
-122.26338170145
 10
234.8073774051757
 20
-122.6980107378369
 10
234.8292568672354
 20
-123.132511840596
 10
234.8730828570752
 20
-123.5693914904304
 10
234.9993311584111
 20
-123.1878202205438
 10
234.7845721445947
 20
-122.7412192063151
 10
235.1491865930639
 20
-122.4091127411317
 10
235.1770611472801
 20
-122.4084266095437
 10
235.2049357014963
 20
-122.407740477955
 10
235.2328117136631
 20
-122.4070546646086
 10
235.2427753468819
 20
-122.5494692955308
 10
235.2556650866081
 20
-122.6917855894121
 10
235.2619313575439
 20
-122.8343243350469
 10
235.2690155386695
 20
-122.9954853793982
 10
235.2109409993056
 20
-123.180401661426
 10
235.5027847681052
 20
-123.2114118813924
 10
235.5406783576568
 20
-123.2154379717115
 10
235.5830041165068
 20
-123.3236233562207
 10
235.589824408605
 20
-123.3863356561163
 10
235.6040685842783
 20
-123.5173078653002
 10
235.5943907093429
 20
-123.6501602532543
 10
235.5973751338672
 20
-123.7821909381626
 10
235.6032185991791
 20
-124.0407447971882
 10
235.5365508999981
 20
-124.3112945022716
 10
235.7737608924418
 20
-124.5298108645949
 10
235.8206864848896
 20
-123.733608620889
 10
235.6879080235904
 20
-122.9202804563538
 10
235.9534970210982
 20
-122.1273732991363
 10
236.089248243319
 20
-122.4038515503043
 10
236.01548907326
 20
-122.6964172958771
 10
236.0287622539483
 20
-122.9808150204148
 10
236.0425850819482
 20
-123.2770001419402
 10
236.0318458191016
 20
-123.5740594765814
 10
236.0686648991883
 20
-123.8707967494563
 10
236.0686648991883
 20
-123.6773229171429
 10
236.0616813166429
 20
-123.4836062655344
 10
236.0704975428758
 20
-123.2904395375736
 10
236.080668205055
 20
-123.0675750231662
 10
236.0062806583621
 20
-122.8338740214112
 10
236.1941871412123
 20
-122.6305674397059
 10
236.2348960330383
 20
-122.5865223107697
 10
236.2139263320451
 20
-122.4959939944092
 10
236.2140648373354
 20
-122.4268640091632
 10
236.21520641252
 20
-121.8568563730672
 10
236.2131769455255
 20
-121.286840144412
 10
236.2161540802979
 20
-120.716842532966
 10
236.2165929233765
 20
-120.6328455146535
 10
236.2382682723767
 20
-120.5489331489406
 10
236.2501170354979
 20
-120.4649814802352
 10
236.2757521778581
 20
-120.4637599050486
 10
236.3013858622678
 20
-120.4625381707406
 10
236.327021004628
 20
-120.461316595554
 10
236.3400609132484
 20
-120.5272566735745
 10
236.3634945504633
 20
-120.5930661129041
 10
236.3645850973829
 20
-120.659156401549
 10
236.3815381449497
 20
-121.6871546452996
 10
236.3949673263341
 20
-122.7151968065641
 10
236.4116142043106
 20
-123.7431991874716
 10
236.4128578360254
 20
-123.8201496725585
 10
236.4323579229876
 20
-123.8968735687344
 10
236.4941648154449
 20
-123.9741480250432
 10
236.5098844369504
 20
-123.9458517801173
 10
236.5360313199102
 20
-123.9185478164006
 10
236.5397082708878
 20
-123.8891046242353
 10
236.5764267523948
 20
-123.5950214967451
 10
236.5938886246609
 20
-123.2983246407136
 10
236.6494132087277
 20
-123.0071076083472
 10
236.6820377654353
 20
-122.8359912911042
 10
236.7735197808862
 20
-122.6734293417187
 10
236.8385283324816
 20
-122.5070198362543
 10
236.8385283324816
 20
-123.8696357995315
 10
236.8385283324816
 20
-125.2322511263236
 10
236.8385283324816
 20
-126.5948670896015
 10
236.7293030603326
 20
-126.7888373807625
 10
236.6040549129894
 20
-126.9701562455914
 10
236.5983280837112
 20
-127.2041105686566
 10
236.5880437013985
 20
-127.624220411414
 10
236.5394035592486
 20
-128.0436307563832
 10
236.505216079683
 20
-128.4632358659773
 10
236.5030612289513
 20
-128.4896933037061
 10
236.4899425910079
 20
-128.5163938789755
 10
236.4766562887659
 20
-128.5407935584234
 10
236.4711364884488
 20
-128.550932775684
 10
236.4517749067761
 20
-128.5553238905538
 10
236.4022337512626
 20
-128.5818793470819
 10
236.3856043686906
 20
-128.4941811644035
 10
236.3618047859182
 20
-128.4203609160066
 10
236.3590886242729
 20
-128.3459551007638
 10
236.3416136304531
 20
-127.8671854625862
 10
236.3336284359638
 20
-127.3880918531854
 10
236.3084612956906
 20
-126.9096690997161
 10
236.3051663277253
 20
-126.8469962619346
 10
236.2215426650765
 20
-126.7875440418119
 10
236.175125897328
 20
-126.7265998992018
 10
236.1426587992664
 20
-126.7904782409072
 10
236.0980251048901
 20
-126.8519589409649
 10
236.0807367287253
 20
-126.9188300384482
 10
236.0579708328055
 20
-127.0068827436636
 10
236.0566936682315
 20
-127.0991718977226
 10
236.0461774718008
 20
-127.1896394296992
 10
236.0122874141219
 20
-127.1899118455805
 10
235.9783973564436
 20
-127.1901842614619
 10
235.9445072987647
 20
-127.1904566773419
 10
235.9319047752724
 20
-126.8401629514198
 10
235.9193037097307
 20
-126.4898692254964
 10
235.906701186239
 20
-126.1395754995749
 10
235.8846948824916
 20
-126.1406823482124
 10
235.8626885787449
 20
-126.1417885603653
 10
235.840683732948
 20
-126.1428947725183
 10
235.7491171563721
 20
-126.8236423284948
 10
235.6575505797962
 20
-127.5043898844719
 10
235.5659840032209
 20
-128.1851374404491
 10
235.5443436450311
 20
-128.187999716657
 10
235.5227047447911
 20
-128.1908619928675
 10
235.5010643866013
 20
-128.1937242690767
 10
235.4841375821425
 20
-128.1363972747192
 10
235.4546636563074
 20
-128.0794095272427
 10
235.4526137780073
 20
-128.0216796374351
 10
235.4461973381774
 20
-127.8411130987074
 10
235.4620671285764
 20
-127.6595466409392
 10
235.4478433642099
 20
-127.4796611419144
 10
235.4032067539326
 20
-126.915100232225
 10
235.361748475587
 20
-126.349937207062
 10
235.2939085842619
 20
-125.7873188517412
 10
235.2413407236614
 20
-125.3513592419929
 10
235.1510309003539
 20
-124.9188691158136
 10
235.0751372908699
 20
-124.4709015667785
 10
235.0751372908699
 20
-124.5675894735352
 10
235.0778811535738
 20
-124.6536811662979
 10
235.0747261488492
 20
-124.7396067362925
 10
235.0276270603008
 20
-126.022634617727
 10
234.9800832968724
 20
-127.3056510424191
 10
234.9306427399379
 20
-128.5886114563687
 10
234.9289529753928
 20
-128.6324519551515
 10
234.9063941084341
 20
-128.6756795182008
 10
234.8935612287742
 20
-128.719192863331
 10
234.8692790644106
 20
-128.7212035216699
 10
234.844996900047
 20
-128.7232135435216
 10
234.8207147356827
 20
-128.7252235653745
 10
234.8067548603431
 20
-128.6405505992453
 10
234.7810511943126
 20
-128.5559170952296
 10
234.7806794169538
 20
-128.4711983021295
 10
234.7774704680639
 20
-127.7416666629098
 10
234.7788336517132
 20
-127.0121197480335
 10
234.7788336517132
 20
-126.2825766520719
 10
234.7536490160348
 20
-126.2808893284723
 10
234.7284643803571
 20
-126.279202004872
 10
234.7032797446787
 20
-126.2775146812692
 10
234.6525970139805
 20
-126.7440841614806
 10
234.6019157412322
 20
-127.2106536416907
 10
234.551233010534
 20
-127.6772231219007
 10
234.5255089331981
 20
-127.6773427812128
 10
234.499786313812
 20
-127.6774630770113
 10
234.4740622364761
 20
-127.6775833728086
 10
234.4117917157826
 20
-127.3305121740042
 10
234.4552313487594
 20
-126.9764485432582
 10
234.4473861175108
 20
-126.6262967536474
 10
234.4394606989888
 20
-126.2724889901551
 10
234.4456394928987
 20
-125.9184393620946
 10
234.4456394928987
 20
-125.5644960271478
 10
234.423029597675
 20
-125.5634961081068
 10
234.4004197024513
 20
-125.562496189067
 10
234.377809807227
 20
-125.5614962700253
 10
234.3558661953485
 20
-125.8386711547983
 10
234.3185105895047
 20
-126.1156958289443
 10
234.3149838074213
 20
-126.3930495661985
 10
234.3058803649544
 20
-127.1089667762176
 10
234.3127050309041
 20
-127.825031650919
 10
234.3102921229468
 20
-128.5410303311072
 10
234.3100063646633
 20
-128.6257873133477
 10
234.2918140592332
 20
-128.7104991051064
 10
234.2819218655856
 20
-128.7952319008913
 10
234.2470739344761
 20
-128.7961408024757
 10
234.2122274613177
 20
-128.7970490675743
 10
234.1773795302081
 20
-128.7979579691595
 10
234.1708216691869
 20
-128.5612406616543
 10
234.1614907864535
 20
-128.324550723036
 10
234.1584538757137
 20
-128.0877984088172
 10
234.1551559918475
 20
-127.8306250872828
 10
234.1577176107478
 20
-127.5733951185195
 10
234.1577219845993
 20
-127.3161893362131
 10
234.1577234425498
 20
-127.0661249235042
 10
234.1577205266488
 20
-126.8160598743081
 10
234.1577205266488
 20
-126.5659954615966
 10
234.1363309359327
 20
-126.5717524747864
 10
234.114941345216
 20
-126.577510124462
 10
234.0935517544999
 20
-126.5832671376518
 10
234.0525556464393
 20
-126.52001509788
 10
233.9792338615084
 20
-126.457931645859
 10
233.9761677917602
 20
-126.3933073429092
 10
233.9630229107095
 20
-126.1162896701046
 10
233.9705648882687
 20
-125.8385241266
 10
233.9705648882687
 20
-125.5610309989773
 10
233.9508796416019
 20
-125.5581801795107
 10
233.9311943949345
 20
-125.5553293600427
 10
233.9115091482677
 20
-125.5524779040915
 10
233.8841128017912
 20
-125.6603673227465
 10
233.8515713482581
 20
-125.7674923220731
 10
233.8303829547005
 20
-125.876302735541
 10
233.785288547989
 20
-126.1078963331321
 10
233.9467550998435
 20
-126.3768159983268
 10
233.6573650616122
 20
-126.5670711224365
 10
233.6245218123403
 20
-126.5886619904754
 10
233.6431194279884
 20
-126.6731758351797
 10
233.6426966223646
 20
-126.7285405441121
 10
233.6403624437309
 20
-127.0343980206335
 10
233.6430844371787
 20
-127.3403299659825
 10
233.6357946850431
 20
-127.6460849683066
 10
233.6338468632725
 20
-127.7278358285696
 10
233.602874164398
 20
-127.8090590421848
 10
233.5422146789273
 20
-127.8892804273032
 10
233.3640691741869
 20
-127.4804472017568
 10
233.5154058864731
 20
-127.04291101692
 10
233.4076735555613
 20
-126.6326571552838
 10
233.3802932465402
 20
-126.6331790735613
 10
233.3529143954689
 20
-126.6337009918394
 10
233.3255355443976
 20
-126.634222910115
 10
233.3029854251411
 20
-127.759787410893
 10
233.2804353058848
 20
-128.8853512751859
 10
233.2578851866284
 20
-130.0109164124498
 10
233.2240869798268
 20
-130.0137360441169
 10
233.1902887730252
 20
-130.0165569487563
 10
233.1564905662236
 20
-130.0193765804233
 10
233.1408321786359
 20
-129.9407069474501
 10
233.1123861078528
 20
-129.862130241391
 10
233.1116265156797
 20
-129.7833498599067
 10
233.1072730757042
 20
-129.3315341183074
 10
233.1317301941196
 20
-128.8786248942707
 10
233.1039722759377
 20
-128.4280814875925
 10
233.0675031039532
 20
-127.8361695142469
 10
232.9916751022385
 20
-127.2461065318706
 10
232.927557358354
 20
-126.6029281810382
 10
232.8561440305325
 20
-126.9467214784684
 10
232.7940003515267
 20
-127.2458869443023
 10
232.7325798159325
 20
-127.5415733792789
 10
232.6302346118489
 20
-127.4635109536694
 10
232.6343270786979
 20
-127.463462580755
 10
232.6274091039211
 20
-127.017496779259
 10
232.6242920059079
 20
-126.8165563331563
 10
232.5959013372405
 20
-126.6159984149621
 10
232.5886159589564
 20
-126.4150000486613
 10
232.5816265446084
 20
-126.2221849790529
 10
232.5871069802643
 20
-126.029024297706
 10
232.5871069802643
 20
-125.8360157364425
 10
232.5638118483397
 20
-125.8348306000633
 10
232.540518174365
 20
-125.8336454636823
 10
232.5172230424404
 20
-125.8324603273019
 10
232.4989082691747
 20
-126.1707416585399
 10
232.4805920379592
 20
-126.5090229897767
 10
232.4622772646936
 20
-126.8473036845295
 10
232.4187705659977
 20
-126.847655024637
 10
232.3752624093508
 20
-126.8480057282606
 10
232.3317557106549
 20
-126.8483570683675
 10
232.2566829272611
 20
-126.4943443564788
 10
232.326256321644
 20
-126.1276203886024
 10
232.2755823386481
 20
-125.7706041006778
 10
232.227373749825
 20
-126.7275781777282
 10
232.306626477093
 20
-127.6881974084033
 10
232.1815955643637
 20
-128.6416631762551
 10
232.1554545132052
 20
-128.6445286348924
 10
232.1293134620467
 20
-128.6473934570451
 10
232.1031709529377
 20
-128.6502589156824
 10
232.0873973872668
 20
-128.5854131157085
 10
232.0596263475305
 20
-128.5208480059291
 10
232.0576318713463
 20
-128.4556807806737
 10
232.0232242412665
 20
-127.3314414431303
 10
231.9920153544231
 20
-126.2071276367606
 10
231.9599768937867
 20
-125.0828329249614
 10
231.9590131885548
 20
-125.0490597205531
 10
231.956658598615
 20
-125.0153164309732
 10
231.899314492415
 20
-124.9810824109155
 10
231.8652159478251
 20
-125.8651330479282
 10
231.8311174032359
 20
-126.7491843214249
 10
231.797018858646
 20
-127.633234958435
 10
231.7631973246373
 20
-127.6338778089957
 10
231.7293757906292
 20
-127.6345200230705
 10
231.6955542566205
 20
-127.6351628736311
 10
231.6458250255015
 20
-127.0625746062493
 10
231.6973650310507
 20
-126.4842337810757
 10
231.6341789174894
 20
-125.9101777776619
 10
231.5606778046565
 20
-126.4143826575287
 10
231.6195906655158
 20
-126.9253056439981
 10
231.566979066402
 20
-127.4290248852733
 10
231.5374132896908
 20
-127.4302405729668
 10
231.507847512979
 20
-127.4314556241757
 10
231.4782817362672
 20
-127.4326713118698
 10
231.4639909061803
 20
-127.3853320511747
 10
231.4399813785464
 20
-127.3384536061283
 10
231.4370086176255
 20
-127.2905784244709
 10
231.4193747072092
 20
-127.0065154914137
 10
231.4228621246314
 20
-126.7206073863013
 10
231.3861174000163
 20
-126.4386104858388
 10
231.3640790213595
 20
-126.2694866870903
 10
231.2817543925414
 20
-126.1063515823278
 10
231.2510105918847
 20
-126.0140407877561
 10
231.152918229197
 20
-125.9687000921688
 10
231.0718168207868
 20
-125.951369859431
 10
231.0685393482267
 20
-125.9262878673064
 10
231.0523823415938
 20
-125.802618695087
 10
231.0550839237349
 20
-125.6769013118717
 10
231.0544088926874
 20
-125.5518942467007
 10
231.0530952793526
 20
-125.3085969499915
 10
231.0646816113968
 20
-125.0648324727761
 10
231.0510672703085
 20
-124.8221105591426
 10
231.0361116148269
 20
-124.55550006408
 10
230.9987851679915
 20
-124.2898462070299
 10
230.9189973729167
 20
-124.0250745191657
 10
230.9189973729167
 20
-124.2000947214717
 10
230.9234805704795
 20
-124.3752199439184
 10
230.918118228809
 20
-124.550114758542
 10
230.9045024297696
 20
-124.9942608474114
 10
230.9024204765602
 20
-125.43937312158
 10
230.8634844524531
 20
-125.8819369069899
 10
230.8440368517057
 20
-126.1029966661844
 10
230.7516509069901
 20
-126.3188735222942
 10
230.6969413172115
 20
-126.5379869082073
 10
230.6701850109728
 20
-126.6451520061319
 10
230.6543604170369
 20
-126.7543882285375
 10
230.6331734814299
 20
-126.8626258048726
 10
230.6199192540972
 20
-126.9303224243137
 10
230.6058952289382
 20
-126.9979044763279
 10
230.5922181959816
 20
-127.065538083684
 10
230.5660246586076
 20
-127.0646145429295
 10
230.5398296632837
 20
-127.063691002173
 10
230.5136361259096
 20
-127.0627674614166
 10
230.5136361259096
 20
-126.7580785726467
 10
230.5136361259096
 20
-126.4533896838775
 10
230.5136361259096
 20
-126.0937192505682
 10
230.4417066836371
 20
-126.1718103180357
 10
230.4165220479587
 20
-126.1991518344088
 10
230.3414317691597
 20
-126.2806754692755
 10
230.2370964627433
 20
-125.8213772017439
 10
230.3318092963408
 20
-125.4016110612673
 10
230.2722753485994
 20
-124.9935034294232
 10
230.2490633198493
 20
-124.9929318652633
 10
230.2258498331486
 20
-124.992360301101
 10
230.202636346448
 20
-124.9917887369392
 10
230.1778672266411
 20
-125.6974617095558
 10
230.1530981068348
 20
-126.4031340456878
 10
230.1283289870285
 20
-127.1088070183063
 10
230.0947830056505
 20
-127.1116661120874
 10
230.061235566322
 20
-127.114524569382
 10
230.0276895849447
 20
-127.1173836631618
 10
230.0045081731528
 20
-127.0179773259641
 10
229.9638794686003
 20
-126.9189185099613
 10
229.9612726532368
 20
-126.8191029124562
 10
229.9518455457746
 20
-126.4577878000894
 10
229.9557936755314
 20
-126.0962155474979
 10
229.9531577011595
 20
-125.7347483150472
 10
229.9526794934191
 20
-125.6691718294854
 10
229.9449815151638
 20
-125.603636079007
 10
229.9406149536346
 20
-125.5380812339606
 10
229.9192136993146
 20
-125.5365453939566
 10
229.8978109870448
 20
-125.535008917468
 10
229.8764097327248
 20
-125.5334730774653
 10
229.8577712944644
 20
-125.6371394134781
 10
229.8245416883294
 20
-125.7406415361773
 10
229.8230050085788
 20
-125.8445013638439
 10
229.8161118189596
 20
-126.3101848559547
 10
229.8240955554984
 20
-126.7760694775471
 10
229.8138694912026
 20
-127.2416664076011
 10
229.81037915788
 20
-127.4006089810334
 10
229.7693276477036
 20
-127.5589227065911
 10
229.7454391299549
 20
-127.7175234871994
 10
229.7095473063399
 20
-127.7164236399034
 10
229.6736569406755
 20
-127.7153231561221
 10
229.63776511706
 20
-127.7142226723401
 10
229.5963943157402
 20
-126.969403283005
 10
229.5550249723703
 20
-126.2245838936692
 10
229.51365417105
 20
-125.4797645043341
 10
229.5050216465711
 20
-125.4796550287922
 10
229.4963905800427
 20
-125.4795455532516
 10
229.4877595135137
 20
-125.4794360777104
 10
229.4473990718395
 20
-126.4767156119452
 10
229.4070371722148
 20
-127.47399514618
 10
229.3666767305406
 20
-128.4712746804148
 10
229.3403344822235
 20
-128.472802246103
 10
229.3139922339064
 20
-128.4743291753054
 10
229.2876499855887
 20
-128.4758567409949
 10
229.2713019874493
 20
-128.435646120181
 10
229.2431445908506
 20
-128.3960172472997
 10
229.2405057005771
 20
-128.3551319516384
 10
229.2221734319063
 20
-128.0710709280389
 10
229.2216252425458
 20
-127.7857267492609
 10
229.1912255181901
 20
-127.502771937813
 10
229.1537124536997
 20
-127.1535856970149
 10
229.1530855350163
 20
-126.7884293934267
 10
229.0264027644525
 20
-126.4628370411771
 10
228.8748254903453
 20
-126.0732613270813
 10
228.8280792258007
 20
-125.6833393647631
 10
228.7806185655461
 20
-125.2821210541761
 10
228.7377183742283
 20
-125.9038250138529
 10
228.6948167249592
 20
-126.5255283370445
 10
228.6519165336413
 20
-127.1472322967206
 10
228.6144588712673
 20
-127.150133398558
 10
228.5770012088934
 20
-127.1530345003954
 10
228.5395435465201
 20
-127.1559349657482
 10
228.5174526816478
 20
-127.0320653005291
 10
228.4946270097607
 20
-126.9082911081677
 10
228.4734998501216
 20
-126.7842966917521
 10
228.4558936407633
 20
-126.6809734215348
 10
228.5369542265612
 20
-126.5467755028038
 10
228.3368957269012
 20
-126.5006869365157
 10
228.3048062379997
 20
-126.4932947915548
 10
228.2902908835478
 20
-126.3895826285704
 10
228.2874566279171
 20
-126.3296829590004
 10
228.2677568017461
 20
-125.9135670640337
 10
228.2533449617735
 20
-125.4972614963279
 10
228.2370421600972
 20
-125.0810227596204
 10
228.2357285467624
 20
-125.0474825089793
 10
228.2329569830006
 20
-125.0139855393676
 10
228.2308648241378
 20
-124.9804682022135
 10
228.2095466729922
 20
-124.9803816401581
 10
228.1882270638962
 20
-124.9802944416167
 10
228.1669074548002
 20
-124.9802072430748
 10
228.1669074548002
 20
-125.349348583654
 10
228.1669074548002
 20
-125.7184905607198
 10
228.1669074548002
 20
-126.0876319012984
 10
228.128191581208
 20
-126.0883135774873
 10
228.0894757076157
 20
-126.0889958901614
 10
228.0507598340235
 20
-126.0896782028354
 10
228.008770861722
 20
-125.6072494083482
 10
227.9667818894204
 20
-125.1248206138604
 10
227.9233947426599
 20
-124.6263447418119
 10
227.8861674364535
 20
-124.7187013633551
 10
227.8537542825573
 20
-124.7991149671549
 10
227.8213396707112
 20
-124.8795292074419
 10
227.8020568183622
 20
-124.8814628510089
 10
227.7827739660131
 20
-124.883396494576
 10
227.7634911136634
 20
-124.8853301381443
 10
227.7458440816935
 20
-124.8212640331573
 10
227.7145622973291
 20
-124.7575059872498
 10
227.7126523822698
 20
-124.6930847232387
 10
227.6928913221804
 20
-124.0266160875394
 10
227.6928344621134
 20
-123.3593776223798
 10
227.6541827383399
 20
-122.6938191612354
 10
227.6386847252998
 20
-122.4269079266777
 10
227.5412134494942
 20
-122.1636259336025
 10
227.4796310814026
 20
-121.8924343326879
 10
227.4796310814026
 20
-121.9709413435608
 10
227.480731833975
 20
-122.0463878129311
 10
227.4794648750538
 20
-122.121804367471
 10
227.462300424675
 20
-123.1428680994794
 10
227.4559831254748
 20
-124.1642147493848
 10
227.4216002805513
 20
-125.1848393062578
 10
227.408798017851
 20
-125.5648893753117
 10
227.3828100514876
 20
-125.9556279487879
 10
227.2704735131266
 20
-126.3197709671368
 10
227.0451983028788
 20
-127.050008469001
 10
227.1715384550921
 20
-127.7916880743611
 10
227.0974789472454
 20
-128.525119461487
 10
227.0890578255785
 20
-128.6085003616367
 10
227.0748588463683
 20
-128.6914357217955
 10
227.0633395800438
 20
-128.7745779398077
 10
227.0302397314969
 20
-128.7740241972454
 10
226.9971398829492
 20
-128.7734710911683
 10
226.9640400344023
 20
-128.7729173486059
 10
226.9458200279149
 20
-128.0505079844113
 10
226.9275985634764
 20
-127.3280986202153
 10
226.9093785569884
 20
-126.6056892560207
 10
226.8986465838943
 20
-126.6057904572468
 10
226.8879160687507
 20
-126.6058922949594
 10
226.877185553607
 20
-126.6059941326727
 10
226.8572087168548
 20
-126.7837053965333
 10
226.8372333380525
 20
-126.9614160239093
 10
226.8172579592501
 20
-127.13912728777
 10
226.7821126062539
 20
-127.1427196130831
 10
226.7469687112081
 20
-127.1463113019077
 10
226.7118248161624
 20
-127.1499036272189
 10
226.6269371104934
 20
-126.9361379941894
 10
226.5420486758486
 20
-126.7223729976431
 10
226.4550221569032
 20
-126.5032239685306
 10
226.4356197526189
 20
-126.6015463705746
 10
226.4147725194613
 20
-126.7071940865837
 10
226.3939245573285
 20
-126.812841802589
 10
226.1367260645287
 20
-126.3393206255251
 10
226.3426761418647
 20
-125.8067953142723
 10
226.0616941037466
 20
-125.3399680573529
 10
226.0266201903215
 20
-125.4853452109823
 10
225.9915455479206
 20
-125.6307223646129
 10
225.9564716344955
 20
-125.7760995182436
 10
225.9298720579275
 20
-125.7752841800573
 10
225.9032717523842
 20
-125.7744682053844
 10
225.8766721758169
 20
-125.7736528671981
 10
225.8566720118576
 20
-125.575812106473
 10
225.836671118923
 20
-125.3779713457473
 10
225.8166709549637
 20
-125.1801299485363
 10
225.8025004057873
 20
-125.1807607058679
 10
225.7883298566103
 20
-125.1813920996866
 10
225.7741593074339
 20
-125.1820228570195
 10
225.7463423422599
 20
-126.0694786925451
 10
225.71852464811
 20
-126.9569345280701
 10
225.690707682936
 20
-127.8443903635944
 10
225.6464435789928
 20
-127.8439881046309
 10
225.6021802040249
 20
-127.8435852091802
 10
225.5579161000824
 20
-127.8431829502147
 10
225.5579161000824
 20
-127.1668182347942
 10
225.5579161000824
 20
-126.4904535193731
 10
225.5579161000824
 20
-125.8140894404372
 10
225.5277015354305
 20
-125.8140232459246
 10
225.4974869707787
 20
-125.8139570514108
 10
225.4672731351021
 20
-125.8138908568976
 10
225.4344998674508
 20
-126.5008078688002
 10
225.4017265997996
 20
-127.1877255171879
 10
225.3689533321477
 20
-127.8746425290898
 10
225.3385346544363
 20
-127.8776696550968
 10
225.3081159767249
 20
-127.880696781103
 10
225.2776980279881
 20
-127.8837239071106
 10
225.2607894479098
 20
-127.8196558926653
 10
225.2305121913897
 20
-127.755829106303
 10
225.22899519397
 20
-127.6914848570612
 10
225.2091845635666
 20
-126.8512002500068
 10
225.1969581912847
 20
-126.0107711606957
 10
225.1744467077142
 20
-125.1705495657245
 10
225.1680579689428
 20
-124.9321041995352
 10
225.1346760069879
 20
-124.6942093934782
 10
225.1136742310854
 20
-124.4560625390828
 10
225.0894540296142
 20
-124.4567181193584
 10
225.0652338281436
 20
-124.4573743361173
 10
225.0410128976978
 20
-124.4580305528788
 10
225.0138527391908
 20
-125.766668709571
 10
224.9866925806839
 20
-127.0753062297799
 10
224.9595324221769
 20
-128.3839443864721
 10
224.9264427792827
 20
-128.3851810781932
 10
224.8933531363885
 20
-128.3864177699161
 10
224.8602642224701
 20
-128.387654461639
 10
224.7256115658966
 20
-128.1825755854921
 10
224.8200692581689
 20
-127.9457691699886
 10
224.7878573014324
 20
-127.7272076171802
 10
224.7544972087336
 20
-127.5008484780168
 10
224.7589264621317
 20
-127.2702955345519
 10
224.7453959531925
 20
-127.0416412279417
 10
224.7314564891589
 20
-126.8060638663319
 10
224.7158600644643
 20
-126.5705603370639
 10
224.7008657732968
 20
-126.335030711882
 10
224.6863139700834
 20
-126.1064381443852
 10
224.6657153174738
 20
-125.8779938780558
 10
224.6585954165632
 20
-125.6492269134757
 10
224.651253178212
 20
-125.413320488757
 10
224.6569632410597
 20
-125.1771040955012
 10
224.6569632410597
 20
-124.9407120321903
 10
224.3033956829766
 20
-124.9494204295888
 10
224.508008090796
 20
-124.6189010415071
 10
224.2883962889823
 20
-124.5265125956778
 10
224.1343674712326
 20
-125.6802473172154
 10
224.1875170540534
 20
-126.8458938686957
 10
223.9348228990979
 20
-127.9819826605836
 10
223.892525570281
 20
-127.981316260052
 10
223.8502289704401
 20
-127.9806498595203
 10
223.8079323705985
 20
-127.9799834589886
 10
223.7699724443024
 20
-127.1735293400522
 10
223.7320125180064
 20
-126.3670752211184
 10
223.6942275457621
 20
-125.5643369057217
 10
223.6100768340336
 20
-125.5433366964144
 10
223.5312629498442
 20
-125.5236686516872
 10
223.4420269070258
 20
-125.5013992898863
 10
223.3974537175927
 20
-126.1034142008057
 10
223.3516594946767
 20
-126.721924911708
 10
223.3058652717602
 20
-127.3404356226104
 10
223.2667951162142
 20
-127.3415532915052
 10
223.2277249606684
 20
-127.3426709604007
 10
223.1886540761465
 20
-127.3437892657814
 10
223.1166721476585
 20
-126.9184443281117
 10
223.0446894901952
 20
-126.4930993904433
 10
222.9727068327319
 20
-126.0677544527724
 10
222.9628401532158
 20
-126.0678581999433
 10
222.9529734737004
 20
-126.0679625835988
 10
222.9431060652097
 20
-126.0680663307677
 10
222.9141679361566
 20
-127.0350860616792
 10
222.885229807104
 20
-128.0021057925893
 10
222.8562916780509
 20
-128.9691255235014
 10
222.8138901057789
 20
-128.9735363694276
 10
222.7714892624821
 20
-128.9779472153539
 10
222.7290884191853
 20
-128.982356788309
 10
222.6860234794684
 20
-128.8026705093103
 10
222.6171134525304
 20
-128.6243068476015
 10
222.6049453982653
 20
-128.4430395381144
 10
222.5737860817371
 20
-127.9788626076644
 10
222.5631634549249
 20
-127.5134738084349
 10
222.5528433528266
 20
-127.0484261655415
 10
222.5323445698208
 20
-126.1247269245942
 10
222.519015987016
 20
-125.2009073878472
 10
222.4986119707885
 20
-124.2772062374417
 10
222.4960627444666
 20
-124.1618145617961
 10
222.4686109958743
 20
-124.0468416937442
 10
222.4466382249867
 20
-123.8878163771705
 10
222.409381759772
 20
-124.1458304963199
 10
222.3788719601592
 20
-124.3571259283361
 10
222.3483614315704
 20
-124.5684213603498
 10
222.3060626448031
 20
-124.5698852774684
 10
222.2637638580364
 20
-124.5713485581005
 10
222.2214650712691
 20
-124.5728118387338
 10
222.1554191879448
 20
-124.2421384211124
 10
222.089372575646
 20
-123.9114643670057
 10
222.0145046342869
 20
-123.536618841549
 10
221.8932716824202
 20
-124.1983450222722
 10
221.8685710862836
 20
-124.8305599068594
 10
221.6880345428424
 20
-125.4380778731725
 10
221.6666114192665
 20
-125.4385049550801
 10
221.6451875667153
 20
-125.4389320369864
 10
221.6237644431387
 20
-125.439359118894
 10
221.5848998586028
 20
-125.3873779679623
 10
221.5460360030422
 20
-125.3353974535159
 10
221.4906265970591
 20
-125.2612876041242
 10
221.4354067246314
 20
-125.5310773452764
 10
221.3500029045114
 20
-125.7630324667466
 10
221.0133526742095
 20
-125.8867563767378
 10
220.9754248228228
 20
-125.7229007701602
 10
220.9417877195434
 20
-125.5775859921287
 10
220.9081513452392
 20
-125.4322712140985
 10
220.8915934022384
 20
-125.4307525592087
 10
220.8750361882128
 20
-125.429234540806
 10
220.8584789741872
 20
-125.4277158859169
 10
220.7903562404795
 20
-126.1359863566912
 10
220.7222327777966
 20
-126.8442561909803
 10
220.654110044089
 20
-127.5525266617546
 10
220.6149874023276
 20
-127.5524992928684
 10
220.5758643960785
 20
-127.552471923984
 10
220.5367421188041
 20
-127.5524445550978
 10
220.4273900049679
 20
-126.6553376868486
 10
220.376648956253
 20
-125.7529785385723
 10
220.2703917066858
 20
-124.8535325853612
 10
220.230284583898
 20
-125.395254478545
 10
220.1901774611103
 20
-125.9369757352429
 10
220.1500703383231
 20
-126.478697628426
 10
220.1277217807136
 20
-126.4837806032555
 10
220.105373587591
 20
-126.4888629415998
 10
220.0830250299814
 20
-126.4939459164293
 10
220.0375333317788
 20
-126.4383208848433
 10
219.9920416335763
 20
-126.3826958532573
 10
219.9191641590383
 20
-126.2935846723169
 10
219.8699054814196
 20
-126.4983338488697
 10
219.8268000835787
 20
-126.6775064839067
 10
219.7836946857377
 20
-126.8566791189436
 10
219.7472688877789
 20
-126.855698930959
 10
219.7108434543078
 20
-126.854718106491
 10
219.6744176563484
 20
-126.8537372820217
 10
219.571212990488
 20
-125.5220067875136
 10
219.4680083246276
 20
-124.1902762930069
 10
219.3648036587673
 20
-122.8585461167411
 10
219.3250726871905
 20
-122.8582160989047
 10
219.285341715613
 20
-122.8578863993092
 10
219.245610379548
 20
-122.8575563814728
 10
219.169091673818
 20
-123.8834329001299
 10
219.0925729680887
 20
-124.9093091005434
 10
219.0160542623587
 20
-125.9351853009583
 10
218.9849871611943
 20
-125.9376249506604
 10
218.9539200600304
 20
-125.9400652368484
 10
218.9228529588666
 20
-125.9425048865498
 10
218.9049110564227
 20
-125.8917005976835
 10
218.8776229627658
 20
-125.8418752238294
 10
218.8704906692761
 20
-125.7899392633828
 10
218.8080342599035
 20
-125.3351536794914
 10
218.7635204819501
 20
-124.878016280923
 10
218.6818942113866
 20
-124.4259523098993
 10
218.6510574663897
 20
-124.2551691929228
 10
218.551201348173
 20
-124.0892940172059
 10
218.4570469095887
 20
-123.9330132269883
 10
218.346168686143
 20
-123.7489721128031
 10
218.2073298894057
 20
-123.5777733706616
 10
218.0813010096087
 20
-123.4019626531114
 10
217.966603685019
 20
-124.1748364228074
 10
217.8976240409479
 20
-124.9881830454272
 10
217.585925903231
 20
-125.7707479464467
 10
217.3974772450661
 20
-124.9137364950999
 10
217.3792253459126
 20
-124.0408867335008
 10
217.2595181391679
 20
-123.1799169775627
 10
217.2201221317008
 20
-123.1782668883753
 10
217.1807263064782
 20
-123.1766171174315
 10
217.141330481255
 20
-123.1749673464871
 10
216.8716823675142
 20
-124.7535623218298
 10
216.6416203415267
 20
-126.3385772102229
 10
216.2545084422599
 20
-127.8981237596696
 10
216.2267004070319
 20
-127.8999555655247
 10
216.198892371804
 20
-127.9017880078656
 10
216.1710845188198
 20
-127.9036198137207
 10
216.1487605641234
 20
-127.8533813606451
 10
216.1126799359278
 20
-127.8044617059474
 10
216.1061743788783
 20
-127.7527077804114
 10
216.0073136763153
 20
-126.9662278558286
 10
215.9175333623784
 20
-126.1788434850612
 10
215.8118914590139
 20
-125.3930789704097
 10
215.7915762866402
 20
-125.2419747184184
 10
215.7125583805125
 20
-125.0968871657833
 10
215.6606215390811
 20
-124.9490245354809
 10
215.636489179124
 20
-124.9523068922543
 10
215.6123568191663
 20
-124.9555892490283
 10
215.5882244592092
 20
-124.9588716058024
 10
215.4791856224707
 20
-125.8146794626848
 10
215.3701468768541
 20
-126.6704879560519
 10
215.2611080401161
 20
-127.5262964494202
 10
215.2200156617662
 20
-127.5286495370662
 10
215.1789232834169
 20
-127.5310032611994
 10
215.1378309506281
 20
-127.5333563488454
 10
215.0263064450945
 20
-127.1299198855816
 10
214.9147819851214
 20
-126.7264840588037
 10
214.8032575023687
 20
-126.3230475955386
 10
214.7782221015851
 20
-126.3058389315692
 10
214.7531867008008
 20
-126.2886302675992
 10
214.7281512772369
 20
-126.2714222401156
 10
214.6614391561287
 20
-126.3514284930649
 10
214.5947270350199
 20
-126.4314353825014
 10
214.5280146974974
 20
-126.5114416354513
 10
214.5280144810825
 20
-126.4419202114972
 10
214.5280144810825
 20
-126.3723994240289
 10
214.5280144013507
 20
-126.3028780000761
 97
        0
 97
        0
 75
     2
 76
     1
 98
        0
  0
ENDBLK
  5
221
330
21E
100
AcDbEntity
  8
0
100
AcDbBlockEnd
  0
BLOCK
  5
228
330
226
100
AcDbEntity
  8
0
100
AcDbBlockBegin
  2
block 70
 70
     0
 10
0.0
 20
0.0
 30
0.0
  3
block 70
  1

  0
MTEXT
  5
22A
330
226
100
AcDbEntity
  8
Experiment Box
 62
     7
420
 16777215
100
AcDbMText
 10
206.272077733431
 20
-117.148217290117
 30
0.0
 40
1.9981333328338
 41
0.0
 46
0.0
 71
     7
 72
     1
  1
\fMyriad Pro|b0|i0|c0|p34;\W1;Noise
 73
     1
 44
1.0
  0
INSERT
  5
22C
330
226
100
AcDbEntity
  8
Experiment Box
100
AcDbBlockReference
  2
block 71
 10
0.0
 20
0.0
 30
0.0
  0
MTEXT
  5
23E
330
226
100
AcDbEntity
  8
Experiment Box
 62
     7
420
 16777215
100
AcDbMText
 10
202.2156927815821
 20
-125.4712456776491
 30
0.0
 40
1.9981333328338
 41
0.0
 46
0.0
 71
     7
 72
     1
  1
\fMyriad Pro|b0|i0|c0|p34;\W0.83894;0
 73
     1
 44
1.0
  0
ENDBLK
  5
229
330
226
100
AcDbEntity
  8
0
100
AcDbBlockEnd
  0
BLOCK
  5
22D
330
22B
100
AcDbEntity
  8
0
100
AcDbBlockBegin
  2
block 71
 70
     0
 10
0.0
 20
0.0
 30
0.0
  3
block 71
  1

  0
INSERT
  5
230
330
22B
100
AcDbEntity
  8
Experiment Box
100
AcDbBlockReference
  2
block 72
 10
0.0
 20
0.0
 30
0.0
  0
ENDBLK
  5
22E
330
22B
100
AcDbEntity
  8
0
100
AcDbBlockEnd
  0
BLOCK
  5
231
330
22F
100
AcDbEntity
  8
0
100
AcDbBlockBegin
  2
block 72
 70
     0
 10
0.0
 20
0.0
 30
0.0
  3
block 72
  1

  0
INSERT
  5
234
330
22F
100
AcDbEntity
  8
Experiment Box
100
AcDbBlockReference
  2
block 73
 10
0.0
 20
0.0
 30
0.0
  0
ENDBLK
  5
232
330
22F
100
AcDbEntity
  8
0
100
AcDbBlockEnd
  0
BLOCK
  5
235
330
233
100
AcDbEntity
  8
0
100
AcDbBlockBegin
  2
block 73
 70
     0
 10
0.0
 20
0.0
 30
0.0
  3
block 73
  1

  0
SPLINE
  5
237
330
233
100
AcDbEntity
  8
Experiment Box
 62
   250
420
  1645085
370
    35
100
AcDbSpline
210
0.0
220
0.0
230
1.0
 70
     8
 71
     3
 72
    11
 73
     7
 74
     0
 42
0.0000000001
 43
0.0000000001
 12
1.0
 22
0.0
 32
0.0
 13
1.0
 23
0.0
 33
0.0
 40
0.0
 40
0.0
 40
0.0
 40
0.0
 40
1.0
 40
1.0
 40
1.0
 40
2.0
 40
2.0
 40
2.0
 40
2.0
 10
202.8458412138604
 20
-123.3876966358195
 30
0.0
 10
202.8458412138604
 20
-120.2915424699269
 30
0.0
 10
205.8196166935486
 20
-117.7816344149987
 30
0.0
 10
209.48801159996
 20
-117.7816344149987
 30
0.0
 10
212.5088123562263
 20
-117.7816344149987
 30
0.0
 10
215.0586249462353
 20
-119.4836108034624
 30
0.0
 10
215.8647221682559
 20
-121.8134258028798
 30
0.0
  0
INSERT
  5
239
330
233
100
AcDbEntity
  8
Experiment Box
100
AcDbBlockReference
  2
block 74
 10
0.0
 20
0.0
 30
0.0
  0
ENDBLK
  5
236
330
233
100
AcDbEntity
  8
0
100
AcDbBlockEnd
  0
BLOCK
  5
23A
330
238
100
AcDbEntity
  8
0
100
AcDbBlockBegin
  2
block 74
 70
     0
 10
0.0
 20
0.0
 30
0.0
  3
block 74
  1

  0
SPLINE
  5
23C
330
238
100
AcDbEntity
  8
Experiment Box
370
     0
100
AcDbSpline
210
0.0
220
0.0
230
1.0
 70
    11
 71
     3
 72
    17
 73
    13
 74
     0
 42
0.0000000001
 43
0.0000000001
 12
1.0
 22
0.0
 32
0.0
 13
1.0
 23
0.0
 33
0.0
 40
0.0
 40
0.0
 40
0.0
 40
0.0
 40
1.0
 40
1.0
 40
1.0
 40
2.0
 40
2.0
 40
2.0
 40
3.0
 40
3.0
 40
3.0
 40
4.0
 40
4.0
 40
4.0
 40
4.0
 10
216.1301819860597
 20
-123.3876966358195
 30
0.0
 10
215.7189489409956
 20
-122.6998152471027
 30
0.0
 10
215.0811267350455
 20
-121.870046636199
 30
0.0
 10
214.4802403614866
 20
-121.3938319140961
 30
0.0
 10
214.4802403614866
 20
-121.3938319140961
 30
0.0
 10
215.8005166127168
 20
-121.6116721918195
 30
0.0
 10
215.8005166127168
 20
-121.6116721918195
 30
0.0
 10
215.8005166127168
 20
-121.6116721918195
 30
0.0
 10
216.9543766872549
 20
-120.9345858030994
 30
0.0
 10
216.9543766872549
 20
-120.9345858030994
 30
0.0
 10
216.564451419425
 20
-121.5947035807126
 30
0.0
 10
216.2669186492379
 20
-122.5981094137947
 30
0.0
 10
216.1301819860597
 20
-123.3876966358195
 30
0.0
  0
HATCH
  5
23D
330
238
100
AcDbEntity
  8
Experiment Box
 62
   250
420
  1645085
100
AcDbHatch
 10
0.0
 20
0.0
 30
0.0
210
0.0
220
0.0
230
1.0
  2
SOLID
 70
     1
 71
     0
 91
        1
 92
        1
 93
        1
 72
     4
 94
        3
 73
     0
 74
     1
 95
       17
 96
       13
 40
0.0
 40
0.0
 40
0.0
 40
0.0
 40
1.0
 40
1.0
 40
1.0
 40
2.0
 40
2.0
 40
2.0
 40
3.0
 40
3.0
 40
3.0
 40
4.0
 40
4.0
 40
4.0
 40
4.0
 10
216.1301819860597
 20
-123.3876966358195
 10
215.7189489409956
 20
-122.6998152471027
 10
215.0811267350455
 20
-121.870046636199
 10
214.4802403614866
 20
-121.3938319140961
 10
214.4802403614866
 20
-121.3938319140961
 10
215.8005166127168
 20
-121.6116721918195
 10
215.8005166127168
 20
-121.6116721918195
 10
215.8005166127168
 20
-121.6116721918195
 10
216.9543766872549
 20
-120.9345858030994
 10
216.9543766872549
 20
-120.9345858030994
 10
216.564451419425
 20
-121.5947035807126
 10
216.2669186492379
 20
-122.5981094137947
 10
216.1301819860597
 20
-123.3876966358195
 97
        0
 97
        0
 75
     2
 76
     1
 98
        0
  0
ENDBLK
  5
23B
330
238
100
AcDbEntity
  8
0
100
AcDbBlockEnd
  0
BLOCK
  5
242
330
240
100
AcDbEntity
  8
0
100
AcDbBlockBegin
  2
block 75
 70
     0
 10
0.0
 20
0.0
 30
0.0
  3
block 75
  1

  0
SPLINE
  5
244
330
240
100
AcDbEntity
  8
Electrode
 62
     7
420
 16777215
370
     9
100
AcDbSpline
210
0.0
220
0.0
230
1.0
 70
     8
 71
     3
 72
    11
 73
     7
 74
     0
 42
0.0000000001
 43
0.0000000001
 12
1.0
 22
0.0
 32
0.0
 13
1.0
 23
0.0
 33
0.0
 40
0.0
 40
0.0
 40
0.0
 40
0.0
 40
1.0
 40
1.0
 40
1.0
 40
2.0
 40
2.0
 40
2.0
 40
2.0
 10
184.419341128404
 20
-82.99767497925066
 30
0.0
 10
183.3769180994428
 20
-82.64489720156108
 30
0.0
 10
182.0730867438175
 20
-83.60043109021106
 30
0.0
 10
180.3169942886191
 20
-85.41363831197997
 30
0.0
 10
180.3169942886191
 20
-85.41363831197997
 30
0.0
 10
134.4701365693813
 20
-128.6676863567221
 30
0.0
 10
134.4701365693813
 20
-128.6676863567221
 30
0.0
  0
POLYLINE
  5
245
330
240
100
AcDbEntity
  8
Electrode
 62
     7
420
 16777215
370
     9
100
AcDb2dPolyline
 66
     1
 10
0.0
 20
0.0
 30
0.0
  0
VERTEX
  5
246
330
245
100
AcDbEntity
  8
Electrode
 62
     7
420
 16777215
370
     9
100
AcDbVertex
100
AcDb2dVertex
 10
170.8202167531243
 20
-92.51163303242754
 30
0.0
  0
VERTEX
  5
247
330
245
100
AcDbEntity
  8
Electrode
 62
     7
420
 16777215
370
     9
100
AcDbVertex
100
AcDb2dVertex
 10
131.0683358228349
 20
-128.3584413567996
 30
0.0
  0
SEQEND
  5
248
330
245
100
AcDbEntity
  8
Electrode
 62
     7
420
 16777215
370
     9
  0
POLYLINE
  5
249
330
240
100
AcDbEntity
  8
Electrode
 62
     7
420
 16777215
370
     9
100
AcDb2dPolyline
 66
     1
 10
0.0
 20
0.0
 30
0.0
  0
VERTEX
  5
24A
330
249
100
AcDbEntity
  8
Electrode
 62
     7
420
 16777215
370
     9
100
AcDbVertex
100
AcDb2dVertex
 10
165.4734463339762
 20
-97.1308346979396
 30
0.0
  0
VERTEX
  5
24B
330
249
100
AcDbEntity
  8
Electrode
 62
     7
420
 16777215
370
     9
100
AcDbVertex
100
AcDb2dVertex
 10
131.0719341560764
 20
-127.8114241347139
 30
0.0
  0
SEQEND
  5
24C
330
249
100
AcDbEntity
  8
Electrode
 62
     7
420
 16777215
370
     9
  0
POLYLINE
  5
24D
330
240
100
AcDbEntity
  8
Electrode
 62
     7
420
 16777215
370
     9
100
AcDb2dPolyline
 66
     1
 10
0.0
 20
0.0
 30
0.0
  0
VERTEX
  5
24E
330
24D
100
AcDbEntity
  8
Electrode
 62
     7
420
 16777215
370
     9
100
AcDbVertex
100
AcDb2dVertex
 10
174.5084024923642
 20
-89.35656497766097
 30
0.0
  0
VERTEX
  5
24F
330
24D
100
AcDbEntity
  8
Electrode
 62
     7
420
 16777215
370
     9
100
AcDbVertex
100
AcDb2dVertex
 10
131.0439236012354
 20
-128.907998578884
 30
0.0
  0
SEQEND
  5
250
330
24D
100
AcDbEntity
  8
Electrode
 62
     7
420
 16777215
370
     9
  0
POLYLINE
  5
251
330
240
100
AcDbEntity
  8
Electrode
 62
     7
420
 16777215
370
     9
100
AcDb2dPolyline
 66
     1
 10
0.0
 20
0.0
 30
0.0
  0
VERTEX
  5
252
330
251
100
AcDbEntity
  8
Electrode
 62
     7
420
 16777215
370
     9
100
AcDbVertex
100
AcDb2dVertex
 10
156.5319410065375
 20
-104.8574794182301
 30
0.0
  0
VERTEX
  5
253
330
251
100
AcDbEntity
  8
Electrode
 62
     7
420
 16777215
370
     9
100
AcDbVertex
100
AcDb2dVertex
 10
131.0790249892288
 20
-127.2329391348583
 30
0.0
  0
SEQEND
  5
254
330
251
100
AcDbEntity
  8
Electrode
 62
     7
420
 16777215
370
     9
  0
POLYLINE
  5
255
330
240
100
AcDbEntity
  8
Electrode
 62
     7
420
 16777215
370
     9
100
AcDb2dPolyline
 66
     1
 10
0.0
 20
0.0
 30
0.0
  0
VERTEX
  5
256
330
255
100
AcDbEntity
  8
Electrode
 62
     7
420
 16777215
370
     9
100
AcDbVertex
100
AcDb2dVertex
 10
181.3484459289716
 20
-83.46803359024427
 30
0.0
  0
VERTEX
  5
257
330
255
100
AcDbEntity
  8
Electrode
 62
     7
420
 16777215
370
     9
100
AcDbVertex
100
AcDb2dVertex
 10
131.0792366558901
 20
-129.8872391341951
 30
0.0
  0
SEQEND
  5
258
330
255
100
AcDbEntity
  8
Electrode
 62
     7
420
 16777215
370
     9
  0
POLYLINE
  5
259
330
240
100
AcDbEntity
  8
Electrode
 62
     7
420
 16777215
370
     9
100
AcDb2dPolyline
 66
     1
 10
0.0
 20
0.0
 30
0.0
  0
VERTEX
  5
25A
330
259
100
AcDbEntity
  8
Electrode
 62
     7
420
 16777215
370
     9
100
AcDbVertex
100
AcDb2dVertex
 10
131.0233566573157
 20
-126.9760463571449
 30
0.0
  0
VERTEX
  5
651
330
259
100
AcDbEntity
  8
0
100
AcDbVertex
100
AcDb2dVertex
 10
131.0233566573157
 20
-126.9760463571449
 30
0.0
  0
SEQEND
  5
25B
330
259
100
AcDbEntity
  8
Electrode
 62
     7
420
 16777215
370
     9
  0
POLYLINE
  5
25C
330
240
100
AcDbEntity
  8
Electrode
 62
     7
420
 16777215
370
     9
100
AcDb2dPolyline
 66
     1
 10
0.0
 20
0.0
 30
0.0
  0
VERTEX
  5
25D
330
25C
100
AcDbEntity
  8
Electrode
 62
     7
420
 16777215
370
     9
100
AcDbVertex
100
AcDb2dVertex
 10
175.4132069137252
 20
-86.89431720049853
 30
0.0
  0
VERTEX
  5
652
330
25C
100
AcDbEntity
  8
0
100
AcDbVertex
100
AcDb2dVertex
 10
175.4132069137252
 20
-86.89431720049853
 30
0.0
  0
SEQEND
  5
25E
330
25C
100
AcDbEntity
  8
Electrode
 62
     7
420
 16777215
370
     9
  0
POLYLINE
  5
25F
330
240
100
AcDbEntity
  8
Electrode
 62
     7
420
 16777215
370
     9
100
AcDb2dPolyline
 66
     1
 10
0.0
 20
0.0
 30
0.0
  0
VERTEX
  5
260
330
25F
100
AcDbEntity
  8
Electrode
 62
     7
420
 16777215
370
     9
100
AcDbVertex
100
AcDb2dVertex
 10
178.3792212825003
 20
-85.99625081183429
 30
0.0
  0
VERTEX
  5
261
330
25F
100
AcDbEntity
  8
Electrode
 62
     7
420
 16777215
370
     9
100
AcDbVertex
100
AcDb2dVertex
 10
131.0608569341368
 20
-129.4058385787597
 30
0.0
  0
SEQEND
  5
262
330
25F
100
AcDbEntity
  8
Electrode
 62
     7
420
 16777215
370
     9
  0
SPLINE
  5
263
330
240
100
AcDbEntity
  8
Electrode
 62
     7
420
 16777215
370
     9
100
AcDbSpline
210
0.0
220
0.0
230
1.0
 70
     8
 71
     3
 72
    11
 73
     7
 74
     0
 42
0.0000000001
 43
0.0000000001
 12
1.0
 22
0.0
 32
0.0
 13
1.0
 23
0.0
 33
0.0
 40
0.0
 40
0.0
 40
0.0
 40
0.0
 40
1.0
 40
1.0
 40
1.0
 40
2.0
 40
2.0
 40
2.0
 40
2.0
 10
184.3029597424842
 20
-82.80103664596628
 30
0.0
 10
183.5571875392882
 20
-82.61014859045864
 30
0.0
 10
182.4988542329552
 20
-83.1206180347755
 30
0.0
 10
181.5386637018962
 20
-83.99892886788929
 30
0.0
 10
181.5386637018962
 20
-83.99892886788929
 30
0.0
 10
133.3997735411327
 20
-129.2115638565861
 30
0.0
 10
133.3997735411327
 20
-129.2115638565861
 30
0.0
  0
SPLINE
  5
264
330
240
100
AcDbEntity
  8
Electrode
 62
     7
420
 16777215
370
     9
100
AcDbSpline
210
0.0
220
0.0
230
1.0
 70
     8
 71
     3
 72
    11
 73
     7
 74
     0
 42
0.0000000001
 43
0.0000000001
 12
1.0
 22
0.0
 32
0.0
 13
1.0
 23
0.0
 33
0.0
 40
0.0
 40
0.0
 40
0.0
 40
0.0
 40
1.0
 40
1.0
 40
1.0
 40
2.0
 40
2.0
 40
2.0
 40
2.0
 10
184.1916583564349
 20
-82.6557980348916
 30
0.0
 10
183.1214011615172
 20
-82.36112275718759
 30
0.0
 10
182.0381617447085
 20
-83.31570414583781
 30
0.0
 10
180.1082556828337
 20
-85.11691692316538
 30
0.0
 10
180.1082556828337
 20
-85.11691692316538
 30
0.0
 10
132.3931574557025
 20
-129.6911299675771
 30
0.0
 10
132.3931574557025
 20
-129.6911299675771
 30
0.0
  0
SPLINE
  5
265
330
240
100
AcDbEntity
  8
Electrode
 62
     7
420
 16777215
370
     9
100
AcDbSpline
210
0.0
220
0.0
230
1.0
 70
     8
 71
     3
 72
    11
 73
     7
 74
     0
 42
0.0000000001
 43
0.0000000001
 12
1.0
 22
0.0
 32
0.0
 13
1.0
 23
0.0
 33
0.0
 40
0.0
 40
0.0
 40
0.0
 40
0.0
 40
1.0
 40
1.0
 40
1.0
 40
2.0
 40
2.0
 40
2.0
 40
2.0
 10
184.133026691264
 20
-82.4912624793771
 30
0.0
 10
183.1255639391888
 20
-82.19926831278349
 30
0.0
 10
181.8264950834419
 20
-83.14968692365689
 30
0.0
 10
180.0003409633643
 20
-84.95922525653809
 30
0.0
 10
180.0003409633643
 20
-84.95922525653809
 30
0.0
 10
131.3789213704667
 20
-130.1082191341396
 30
0.0
 10
131.3789213704667
 20
-130.1082191341396
 30
0.0
  0
ENDBLK
  5
243
330
240
100
AcDbEntity
  8
0
100
AcDbBlockEnd
  0
BLOCK
  5
268
330
266
100
AcDbEntity
  8
0
100
AcDbBlockBegin
  2
block 76
 70
     0
 10
0.0
 20
0.0
 30
0.0
  3
block 76
  1

  0
SPLINE
  5
26A
330
266
100
AcDbEntity
  8
Electrode
 62
     7
420
 16777215
370
     9
100
AcDbSpline
210
0.0
220
0.0
230
1.0
 70
     8
 71
     3
 72
    11
 73
     7
 74
     0
 42
0.0000000001
 43
0.0000000001
 12
1.0
 22
0.0
 32
0.0
 13
1.0
 23
0.0
 33
0.0
 40
0.0
 40
0.0
 40
0.0
 40
0.0
 40
1.0
 40
1.0
 40
1.0
 40
2.0
 40
2.0
 40
2.0
 40
2.0
 10
185.568585265751
 20
-84.1070199789732
 30
0.0
 10
185.7243719284432
 20
-84.63262358995308
 30
0.0
 10
185.302484994762
 20
-85.93747803407136
 30
0.0
 10
183.7811308669083
 20
-87.48088081146328
 30
0.0
 10
183.7811308669083
 20
-87.48088081146328
 30
0.0
 10
144.1965371545732
 20
-132.0999319114196
 30
0.0
 10
144.1965371545732
 20
-132.0999319114196
 30
0.0
  0
SPLINE
  5
26B
330
266
100
AcDbEntity
  8
Electrode
 62
     7
420
 16777215
370
     9
100
AcDbSpline
210
0.0
220
0.0
230
1.0
 70
     8
 71
     3
 72
     8
 73
     4
 74
     0
 42
0.0000000001
 43
0.0000000001
 12
1.0
 22
0.0
 32
0.0
 13
1.0
 23
0.0
 33
0.0
 40
0.0
 40
0.0
 40
0.0
 40
0.0
 40
1.0
 40
1.0
 40
1.0
 40
1.0
 10
185.7507949833247
 20
-84.46759414554977
 30
0.0
 10
185.5989241538659
 20
-85.69423775635424
 30
0.0
 10
185.10161333322
 20
-86.24668775621606
 30
0.0
 10
183.9435144738767
 20
-87.52494275589665
 30
0.0
  0
POLYLINE
  5
26C
330
266
100
AcDbEntity
  8
Electrode
 62
     7
420
 16777215
370
     9
100
AcDb2dPolyline
 66
     1
 10
0.0
 20
0.0
 30
0.0
  0
VERTEX
  5
26D
330
26C
100
AcDbEntity
  8
Electrode
 62
     7
420
 16777215
370
     9
100
AcDbVertex
100
AcDb2dVertex
 10
183.391593654624
 20
-88.1497122001848
 30
0.0
  0
VERTEX
  5
26E
330
26C
100
AcDbEntity
  8
Electrode
 62
     7
420
 16777215
370
     9
100
AcDbVertex
100
AcDb2dVertex
 10
145.4092107347464
 20
-131.2841333005124
 30
0.0
  0
SEQEND
  5
26F
330
26C
100
AcDbEntity
  8
Electrode
 62
     7
420
 16777215
370
     9
  0
POLYLINE
  5
270
330
266
100
AcDbEntity
  8
Electrode
 62
     7
420
 16777215
370
     9
100
AcDb2dPolyline
 66
     1
 10
0.0
 20
0.0
 30
0.0
  0
VERTEX
  5
271
330
270
100
AcDbEntity
  8
Electrode
 62
     7
420
 16777215
370
     9
100
AcDbVertex
100
AcDb2dVertex
 10
183.3769180994428
 20
-88.38487386679284
 30
0.0
  0
VERTEX
  5
272
330
270
100
AcDbEntity
  8
Electrode
 62
     7
420
 16777215
370
     9
100
AcDbVertex
100
AcDb2dVertex
 10
146.3916968207922
 20
-130.754966633978
 30
0.0
  0
SEQEND
  5
273
330
270
100
AcDbEntity
  8
Electrode
 62
     7
420
 16777215
370
     9
  0
SPLINE
  5
274
330
266
100
AcDbEntity
  8
Electrode
 62
     7
420
 16777215
370
     9
100
AcDbSpline
210
0.0
220
0.0
230
1.0
 70
     8
 71
     3
 72
     8
 73
     4
 74
     0
 42
0.0000000001
 43
0.0000000001
 12
1.0
 22
0.0
 32
0.0
 13
1.0
 23
0.0
 33
0.0
 40
0.0
 40
0.0
 40
0.0
 40
0.0
 40
1.0
 40
1.0
 40
1.0
 40
1.0
 10
185.9051352571649
 20
-84.71012886771136
 30
0.0
 10
185.8243138703379
 20
-85.81989720076733
 30
0.0
 10
184.3029597424842
 20
-87.38270275593197
 30
0.0
 10
184.3029597424842
 20
-87.38270275593197
 30
0.0
  0
SPLINE
  5
275
330
266
100
AcDbEntity
  8
Electrode
 62
     7
420
 16777215
370
     9
100
AcDbSpline
210
0.0
220
0.0
230
1.0
 70
     8
 71
     3
 72
     8
 73
     4
 74
     0
 42
0.0000000001
 43
0.0000000001
 12
1.0
 22
0.0
 32
0.0
 13
1.0
 23
0.0
 33
0.0
 40
0.0
 40
0.0
 40
0.0
 40
0.0
 40
1.0
 40
1.0
 40
1.0
 40
1.0
 10
185.9712810888107
 20
-85.26868192312736
 30
0.0
 10
185.8316516479285
 20
-85.93747803407136
 30
0.0
 10
184.7145102875402
 20
-87.17918525598284
 30
0.0
 10
184.7145102875402
 20
-87.20895970042007
 30
0.0
  0
POLYLINE
  5
276
330
266
100
AcDbEntity
  8
Electrode
 62
     7
420
 16777215
370
     9
100
AcDb2dPolyline
 66
     1
 10
0.0
 20
0.0
 30
0.0
  0
VERTEX
  5
277
330
276
100
AcDbEntity
  8
Electrode
 62
     7
420
 16777215
370
     9
100
AcDbVertex
100
AcDb2dVertex
 10
183.2887236572484
 20
-88.77441108891759
 30
0.0
  0
VERTEX
  5
278
330
276
100
AcDbEntity
  8
Electrode
 62
     7
420
 16777215
370
     9
100
AcDbVertex
100
AcDb2dVertex
 10
147.2833426313778
 20
-130.3580916340772
 30
0.0
  0
SEQEND
  5
279
330
276
100
AcDbEntity
  8
Electrode
 62
     7
420
 16777215
370
     9
  0
POLYLINE
  5
27A
330
266
100
AcDbEntity
  8
Electrode
 62
     7
420
 16777215
370
     9
100
AcDb2dPolyline
 66
     1
 10
0.0
 20
0.0
 30
0.0
  0
VERTEX
  5
27B
330
27A
100
AcDbEntity
  8
Electrode
 62
     7
420
 16777215
370
     9
100
AcDbVertex
100
AcDb2dVertex
 10
183.185818382096
 20
-89.2006724777
 30
0.0
  0
VERTEX
  5
27C
330
27A
100
AcDbEntity
  8
Electrode
 62
     7
420
 16777215
370
     9
100
AcDbVertex
100
AcDb2dVertex
 10
148.0109467794817
 20
-130.1596541341268
 30
0.0
  0
SEQEND
  5
27D
330
27A
100
AcDbEntity
  8
Electrode
 62
     7
420
 16777215
370
     9
  0
POLYLINE
  5
27E
330
266
100
AcDbEntity
  8
Electrode
 62
     7
420
 16777215
370
     9
100
AcDb2dPolyline
 66
     1
 10
0.0
 20
0.0
 30
0.0
  0
VERTEX
  5
27F
330
27E
100
AcDbEntity
  8
Electrode
 62
     7
420
 16777215
370
     9
100
AcDbVertex
100
AcDb2dVertex
 10
183.1417211609988
 20
-89.53877469983753
 30
0.0
  0
VERTEX
  5
280
330
27E
100
AcDbEntity
  8
Electrode
 62
     7
420
 16777215
370
     9
100
AcDbVertex
100
AcDb2dVertex
 10
149.0245478647337
 20
-129.7151541342379
 30
0.0
  0
SEQEND
  5
281
330
27E
100
AcDbEntity
  8
Electrode
 62
     7
420
 16777215
370
     9
  0
POLYLINE
  5
282
330
266
100
AcDbEntity
  8
Electrode
 62
     7
420
 16777215
370
     9
100
AcDb2dPolyline
 66
     1
 10
0.0
 20
0.0
 30
0.0
  0
VERTEX
  5
283
330
282
100
AcDbEntity
  8
Electrode
 62
     7
420
 16777215
370
     9
100
AcDbVertex
100
AcDb2dVertex
 10
183.0747992182617
 20
-89.9401652552929
 30
0.0
  0
VERTEX
  5
284
330
282
100
AcDbEntity
  8
Electrode
 62
     7
420
 16777215
370
     9
100
AcDbVertex
100
AcDb2dVertex
 10
149.99765006213
 20
-129.1945599677011
 30
0.0
  0
SEQEND
  5
285
330
282
100
AcDbEntity
  8
Electrode
 62
     7
420
 16777215
370
     9
  0
POLYLINE
  5
286
330
266
100
AcDbEntity
  8
Electrode
 62
     7
420
 16777215
370
     9
100
AcDb2dPolyline
 66
     1
 10
0.0
 20
0.0
 30
0.0
  0
VERTEX
  5
287
330
286
100
AcDbEntity
  8
Electrode
 62
     7
420
 16777215
370
     9
100
AcDbVertex
100
AcDb2dVertex
 10
183.0747992182617
 20
-90.41154692184162
 30
0.0
  0
VERTEX
  5
288
330
286
100
AcDbEntity
  8
Electrode
 62
     7
420
 16777215
370
     9
100
AcDbVertex
100
AcDb2dVertex
 10
150.9213633718975
 20
-128.6382999678405
 30
0.0
  0
SEQEND
  5
289
330
286
100
AcDbEntity
  8
Electrode
 62
     7
420
 16777215
370
     9
  0
ENDBLK
  5
269
330
266
100
AcDbEntity
  8
0
100
AcDbBlockEnd
  0
BLOCK
  5
28C
330
28A
100
AcDbEntity
  8
0
100
AcDbBlockBegin
  2
block 77
 70
     0
 10
0.0
 20
0.0
 30
0.0
  3
block 77
  1

  0
SPLINE
  5
28E
330
28A
100
AcDbEntity
  8
Electrode
 62
   250
420
  1645085
370
    35
100
AcDbSpline
210
0.0
220
0.0
230
1.0
 70
    11
 71
     3
 72
    23
 73
    19
 74
     0
 42
0.0000000001
 43
0.0000000001
 12
1.0
 22
0.0
 32
0.0
 13
1.0
 23
0.0
 33
0.0
 40
0.0
 40
0.0
 40
0.0
 40
0.0
 40
1.0
 40
1.0
 40
1.0
 40
2.0
 40
2.0
 40
2.0
 40
3.0
 40
3.0
 40
3.0
 40
4.0
 40
4.0
 40
4.0
 40
5.0
 40
5.0
 40
5.0
 40
6.0
 40
6.0
 40
6.0
 40
6.0
 10
149.4968467415733
 20
-132.5322258002001
 30
0.0
 10
149.4968467415733
 20
-132.5322258002001
 30
0.0
 10
184.9423694483937
 20
-88.06885553353843
 30
0.0
 10
184.9423694483937
 20
-88.06885553353843
 30
0.0
 10
188.2651527307115
 20
-84.16522831229197
 30
0.0
 10
185.6038277648519
 20
-82.5567027571387
 30
0.0
 10
185.2951472171714
 20
-84.10010553453061
 30
0.0
 10
185.2951472171714
 20
-84.10010553453061
 30
0.0
 10
185.3833416593658
 20
-84.77627470102816
 30
0.0
 10
184.8100777851021
 20
-85.65821914525212
 30
0.0
 10
184.2368139108384
 20
-86.54016358947608
 30
0.0
 10
180.1504479039792
 20
-91.11156386611108
 30
0.0
 10
180.1504479039792
 20
-91.11156386611108
 30
0.0
 10
180.1504479039792
 20
-91.11156386611108
 30
0.0
 10
143.3136402326537
 20
-132.5158569113156
 30
0.0
 10
143.3136402326537
 20
-132.5158569113156
 30
0.0
 10
143.3136402326537
 20
-132.5158569113156
 30
0.0
 10
149.4968467415733
 20
-132.5322258002001
 30
0.0
 10
149.4968467415733
 20
-132.5322258002001
 30
0.0
  0
SPLINE
  5
28F
330
28A
100
AcDbEntity
  8
Electrode
 62
   250
420
  1645085
370
    35
100
AcDbSpline
210
0.0
220
0.0
230
1.0
 70
    11
 71
     3
 72
    29
 73
    25
 74
     0
 42
0.0000000001
 43
0.0000000001
 12
1.0
 22
0.0
 32
0.0
 13
1.0
 23
0.0
 33
0.0
 40
0.0
 40
0.0
 40
0.0
 40
0.0
 40
1.0
 40
1.0
 40
1.0
 40
2.0
 40
2.0
 40
2.0
 40
3.0
 40
3.0
 40
3.0
 40
4.0
 40
4.0
 40
4.0
 40
5.0
 40
5.0
 40
5.0
 40
6.0
 40
6.0
 40
6.0
 40
7.0
 40
7.0
 40
7.0
 40
8.0
 40
8.0
 40
8.0
 40
8.0
 10
131.0555652676051
 20
-126.5291827461454
 30
0.0
 10
131.0555652676051
 20
-126.5291827461454
 30
0.0
 10
180.4109742862215
 20
-83.93154831235033
 30
0.0
 10
180.4109742862215
 20
-83.93154831235033
 30
0.0
 10
183.0982236621085
 20
-81.45487192408075
 30
0.0
 10
184.7399455646691
 20
-82.0630255350398
 30
0.0
 10
184.9068094493009
 20
-82.75016609042353
 30
0.0
 10
184.9740136142531
 20
-83.02692025702093
 30
0.0
 10
184.8019991741971
 20
-83.3164802569487
 30
0.0
 10
184.3627249539093
 20
-83.42252525692203
 30
0.0
 10
184.3627249539093
 20
-83.42252525692203
 30
0.0
 10
183.5740855944127
 20
-83.44838386802668
 30
0.0
 10
182.7154597829847
 20
-84.05600831231942
 30
0.0
 10
181.8567986937799
 20
-84.66359747883399
 30
0.0
 10
177.7324737990002
 20
-88.44368192233361
 30
0.0
 10
177.7324737990002
 20
-88.44368192233361
 30
0.0
 10
177.7324737990002
 20
-88.44368192233361
 30
0.0
 10
131.7028805226299
 20
-132.5218188557587
 30
0.0
 10
131.7028805226299
 20
-132.5218188557587
 30
0.0
 10
131.7028805226299
 20
-132.5218188557587
 30
0.0
 10
131.0555652676051
 20
-132.5083427446507
 30
0.0
 10
131.0555652676051
 20
-132.5083427446507
 30
0.0
 10
131.0555652676051
 20
-132.5083427446507
 30
0.0
 10
131.0555652676051
 20
-126.5291827461454
 30
0.0
 10
131.0555652676051
 20
-126.5291827461454
 30
0.0
  0
ENDBLK
  5
28D
330
28A
100
AcDbEntity
  8
0
100
AcDbBlockEnd
  0
BLOCK
  5
294
330
292
100
AcDbEntity
  8
0
100
AcDbBlockBegin
  2
block 78
 70
     0
 10
0.0
 20
0.0
 30
0.0
  3
block 78
  1

  0
INSERT
  5
297
330
292
100
AcDbEntity
  8
Electrode
100
AcDbBlockReference
  2
block 79
 10
0.0
 20
0.0
 30
0.0
  0
ENDBLK
  5
295
330
292
100
AcDbEntity
  8
0
100
AcDbBlockEnd
  0
BLOCK
  5
298
330
296
100
AcDbEntity
  8
0
100
AcDbBlockBegin
  2
block 79
 70
     0
 10
0.0
 20
0.0
 30
0.0
  3
block 79
  1

  0
POLYLINE
  5
29A
330
296
100
AcDbEntity
  8
Electrode
370
     0
100
AcDb2dPolyline
 66
     1
 10
0.0
 20
0.0
 30
0.0
  0
VERTEX
  5
29B
330
29A
100
AcDbEntity
  8
Electrode
370
     0
100
AcDbVertex
100
AcDb2dVertex
 10
144.6773732534172
 20
-127.2216149681943
 30
0.0
  0
VERTEX
  5
29C
330
29A
100
AcDbEntity
  8
Electrode
370
     0
100
AcDbVertex
100
AcDb2dVertex
 10
143.3872649529972
 20
-127.2216149681943
 30
0.0
  0
VERTEX
  5
29D
330
29A
100
AcDbEntity
  8
Electrode
370
     0
100
AcDbVertex
100
AcDb2dVertex
 10
143.3872649529972
 20
-125.9315066351838
 30
0.0
  0
VERTEX
  5
29E
330
29A
100
AcDbEntity
  8
Electrode
370
     0
100
AcDbVertex
100
AcDb2dVertex
 10
144.6773732534172
 20
-125.9315066351838
 30
0.0
  0
VERTEX
  5
29F
330
29A
100
AcDbEntity
  8
Electrode
370
     0
100
AcDbVertex
100
AcDb2dVertex
 10
144.6773732534172
 20
-127.2216149681943
 30
0.0
  0
SEQEND
  5
2A0
330
29A
100
AcDbEntity
  8
Electrode
370
     0
  0
ENDBLK
  5
299
330
296
100
AcDbEntity
  8
0
100
AcDbBlockEnd
  0
BLOCK
  5
2A4
330
2A2
100
AcDbEntity
  8
0
100
AcDbBlockBegin
  2
block 80
 70
     0
 10
0.0
 20
0.0
 30
0.0
  3
block 80
  1

  0
INSERT
  5
2A7
330
2A2
100
AcDbEntity
  8
Electrode
100
AcDbBlockReference
  2
block 81
 10
0.0
 20
0.0
 30
0.0
  0
ENDBLK
  5
2A5
330
2A2
100
AcDbEntity
  8
0
100
AcDbBlockEnd
  0
BLOCK
  5
2A8
330
2A6
100
AcDbEntity
  8
0
100
AcDbBlockBegin
  2
block 81
 70
     0
 10
0.0
 20
0.0
 30
0.0
  3
block 81
  1

  0
POLYLINE
  5
2AA
330
2A6
100
AcDbEntity
  8
Electrode
370
     0
100
AcDb2dPolyline
 66
     1
 10
0.0
 20
0.0
 30
0.0
  0
VERTEX
  5
2AB
330
2AA
100
AcDbEntity
  8
Electrode
370
     0
100
AcDbVertex
100
AcDb2dVertex
 10
159.6967456480188
 20
-127.2750255237367
 30
0.0
  0
VERTEX
  5
2AC
330
2AA
100
AcDbEntity
  8
Electrode
370
     0
100
AcDbVertex
100
AcDb2dVertex
 10
158.5649287324494
 20
-127.2750255237367
 30
0.0
  0
VERTEX
  5
2AD
330
2AA
100
AcDbEntity
  8
Electrode
370
     0
100
AcDbVertex
100
AcDb2dVertex
 10
158.5649287324494
 20
-125.9526027462899
 30
0.0
  0
VERTEX
  5
2AE
330
2AA
100
AcDbEntity
  8
Electrode
370
     0
100
AcDbVertex
100
AcDb2dVertex
 10
159.6967456480188
 20
-125.9526027462899
 30
0.0
  0
VERTEX
  5
2AF
330
2AA
100
AcDbEntity
  8
Electrode
370
     0
100
AcDbVertex
100
AcDb2dVertex
 10
159.6967456480188
 20
-127.2750255237367
 30
0.0
  0
SEQEND
  5
2B0
330
2AA
100
AcDbEntity
  8
Electrode
370
     0
  0
ENDBLK
  5
2A9
330
2A6
100
AcDbEntity
  8
0
100
AcDbBlockEnd
  0
BLOCK
  5
2B4
330
2B2
100
AcDbEntity
  8
0
100
AcDbBlockBegin
  2
block 82
 70
     0
 10
0.0
 20
0.0
 30
0.0
  3
block 82
  1

  0
INSERT
  5
2B7
330
2B2
100
AcDbEntity
  8
Electrode
100
AcDbBlockReference
  2
block 83
 10
0.0
 20
0.0
 30
0.0
  0
POLYLINE
  5
2C8
330
2B2
100
AcDbEntity
  8
Electrode
 62
    18
420
        0
370
    70
100
AcDb2dPolyline
 66
     1
 10
0.0
 20
0.0
 30
0.0
  0
VERTEX
  5
2C9
330
2C8
100
AcDbEntity
  8
Electrode
 62
    18
420
        0
370
    70
100
AcDbVertex
100
AcDb2dVertex
 10
148.8530625913309
 20
-118.1104233038057
 30
0.0
  0
VERTEX
  5
2CA
330
2C8
100
AcDbEntity
  8
Electrode
 62
    18
420
        0
370
    70
100
AcDbVertex
100
AcDb2dVertex
 10
149.6408859045652
 20
-118.1104233038057
 30
0.0
  0
SEQEND
  5
2CB
330
2C8
100
AcDbEntity
  8
Electrode
 62
    18
420
        0
370
    70
  0
ENDBLK
  5
2B5
330
2B2
100
AcDbEntity
  8
0
100
AcDbBlockEnd
  0
BLOCK
  5
2B8
330
2B6
100
AcDbEntity
  8
0
100
AcDbBlockBegin
  2
block 83
 70
     0
 10
0.0
 20
0.0
 30
0.0
  3
block 83
  1

  0
INSERT
  5
2BB
330
2B6
100
AcDbEntity
  8
Electrode
100
AcDbBlockReference
  2
block 84
 10
0.0
 20
0.0
 30
0.0
  0
ENDBLK
  5
2B9
330
2B6
100
AcDbEntity
  8
0
100
AcDbBlockEnd
  0
BLOCK
  5
2BC
330
2BA
100
AcDbEntity
  8
0
100
AcDbBlockBegin
  2
block 84
 70
     0
 10
0.0
 20
0.0
 30
0.0
  3
block 84
  1

  0
INSERT
  5
2BF
330
2BA
100
AcDbEntity
  8
Electrode
100
AcDbBlockReference
  2
block 85
 10
0.0
 20
0.0
 30
0.0
  0
ENDBLK
  5
2BD
330
2BA
100
AcDbEntity
  8
0
100
AcDbBlockEnd
  0
BLOCK
  5
2C0
330
2BE
100
AcDbEntity
  8
0
100
AcDbBlockBegin
  2
block 85
 70
     0
 10
0.0
 20
0.0
 30
0.0
  3
block 85
  1

  0
SPLINE
  5
2C2
330
2BE
100
AcDbEntity
  8
Electrode
 62
    18
420
        0
370
    70
100
AcDbSpline
210
0.0
220
0.0
230
1.0
 70
     8
 71
     3
 72
     8
 73
     4
 74
     0
 42
0.0000000001
 43
0.0000000001
 12
1.0
 22
0.0
 32
0.0
 13
1.0
 23
0.0
 33
0.0
 40
0.0
 40
0.0
 40
0.0
 40
0.0
 40
1.0
 40
1.0
 40
1.0
 40
1.0
 10
148.853027313554
 20
-118.1103880260282
 30
0.0
 10
146.6269995925669
 20
-118.1103880260282
 30
0.0
 10
144.7460590849982
 20
-120.3207171921421
 30
0.0
 10
144.1374468783029
 20
-123.3542533024949
 30
0.0
  0
INSERT
  5
2C4
330
2BE
100
AcDbEntity
  8
Electrode
100
AcDbBlockReference
  2
block 86
 10
0.0
 20
0.0
 30
0.0
  0
ENDBLK
  5
2C1
330
2BE
100
AcDbEntity
  8
0
100
AcDbBlockEnd
  0
BLOCK
  5
2C5
330
2C3
100
AcDbEntity
  8
0
100
AcDbBlockBegin
  2
block 86
 70
     0
 10
0.0
 20
0.0
 30
0.0
  3
block 86
  1

  0
SPLINE
  5
2C7
330
2C3
100
AcDbEntity
  8
Electrode
370
     0
100
AcDbSpline
210
0.0
220
0.0
230
1.0
 70
    11
 71
     3
 72
    17
 73
    13
 74
     0
 42
0.0000000001
 43
0.0000000001
 12
1.0
 22
0.0
 32
0.0
 13
1.0
 23
0.0
 33
0.0
 40
0.0
 40
0.0
 40
0.0
 40
0.0
 40
1.0
 40
1.0
 40
1.0
 40
2.0
 40
2.0
 40
2.0
 40
3.0
 40
3.0
 40
3.0
 40
4.0
 40
4.0
 40
4.0
 40
4.0
 10
143.9303310502536
 20
-125.474518301965
 30
0.0
 10
143.6686757791512
 20
-124.4384805244458
 30
0.0
 10
143.1719646807122
 20
-123.1344021914387
 30
0.0
 10
142.5870591400788
 20
-122.2960258027593
 30
0.0
 10
142.5870591400788
 20
-122.2960258027593
 30
0.0
 10
144.1896932658589
 20
-123.0800391358969
 30
0.0
 10
144.1896932658589
 20
-123.0800391358969
 30
0.0
 10
144.1896932658589
 20
-123.0800391358969
 30
0.0
 10
145.9227140549792
 20
-122.6573760804471
 30
0.0
 10
145.9227140549792
 20
-122.6573760804471
 30
0.0
 10
145.1718618519128
 20
-123.3510430247175
 30
0.0
 10
144.4074666305648
 20
-124.5184905244259
 30
0.0
 10
143.9303310502536
 20
-125.474518301965
 30
0.0
  0
ENDBLK
  5
2C6
330
2C3
100
AcDbEntity
  8
0
100
AcDbBlockEnd
  0
BLOCK
  5
2CE
330
2CC
100
AcDbEntity
  8
0
100
AcDbBlockBegin
  2
block 87
 70
     0
 10
0.0
 20
0.0
 30
0.0
  3
block 87
  1

  0
INSERT
  5
2D1
330
2CC
100
AcDbEntity
  8
Electrode
100
AcDbBlockReference
  2
block 88
 10
0.0
 20
0.0
 30
0.0
  0
POLYLINE
  5
2E3
330
2CC
100
AcDbEntity
  8
Electrode
 62
   250
420
  1645085
370
    35
100
AcDb2dPolyline
 66
     1
 10
0.0
 20
0.0
 30
0.0
  0
VERTEX
  5
2E4
330
2E3
100
AcDbEntity
  8
Electrode
 62
   250
420
  1645085
370
    35
100
AcDbVertex
100
AcDb2dVertex
 10
148.8690787020334
 20
-118.1104233038057
 30
0.0
  0
VERTEX
  5
2E5
330
2E3
100
AcDbEntity
  8
Electrode
 62
   250
420
  1645085
370
    35
100
AcDbVertex
100
AcDb2dVertex
 10
149.6408859045652
 20
-118.1104233038057
 30
0.0
  0
SEQEND
  5
2E6
330
2E3
100
AcDbEntity
  8
Electrode
 62
   250
420
  1645085
370
    35
  0
ENDBLK
  5
2CF
330
2CC
100
AcDbEntity
  8
0
100
AcDbBlockEnd
  0
BLOCK
  5
2D2
330
2D0
100
AcDbEntity
  8
0
100
AcDbBlockBegin
  2
block 88
 70
     0
 10
0.0
 20
0.0
 30
0.0
  3
block 88
  1

  0
INSERT
  5
2D5
330
2D0
100
AcDbEntity
  8
Electrode
100
AcDbBlockReference
  2
block 89
 10
0.0
 20
0.0
 30
0.0
  0
ENDBLK
  5
2D3
330
2D0
100
AcDbEntity
  8
0
100
AcDbBlockEnd
  0
BLOCK
  5
2D6
330
2D4
100
AcDbEntity
  8
0
100
AcDbBlockBegin
  2
block 89
 70
     0
 10
0.0
 20
0.0
 30
0.0
  3
block 89
  1

  0
INSERT
  5
2D9
330
2D4
100
AcDbEntity
  8
Electrode
100
AcDbBlockReference
  2
block 90
 10
0.0
 20
0.0
 30
0.0
  0
ENDBLK
  5
2D7
330
2D4
100
AcDbEntity
  8
0
100
AcDbBlockEnd
  0
BLOCK
  5
2DA
330
2D8
100
AcDbEntity
  8
0
100
AcDbBlockBegin
  2
block 90
 70
     0
 10
0.0
 20
0.0
 30
0.0
  3
block 90
  1

  0
SPLINE
  5
2DC
330
2D8
100
AcDbEntity
  8
Electrode
 62
   250
420
  1645085
370
    35
100
AcDbSpline
210
0.0
220
0.0
230
1.0
 70
     8
 71
     3
 72
     8
 73
     4
 74
     0
 42
0.0000000001
 43
0.0000000001
 12
1.0
 22
0.0
 32
0.0
 13
1.0
 23
0.0
 33
0.0
 40
0.0
 40
0.0
 40
0.0
 40
0.0
 40
1.0
 40
1.0
 40
1.0
 40
1.0
 10
148.8690787020334
 20
-118.1103880260282
 30
0.0
 10
146.5998004265942
 20
-118.1103880260282
 30
0.0
 10
144.6965996418155
 20
-120.2918599699271
 30
0.0
 10
144.1830610438059
 20
-123.2301813580811
 30
0.0
  0
INSERT
  5
2DE
330
2D8
100
AcDbEntity
  8
Electrode
100
AcDbBlockReference
  2
block 91
 10
0.0
 20
0.0
 30
0.0
  0
ENDBLK
  5
2DB
330
2D8
100
AcDbEntity
  8
0
100
AcDbBlockEnd
  0
BLOCK
  5
2DF
330
2DD
100
AcDbEntity
  8
0
100
AcDbBlockBegin
  2
block 91
 70
     0
 10
0.0
 20
0.0
 30
0.0
  3
block 91
  1

  0
SPLINE
  5
2E1
330
2DD
100
AcDbEntity
  8
Electrode
370
     0
100
AcDbSpline
210
0.0
220
0.0
230
1.0
 70
    11
 71
     3
 72
    17
 73
    13
 74
     0
 42
0.0000000001
 43
0.0000000001
 12
1.0
 22
0.0
 32
0.0
 13
1.0
 23
0.0
 33
0.0
 40
0.0
 40
0.0
 40
0.0
 40
0.0
 40
1.0
 40
1.0
 40
1.0
 40
2.0
 40
2.0
 40
2.0
 40
3.0
 40
3.0
 40
3.0
 40
4.0
 40
4.0
 40
4.0
 40
4.0
 10
144.0466066028427
 20
-124.822055802128
 30
0.0
 10
143.8416779969597
 20
-124.0472852467661
 30
0.0
 10
143.4582791178522
 20
-123.0734421914539
 30
0.0
 10
143.0125832975803
 20
-122.4496252471655
 30
0.0
 10
143.0125832975803
 20
-122.4496252471655
 30
0.0
 10
144.2210552095032
 20
-123.0241591359107
 30
0.0
 10
144.2210552095032
 20
-123.0241591359107
 30
0.0
 10
144.2210552095032
 20
-123.0241591359107
 30
0.0
 10
145.5171960097693
 20
-122.6926538582155
 30
0.0
 10
145.5171960097693
 20
-122.6926538582155
 30
0.0
 10
144.9599166304266
 20
-123.2191394136398
 30
0.0
 10
144.3964210383629
 20
-124.1011191356413
 30
0.0
 10
144.0466066028427
 20
-124.822055802128
 30
0.0
  0
HATCH
  5
2E2
330
2DD
100
AcDbEntity
  8
Electrode
 62
   250
420
  1645085
100
AcDbHatch
 10
0.0
 20
0.0
 30
0.0
210
0.0
220
0.0
230
1.0
  2
SOLID
 70
     1
 71
     0
 91
        1
 92
        1
 93
        1
 72
     4
 94
        3
 73
     0
 74
     1
 95
       17
 96
       13
 40
0.0
 40
0.0
 40
0.0
 40
0.0
 40
1.0
 40
1.0
 40
1.0
 40
2.0
 40
2.0
 40
2.0
 40
3.0
 40
3.0
 40
3.0
 40
4.0
 40
4.0
 40
4.0
 40
4.0
 10
144.0466066028427
 20
-124.822055802128
 10
143.8416779969597
 20
-124.0472852467661
 10
143.4582791178522
 20
-123.0734421914539
 10
143.0125832975803
 20
-122.4496252471655
 10
143.0125832975803
 20
-122.4496252471655
 10
144.2210552095032
 20
-123.0241591359107
 10
144.2210552095032
 20
-123.0241591359107
 10
144.2210552095032
 20
-123.0241591359107
 10
145.5171960097693
 20
-122.6926538582155
 10
145.5171960097693
 20
-122.6926538582155
 10
144.9599166304266
 20
-123.2191394136398
 10
144.3964210383629
 20
-124.1011191356413
 10
144.0466066028427
 20
-124.822055802128
 97
        0
 97
        0
 75
     2
 76
     1
 98
        0
  0
ENDBLK
  5
2E0
330
2DD
100
AcDbEntity
  8
0
100
AcDbBlockEnd
  0
BLOCK
  5
2E9
330
2E7
100
AcDbEntity
  8
0
100
AcDbBlockBegin
  2
block 92
 70
     0
 10
0.0
 20
0.0
 30
0.0
  3
block 92
  1

  0
INSERT
  5
2EC
330
2E7
100
AcDbEntity
  8
Electrode
100
AcDbBlockReference
  2
block 93
 10
0.0
 20
0.0
 30
0.0
  0
POLYLINE
  5
2FD
330
2E7
100
AcDbEntity
  8
Electrode
 62
    18
420
        0
370
    60
100
AcDb2dPolyline
 66
     1
 10
0.0
 20
0.0
 30
0.0
  0
VERTEX
  5
2FE
330
2FD
100
AcDbEntity
  8
Electrode
 62
    18
420
        0
370
    60
100
AcDbVertex
100
AcDb2dVertex
 10
154.1118502349458
 20
-118.071758859371
 30
0.0
  0
VERTEX
  5
2FF
330
2FD
100
AcDbEntity
  8
Electrode
 62
    18
420
        0
370
    60
100
AcDbVertex
100
AcDb2dVertex
 10
153.3003555334265
 20
-118.071758859371
 30
0.0
  0
SEQEND
  5
300
330
2FD
100
AcDbEntity
  8
Electrode
 62
    18
420
        0
370
    60
  0
ENDBLK
  5
2EA
330
2E7
100
AcDbEntity
  8
0
100
AcDbBlockEnd
  0
BLOCK
  5
2ED
330
2EB
100
AcDbEntity
  8
0
100
AcDbBlockBegin
  2
block 93
 70
     0
 10
0.0
 20
0.0
 30
0.0
  3
block 93
  1

  0
INSERT
  5
2F0
330
2EB
100
AcDbEntity
  8
Electrode
100
AcDbBlockReference
  2
block 94
 10
0.0
 20
0.0
 30
0.0
  0
ENDBLK
  5
2EE
330
2EB
100
AcDbEntity
  8
0
100
AcDbBlockEnd
  0
BLOCK
  5
2F1
330
2EF
100
AcDbEntity
  8
0
100
AcDbBlockBegin
  2
block 94
 70
     0
 10
0.0
 20
0.0
 30
0.0
  3
block 94
  1

  0
INSERT
  5
2F4
330
2EF
100
AcDbEntity
  8
Electrode
100
AcDbBlockReference
  2
block 95
 10
0.0
 20
0.0
 30
0.0
  0
ENDBLK
  5
2F2
330
2EF
100
AcDbEntity
  8
0
100
AcDbBlockEnd
  0
BLOCK
  5
2F5
330
2F3
100
AcDbEntity
  8
0
100
AcDbBlockBegin
  2
block 95
 70
     0
 10
0.0
 20
0.0
 30
0.0
  3
block 95
  1

  0
SPLINE
  5
2F7
330
2F3
100
AcDbEntity
  8
Electrode
 62
    18
420
        0
370
    60
100
AcDbSpline
210
0.0
220
0.0
230
1.0
 70
     8
 71
     3
 72
     8
 73
     4
 74
     0
 42
0.0000000001
 43
0.0000000001
 12
1.0
 22
0.0
 32
0.0
 13
1.0
 23
0.0
 33
0.0
 40
0.0
 40
0.0
 40
0.0
 40
0.0
 40
1.0
 40
1.0
 40
1.0
 40
1.0
 10
154.1118149571689
 20
-118.071758859371
 30
0.0
 10
156.4703812858858
 20
-118.071758859371
 30
0.0
 10
158.452780679755
 20
-120.4099699698978
 30
0.0
 10
159.0195887208504
 20
-123.5770677468838
 30
0.0
  0
INSERT
  5
2F9
330
2F3
100
AcDbEntity
  8
Electrode
100
AcDbBlockReference
  2
block 96
 10
0.0
 20
0.0
 30
0.0
  0
ENDBLK
  5
2F6
330
2F3
100
AcDbEntity
  8
0
100
AcDbBlockEnd
  0
BLOCK
  5
2FA
330
2F8
100
AcDbEntity
  8
0
100
AcDbBlockBegin
  2
block 96
 70
     0
 10
0.0
 20
0.0
 30
0.0
  3
block 96
  1

  0
SPLINE
  5
2FC
330
2F8
100
AcDbEntity
  8
Electrode
370
     0
100
AcDbSpline
210
0.0
220
0.0
230
1.0
 70
    11
 71
     3
 72
    17
 73
    13
 74
     0
 42
0.0000000001
 43
0.0000000001
 12
1.0
 22
0.0
 32
0.0
 13
1.0
 23
0.0
 33
0.0
 40
0.0
 40
0.0
 40
0.0
 40
0.0
 40
1.0
 40
1.0
 40
1.0
 40
2.0
 40
2.0
 40
2.0
 40
3.0
 40
3.0
 40
3.0
 40
4.0
 40
4.0
 40
4.0
 40
4.0
 10
159.1822545500335
 20
-125.434054690864
 30
0.0
 10
158.7730323382514
 20
-124.5933499688516
 30
0.0
 10
158.1146079106047
 20
-123.5650380246643
 30
0.0
 10
157.4638387605409
 20
-122.951416358151
 30
0.0
 10
157.4638387605409
 20
-122.951416358151
 30
0.0
 10
158.9766556663898
 20
-123.3366849691657
 30
0.0
 10
158.9766556663898
 20
-123.3366849691657
 30
0.0
 10
158.9766556663898
 20
-123.3366849691657
 30
0.0
 10
160.3856147971113
 20
-122.6650313582227
 30
0.0
 10
160.3856147971113
 20
-122.6650313582227
 30
0.0
 10
159.8663611992471
 20
-123.393341080263
 30
0.0
 10
159.4201325995203
 20
-124.5299205244231
 30
0.0
 10
159.1822545500335
 20
-125.434054690864
 30
0.0
  0
ENDBLK
  5
2FB
330
2F8
100
AcDbEntity
  8
0
100
AcDbBlockEnd
  0
BLOCK
  5
303
330
301
100
AcDbEntity
  8
0
100
AcDbBlockBegin
  2
block 97
 70
     0
 10
0.0
 20
0.0
 30
0.0
  3
block 97
  1

  0
INSERT
  5
306
330
301
100
AcDbEntity
  8
Electrode
100
AcDbBlockReference
  2
block 98
 10
0.0
 20
0.0
 30
0.0
  0
POLYLINE
  5
318
330
301
100
AcDbEntity
  8
Electrode
 62
   250
420
  1645085
370
    35
100
AcDb2dPolyline
 66
     1
 10
0.0
 20
0.0
 30
0.0
  0
VERTEX
  5
319
330
318
100
AcDbEntity
  8
Electrode
 62
   250
420
  1645085
370
    35
100
AcDbVertex
100
AcDb2dVertex
 10
154.0953049575901
 20
-118.071758859371
 30
0.0
  0
VERTEX
  5
31A
330
318
100
AcDbEntity
  8
Electrode
 62
   250
420
  1645085
370
    35
100
AcDbVertex
100
AcDb2dVertex
 10
153.3003555334265
 20
-118.071758859371
 30
0.0
  0
SEQEND
  5
31B
330
318
100
AcDbEntity
  8
Electrode
 62
   250
420
  1645085
370
    35
  0
ENDBLK
  5
304
330
301
100
AcDbEntity
  8
0
100
AcDbBlockEnd
  0
BLOCK
  5
307
330
305
100
AcDbEntity
  8
0
100
AcDbBlockBegin
  2
block 98
 70
     0
 10
0.0
 20
0.0
 30
0.0
  3
block 98
  1

  0
INSERT
  5
30A
330
305
100
AcDbEntity
  8
Electrode
100
AcDbBlockReference
  2
block 99
 10
0.0
 20
0.0
 30
0.0
  0
ENDBLK
  5
308
330
305
100
AcDbEntity
  8
0
100
AcDbBlockEnd
  0
BLOCK
  5
30B
330
309
100
AcDbEntity
  8
0
100
AcDbBlockBegin
  2
block 99
 70
     0
 10
0.0
 20
0.0
 30
0.0
  3
block 99
  1

  0
INSERT
  5
30E
330
309
100
AcDbEntity
  8
Electrode
100
AcDbBlockReference
  2
block 100
 10
0.0
 20
0.0
 30
0.0
  0
ENDBLK
  5
30C
330
309
100
AcDbEntity
  8
0
100
AcDbBlockEnd
  0
BLOCK
  5
30F
330
30D
100
AcDbEntity
  8
0
100
AcDbBlockBegin
  2
block 100
 70
     0
 10
0.0
 20
0.0
 30
0.0
  3
block 100
  1

  0
SPLINE
  5
311
330
30D
100
AcDbEntity
  8
Electrode
 62
   250
420
  1645085
370
    35
100
AcDbSpline
210
0.0
220
0.0
230
1.0
 70
     8
 71
     3
 72
     8
 73
     4
 74
     0
 42
0.0000000001
 43
0.0000000001
 12
1.0
 22
0.0
 32
0.0
 13
1.0
 23
0.0
 33
0.0
 40
0.0
 40
0.0
 40
0.0
 40
0.0
 40
1.0
 40
1.0
 40
1.0
 40
1.0
 10
154.0953049575901
 20
-118.071758859371
 30
0.0
 10
156.4326693424034
 20
-118.071758859371
 30
0.0
 10
158.3929495701703
 20
-120.2526310810482
 30
0.0
 10
158.9219045566755
 20
-123.1902469136467
 30
0.0
  0
INSERT
  5
313
330
30D
100
AcDbEntity
  8
Electrode
100
AcDbBlockReference
  2
block 101
 10
0.0
 20
0.0
 30
0.0
  0
ENDBLK
  5
310
330
30D
100
AcDbEntity
  8
0
100
AcDbBlockEnd
  0
BLOCK
  5
314
330
312
100
AcDbEntity
  8
0
100
AcDbBlockBegin
  2
block 101
 70
     0
 10
0.0
 20
0.0
 30
0.0
  3
block 101
  1

  0
SPLINE
  5
316
330
312
100
AcDbEntity
  8
Electrode
370
     0
100
AcDbSpline
210
0.0
220
0.0
230
1.0
 70
    11
 71
     3
 72
    17
 73
    13
 74
     0
 42
0.0000000001
 43
0.0000000001
 12
1.0
 22
0.0
 32
0.0
 13
1.0
 23
0.0
 33
0.0
 40
0.0
 40
0.0
 40
0.0
 40
0.0
 40
1.0
 40
1.0
 40
1.0
 40
2.0
 40
2.0
 40
2.0
 40
3.0
 40
3.0
 40
3.0
 40
4.0
 40
4.0
 40
4.0
 40
4.0
 10
159.0624512197566
 20
-124.7817685799159
 30
0.0
 10
158.7103084509627
 20
-124.0618549689843
 30
0.0
 10
158.1442805160196
 20
-123.1815333025378
 30
0.0
 10
157.5854412574382
 20
-122.6566352471134
 30
0.0
 10
157.5854412574382
 20
-122.6566352471134
 30
0.0
 10
158.882816779895
 20
-122.9843658025871
 30
0.0
 10
158.882816779895
 20
-122.9843658025871
 30
0.0
 10
158.882816779895
 20
-122.9843658025871
 30
0.0
 10
160.0893520268915
 20
-122.4063746916205
 30
0.0
 10
160.0893520268915
 20
-122.4063746916205
 30
0.0
 10
159.6454870382154
 20
-123.0314616359086
 30
0.0
 10
159.2648751034812
 20
-124.0064335801098
 30
0.0
 10
159.0624512197566
 20
-124.7817685799159
 30
0.0
  0
HATCH
  5
317
330
312
100
AcDbEntity
  8
Electrode
 62
   250
420
  1645085
100
AcDbHatch
 10
0.0
 20
0.0
 30
0.0
210
0.0
220
0.0
230
1.0
  2
SOLID
 70
     1
 71
     0
 91
        1
 92
        1
 93
        1
 72
     4
 94
        3
 73
     0
 74
     1
 95
       17
 96
       13
 40
0.0
 40
0.0
 40
0.0
 40
0.0
 40
1.0
 40
1.0
 40
1.0
 40
2.0
 40
2.0
 40
2.0
 40
3.0
 40
3.0
 40
3.0
 40
4.0
 40
4.0
 40
4.0
 40
4.0
 10
159.0624512197566
 20
-124.7817685799159
 10
158.7103084509627
 20
-124.0618549689843
 10
158.1442805160196
 20
-123.1815333025378
 10
157.5854412574382
 20
-122.6566352471134
 10
157.5854412574382
 20
-122.6566352471134
 10
158.882816779895
 20
-122.9843658025871
 10
158.882816779895
 20
-122.9843658025871
 10
158.882816779895
 20
-122.9843658025871
 10
160.0893520268915
 20
-122.4063746916205
 10
160.0893520268915
 20
-122.4063746916205
 10
159.6454870382154
 20
-123.0314616359086
 10
159.2648751034812
 20
-124.0064335801098
 10
159.0624512197566
 20
-124.7817685799159
 97
        0
 97
        0
 75
     2
 76
     1
 98
        0
  0
ENDBLK
  5
315
330
312
100
AcDbEntity
  8
0
100
AcDbBlockEnd
  0
BLOCK
  5
31E
330
31C
100
AcDbEntity
  8
0
100
AcDbBlockBegin
  2
block 102
 70
     0
 10
0.0
 20
0.0
 30
0.0
  3
block 102
  1

  0
INSERT
  5
321
330
31C
100
AcDbEntity
  8
Electrode
100
AcDbBlockReference
  2
block 103
 10
0.0
 20
0.0
 30
0.0
  0
INSERT
  5
33B
330
31C
100
AcDbEntity
  8
Electrode
100
AcDbBlockReference
  2
block 107
 10
0.0
 20
0.0
 30
0.0
  0
MTEXT
  5
349
330
31C
100
AcDbEntity
  8
Electrode
 62
     7
420
 16777215
100
AcDbMText
 10
132.163154837603
 20
-122.788851177146
 30
0.0
 40
1.9981333328338
 41
0.0
 46
0.0
 71
     7
 72
     1
  1
\fMyriad Pro|b0|i0|c0|p34;\W1;Current
 73
     1
 44
1.0
  0
MTEXT
  5
34A
330
31C
100
AcDbEntity
  8
Electrode
 62
     7
420
 16777215
100
AcDbMText
 10
133.4261268424956
 20
-125.6110733986627
 30
0.0
 40
1.9981333328338
 41
0.0
 46
0.0
 71
     7
 72
     1
  1
\fMyriad Pro|b0|i0|c0|p34;\W1;Input
 73
     1
 44
1.0
  0
ENDBLK
  5
31F
330
31C
100
AcDbEntity
  8
0
100
AcDbBlockEnd
  0
BLOCK
  5
322
330
320
100
AcDbEntity
  8
0
100
AcDbBlockBegin
  2
block 103
 70
     0
 10
0.0
 20
0.0
 30
0.0
  3
block 103
  1

  0
INSERT
  5
325
330
320
100
AcDbEntity
  8
Electrode
100
AcDbBlockReference
  2
block 104
 10
0.0
 20
0.0
 30
0.0
  0
ENDBLK
  5
323
330
320
100
AcDbEntity
  8
0
100
AcDbBlockEnd
  0
BLOCK
  5
326
330
324
100
AcDbEntity
  8
0
100
AcDbBlockBegin
  2
block 104
 70
     0
 10
0.0
 20
0.0
 30
0.0
  3
block 104
  1

  0
POLYLINE
  5
328
330
324
100
AcDbEntity
  8
Electrode
370
     0
100
AcDb2dPolyline
 66
     1
 10
0.0
 20
0.0
 30
0.0
  0
VERTEX
  5
329
330
328
100
AcDbEntity
  8
Electrode
370
     0
100
AcDbVertex
100
AcDb2dVertex
 10
138.3869223027888
 20
-131.8867835781396
 30
0.0
  0
VERTEX
  5
32A
330
328
100
AcDbEntity
  8
Electrode
370
     0
100
AcDbVertex
100
AcDb2dVertex
 10
138.3869223027888
 20
-126.8867935793892
 30
0.0
  0
SEQEND
  5
32B
330
328
100
AcDbEntity
  8
Electrode
370
     0
  0
INSERT
  5
32D
330
324
100
AcDbEntity
  8
Electrode
100
AcDbBlockReference
  2
block 105
 10
0.0
 20
0.0
 30
0.0
  0
ENDBLK
  5
327
330
324
100
AcDbEntity
  8
0
100
AcDbBlockEnd
  0
BLOCK
  5
32E
330
32C
100
AcDbEntity
  8
0
100
AcDbBlockBegin
  2
block 105
 70
     0
 10
0.0
 20
0.0
 30
0.0
  3
block 105
  1

  0
POLYLINE
  5
330
330
32C
100
AcDbEntity
  8
Electrode
 62
   250
420
  1645085
370
    35
100
AcDb2dPolyline
 66
     1
 10
0.0
 20
0.0
 30
0.0
  0
VERTEX
  5
331
330
330
100
AcDbEntity
  8
Electrode
 62
   250
420
  1645085
370
    35
100
AcDbVertex
100
AcDb2dVertex
 10
138.3869223027888
 20
-130.0174141341622
 30
0.0
  0
VERTEX
  5
332
330
330
100
AcDbEntity
  8
Electrode
 62
   250
420
  1645085
370
    35
100
AcDbVertex
100
AcDb2dVertex
 10
138.3869223027888
 20
-126.8867935793892
 30
0.0
  0
SEQEND
  5
333
330
330
100
AcDbEntity
  8
Electrode
 62
   250
420
  1645085
370
    35
  0
INSERT
  5
335
330
32C
100
AcDbEntity
  8
Electrode
100
AcDbBlockReference
  2
block 106
 10
0.0
 20
0.0
 30
0.0
  0
ENDBLK
  5
32F
330
32C
100
AcDbEntity
  8
0
100
AcDbBlockEnd
  0
BLOCK
  5
336
330
334
100
AcDbEntity
  8
0
100
AcDbBlockBegin
  2
block 106
 70
     0
 10
0.0
 20
0.0
 30
0.0
  3
block 106
  1

  0
SPLINE
  5
338
330
334
100
AcDbEntity
  8
Electrode
370
     0
100
AcDbSpline
210
0.0
220
0.0
230
1.0
 70
    11
 71
     3
 72
    29
 73
    25
 74
     0
 42
0.0000000001
 43
0.0000000001
 12
1.0
 22
0.0
 32
0.0
 13
1.0
 23
0.0
 33
0.0
 40
0.0
 40
0.0
 40
0.0
 40
0.0
 40
1.0
 40
1.0
 40
1.0
 40
2.0
 40
2.0
 40
2.0
 40
3.0
 40
3.0
 40
3.0
 40
4.0
 40
4.0
 40
4.0
 40
5.0
 40
5.0
 40
5.0
 40
6.0
 40
6.0
 40
6.0
 40
7.0
 40
7.0
 40
7.0
 40
8.0
 40
8.0
 40
8.0
 40
8.0
 10
138.3869223027888
 20
-129.6058283009318
 30
0.0
 10
138.3869223027888
 20
-129.6058283009318
 30
0.0
 10
137.5607167683115
 20
-129.1033316343908
 30
0.0
 10
137.5607167683115
 20
-129.1033316343908
 30
0.0
 10
137.5607167683115
 20
-129.1033316343908
 30
0.0
 10
137.5420195465666
 20
-129.131553856606
 30
0.0
 10
137.5420195465666
 20
-129.131553856606
 30
0.0
 10
137.5420195465666
 20
-129.131553856606
 30
0.0
 10
138.0771128662483
 20
-130.4787063562691
 30
0.0
 10
138.0771128662483
 20
-130.4787063562691
 30
0.0
 10
138.1803356413926
 20
-130.9480771894851
 30
0.0
 10
138.2835971876512
 20
-131.4174127449236
 30
0.0
 10
138.3869223027888
 20
-131.8867835781396
 30
0.0
 10
138.4901450779332
 20
-131.4174127449236
 30
0.0
 10
138.5933678530775
 20
-130.9480771894851
 30
0.0
 10
138.6967317393294
 20
-130.4787063562691
 30
0.0
 10
138.6967317393294
 20
-130.4787063562691
 30
0.0
 10
139.2318250590113
 20
-129.131553856606
 30
0.0
 10
139.2318250590113
 20
-129.131553856606
 30
0.0
 10
139.2318250590113
 20
-129.131553856606
 30
0.0
 10
139.2177139482602
 20
-129.1033316343908
 30
0.0
 10
139.2177139482602
 20
-129.1033316343908
 30
0.0
 10
139.2177139482602
 20
-129.1033316343908
 30
0.0
 10
138.3869223027888
 20
-129.6058283009318
 30
0.0
 10
138.3869223027888
 20
-129.6058283009318
 30
0.0
  0
HATCH
  5
339
330
334
100
AcDbEntity
  8
Electrode
 62
   250
420
  1645085
100
AcDbHatch
 10
0.0
 20
0.0
 30
0.0
210
0.0
220
0.0
230
1.0
  2
SOLID
 70
     1
 71
     0
 91
        1
 92
        1
 93
        1
 72
     4
 94
        3
 73
     0
 74
     1
 95
       29
 96
       25
 40
0.0
 40
0.0
 40
0.0
 40
0.0
 40
1.0
 40
1.0
 40
1.0
 40
2.0
 40
2.0
 40
2.0
 40
3.0
 40
3.0
 40
3.0
 40
4.0
 40
4.0
 40
4.0
 40
5.0
 40
5.0
 40
5.0
 40
6.0
 40
6.0
 40
6.0
 40
7.0
 40
7.0
 40
7.0
 40
8.0
 40
8.0
 40
8.0
 40
8.0
 10
138.3869223027888
 20
-129.6058283009318
 10
138.3869223027888
 20
-129.6058283009318
 10
137.5607167683115
 20
-129.1033316343908
 10
137.5607167683115
 20
-129.1033316343908
 10
137.5607167683115
 20
-129.1033316343908
 10
137.5420195465666
 20
-129.131553856606
 10
137.5420195465666
 20
-129.131553856606
 10
137.5420195465666
 20
-129.131553856606
 10
138.0771128662483
 20
-130.4787063562691
 10
138.0771128662483
 20
-130.4787063562691
 10
138.1803356413926
 20
-130.9480771894851
 10
138.2835971876512
 20
-131.4174127449236
 10
138.3869223027888
 20
-131.8867835781396
 10
138.4901450779332
 20
-131.4174127449236
 10
138.5933678530775
 20
-130.9480771894851
 10
138.6967317393294
 20
-130.4787063562691
 10
138.6967317393294
 20
-130.4787063562691
 10
139.2318250590113
 20
-129.131553856606
 10
139.2318250590113
 20
-129.131553856606
 10
139.2318250590113
 20
-129.131553856606
 10
139.2177139482602
 20
-129.1033316343908
 10
139.2177139482602
 20
-129.1033316343908
 10
139.2177139482602
 20
-129.1033316343908
 10
138.3869223027888
 20
-129.6058283009318
 10
138.3869223027888
 20
-129.6058283009318
 97
        0
 97
        0
 75
     2
 76
     1
 98
        0
  0
ENDBLK
  5
337
330
334
100
AcDbEntity
  8
0
100
AcDbBlockEnd
  0
BLOCK
  5
33C
330
33A
100
AcDbEntity
  8
0
100
AcDbBlockBegin
  2
block 107
 70
     0
 10
0.0
 20
0.0
 30
0.0
  3
block 107
  1

  0
INSERT
  5
33F
330
33A
100
AcDbEntity
  8
Electrode
100
AcDbBlockReference
  2
block 108
 10
0.0
 20
0.0
 30
0.0
  0
ENDBLK
  5
33D
330
33A
100
AcDbEntity
  8
0
100
AcDbBlockEnd
  0
BLOCK
  5
340
330
33E
100
AcDbEntity
  8
0
100
AcDbBlockBegin
  2
block 108
 70
     0
 10
0.0
 20
0.0
 30
0.0
  3
block 108
  1

  0
POLYLINE
  5
342
330
33E
100
AcDbEntity
  8
Electrode
370
     0
100
AcDb2dPolyline
 66
     1
 10
0.0
 20
0.0
 30
0.0
  0
VERTEX
  5
343
330
342
100
AcDbEntity
  8
Electrode
370
     0
100
AcDbVertex
100
AcDb2dVertex
 10
141.1509749647124
 20
-126.301147190647
 30
0.0
  0
VERTEX
  5
344
330
342
100
AcDbEntity
  8
Electrode
370
     0
100
AcDbVertex
100
AcDb2dVertex
 10
132.1579957950353
 20
-126.301147190647
 30
0.0
  0
VERTEX
  5
345
330
342
100
AcDbEntity
  8
Electrode
370
     0
100
AcDbVertex
100
AcDb2dVertex
 10
132.1579957950353
 20
-120.7155108031545
 30
0.0
  0
VERTEX
  5
346
330
342
100
AcDbEntity
  8
Electrode
370
     0
100
AcDbVertex
100
AcDb2dVertex
 10
141.1509749647124
 20
-120.7155108031545
 30
0.0
  0
VERTEX
  5
347
330
342
100
AcDbEntity
  8
Electrode
370
     0
100
AcDbVertex
100
AcDb2dVertex
 10
141.1509749647124
 20
-126.301147190647
 30
0.0
  0
SEQEND
  5
348
330
342
100
AcDbEntity
  8
Electrode
370
     0
  0
ENDBLK
  5
341
330
33E
100
AcDbEntity
  8
0
100
AcDbBlockEnd
  0
BLOCK
  5
380
330
37E
100
AcDbEntity
  8
0
100
AcDbBlockBegin
  2
block 109
 70
     0
 10
0.0
 20
0.0
 30
0.0
  3
block 109
  1

  0
INSERT
  5
383
330
37E
100
AcDbEntity
  8
Photoreceptor
100
AcDbBlockReference
  2
block 110
 10
0.0
 20
0.0
 30
0.0
  0
ENDBLK
  5
381
330
37E
100
AcDbEntity
  8
0
100
AcDbBlockEnd
  0
BLOCK
  5
384
330
382
100
AcDbEntity
  8
0
100
AcDbBlockBegin
  2
block 110
 70
     0
 10
0.0
 20
0.0
 30
0.0
  3
block 110
  1

  0
POLYLINE
  5
386
330
382
100
AcDbEntity
  8
Photoreceptor
370
     0
100
AcDb2dPolyline
 66
     1
 10
0.0
 20
0.0
 30
0.0
  0
VERTEX
  5
387
330
386
100
AcDbEntity
  8
Photoreceptor
370
     0
100
AcDbVertex
100
AcDb2dVertex
 10
195.3295580722834
 20
-126.9849363571427
 30
0.0
  0
VERTEX
  5
388
330
386
100
AcDbEntity
  8
Photoreceptor
370
     0
100
AcDbVertex
100
AcDb2dVertex
 10
194.1977058789371
 20
-126.9849363571427
 30
0.0
  0
VERTEX
  5
389
330
386
100
AcDbEntity
  8
Photoreceptor
370
     0
100
AcDbVertex
100
AcDb2dVertex
 10
194.1977058789371
 20
-125.6624783019177
 30
0.0
  0
VERTEX
  5
38A
330
386
100
AcDbEntity
  8
Photoreceptor
370
     0
100
AcDbVertex
100
AcDb2dVertex
 10
195.3295580722834
 20
-125.6624783019177
 30
0.0
  0
VERTEX
  5
38B
330
386
100
AcDbEntity
  8
Photoreceptor
370
     0
100
AcDbVertex
100
AcDb2dVertex
 10
195.3295580722834
 20
-126.9849363571427
 30
0.0
  0
SEQEND
  5
38C
330
386
100
AcDbEntity
  8
Photoreceptor
370
     0
  0
ENDBLK
  5
385
330
382
100
AcDbEntity
  8
0
100
AcDbBlockEnd
  0
BLOCK
  5
390
330
38E
100
AcDbEntity
  8
0
100
AcDbBlockBegin
  2
block 111
 70
     0
 10
0.0
 20
0.0
 30
0.0
  3
block 111
  1

  0
INSERT
  5
393
330
38E
100
AcDbEntity
  8
Photoreceptor
100
AcDbBlockReference
  2
block 112
 10
0.0
 20
0.0
 30
0.0
  0
ENDBLK
  5
391
330
38E
100
AcDbEntity
  8
0
100
AcDbBlockEnd
  0
BLOCK
  5
394
330
392
100
AcDbEntity
  8
0
100
AcDbBlockBegin
  2
block 112
 70
     0
 10
0.0
 20
0.0
 30
0.0
  3
block 112
  1

  0
INSERT
  5
397
330
392
100
AcDbEntity
  8
Photoreceptor
100
AcDbBlockReference
  2
block 113
 10
0.0
 20
0.0
 30
0.0
  0
ENDBLK
  5
395
330
392
100
AcDbEntity
  8
0
100
AcDbBlockEnd
  0
BLOCK
  5
398
330
396
100
AcDbEntity
  8
0
100
AcDbBlockBegin
  2
block 113
 70
     0
 10
0.0
 20
0.0
 30
0.0
  3
block 113
  1

  0
SPLINE
  5
39A
330
396
100
AcDbEntity
  8
Photoreceptor
 62
    18
420
        0
370
    70
100
AcDbSpline
210
0.0
220
0.0
230
1.0
 70
     8
 71
     3
 72
     8
 73
     4
 74
     0
 42
0.0000000001
 43
0.0000000001
 12
1.0
 22
0.0
 32
0.0
 13
1.0
 23
0.0
 33
0.0
 40
0.0
 40
0.0
 40
0.0
 40
0.0
 40
1.0
 40
1.0
 40
1.0
 40
1.0
 10
184.4858443983231
 20
-117.8202988594341
 30
0.0
 10
182.2598166211017
 20
-117.8202988594341
 30
0.0
 10
180.3788715092627
 20
-120.0305927477698
 30
0.0
 10
179.7702240247906
 20
-123.0641288581226
 30
0.0
  0
INSERT
  5
39C
330
396
100
AcDbEntity
  8
Photoreceptor
100
AcDbBlockReference
  2
block 114
 10
0.0
 20
0.0
 30
0.0
  0
ENDBLK
  5
399
330
396
100
AcDbEntity
  8
0
100
AcDbBlockEnd
  0
BLOCK
  5
39D
330
39B
100
AcDbEntity
  8
0
100
AcDbBlockBegin
  2
block 114
 70
     0
 10
0.0
 20
0.0
 30
0.0
  3
block 114
  1

  0
SPLINE
  5
39F
330
39B
100
AcDbEntity
  8
Photoreceptor
370
     0
100
AcDbSpline
210
0.0
220
0.0
230
1.0
 70
    11
 71
     3
 72
    17
 73
    13
 74
     0
 42
0.0000000001
 43
0.0000000001
 12
1.0
 22
0.0
 32
0.0
 13
1.0
 23
0.0
 33
0.0
 40
0.0
 40
0.0
 40
0.0
 40
0.0
 40
1.0
 40
1.0
 40
1.0
 40
2.0
 40
2.0
 40
2.0
 40
3.0
 40
3.0
 40
3.0
 40
4.0
 40
4.0
 40
4.0
 40
4.0
 10
179.5631434745184
 20
-125.1843938575928
 30
0.0
 10
179.3014529256388
 20
-124.1483560800742
 30
0.0
 10
178.8047771049771
 20
-122.8442777470665
 30
0.0
 10
178.2198715643434
 20
-122.0059013583877
 30
0.0
 10
178.2198715643434
 20
-122.0059013583877
 30
0.0
 10
179.8225056901234
 20
-122.7899146915246
 30
0.0
 10
179.8225056901234
 20
-122.7899146915246
 30
0.0
 10
179.8225056901234
 20
-122.7899146915246
 30
0.0
 10
181.5555264792438
 20
-122.3672516360749
 30
0.0
 10
181.5555264792438
 20
-122.3672516360749
 30
0.0
 10
180.8046742761774
 20
-123.0609185803459
 30
0.0
 10
180.040240129013
 20
-124.2283660800543
 30
0.0
 10
179.5631434745184
 20
-125.1843938575928
 30
0.0
  0
ENDBLK
  5
39E
330
39B
100
AcDbEntity
  8
0
100
AcDbBlockEnd
  0
BLOCK
  5
3A6
330
3A4
100
AcDbEntity
  8
0
100
AcDbBlockBegin
  2
block 115
 70
     0
 10
0.0
 20
0.0
 30
0.0
  3
block 115
  1

  0
INSERT
  5
3A9
330
3A4
100
AcDbEntity
  8
Photoreceptor
100
AcDbBlockReference
  2
block 116
 10
0.0
 20
0.0
 30
0.0
  0
ENDBLK
  5
3A7
330
3A4
100
AcDbEntity
  8
0
100
AcDbBlockEnd
  0
BLOCK
  5
3AA
330
3A8
100
AcDbEntity
  8
0
100
AcDbBlockBegin
  2
block 116
 70
     0
 10
0.0
 20
0.0
 30
0.0
  3
block 116
  1

  0
INSERT
  5
3AD
330
3A8
100
AcDbEntity
  8
Photoreceptor
100
AcDbBlockReference
  2
block 117
 10
0.0
 20
0.0
 30
0.0
  0
ENDBLK
  5
3AB
330
3A8
100
AcDbEntity
  8
0
100
AcDbBlockEnd
  0
BLOCK
  5
3AE
330
3AC
100
AcDbEntity
  8
0
100
AcDbBlockBegin
  2
block 117
 70
     0
 10
0.0
 20
0.0
 30
0.0
  3
block 117
  1

  0
SPLINE
  5
3B0
330
3AC
100
AcDbEntity
  8
Photoreceptor
 62
   250
420
  1645085
370
    35
100
AcDbSpline
210
0.0
220
0.0
230
1.0
 70
     8
 71
     3
 72
     8
 73
     4
 74
     0
 42
0.0000000001
 43
0.0000000001
 12
1.0
 22
0.0
 32
0.0
 13
1.0
 23
0.0
 33
0.0
 40
0.0
 40
0.0
 40
0.0
 40
0.0
 40
1.0
 40
1.0
 40
1.0
 40
1.0
 10
184.5018911262979
 20
-117.8202988594341
 30
0.0
 10
182.2326128508587
 20
-117.8202988594341
 30
0.0
 10
180.3294166215844
 20
-120.0017355255549
 30
0.0
 10
179.8158734680704
 20
-122.9400569137095
 30
0.0
  0
INSERT
  5
3B2
330
3AC
100
AcDbEntity
  8
Photoreceptor
100
AcDbBlockReference
  2
block 118
 10
0.0
 20
0.0
 30
0.0
  0
ENDBLK
  5
3AF
330
3AC
100
AcDbEntity
  8
0
100
AcDbBlockEnd
  0
BLOCK
  5
3B3
330
3B1
100
AcDbEntity
  8
0
100
AcDbBlockBegin
  2
block 118
 70
     0
 10
0.0
 20
0.0
 30
0.0
  3
block 118
  1

  0
SPLINE
  5
3B5
330
3B1
100
AcDbEntity
  8
Photoreceptor
370
     0
100
AcDbSpline
210
0.0
220
0.0
230
1.0
 70
    11
 71
     3
 72
    17
 73
    13
 74
     0
 42
0.0000000001
 43
0.0000000001
 12
1.0
 22
0.0
 32
0.0
 13
1.0
 23
0.0
 33
0.0
 40
0.0
 40
0.0
 40
0.0
 40
0.0
 40
1.0
 40
1.0
 40
1.0
 40
2.0
 40
2.0
 40
2.0
 40
3.0
 40
3.0
 40
3.0
 40
4.0
 40
4.0
 40
4.0
 40
4.0
 10
179.6794190271072
 20
-124.5319313577558
 30
0.0
 10
179.4744904212243
 20
-123.7571608023938
 30
0.0
 10
179.0910562643398
 20
-122.7833177470823
 30
0.0
 10
178.6453568312661
 20
-122.1595008027932
 30
0.0
 10
178.6453568312661
 20
-122.1595008027932
 30
0.0
 10
179.8538721772588
 20
-122.7340346915385
 30
0.0
 10
179.8538721772588
 20
-122.7340346915385
 30
0.0
 10
179.8538721772588
 20
-122.7340346915385
 30
0.0
 10
181.1499777324903
 20
-122.4025294138439
 30
0.0
 10
181.1499777324903
 20
-122.4025294138439
 30
0.0
 10
180.5926901149189
 20
-122.9290149692676
 30
0.0
 10
180.0292027327706
 20
-123.8109946912697
 30
0.0
 10
179.6794190271072
 20
-124.5319313577558
 30
0.0
  0
HATCH
  5
3B6
330
3B1
100
AcDbEntity
  8
Photoreceptor
 62
   250
420
  1645085
100
AcDbHatch
 10
0.0
 20
0.0
 30
0.0
210
0.0
220
0.0
230
1.0
  2
SOLID
 70
     1
 71
     0
 91
        1
 92
        1
 93
        1
 72
     4
 94
        3
 73
     0
 74
     1
 95
       17
 96
       13
 40
0.0
 40
0.0
 40
0.0
 40
0.0
 40
1.0
 40
1.0
 40
1.0
 40
2.0
 40
2.0
 40
2.0
 40
3.0
 40
3.0
 40
3.0
 40
4.0
 40
4.0
 40
4.0
 40
4.0
 10
179.6794190271072
 20
-124.5319313577558
 10
179.4744904212243
 20
-123.7571608023938
 10
179.0910562643398
 20
-122.7833177470823
 10
178.6453568312661
 20
-122.1595008027932
 10
178.6453568312661
 20
-122.1595008027932
 10
179.8538721772588
 20
-122.7340346915385
 10
179.8538721772588
 20
-122.7340346915385
 10
179.8538721772588
 20
-122.7340346915385
 10
181.1499777324903
 20
-122.4025294138439
 10
181.1499777324903
 20
-122.4025294138439
 10
180.5926901149189
 20
-122.9290149692676
 10
180.0292027327706
 20
-123.8109946912697
 10
179.6794190271072
 20
-124.5319313577558
 97
        0
 97
        0
 75
     2
 76
     1
 98
        0
  0
ENDBLK
  5
3B4
330
3B1
100
AcDbEntity
  8
0
100
AcDbBlockEnd
  0
BLOCK
  5
3BD
330
3BB
100
AcDbEntity
  8
0
100
AcDbBlockBegin
  2
block 119
 70
     0
 10
0.0
 20
0.0
 30
0.0
  3
block 119
  1

  0
INSERT
  5
3C0
330
3BB
100
AcDbEntity
  8
Photoreceptor
100
AcDbBlockReference
  2
block 120
 10
0.0
 20
0.0
 30
0.0
  0
ENDBLK
  5
3BE
330
3BB
100
AcDbEntity
  8
0
100
AcDbBlockEnd
  0
BLOCK
  5
3C1
330
3BF
100
AcDbEntity
  8
0
100
AcDbBlockBegin
  2
block 120
 70
     0
 10
0.0
 20
0.0
 30
0.0
  3
block 120
  1

  0
INSERT
  5
3C4
330
3BF
100
AcDbEntity
  8
Photoreceptor
100
AcDbBlockReference
  2
block 121
 10
0.0
 20
0.0
 30
0.0
  0
ENDBLK
  5
3C2
330
3BF
100
AcDbEntity
  8
0
100
AcDbBlockEnd
  0
BLOCK
  5
3C5
330
3C3
100
AcDbEntity
  8
0
100
AcDbBlockBegin
  2
block 121
 70
     0
 10
0.0
 20
0.0
 30
0.0
  3
block 121
  1

  0
SPLINE
  5
3C7
330
3C3
100
AcDbEntity
  8
Photoreceptor
 62
    18
420
        0
370
    60
100
AcDbSpline
210
0.0
220
0.0
230
1.0
 70
     8
 71
     3
 72
     8
 73
     4
 74
     0
 42
0.0000000001
 43
0.0000000001
 12
1.0
 22
0.0
 32
0.0
 13
1.0
 23
0.0
 33
0.0
 40
0.0
 40
0.0
 40
0.0
 40
0.0
 40
1.0
 40
1.0
 40
1.0
 40
1.0
 10
189.7446273814335
 20
-117.7816344149987
 30
0.0
 10
192.1031584323734
 20
-117.7816344149987
 30
0.0
 10
194.0855931040196
 20
-120.119880803303
 30
0.0
 10
194.6523658673377
 20
-123.2869433025116
 30
0.0
  0
INSERT
  5
3C9
330
3C3
100
AcDbEntity
  8
Photoreceptor
100
AcDbBlockReference
  2
block 122
 10
0.0
 20
0.0
 30
0.0
  0
ENDBLK
  5
3C6
330
3C3
100
AcDbEntity
  8
0
100
AcDbBlockEnd
  0
BLOCK
  5
3CA
330
3C8
100
AcDbEntity
  8
0
100
AcDbBlockBegin
  2
block 122
 70
     0
 10
0.0
 20
0.0
 30
0.0
  3
block 122
  1

  0
SPLINE
  5
3CC
330
3C8
100
AcDbEntity
  8
Photoreceptor
370
     0
100
AcDbSpline
210
0.0
220
0.0
230
1.0
 70
    11
 71
     3
 72
    17
 73
    13
 74
     0
 42
0.0000000001
 43
0.0000000001
 12
1.0
 22
0.0
 32
0.0
 13
1.0
 23
0.0
 33
0.0
 40
0.0
 40
0.0
 40
0.0
 40
0.0
 40
1.0
 40
1.0
 40
1.0
 40
2.0
 40
2.0
 40
2.0
 40
3.0
 40
3.0
 40
3.0
 40
4.0
 40
4.0
 40
4.0
 40
4.0
 10
194.8150316965211
 20
-125.1439302464918
 30
0.0
 10
194.4058094847391
 20
-124.30322552448
 30
0.0
 10
193.7474203348693
 20
-123.2749135802921
 30
0.0
 10
193.0966159070283
 20
-122.6612919137794
 30
0.0
 10
193.0966159070283
 20
-122.6612919137794
 30
0.0
 10
194.6094680906544
 20
-123.0465605247941
 30
0.0
 10
194.6094680906544
 20
-123.0465605247941
 30
0.0
 10
194.6094680906544
 20
-123.0465605247941
 30
0.0
 10
196.0183919435986
 20
-122.3749421916286
 30
0.0
 10
196.0183919435986
 20
-122.3749421916286
 30
0.0
 10
195.4991383457348
 20
-123.1032166358908
 30
0.0
 10
195.0529097460079
 20
-124.2397960800515
 30
0.0
 10
194.8150316965211
 20
-125.1439302464918
 30
0.0
  0
ENDBLK
  5
3CB
330
3C8
100
AcDbEntity
  8
0
100
AcDbBlockEnd
  0
BLOCK
  5
3D3
330
3D1
100
AcDbEntity
  8
0
100
AcDbBlockBegin
  2
block 123
 70
     0
 10
0.0
 20
0.0
 30
0.0
  3
block 123
  1

  0
INSERT
  5
3D6
330
3D1
100
AcDbEntity
  8
Photoreceptor
100
AcDbBlockReference
  2
block 124
 10
0.0
 20
0.0
 30
0.0
  0
ENDBLK
  5
3D4
330
3D1
100
AcDbEntity
  8
0
100
AcDbBlockEnd
  0
BLOCK
  5
3D7
330
3D5
100
AcDbEntity
  8
0
100
AcDbBlockBegin
  2
block 124
 70
     0
 10
0.0
 20
0.0
 30
0.0
  3
block 124
  1

  0
INSERT
  5
3DA
330
3D5
100
AcDbEntity
  8
Photoreceptor
100
AcDbBlockReference
  2
block 125
 10
0.0
 20
0.0
 30
0.0
  0
ENDBLK
  5
3D8
330
3D5
100
AcDbEntity
  8
0
100
AcDbBlockEnd
  0
BLOCK
  5
3DB
330
3D9
100
AcDbEntity
  8
0
100
AcDbBlockBegin
  2
block 125
 70
     0
 10
0.0
 20
0.0
 30
0.0
  3
block 125
  1

  0
SPLINE
  5
3DD
330
3D9
100
AcDbEntity
  8
Photoreceptor
 62
   250
420
  1645085
370
    35
100
AcDbSpline
210
0.0
220
0.0
230
1.0
 70
     8
 71
     3
 72
     8
 73
     4
 74
     0
 42
0.0000000001
 43
0.0000000001
 12
1.0
 22
0.0
 32
0.0
 13
1.0
 23
0.0
 33
0.0
 40
0.0
 40
0.0
 40
0.0
 40
0.0
 40
1.0
 40
1.0
 40
1.0
 40
1.0
 10
189.7281221747902
 20
-117.7816344149987
 30
0.0
 10
192.065481766668
 20
-117.7816344149987
 30
0.0
 10
194.0257619944349
 20
-119.962506636676
 30
0.0
 10
194.5547169809401
 20
-122.9001224692751
 30
0.0
  0
INSERT
  5
3DF
330
3D9
100
AcDbEntity
  8
Photoreceptor
100
AcDbBlockReference
  2
block 126
 10
0.0
 20
0.0
 30
0.0
  0
ENDBLK
  5
3DC
330
3D9
100
AcDbEntity
  8
0
100
AcDbBlockEnd
  0
BLOCK
  5
3E0
330
3DE
100
AcDbEntity
  8
0
100
AcDbBlockBegin
  2
block 126
 70
     0
 10
0.0
 20
0.0
 30
0.0
  3
block 126
  1

  0
SPLINE
  5
3E2
330
3DE
100
AcDbEntity
  8
Photoreceptor
370
     0
100
AcDbSpline
210
0.0
220
0.0
230
1.0
 70
    11
 71
     3
 72
    17
 73
    13
 74
     0
 42
0.0000000001
 43
0.0000000001
 12
1.0
 22
0.0
 32
0.0
 13
1.0
 23
0.0
 33
0.0
 40
0.0
 40
0.0
 40
0.0
 40
0.0
 40
1.0
 40
1.0
 40
1.0
 40
2.0
 40
2.0
 40
2.0
 40
3.0
 40
3.0
 40
3.0
 40
4.0
 40
4.0
 40
4.0
 40
4.0
 10
194.6952636440211
 20
-124.4916441355437
 30
0.0
 10
194.3431208752272
 20
-123.7717305246127
 30
0.0
 10
193.7770889452235
 20
-122.8914088581662
 30
0.0
 10
193.2182536817028
 20
-122.3665108027418
 30
0.0
 10
193.2182536817028
 20
-122.3665108027418
 30
0.0
 10
194.5155939263826
 20
-122.6942413582155
 30
0.0
 10
194.5155939263826
 20
-122.6942413582155
 30
0.0
 10
194.5155939263826
 20
-122.6942413582155
 30
0.0
 10
195.7221693955139
 20
-122.1162502472489
 30
0.0
 10
195.7221693955139
 20
-122.1162502472489
 30
0.0
 10
195.2782641847031
 20
-122.7413724693145
 30
0.0
 10
194.8976875277457
 20
-123.7163091357375
 30
0.0
 10
194.6952636440211
 20
-124.4916441355437
 30
0.0
  0
HATCH
  5
3E3
330
3DE
100
AcDbEntity
  8
Photoreceptor
 62
   250
420
  1645085
100
AcDbHatch
 10
0.0
 20
0.0
 30
0.0
210
0.0
220
0.0
230
1.0
  2
SOLID
 70
     1
 71
     0
 91
        1
 92
        1
 93
        1
 72
     4
 94
        3
 73
     0
 74
     1
 95
       17
 96
       13
 40
0.0
 40
0.0
 40
0.0
 40
0.0
 40
1.0
 40
1.0
 40
1.0
 40
2.0
 40
2.0
 40
2.0
 40
3.0
 40
3.0
 40
3.0
 40
4.0
 40
4.0
 40
4.0
 40
4.0
 10
194.6952636440211
 20
-124.4916441355437
 10
194.3431208752272
 20
-123.7717305246127
 10
193.7770889452235
 20
-122.8914088581662
 10
193.2182536817028
 20
-122.3665108027418
 10
193.2182536817028
 20
-122.3665108027418
 10
194.5155939263826
 20
-122.6942413582155
 10
194.5155939263826
 20
-122.6942413582155
 10
194.5155939263826
 20
-122.6942413582155
 10
195.7221693955139
 20
-122.1162502472489
 10
195.7221693955139
 20
-122.1162502472489
 10
195.2782641847031
 20
-122.7413724693145
 10
194.8976875277457
 20
-123.7163091357375
 10
194.6952636440211
 20
-124.4916441355437
 97
        0
 97
        0
 75
     2
 76
     1
 98
        0
  0
ENDBLK
  5
3E1
330
3DE
100
AcDbEntity
  8
0
100
AcDbBlockEnd
  0
BLOCK
  5
3EB
330
3E9
100
AcDbEntity
  8
0
100
AcDbBlockBegin
  2
block 127
 70
     0
 10
0.0
 20
0.0
 30
0.0
  3
block 127
  1

  0
INSERT
  5
3EE
330
3E9
100
AcDbEntity
  8
Photoreceptor
100
AcDbBlockReference
  2
block 128
 10
0.0
 20
0.0
 30
0.0
  0
ENDBLK
  5
3EC
330
3E9
100
AcDbEntity
  8
0
100
AcDbBlockEnd
  0
BLOCK
  5
3EF
330
3ED
100
AcDbEntity
  8
0
100
AcDbBlockBegin
  2
block 128
 70
     0
 10
0.0
 20
0.0
 30
0.0
  3
block 128
  1

  0
POLYLINE
  5
3F1
330
3ED
100
AcDbEntity
  8
Photoreceptor
370
     0
100
AcDb2dPolyline
 66
     1
 10
0.0
 20
0.0
 30
0.0
  0
VERTEX
  5
3F2
330
3F1
100
AcDbEntity
  8
Photoreceptor
370
     0
100
AcDbVertex
100
AcDb2dVertex
 10
180.3101856776817
 20
-126.9315258016002
 30
0.0
  0
VERTEX
  5
3F3
330
3F1
100
AcDbEntity
  8
Photoreceptor
370
     0
100
AcDbVertex
100
AcDb2dVertex
 10
179.0200420994849
 20
-126.9315258016002
 30
0.0
  0
VERTEX
  5
3F4
330
3F1
100
AcDbEntity
  8
Photoreceptor
370
     0
100
AcDbVertex
100
AcDb2dVertex
 10
179.0200420994849
 20
-125.6413821908122
 30
0.0
  0
VERTEX
  5
3F5
330
3F1
100
AcDbEntity
  8
Photoreceptor
370
     0
100
AcDbVertex
100
AcDb2dVertex
 10
180.3101856776817
 20
-125.6413821908122
 30
0.0
  0
VERTEX
  5
3F6
330
3F1
100
AcDbEntity
  8
Photoreceptor
370
     0
100
AcDbVertex
100
AcDb2dVertex
 10
180.3101856776817
 20
-126.9315258016002
 30
0.0
  0
SEQEND
  5
3F7
330
3F1
100
AcDbEntity
  8
Photoreceptor
370
     0
  0
ENDBLK
  5
3F0
330
3ED
100
AcDbEntity
  8
0
100
AcDbBlockEnd
  0
BLOCK
  5
3FC
330
3FA
100
AcDbEntity
  8
0
100
AcDbBlockBegin
  2
block 129
 70
     0
 10
0.0
 20
0.0
 30
0.0
  3
block 129
  1

  0
INSERT
  5
3FF
330
3FA
100
AcDbEntity
  8
Axon 2
100
AcDbBlockReference
  2
block 130
 10
0.0
 20
0.0
 30
0.0
  0
MTEXT
  5
40D
330
3FA
100
AcDbEntity
  8
Axon 2
 62
     7
420
 16777215
100
AcDbMText
 10
131.8300373086211
 20
-102.3408200871945
 30
0.0
 40
2.49766666604225
 41
0.0
 46
0.0
 71
     7
 72
     1
  1
\fMyriad Pro|b0|i0|c0|p34;\W0.8713;-
 73
     1
 44
1.0
  0
ENDBLK
  5
3FD
330
3FA
100
AcDbEntity
  8
0
100
AcDbBlockEnd
  0
BLOCK
  5
400
330
3FE
100
AcDbEntity
  8
0
100
AcDbBlockBegin
  2
block 130
 70
     0
 10
0.0
 20
0.0
 30
0.0
  3
block 130
  1

  0
INSERT
  5
403
330
3FE
100
AcDbEntity
  8
Axon 2
100
AcDbBlockReference
  2
block 131
 10
0.0
 20
0.0
 30
0.0
  0
ENDBLK
  5
401
330
3FE
100
AcDbEntity
  8
0
100
AcDbBlockEnd
  0
BLOCK
  5
404
330
402
100
AcDbEntity
  8
0
100
AcDbBlockBegin
  2
block 131
 70
     0
 10
0.0
 20
0.0
 30
0.0
  3
block 131
  1

  0
POLYLINE
  5
406
330
402
100
AcDbEntity
  8
Axon 2
370
     0
100
AcDb2dPolyline
 66
     1
 10
0.0
 20
0.0
 30
0.0
  0
VERTEX
  5
407
330
406
100
AcDbEntity
  8
Axon 2
370
     0
100
AcDbVertex
100
AcDb2dVertex
 10
132.984095496182
 20
-101.9959224745007
 30
0.0
  0
VERTEX
  5
408
330
406
100
AcDbEntity
  8
Axon 2
370
     0
100
AcDbVertex
100
AcDb2dVertex
 10
131.6939519179851
 20
-101.9959224745007
 30
0.0
  0
VERTEX
  5
409
330
406
100
AcDbEntity
  8
Axon 2
370
     0
100
AcDbVertex
100
AcDb2dVertex
 10
131.6939519179851
 20
-100.7058141414902
 30
0.0
  0
VERTEX
  5
40A
330
406
100
AcDbEntity
  8
Axon 2
370
     0
100
AcDbVertex
100
AcDb2dVertex
 10
132.984095496182
 20
-100.7058141414902
 30
0.0
  0
VERTEX
  5
40B
330
406
100
AcDbEntity
  8
Axon 2
370
     0
100
AcDbVertex
100
AcDb2dVertex
 10
132.984095496182
 20
-101.9959224745007
 30
0.0
  0
SEQEND
  5
40C
330
406
100
AcDbEntity
  8
Axon 2
370
     0
  0
ENDBLK
  5
405
330
402
100
AcDbEntity
  8
0
100
AcDbBlockEnd
  0
BLOCK
  5
410
330
40E
100
AcDbEntity
  8
0
100
AcDbBlockBegin
  2
block 132
 70
     0
 10
0.0
 20
0.0
 30
0.0
  3
block 132
  1

  0
INSERT
  5
413
330
40E
100
AcDbEntity
  8
Axon 2
100
AcDbBlockReference
  2
block 133
 10
0.0
 20
0.0
 30
0.0
  0
MTEXT
  5
421
330
40E
100
AcDbEntity
  8
Axon 2
 62
     7
420
 16777215
100
AcDbMText
 10
146.5120518762465
 20
-102.3326675917064
 30
0.0
 40
2.49766666604225
 41
0.0
 46
0.0
 71
     7
 72
     1
  1
\fMyriad Pro|b0|i0|c0|p34;\W0.8713;+
 73
     1
 44
1.0
  0
ENDBLK
  5
411
330
40E
100
AcDbEntity
  8
0
100
AcDbBlockEnd
  0
BLOCK
  5
414
330
412
100
AcDbEntity
  8
0
100
AcDbBlockBegin
  2
block 133
 70
     0
 10
0.0
 20
0.0
 30
0.0
  3
block 133
  1

  0
INSERT
  5
417
330
412
100
AcDbEntity
  8
Axon 2
100
AcDbBlockReference
  2
block 134
 10
0.0
 20
0.0
 30
0.0
  0
ENDBLK
  5
415
330
412
100
AcDbEntity
  8
0
100
AcDbBlockEnd
  0
BLOCK
  5
418
330
416
100
AcDbEntity
  8
0
100
AcDbBlockBegin
  2
block 134
 70
     0
 10
0.0
 20
0.0
 30
0.0
  3
block 134
  1

  0
POLYLINE
  5
41A
330
416
100
AcDbEntity
  8
Axon 2
370
     0
100
AcDb2dPolyline
 66
     1
 10
0.0
 20
0.0
 30
0.0
  0
VERTEX
  5
41B
330
41A
100
AcDbEntity
  8
Axon 2
370
     0
100
AcDbVertex
100
AcDb2dVertex
 10
148.0034678907836
 20
-102.0493330300431
 30
0.0
  0
VERTEX
  5
41C
330
41A
100
AcDbEntity
  8
Axon 2
370
     0
100
AcDbVertex
100
AcDb2dVertex
 10
146.8716509752142
 20
-102.0493330300431
 30
0.0
  0
VERTEX
  5
41D
330
41A
100
AcDbEntity
  8
Axon 2
370
     0
100
AcDbVertex
100
AcDb2dVertex
 10
146.8716509752142
 20
-100.7269102525963
 30
0.0
  0
VERTEX
  5
41E
330
41A
100
AcDbEntity
  8
Axon 2
370
     0
100
AcDbVertex
100
AcDb2dVertex
 10
148.0034678907836
 20
-100.7269102525963
 30
0.0
  0
VERTEX
  5
41F
330
41A
100
AcDbEntity
  8
Axon 2
370
     0
100
AcDbVertex
100
AcDb2dVertex
 10
148.0034678907836
 20
-102.0493330300431
 30
0.0
  0
SEQEND
  5
420
330
41A
100
AcDbEntity
  8
Axon 2
370
     0
  0
ENDBLK
  5
419
330
416
100
AcDbEntity
  8
0
100
AcDbBlockEnd
  0
BLOCK
  5
424
330
422
100
AcDbEntity
  8
0
100
AcDbBlockBegin
  2
block 135
 70
     0
 10
0.0
 20
0.0
 30
0.0
  3
block 135
  1

  0
INSERT
  5
427
330
422
100
AcDbEntity
  8
Axon 2
100
AcDbBlockReference
  2
block 136
 10
0.0
 20
0.0
 30
0.0
  0
INSERT
  5
441
330
422
100
AcDbEntity
  8
Axon 2
100
AcDbBlockReference
  2
block 141
 10
0.0
 20
0.0
 30
0.0
  0
ENDBLK
  5
425
330
422
100
AcDbEntity
  8
0
100
AcDbBlockEnd
  0
BLOCK
  5
428
330
426
100
AcDbEntity
  8
0
100
AcDbBlockBegin
  2
block 136
 70
     0
 10
0.0
 20
0.0
 30
0.0
  3
block 136
  1

  0
INSERT
  5
42B
330
426
100
AcDbEntity
  8
Axon 2
100
AcDbBlockReference
  2
block 137
 10
0.0
 20
0.0
 30
0.0
  0
POLYLINE
  5
43C
330
426
100
AcDbEntity
  8
Axon 2
 62
    18
420
        0
370
    70
100
AcDb2dPolyline
 66
     1
 10
0.0
 20
0.0
 30
0.0
  0
VERTEX
  5
43D
330
43C
100
AcDbEntity
  8
Axon 2
 62
    18
420
        0
370
    70
100
AcDbVertex
100
AcDb2dVertex
 10
137.1597495563188
 20
-92.88469553233456
 30
0.0
  0
VERTEX
  5
43E
330
43C
100
AcDbEntity
  8
Axon 2
 62
    18
420
        0
370
    70
100
AcDbVertex
100
AcDb2dVertex
 10
137.94760814733
 20
-92.88469553233456
 30
0.0
  0
SEQEND
  5
43F
330
43C
100
AcDbEntity
  8
Axon 2
 62
    18
420
        0
370
    70
  0
ENDBLK
  5
429
330
426
100
AcDbEntity
  8
0
100
AcDbBlockEnd
  0
BLOCK
  5
42C
330
42A
100
AcDbEntity
  8
0
100
AcDbBlockBegin
  2
block 137
 70
     0
 10
0.0
 20
0.0
 30
0.0
  3
block 137
  1

  0
INSERT
  5
42F
330
42A
100
AcDbEntity
  8
Axon 2
100
AcDbBlockReference
  2
block 138
 10
0.0
 20
0.0
 30
0.0
  0
ENDBLK
  5
42D
330
42A
100
AcDbEntity
  8
0
100
AcDbBlockEnd
  0
BLOCK
  5
430
330
42E
100
AcDbEntity
  8
0
100
AcDbBlockBegin
  2
block 138
 70
     0
 10
0.0
 20
0.0
 30
0.0
  3
block 138
  1

  0
INSERT
  5
433
330
42E
100
AcDbEntity
  8
Axon 2
100
AcDbBlockReference
  2
block 139
 10
0.0
 20
0.0
 30
0.0
  0
ENDBLK
  5
431
330
42E
100
AcDbEntity
  8
0
100
AcDbBlockEnd
  0
BLOCK
  5
434
330
432
100
AcDbEntity
  8
0
100
AcDbBlockBegin
  2
block 139
 70
     0
 10
0.0
 20
0.0
 30
0.0
  3
block 139
  1

  0
SPLINE
  5
436
330
432
100
AcDbEntity
  8
Axon 2
 62
    18
420
        0
370
    70
100
AcDbSpline
210
0.0
220
0.0
230
1.0
 70
     8
 71
     3
 72
     8
 73
     4
 74
     0
 42
0.0000000001
 43
0.0000000001
 12
1.0
 22
0.0
 32
0.0
 13
1.0
 23
0.0
 33
0.0
 40
0.0
 40
0.0
 40
0.0
 40
0.0
 40
1.0
 40
1.0
 40
1.0
 40
1.0
 10
137.1597495563188
 20
-92.88473081011207
 30
0.0
 10
134.9337218353317
 20
-92.88473081011207
 30
0.0
 10
133.052781327763
 20
-95.09502469844847
 30
0.0
 10
132.4441691210677
 20
-98.12856080880125
 30
0.0
  0
INSERT
  5
438
330
432
100
AcDbEntity
  8
Axon 2
100
AcDbBlockReference
  2
block 140
 10
0.0
 20
0.0
 30
0.0
  0
ENDBLK
  5
435
330
432
100
AcDbEntity
  8
0
100
AcDbBlockEnd
  0
BLOCK
  5
439
330
437
100
AcDbEntity
  8
0
100
AcDbBlockBegin
  2
block 140
 70
     0
 10
0.0
 20
0.0
 30
0.0
  3
block 140
  1

  0
SPLINE
  5
43B
330
437
100
AcDbEntity
  8
Axon 2
370
     0
100
AcDbSpline
210
0.0
220
0.0
230
1.0
 70
    11
 71
     3
 72
    17
 73
    13
 74
     0
 42
0.0000000001
 43
0.0000000001
 12
1.0
 22
0.0
 32
0.0
 13
1.0
 23
0.0
 33
0.0
 40
0.0
 40
0.0
 40
0.0
 40
0.0
 40
1.0
 40
1.0
 40
1.0
 40
2.0
 40
2.0
 40
2.0
 40
3.0
 40
3.0
 40
3.0
 40
4.0
 40
4.0
 40
4.0
 40
4.0
 10
132.2370532930184
 20
-100.2487905304933
 30
0.0
 10
131.975398021916
 20
-99.21278803075218
 30
0.0
 10
131.478686923477
 20
-97.90870969774511
 30
0.0
 10
130.8937813828437
 20
-97.0703333090657
 30
0.0
 10
130.8937813828437
 20
-97.0703333090657
 30
0.0
 10
132.4964155086237
 20
-97.85434664220323
 30
0.0
 10
132.4964155086237
 20
-97.85434664220323
 30
0.0
 10
132.4964155086237
 20
-97.85434664220323
 30
0.0
 10
134.229436297744
 20
-97.43168358675348
 30
0.0
 10
134.229436297744
 20
-97.43168358675348
 30
0.0
 10
133.4785840946776
 20
-98.12531525324636
 30
0.0
 10
132.7141499475133
 20
-99.2927980307323
 30
0.0
 10
132.2370532930184
 20
-100.2487905304933
 30
0.0
  0
ENDBLK
  5
43A
330
437
100
AcDbEntity
  8
0
100
AcDbBlockEnd
  0
BLOCK
  5
442
330
440
100
AcDbEntity
  8
0
100
AcDbBlockBegin
  2
block 141
 70
     0
 10
0.0
 20
0.0
 30
0.0
  3
block 141
  1

  0
INSERT
  5
445
330
440
100
AcDbEntity
  8
Axon 2
100
AcDbBlockReference
  2
block 142
 10
0.0
 20
0.0
 30
0.0
  0
POLYLINE
  5
457
330
440
100
AcDbEntity
  8
Axon 2
 62
   250
420
  1645085
370
    35
100
AcDb2dPolyline
 66
     1
 10
0.0
 20
0.0
 30
0.0
  0
VERTEX
  5
458
330
457
100
AcDbEntity
  8
Axon 2
 62
   250
420
  1645085
370
    35
100
AcDbVertex
100
AcDb2dVertex
 10
137.1758009447982
 20
-92.88469553233456
 30
0.0
  0
VERTEX
  5
459
330
457
100
AcDbEntity
  8
Axon 2
 62
   250
420
  1645085
370
    35
100
AcDbVertex
100
AcDb2dVertex
 10
137.94760814733
 20
-92.88469553233456
 30
0.0
  0
SEQEND
  5
45A
330
457
100
AcDbEntity
  8
Axon 2
 62
   250
420
  1645085
370
    35
  0
ENDBLK
  5
443
330
440
100
AcDbEntity
  8
0
100
AcDbBlockEnd
  0
BLOCK
  5
446
330
444
100
AcDbEntity
  8
0
100
AcDbBlockBegin
  2
block 142
 70
     0
 10
0.0
 20
0.0
 30
0.0
  3
block 142
  1

  0
INSERT
  5
449
330
444
100
AcDbEntity
  8
Axon 2
100
AcDbBlockReference
  2
block 143
 10
0.0
 20
0.0
 30
0.0
  0
ENDBLK
  5
447
330
444
100
AcDbEntity
  8
0
100
AcDbBlockEnd
  0
BLOCK
  5
44A
330
448
100
AcDbEntity
  8
0
100
AcDbBlockBegin
  2
block 143
 70
     0
 10
0.0
 20
0.0
 30
0.0
  3
block 143
  1

  0
INSERT
  5
44D
330
448
100
AcDbEntity
  8
Axon 2
100
AcDbBlockReference
  2
block 144
 10
0.0
 20
0.0
 30
0.0
  0
ENDBLK
  5
44B
330
448
100
AcDbEntity
  8
0
100
AcDbBlockEnd
  0
BLOCK
  5
44E
330
44C
100
AcDbEntity
  8
0
100
AcDbBlockBegin
  2
block 144
 70
     0
 10
0.0
 20
0.0
 30
0.0
  3
block 144
  1

  0
SPLINE
  5
450
330
44C
100
AcDbEntity
  8
Axon 2
 62
   250
420
  1645085
370
    35
100
AcDbSpline
210
0.0
220
0.0
230
1.0
 70
     8
 71
     3
 72
     8
 73
     4
 74
     0
 42
0.0000000001
 43
0.0000000001
 12
1.0
 22
0.0
 32
0.0
 13
1.0
 23
0.0
 33
0.0
 40
0.0
 40
0.0
 40
0.0
 40
0.0
 40
1.0
 40
1.0
 40
1.0
 40
1.0
 10
137.1758009447982
 20
-92.88473081011207
 30
0.0
 10
134.906522669359
 20
-92.88473081011207
 30
0.0
 10
133.0033218845803
 20
-95.06616747623349
 30
0.0
 10
132.4897832865707
 20
-98.0044888643881
 30
0.0
  0
INSERT
  5
452
330
44C
100
AcDbEntity
  8
Axon 2
100
AcDbBlockReference
  2
block 145
 10
0.0
 20
0.0
 30
0.0
  0
ENDBLK
  5
44F
330
44C
100
AcDbEntity
  8
0
100
AcDbBlockEnd
  0
BLOCK
  5
453
330
451
100
AcDbEntity
  8
0
100
AcDbBlockBegin
  2
block 145
 70
     0
 10
0.0
 20
0.0
 30
0.0
  3
block 145
  1

  0
SPLINE
  5
455
330
451
100
AcDbEntity
  8
Axon 2
370
     0
100
AcDbSpline
210
0.0
220
0.0
230
1.0
 70
    11
 71
     3
 72
    17
 73
    13
 74
     0
 42
0.0000000001
 43
0.0000000001
 12
1.0
 22
0.0
 32
0.0
 13
1.0
 23
0.0
 33
0.0
 40
0.0
 40
0.0
 40
0.0
 40
0.0
 40
1.0
 40
1.0
 40
1.0
 40
2.0
 40
2.0
 40
2.0
 40
3.0
 40
3.0
 40
3.0
 40
4.0
 40
4.0
 40
4.0
 40
4.0
 10
132.3533288456075
 20
-99.59636330843443
 30
0.0
 10
132.1484002397245
 20
-98.82159275307245
 30
0.0
 10
131.7649694115031
 20
-97.84774969776025
 30
0.0
 10
131.3193019275433
 20
-97.22393275347186
 30
0.0
 10
131.3193019275433
 20
-97.22393275347186
 30
0.0
 10
132.5277774522681
 20
-97.79846664221711
 30
0.0
 10
132.5277774522681
 20
-97.79846664221711
 30
0.0
 10
132.5277774522681
 20
-97.79846664221711
 30
0.0
 10
133.8239182525341
 20
-97.46692608674441
 30
0.0
 10
133.8239182525341
 20
-97.46692608674441
 30
0.0
 10
133.266635211196
 20
-97.99344691994621
 30
0.0
 10
132.7031432811274
 20
-98.87542664194768
 30
0.0
 10
132.3533288456075
 20
-99.59636330843443
 30
0.0
  0
HATCH
  5
456
330
451
100
AcDbEntity
  8
Axon 2
 62
   250
420
  1645085
100
AcDbHatch
 10
0.0
 20
0.0
 30
0.0
210
0.0
220
0.0
230
1.0
  2
SOLID
 70
     1
 71
     0
 91
        1
 92
        1
 93
        1
 72
     4
 94
        3
 73
     0
 74
     1
 95
       17
 96
       13
 40
0.0
 40
0.0
 40
0.0
 40
0.0
 40
1.0
 40
1.0
 40
1.0
 40
2.0
 40
2.0
 40
2.0
 40
3.0
 40
3.0
 40
3.0
 40
4.0
 40
4.0
 40
4.0
 40
4.0
 10
132.3533288456075
 20
-99.59636330843443
 10
132.1484002397245
 20
-98.82159275307245
 10
131.7649694115031
 20
-97.84774969776025
 10
131.3193019275433
 20
-97.22393275347186
 10
131.3193019275433
 20
-97.22393275347186
 10
132.5277774522681
 20
-97.79846664221711
 10
132.5277774522681
 20
-97.79846664221711
 10
132.5277774522681
 20
-97.79846664221711
 10
133.8239182525341
 20
-97.46692608674441
 10
133.8239182525341
 20
-97.46692608674441
 10
133.266635211196
 20
-97.99344691994621
 10
132.7031432811274
 20
-98.87542664194768
 10
132.3533288456075
 20
-99.59636330843443
 97
        0
 97
        0
 75
     2
 76
     1
 98
        0
  0
ENDBLK
  5
454
330
451
100
AcDbEntity
  8
0
100
AcDbBlockEnd
  0
BLOCK
  5
461
330
45F
100
AcDbEntity
  8
0
100
AcDbBlockBegin
  2
block 146
 70
     0
 10
0.0
 20
0.0
 30
0.0
  3
block 146
  1

  0
INSERT
  5
464
330
45F
100
AcDbEntity
  8
Axon 2
100
AcDbBlockReference
  2
block 147
 10
0.0
 20
0.0
 30
0.0
  0
ENDBLK
  5
462
330
45F
100
AcDbEntity
  8
0
100
AcDbBlockEnd
  0
BLOCK
  5
465
330
463
100
AcDbEntity
  8
0
100
AcDbBlockBegin
  2
block 147
 70
     0
 10
0.0
 20
0.0
 30
0.0
  3
block 147
  1

  0
INSERT
  5
468
330
463
100
AcDbEntity
  8
Axon 2
100
AcDbBlockReference
  2
block 148
 10
0.0
 20
0.0
 30
0.0
  0
ENDBLK
  5
466
330
463
100
AcDbEntity
  8
0
100
AcDbBlockEnd
  0
BLOCK
  5
469
330
467
100
AcDbEntity
  8
0
100
AcDbBlockBegin
  2
block 148
 70
     0
 10
0.0
 20
0.0
 30
0.0
  3
block 148
  1

  0
SPLINE
  5
46B
330
467
100
AcDbEntity
  8
Axon 2
 62
   250
420
  1645085
370
    35
100
AcDbSpline
210
0.0
220
0.0
230
1.0
 70
     8
 71
     3
 72
     8
 73
     4
 74
     0
 42
0.0000000001
 43
0.0000000001
 12
1.0
 22
0.0
 32
0.0
 13
1.0
 23
0.0
 33
0.0
 40
0.0
 40
0.0
 40
0.0
 40
0.0
 40
1.0
 40
1.0
 40
1.0
 40
1.0
 10
142.402027200355
 20
-92.84606636567737
 30
0.0
 10
144.7393915851683
 20
-92.84606636567737
 30
0.0
 10
146.6996718129351
 20
-95.02693858735462
 30
0.0
 10
147.2286305187485
 20
-97.96455441995306
 30
0.0
  0
INSERT
  5
46D
330
467
100
AcDbEntity
  8
Axon 2
100
AcDbBlockReference
  2
block 149
 10
0.0
 20
0.0
 30
0.0
  0
ENDBLK
  5
46A
330
467
100
AcDbEntity
  8
0
100
AcDbBlockEnd
  0
BLOCK
  5
46E
330
46C
100
AcDbEntity
  8
0
100
AcDbBlockBegin
  2
block 149
 70
     0
 10
0.0
 20
0.0
 30
0.0
  3
block 149
  1

  0
SPLINE
  5
470
330
46C
100
AcDbEntity
  8
Axon 2
370
     0
100
AcDbSpline
210
0.0
220
0.0
230
1.0
 70
    11
 71
     3
 72
    17
 73
    13
 74
     0
 42
0.0000000001
 43
0.0000000001
 12
1.0
 22
0.0
 32
0.0
 13
1.0
 23
0.0
 33
0.0
 40
0.0
 40
0.0
 40
0.0
 40
0.0
 40
1.0
 40
1.0
 40
1.0
 40
2.0
 40
2.0
 40
2.0
 40
3.0
 40
3.0
 40
3.0
 40
4.0
 40
4.0
 40
4.0
 40
4.0
 10
147.3691734625214
 20
-99.55607608622229
 30
0.0
 10
147.0170306937275
 20
-98.83616247529066
 30
0.0
 10
146.4509987637238
 20
-97.95584080884416
 30
0.0
 10
145.8921635002031
 20
-97.4309427534198
 30
0.0
 10
145.8921635002031
 20
-97.4309427534198
 30
0.0
 10
147.1895390226598
 20
-97.75867330889345
 30
0.0
 10
147.1895390226598
 20
-97.75867330889345
 30
0.0
 10
147.1895390226598
 20
-97.75867330889345
 30
0.0
 10
148.3960742696563
 20
-97.18064692014939
 30
0.0
 10
148.3960742696563
 20
-97.18064692014939
 30
0.0
 10
147.9522092809802
 20
-97.80580441999314
 30
0.0
 10
147.571597346246
 20
-98.78074108641614
 30
0.0
 10
147.3691734625214
 20
-99.55607608622229
 30
0.0
  0
HATCH
  5
471
330
46C
100
AcDbEntity
  8
Axon 2
 62
   250
420
  1645085
100
AcDbHatch
 10
0.0
 20
0.0
 30
0.0
210
0.0
220
0.0
230
1.0
  2
SOLID
 70
     1
 71
     0
 91
        1
 92
        1
 93
        1
 72
     4
 94
        3
 73
     0
 74
     1
 95
       17
 96
       13
 40
0.0
 40
0.0
 40
0.0
 40
0.0
 40
1.0
 40
1.0
 40
1.0
 40
2.0
 40
2.0
 40
2.0
 40
3.0
 40
3.0
 40
3.0
 40
4.0
 40
4.0
 40
4.0
 40
4.0
 10
147.3691734625214
 20
-99.55607608622229
 10
147.0170306937275
 20
-98.83616247529066
 10
146.4509987637238
 20
-97.95584080884416
 10
145.8921635002031
 20
-97.4309427534198
 10
145.8921635002031
 20
-97.4309427534198
 10
147.1895390226598
 20
-97.75867330889345
 10
147.1895390226598
 20
-97.75867330889345
 10
147.1895390226598
 20
-97.75867330889345
 10
148.3960742696563
 20
-97.18064692014939
 10
148.3960742696563
 20
-97.18064692014939
 10
147.9522092809802
 20
-97.80580441999314
 10
147.571597346246
 20
-98.78074108641614
 10
147.3691734625214
 20
-99.55607608622229
 97
        0
 97
        0
 75
     2
 76
     1
 98
        0
  0
ENDBLK
  5
46F
330
46C
100
AcDbEntity
  8
0
100
AcDbBlockEnd
  0
BLOCK
  5
47A
330
478
100
AcDbEntity
  8
0
100
AcDbBlockBegin
  2
block 150
 70
     0
 10
0.0
 20
0.0
 30
0.0
  3
block 150
  1

  0
INSERT
  5
47D
330
478
100
AcDbEntity
  8
Axon 2
100
AcDbBlockReference
  2
block 151
 10
0.0
 20
0.0
 30
0.0
  0
MTEXT
  5
49A
330
478
100
AcDbEntity
  8
Axon 2
 62
     7
420
 16777215
100
AcDbMText
 10
136.7077488366036
 20
-81.3050780725087
 30
0.0
 40
1.9981333328338
 41
0.0
 46
0.0
 71
     7
 72
     1
  1
\fMyriad Pro|b0|i0|c0|p34;\W1;Synapse In 2
 73
     1
 44
1.0
  0
ENDBLK
  5
47B
330
478
100
AcDbEntity
  8
0
100
AcDbBlockEnd
  0
BLOCK
  5
47E
330
47C
100
AcDbEntity
  8
0
100
AcDbBlockBegin
  2
block 151
 70
     0
 10
0.0
 20
0.0
 30
0.0
  3
block 151
  1

  0
INSERT
  5
481
330
47C
100
AcDbEntity
  8
Axon 2
100
AcDbBlockReference
  2
block 152
 10
0.0
 20
0.0
 30
0.0
  0
ENDBLK
  5
47F
330
47C
100
AcDbEntity
  8
0
100
AcDbBlockEnd
  0
BLOCK
  5
482
330
480
100
AcDbEntity
  8
0
100
AcDbBlockBegin
  2
block 152
 70
     0
 10
0.0
 20
0.0
 30
0.0
  3
block 152
  1

  0
INSERT
  5
485
330
480
100
AcDbEntity
  8
Axon 2
100
AcDbBlockReference
  2
block 153
 10
0.0
 20
0.0
 30
0.0
  0
ENDBLK
  5
483
330
480
100
AcDbEntity
  8
0
100
AcDbBlockEnd
  0
BLOCK
  5
486
330
484
100
AcDbEntity
  8
0
100
AcDbBlockBegin
  2
block 153
 70
     0
 10
0.0
 20
0.0
 30
0.0
  3
block 153
  1

  0
POLYLINE
  5
488
330
484
100
AcDbEntity
  8
Axon 2
370
     0
100
AcDb2dPolyline
 66
     1
 10
0.0
 20
0.0
 30
0.0
  0
VERTEX
  5
489
330
488
100
AcDbEntity
  8
Axon 2
370
     0
100
AcDbVertex
100
AcDb2dVertex
 10
131.5847319207716
 20
-80.57232775763478
 30
0.0
  0
VERTEX
  5
48A
330
488
100
AcDbEntity
  8
Axon 2
370
     0
100
AcDbVertex
100
AcDb2dVertex
 10
136.3290637441781
 20
-80.57232775763478
 30
0.0
  0
SEQEND
  5
48B
330
488
100
AcDbEntity
  8
Axon 2
370
     0
  0
INSERT
  5
48D
330
484
100
AcDbEntity
  8
Axon 2
100
AcDbBlockReference
  2
block 154
 10
0.0
 20
0.0
 30
0.0
  0
ENDBLK
  5
487
330
484
100
AcDbEntity
  8
0
100
AcDbBlockEnd
  0
BLOCK
  5
48E
330
48C
100
AcDbEntity
  8
0
100
AcDbBlockBegin
  2
block 154
 70
     0
 10
0.0
 20
0.0
 30
0.0
  3
block 154
  1

  0
POLYLINE
  5
490
330
48C
100
AcDbEntity
  8
Axon 2
 62
   250
420
  1645085
370
    35
100
AcDb2dPolyline
 66
     1
 10
0.0
 20
0.0
 30
0.0
  0
VERTEX
  5
491
330
490
100
AcDbEntity
  8
Axon 2
 62
   250
420
  1645085
370
    35
100
AcDbVertex
100
AcDb2dVertex
 10
133.4541013175244
 20
-80.57232775763478
 30
0.0
  0
VERTEX
  5
492
330
490
100
AcDbEntity
  8
Axon 2
 62
   250
420
  1645085
370
    35
100
AcDbVertex
100
AcDb2dVertex
 10
136.3290284664012
 20
-80.57232775763478
 30
0.0
  0
SEQEND
  5
493
330
490
100
AcDbEntity
  8
Axon 2
 62
   250
420
  1645085
370
    35
  0
INSERT
  5
495
330
48C
100
AcDbEntity
  8
Axon 2
100
AcDbBlockReference
  2
block 155
 10
0.0
 20
0.0
 30
0.0
  0
ENDBLK
  5
48F
330
48C
100
AcDbEntity
  8
0
100
AcDbBlockEnd
  0
BLOCK
  5
496
330
494
100
AcDbEntity
  8
0
100
AcDbBlockBegin
  2
block 155
 70
     0
 10
0.0
 20
0.0
 30
0.0
  3
block 155
  1

  0
SPLINE
  5
498
330
494
100
AcDbEntity
  8
Axon 2
370
     0
100
AcDbSpline
210
0.0
220
0.0
230
1.0
 70
    11
 71
     3
 72
    29
 73
    25
 74
     0
 42
0.0000000001
 43
0.0000000001
 12
1.0
 22
0.0
 32
0.0
 13
1.0
 23
0.0
 33
0.0
 40
0.0
 40
0.0
 40
0.0
 40
0.0
 40
1.0
 40
1.0
 40
1.0
 40
2.0
 40
2.0
 40
2.0
 40
3.0
 40
3.0
 40
3.0
 40
4.0
 40
4.0
 40
4.0
 40
5.0
 40
5.0
 40
5.0
 40
6.0
 40
6.0
 40
6.0
 40
7.0
 40
7.0
 40
7.0
 40
8.0
 40
8.0
 40
8.0
 40
8.0
 10
133.8656871403574
 20
-80.57232775763478
 30
0.0
 10
133.8656871403574
 20
-80.57232775763478
 30
0.0
 10
134.3681837942043
 20
-79.74612220228558
 30
0.0
 10
134.3681837942043
 20
-79.74612220228558
 30
0.0
 10
134.3681837942043
 20
-79.74612220228558
 30
0.0
 10
134.339961572702
 20
-79.72742498006808
 30
0.0
 10
134.339961572702
 20
-79.72742498006808
 30
0.0
 10
134.339961572702
 20
-79.72742498006808
 30
0.0
 10
132.9928091070708
 20
-80.26251831326775
 30
0.0
 10
132.9928091070708
 20
-80.26251831326775
 30
0.0
 10
132.5234416335359
 20
-80.36574109101964
 30
0.0
 10
132.0540674643534
 20
-80.46896386877152
 30
0.0
 10
131.5847319207716
 20
-80.57232775763478
 30
0.0
 10
132.0540674643534
 20
-80.67555053538668
 30
0.0
 10
132.5234416335359
 20
-80.77877331313856
 30
0.0
 10
132.9928091070708
 20
-80.88213720200181
 30
0.0
 10
132.9928091070708
 20
-80.88213720200181
 30
0.0
 10
134.339961572702
 20
-81.41723053520117
 30
0.0
 10
134.339961572702
 20
-81.41723053520117
 30
0.0
 10
134.339961572702
 20
-81.41723053520117
 30
0.0
 10
134.3681837942043
 20
-81.4031194240936
 30
0.0
 10
134.3681837942043
 20
-81.4031194240936
 30
0.0
 10
134.3681837942043
 20
-81.4031194240936
 30
0.0
 10
133.8656871403574
 20
-80.57232775763478
 30
0.0
 10
133.8656871403574
 20
-80.57232775763478
 30
0.0
  0
HATCH
  5
499
330
494
100
AcDbEntity
  8
Axon 2
 62
   250
420
  1645085
100
AcDbHatch
 10
0.0
 20
0.0
 30
0.0
210
0.0
220
0.0
230
1.0
  2
SOLID
 70
     1
 71
     0
 91
        1
 92
        1
 93
        1
 72
     4
 94
        3
 73
     0
 74
     1
 95
       29
 96
       25
 40
0.0
 40
0.0
 40
0.0
 40
0.0
 40
1.0
 40
1.0
 40
1.0
 40
2.0
 40
2.0
 40
2.0
 40
3.0
 40
3.0
 40
3.0
 40
4.0
 40
4.0
 40
4.0
 40
5.0
 40
5.0
 40
5.0
 40
6.0
 40
6.0
 40
6.0
 40
7.0
 40
7.0
 40
7.0
 40
8.0
 40
8.0
 40
8.0
 40
8.0
 10
133.8656871403574
 20
-80.57232775763478
 10
133.8656871403574
 20
-80.57232775763478
 10
134.3681837942043
 20
-79.74612220228558
 10
134.3681837942043
 20
-79.74612220228558
 10
134.3681837942043
 20
-79.74612220228558
 10
134.339961572702
 20
-79.72742498006808
 10
134.339961572702
 20
-79.72742498006808
 10
134.339961572702
 20
-79.72742498006808
 10
132.9928091070708
 20
-80.26251831326775
 10
132.9928091070708
 20
-80.26251831326775
 10
132.5234416335359
 20
-80.36574109101964
 10
132.0540674643534
 20
-80.46896386877152
 10
131.5847319207716
 20
-80.57232775763478
 10
132.0540674643534
 20
-80.67555053538668
 10
132.5234416335359
 20
-80.77877331313856
 10
132.9928091070708
 20
-80.88213720200181
 10
132.9928091070708
 20
-80.88213720200181
 10
134.339961572702
 20
-81.41723053520117
 10
134.339961572702
 20
-81.41723053520117
 10
134.339961572702
 20
-81.41723053520117
 10
134.3681837942043
 20
-81.4031194240936
 10
134.3681837942043
 20
-81.4031194240936
 10
134.3681837942043
 20
-81.4031194240936
 10
133.8656871403574
 20
-80.57232775763478
 10
133.8656871403574
 20
-80.57232775763478
 97
        0
 97
        0
 75
     2
 76
     1
 98
        0
  0
ENDBLK
  5
497
330
494
100
AcDbEntity
  8
0
100
AcDbBlockEnd
  0
BLOCK
  5
49D
330
49B
100
AcDbEntity
  8
0
100
AcDbBlockBegin
  2
block 156
 70
     0
 10
0.0
 20
0.0
 30
0.0
  3
block 156
  1

  0
SPLINE
  5
49F
330
49B
100
AcDbEntity
  8
Axon 2
370
     0
100
AcDbSpline
210
0.0
220
0.0
230
1.0
 70
    11
 71
     3
 72
    62
 73
    58
 74
     0
 42
0.0000000001
 43
0.0000000001
 12
1.0
 22
0.0
 32
0.0
 13
1.0
 23
0.0
 33
0.0
 40
0.0
 40
0.0
 40
0.0
 40
0.0
 40
1.0
 40
1.0
 40
1.0
 40
2.0
 40
2.0
 40
2.0
 40
3.0
 40
3.0
 40
3.0
 40
4.0
 40
4.0
 40
4.0
 40
5.0
 40
5.0
 40
5.0
 40
6.0
 40
6.0
 40
6.0
 40
7.0
 40
7.0
 40
7.0
 40
8.0
 40
8.0
 40
8.0
 40
9.0
 40
9.0
 40
9.0
 40
10.0
 40
10.0
 40
10.0
 40
11.0
 40
11.0
 40
11.0
 40
12.0
 40
12.0
 40
12.0
 40
13.0
 40
13.0
 40
13.0
 40
14.0
 40
14.0
 40
14.0
 40
15.0
 40
15.0
 40
15.0
 40
16.0
 40
16.0
 40
16.0
 40
17.0
 40
17.0
 40
17.0
 40
18.0
 40
18.0
 40
18.0
 40
19.0
 40
19.0
 40
19.0
 40
19.0
 10
154.7467796631919
 20
-84.04242636787816
 30
0.0
 10
155.4192799238127
 20
-84.04242636787816
 30
0.0
 10
156.0919918510949
 20
-84.0908980345329
 30
0.0
 10
156.9180915522415
 20
-84.66846581216633
 30
0.0
 10
157.2338629330744
 20
-84.8892341454444
 30
0.0
 10
157.1910357119448
 20
-85.39247164531844
 30
0.0
 10
157.1419996020847
 20
-85.64491942303327
 30
0.0
 10
157.0930027385045
 20
-85.89736720074777
 30
0.0
 10
157.0044868278152
 20
-86.34789970063522
 30
0.0
 10
156.9819090506134
 20
-86.49229164504366
 30
0.0
 10
156.9337901629521
 20
-86.80023136718869
 30
0.0
 10
156.8628818314281
 20
-87.20666664486494
 30
0.0
 10
156.8528629427945
 20
-87.56071442255421
 30
0.0
 10
156.841185998648
 20
-87.8222285891557
 30
0.0
 10
156.9396815516907
 20
-88.06719747798314
 30
0.0
 10
157.1998551561642
 20
-88.35703970013299
 30
0.0
 10
157.4600287606378
 20
-88.64691720006066
 30
0.0
 10
157.6516223668609
 20
-88.80944192224212
 30
0.0
 10
158.2772384620112
 20
-88.77278831114015
 30
0.0
 10
158.85914539161
 20
-88.73955664448195
 30
0.0
 10
161.7014053190979
 20
-86.90878108938388
 30
0.0
 10
161.8125303162629
 20
-86.24083164510644
 30
0.0
 10
161.896491425232
 20
-85.97335553406212
 30
0.0
 10
161.8499247597536
 20
-85.67663414524755
 30
0.0
 10
161.4999027374028
 20
-85.26839970090528
 30
0.0
 10
161.0085850589954
 20
-84.69541803438179
 30
0.0
 10
160.1486892475999
 20
-84.67336942327618
 30
0.0
 10
159.6085159280475
 20
-84.62927220106499
 30
0.0
 10
158.9137553902168
 20
-84.67432192327595
 30
0.0
 10
158.2369865185937
 20
-83.86321525681193
 30
0.0
 10
157.6792448661562
 20
-83.53784831244876
 30
0.0
 10
156.2240365699483
 20
-82.68899442377229
 30
0.0
 10
154.4734474479429
 20
-82.7672405348636
 30
0.0
 10
153.6553910799244
 20
-82.8322927570696
 30
0.0
 10
151.8936189026487
 20
-82.97241609036801
 30
0.0
 10
152.1119883415221
 20
-83.10791803477866
 30
0.0
 10
151.1418494773835
 20
-83.35779053471627
 30
0.0
 10
148.8377520361659
 20
-84.10010553453061
 30
0.0
 10
145.8207965575793
 20
-83.85757081236903
 30
0.0
 10
144.990287134323
 20
-83.85757081236903
 30
0.0
 10
144.990287134323
 20
-83.85757081236903
 30
0.0
 10
131.0555652676051
 20
-83.85757081236903
 30
0.0
 10
131.0555652676051
 20
-83.85757081236903
 30
0.0
 10
131.0555652676051
 20
-83.85757081236903
 30
0.0
 10
131.0555652676051
 20
-85.26868192312736
 30
0.0
 10
131.0555652676051
 20
-85.26868192312736
 30
0.0
 10
131.0555652676051
 20
-85.26868192312736
 30
0.0
 10
144.6844640865696
 20
-85.26748247868304
 30
0.0
 10
144.8138982499341
 20
-85.26868192312736
 30
0.0
 10
145.207213852587
 20
-85.27224497868185
 30
0.0
 10
147.2515926321878
 20
-85.48264164529604
 30
0.0
 10
149.0472314752661
 20
-85.13639025649377
 30
0.0
 10
150.7070194067677
 20
-84.81635025657359
 30
0.0
 10
151.4546928027355
 20
-84.53243470108904
 30
0.0
 10
152.3986202786539
 20
-84.298543034481
 30
0.0
 10
153.5507924714821
 20
-84.01300470121902
 30
0.0
 10
154.7467796631919
 20
-84.04242636787816
 30
0.0
 10
154.7467796631919
 20
-84.04242636787816
 30
0.0
  0
HATCH
  5
4A0
330
49B
100
AcDbEntity
  8
Axon 2
 62
     7
420
 16777215
100
AcDbHatch
 10
0.0
 20
0.0
 30
0.0
210
0.0
220
0.0
230
1.0
  2
SOLID
 70
     1
 71
     0
 91
        1
 92
        1
 93
        1
 72
     4
 94
        3
 73
     0
 74
     1
 95
       62
 96
       58
 40
0.0
 40
0.0
 40
0.0
 40
0.0
 40
1.0
 40
1.0
 40
1.0
 40
2.0
 40
2.0
 40
2.0
 40
3.0
 40
3.0
 40
3.0
 40
4.0
 40
4.0
 40
4.0
 40
5.0
 40
5.0
 40
5.0
 40
6.0
 40
6.0
 40
6.0
 40
7.0
 40
7.0
 40
7.0
 40
8.0
 40
8.0
 40
8.0
 40
9.0
 40
9.0
 40
9.0
 40
10.0
 40
10.0
 40
10.0
 40
11.0
 40
11.0
 40
11.0
 40
12.0
 40
12.0
 40
12.0
 40
13.0
 40
13.0
 40
13.0
 40
14.0
 40
14.0
 40
14.0
 40
15.0
 40
15.0
 40
15.0
 40
16.0
 40
16.0
 40
16.0
 40
17.0
 40
17.0
 40
17.0
 40
18.0
 40
18.0
 40
18.0
 40
19.0
 40
19.0
 40
19.0
 40
19.0
 10
154.7467796631919
 20
-84.04242636787816
 10
155.4192799238127
 20
-84.04242636787816
 10
156.0919918510949
 20
-84.0908980345329
 10
156.9180915522415
 20
-84.66846581216633
 10
157.2338629330744
 20
-84.8892341454444
 10
157.1910357119448
 20
-85.39247164531844
 10
157.1419996020847
 20
-85.64491942303327
 10
157.0930027385045
 20
-85.89736720074777
 10
157.0044868278152
 20
-86.34789970063522
 10
156.9819090506134
 20
-86.49229164504366
 10
156.9337901629521
 20
-86.80023136718869
 10
156.8628818314281
 20
-87.20666664486494
 10
156.8528629427945
 20
-87.56071442255421
 10
156.841185998648
 20
-87.8222285891557
 10
156.9396815516907
 20
-88.06719747798314
 10
157.1998551561642
 20
-88.35703970013299
 10
157.4600287606378
 20
-88.64691720006066
 10
157.6516223668609
 20
-88.80944192224212
 10
158.2772384620112
 20
-88.77278831114015
 10
158.85914539161
 20
-88.73955664448195
 10
161.7014053190979
 20
-86.90878108938388
 10
161.8125303162629
 20
-86.24083164510644
 10
161.896491425232
 20
-85.97335553406212
 10
161.8499247597536
 20
-85.67663414524755
 10
161.4999027374028
 20
-85.26839970090528
 10
161.0085850589954
 20
-84.69541803438179
 10
160.1486892475999
 20
-84.67336942327618
 10
159.6085159280475
 20
-84.62927220106499
 10
158.9137553902168
 20
-84.67432192327595
 10
158.2369865185937
 20
-83.86321525681193
 10
157.6792448661562
 20
-83.53784831244876
 10
156.2240365699483
 20
-82.68899442377229
 10
154.4734474479429
 20
-82.7672405348636
 10
153.6553910799244
 20
-82.8322927570696
 10
151.8936189026487
 20
-82.97241609036801
 10
152.1119883415221
 20
-83.10791803477866
 10
151.1418494773835
 20
-83.35779053471627
 10
148.8377520361659
 20
-84.10010553453061
 10
145.8207965575793
 20
-83.85757081236903
 10
144.990287134323
 20
-83.85757081236903
 10
144.990287134323
 20
-83.85757081236903
 10
131.0555652676051
 20
-83.85757081236903
 10
131.0555652676051
 20
-83.85757081236903
 10
131.0555652676051
 20
-83.85757081236903
 10
131.0555652676051
 20
-85.26868192312736
 10
131.0555652676051
 20
-85.26868192312736
 10
131.0555652676051
 20
-85.26868192312736
 10
144.6844640865696
 20
-85.26748247868304
 10
144.8138982499341
 20
-85.26868192312736
 10
145.207213852587
 20
-85.27224497868185
 10
147.2515926321878
 20
-85.48264164529604
 10
149.0472314752661
 20
-85.13639025649377
 10
150.7070194067677
 20
-84.81635025657359
 10
151.4546928027355
 20
-84.53243470108904
 10
152.3986202786539
 20
-84.298543034481
 10
153.5507924714821
 20
-84.01300470121902
 10
154.7467796631919
 20
-84.04242636787816
 10
154.7467796631919
 20
-84.04242636787816
 97
        0
 97
        0
 75
     2
 76
     1
 98
        0
  0
INSERT
  5
4A2
330
49B
100
AcDbEntity
  8
Axon 2
100
AcDbBlockReference
  2
block 157
 10
0.0
 20
0.0
 30
0.0
  0
INSERT
  5
4AF
330
49B
100
AcDbEntity
  8
Axon 2
100
AcDbBlockReference
  2
block 158
 10
0.0
 20
0.0
 30
0.0
  0
ENDBLK
  5
49E
330
49B
100
AcDbEntity
  8
0
100
AcDbBlockEnd
  0
BLOCK
  5
4A3
330
4A1
100
AcDbEntity
  8
0
100
AcDbBlockBegin
  2
block 157
 70
     0
 10
0.0
 20
0.0
 30
0.0
  3
block 157
  1

  0
SPLINE
  5
4A5
330
4A1
100
AcDbEntity
  8
Axon 2
370
     0
100
AcDbSpline
210
0.0
220
0.0
230
1.0
 70
    11
 71
     3
 72
    17
 73
    13
 74
     0
 42
0.0000000001
 43
0.0000000001
 12
1.0
 22
0.0
 32
0.0
 13
1.0
 23
0.0
 33
0.0
 40
0.0
 40
0.0
 40
0.0
 40
0.0
 40
1.0
 40
1.0
 40
1.0
 40
2.0
 40
2.0
 40
2.0
 40
3.0
 40
3.0
 40
3.0
 40
4.0
 40
4.0
 40
4.0
 40
4.0
 10
160.7279150661559
 20
-87.24988192263206
 30
0.0
 10
160.537415071016
 20
-87.10968803377827
 30
0.0
 10
160.5345575710889
 20
-86.79014192274688
 30
0.0
 10
160.7214945107642
 20
-86.53617720058814
 30
0.0
 10
160.9084314504395
 20
-86.28221247842939
 30
0.0
 10
161.2143603315235
 20
-86.18999636734154
 30
0.0
 10
161.4048250488865
 20
-86.33019025619532
 30
0.0
 10
161.5953250440265
 20
-86.47038414504911
 30
0.0
 10
161.5981825439536
 20
-86.78989497830264
 30
0.0
 10
161.4112808820552
 20
-87.04389497823891
 30
0.0
 10
161.2243439423799
 20
-87.29785970039767
 30
0.0
 10
160.918379783519
 20
-87.39007581148584
 30
0.0
 10
160.7279150661559
 20
-87.24988192263206
 30
0.0
  0
SPLINE
  5
4A6
330
4A1
100
AcDbEntity
  8
Axon 2
370
     0
100
AcDbSpline
210
0.0
220
0.0
230
1.0
 70
    11
 71
     3
 72
    17
 73
    13
 74
     0
 42
0.0000000001
 43
0.0000000001
 12
1.0
 22
0.0
 32
0.0
 13
1.0
 23
0.0
 33
0.0
 40
0.0
 40
0.0
 40
0.0
 40
0.0
 40
1.0
 40
1.0
 40
1.0
 40
2.0
 40
2.0
 40
2.0
 40
3.0
 40
3.0
 40
3.0
 40
4.0
 40
4.0
 40
4.0
 40
4.0
 10
158.472395123699
 20
-86.33879803397072
 30
0.0
 10
158.3529798489678
 20
-86.1696058117909
 30
0.0
 10
158.4390576245495
 20
-85.90336442296875
 30
0.0
 10
158.6646590076829
 20
-85.74412053411938
 30
0.0
 10
158.8902603908162
 20
-85.58487664527033
 30
0.0
 10
159.16997788368
 20
-85.5929552563794
 30
0.0
 10
159.2893971824001
 20
-85.76218275633737
 30
0.0
 10
159.4088084331425
 20
-85.93137497851717
 30
0.0
 10
159.3227306575607
 20
-86.19761636733965
 30
0.0
 10
159.0971332935592
 20
-86.3568602561887
 30
0.0
 10
158.8715278912941
 20
-86.51610414503774
 30
0.0
 10
158.5918103984303
 20
-86.50802553392867
 30
0.0
 10
158.472395123699
 20
-86.33879803397072
 30
0.0
  0
SPLINE
  5
4A7
330
4A1
100
AcDbEntity
  8
Axon 2
370
     0
100
AcDbSpline
210
0.0
220
0.0
230
1.0
 70
    11
 71
     3
 72
    17
 73
    13
 74
     0
 42
0.0000000001
 43
0.0000000001
 12
1.0
 22
0.0
 32
0.0
 13
1.0
 23
0.0
 33
0.0
 40
0.0
 40
0.0
 40
0.0
 40
0.0
 40
1.0
 40
1.0
 40
1.0
 40
2.0
 40
2.0
 40
2.0
 40
3.0
 40
3.0
 40
3.0
 40
4.0
 40
4.0
 40
4.0
 40
4.0
 10
158.9771888491447
 20
-88.46463692232841
 30
0.0
 10
158.7702101161011
 20
-88.34620942235782
 30
0.0
 10
158.7304520615599
 20
-88.02655747799324
 30
0.0
 10
158.8883201130879
 20
-87.75064997806241
 30
0.0
 10
159.0461881646159
 20
-87.47470720035342
 30
0.0
 10
159.3419217681826
 20
-87.34700164482976
 30
0.0
 10
159.5488612073472
 20
-87.46542914480035
 30
0.0
 10
159.7558359242891
 20
-87.58382136699309
 30
0.0
 10
159.7955939788303
 20
-87.90347331135736
 30
0.0
 10
159.6377259273023
 20
-88.17941608906635
 30
0.0
 10
159.4798578757743
 20
-88.45532358899717
 30
0.0
 10
159.184124272208
 20
-88.58302914452082
 30
0.0
 10
158.9771888491447
 20
-88.46463692232841
 30
0.0
  0
SPLINE
  5
4A8
330
4A1
100
AcDbEntity
  8
Axon 2
370
     0
100
AcDbSpline
210
0.0
220
0.0
230
1.0
 70
    11
 71
     3
 72
    17
 73
    13
 74
     0
 42
0.0000000001
 43
0.0000000001
 12
1.0
 22
0.0
 32
0.0
 13
1.0
 23
0.0
 33
0.0
 40
0.0
 40
0.0
 40
0.0
 40
0.0
 40
1.0
 40
1.0
 40
1.0
 40
2.0
 40
2.0
 40
2.0
 40
3.0
 40
3.0
 40
3.0
 40
4.0
 40
4.0
 40
4.0
 40
4.0
 10
160.2294400788731
 20
-85.3364505342216
 30
0.0
 10
160.2303925788488
 20
-85.18031108981609
 30
0.0
 10
160.3999416265666
 20
-85.05472220095868
 30
0.0
 10
160.6081470136559
 20
-85.05595692318052
 30
0.0
 10
160.8163564527885
 20
-85.05719164540237
 30
0.0
 10
160.9844197818342
 20
-85.18479136759282
 30
0.0
 10
160.9835025596354
 20
-85.34093081199802
 30
0.0
 10
160.9825500596596
 20
-85.49710553418137
 30
0.0
 10
160.8130050639851
 20
-85.6226944230388
 30
0.0
 10
160.6047956248525
 20
-85.62145970081694
 30
0.0
 10
160.3965861857199
 20
-85.6202249785951
 30
0.0
 10
160.2285228566743
 20
-85.49262525640464
 30
0.0
 10
160.2294400788731
 20
-85.3364505342216
 30
0.0
  0
SPLINE
  5
4A9
330
4A1
100
AcDbEntity
  8
Axon 2
370
     0
100
AcDbSpline
210
0.0
220
0.0
230
1.0
 70
    11
 71
     3
 72
    17
 73
    13
 74
     0
 42
0.0000000001
 43
0.0000000001
 12
1.0
 22
0.0
 32
0.0
 13
1.0
 23
0.0
 33
0.0
 40
0.0
 40
0.0
 40
0.0
 40
0.0
 40
1.0
 40
1.0
 40
1.0
 40
2.0
 40
2.0
 40
2.0
 40
3.0
 40
3.0
 40
3.0
 40
4.0
 40
4.0
 40
4.0
 40
4.0
 10
159.6651055156393
 20
-85.94993108962363
 30
0.0
 10
159.6660187043583
 20
-85.79379164521812
 30
0.0
 10
159.8355989778097
 20
-85.66820275636071
 30
0.0
 10
160.0438084169423
 20
-85.66943747858255
 30
0.0
 10
160.2520178560749
 20
-85.6706722008044
 30
0.0
 10
160.4200811851206
 20
-85.79827192299486
 30
0.0
 10
160.4191286851448
 20
-85.95441136740038
 30
0.0
 10
160.418211462946
 20
-86.11058608958342
 30
0.0
 10
160.2486664672715
 20
-86.23617497844083
 30
0.0
 10
160.0404610711011
 20
-86.23494025621898
 30
0.0
 10
159.8322123112294
 20
-86.23370553399714
 30
0.0
 10
159.6641842599606
 20
-86.10610581180669
 30
0.0
 10
159.6651055156393
 20
-85.94993108962363
 30
0.0
  0
SPLINE
  5
4AA
330
4A1
100
AcDbEntity
  8
Axon 2
370
     0
100
AcDbSpline
210
0.0
220
0.0
230
1.0
 70
    11
 71
     3
 72
    17
 73
    13
 74
     0
 42
0.0000000001
 43
0.0000000001
 12
1.0
 22
0.0
 32
0.0
 13
1.0
 23
0.0
 33
0.0
 40
0.0
 40
0.0
 40
0.0
 40
0.0
 40
1.0
 40
1.0
 40
1.0
 40
2.0
 40
2.0
 40
2.0
 40
3.0
 40
3.0
 40
3.0
 40
4.0
 40
4.0
 40
4.0
 40
4.0
 10
157.4211879282954
 20
-88.33703720013794
 30
0.0
 10
157.3899318179816
 20
-88.11969081130333
 30
0.0
 10
157.5995170904125
 20
-87.90968220024473
 30
0.0
 10
157.8893240274633
 20
-87.8680191446997
 30
0.0
 10
158.1791309645142
 20
-87.82635608915469
 30
0.0
 10
158.4394104023183
 20
-87.9687724780079
 30
0.0
 10
158.470666512632
 20
-88.18611886684221
 30
0.0
 10
158.5019226229457
 20
-88.40350053345466
 30
0.0
 10
158.2923373505149
 20
-88.61347386673542
 30
0.0
 10
158.0025304134641
 20
-88.65513692228076
 30
0.0
 10
157.7126881986363
 20
-88.69683525560363
 30
0.0
 10
157.4524440386091
 20
-88.55438358897257
 30
0.0
 10
157.4211879282954
 20
-88.33703720013794
 30
0.0
  0
SPLINE
  5
4AB
330
4A1
100
AcDbEntity
  8
Axon 2
370
     0
100
AcDbSpline
210
0.0
220
0.0
230
1.0
 70
    11
 71
     3
 72
    17
 73
    13
 74
     0
 42
0.0000000001
 43
0.0000000001
 12
1.0
 22
0.0
 32
0.0
 13
1.0
 23
0.0
 33
0.0
 40
0.0
 40
0.0
 40
0.0
 40
0.0
 40
1.0
 40
1.0
 40
1.0
 40
2.0
 40
2.0
 40
2.0
 40
3.0
 40
3.0
 40
3.0
 40
4.0
 40
4.0
 40
4.0
 40
4.0
 10
159.9418556417655
 20
-86.51105942281653
 30
0.0
 10
160.1175036928399
 20
-86.51377581170478
 30
0.0
 10
160.2569920226146
 20
-86.70582803387923
 30
0.0
 10
160.2533936893731
 20
-86.94007247826502
 30
0.0
 10
160.2497600783547
 20
-87.17428164487298
 30
0.0
 10
160.1044156376183
 20
-87.3619594226039
 30
0.0
 10
159.9287675865439
 20
-87.35924303371564
 30
0.0
 10
159.7530842576929
 20
-87.35656192260524
 30
0.0
 10
159.6136312056948
 20
-87.16447442265327
 30
0.0
 10
159.6172295389363
 20
-86.93026525604532
 30
0.0
 10
159.6208631499547
 20
-86.6960208116592
 30
0.0
 10
159.7661723129143
 20
-86.5083430339286
 30
0.0
 10
159.9418556417655
 20
-86.51105942281653
 30
0.0
  0
SPLINE
  5
4AC
330
4A1
100
AcDbEntity
  8
Axon 2
370
     0
100
AcDbSpline
210
0.0
220
0.0
230
1.0
 70
    11
 71
     3
 72
    17
 73
    13
 74
     0
 42
0.0000000001
 43
0.0000000001
 12
1.0
 22
0.0
 32
0.0
 13
1.0
 23
0.0
 33
0.0
 40
0.0
 40
0.0
 40
0.0
 40
0.0
 40
1.0
 40
1.0
 40
1.0
 40
2.0
 40
2.0
 40
2.0
 40
3.0
 40
3.0
 40
3.0
 40
4.0
 40
4.0
 40
4.0
 40
4.0
 10
158.0863151335488
 20
-87.45318775591446
 30
0.0
 10
158.0125493020974
 20
-87.29330886706558
 30
0.0
 10
158.1255832938018
 20
-87.08397053378467
 30
0.0
 10
158.3387629048861
 20
-86.98561608936478
 30
0.0
 10
158.5519465105584
 20
-86.88722636716707
 30
0.0
 10
158.7845721825261
 20
-86.93710914493253
 30
0.0
 10
158.8583340027418
 20
-87.09698803378143
 30
0.0
 10
158.9320998341935
 20
-87.25690220040784
 30
0.0
 10
158.8190698370772
 20
-87.46624053368907
 30
0.0
 10
158.6058862314045
 20
-87.56459497810894
 30
0.0
 10
158.3927026257322
 20
-87.66294942252881
 30
0.0
 10
158.1601162427771
 20
-87.61306664476335
 30
0.0
 10
158.0863151335488
 20
-87.45318775591446
 30
0.0
  0
SPLINE
  5
4AD
330
4A1
100
AcDbEntity
  8
Axon 2
370
     0
100
AcDbSpline
210
0.0
220
0.0
230
1.0
 70
    11
 71
     3
 72
    17
 73
    13
 74
     0
 42
0.0000000001
 43
0.0000000001
 12
1.0
 22
0.0
 32
0.0
 13
1.0
 23
0.0
 33
0.0
 40
0.0
 40
0.0
 40
0.0
 40
0.0
 40
1.0
 40
1.0
 40
1.0
 40
2.0
 40
2.0
 40
2.0
 40
3.0
 40
3.0
 40
3.0
 40
4.0
 40
4.0
 40
4.0
 40
4.0
 10
157.043786271257
 20
-87.49428636701533
 30
0.0
 10
156.9529812735736
 20
-87.36721581149152
 30
0.0
 10
157.0167282163918
 20
-87.16606192265287
 30
0.0
 10
157.1861673787357
 20
-87.04502386712755
 30
0.0
 10
157.3556065410796
 20
-86.92398581160225
 30
0.0
 10
157.5665323690318
 20
-86.92885414493459
 30
0.0
 10
157.6573020889383
 20
-87.0559247004584
 30
0.0
 10
157.748111071674
 20
-87.1829952559819
 30
0.0
 10
157.6843601438035
 20
-87.38414914482054
 30
0.0
 10
157.5149249606212
 20
-87.50518720034584
 30
0.0
 10
157.3455170968925
 20
-87.62622525587116
 30
0.0
 10
157.1345559911635
 20
-87.62135692253915
 30
0.0
 10
157.043786271257
 20
-87.49428636701533
 30
0.0
  0
ENDBLK
  5
4A4
330
4A1
100
AcDbEntity
  8
0
100
AcDbBlockEnd
  0
BLOCK
  5
4B0
330
4AE
100
AcDbEntity
  8
0
100
AcDbBlockBegin
  2
block 158
 70
     0
 10
0.0
 20
0.0
 30
0.0
  3
block 158
  1

  0
INSERT
  5
4B3
330
4AE
100
AcDbEntity
  8
Axon 2
100
AcDbBlockReference
  2
block 159
 10
0.0
 20
0.0
 30
0.0
  0
INSERT
  5
4B9
330
4AE
100
AcDbEntity
  8
Axon 2
100
AcDbBlockReference
  2
block 160
 10
0.0
 20
0.0
 30
0.0
  0
INSERT
  5
4BF
330
4AE
100
AcDbEntity
  8
Axon 2
100
AcDbBlockReference
  2
block 161
 10
0.0
 20
0.0
 30
0.0
  0
ENDBLK
  5
4B1
330
4AE
100
AcDbEntity
  8
0
100
AcDbBlockEnd
  0
BLOCK
  5
4B4
330
4B2
100
AcDbEntity
  8
0
100
AcDbBlockBegin
  2
block 159
 70
     0
 10
0.0
 20
0.0
 30
0.0
  3
block 159
  1

  0
SPLINE
  5
4B6
330
4B2
100
AcDbEntity
  8
Axon 2
 62
   250
420
  1645085
370
    35
100
AcDbSpline
210
0.0
220
0.0
230
1.0
 70
    11
 71
     3
 72
    29
 73
    25
 74
     0
 42
0.0000000001
 43
0.0000000001
 12
1.0
 22
0.0
 32
0.0
 13
1.0
 23
0.0
 33
0.0
 40
0.0
 40
0.0
 40
0.0
 40
0.0
 40
1.0
 40
1.0
 40
1.0
 40
2.0
 40
2.0
 40
2.0
 40
3.0
 40
3.0
 40
3.0
 40
4.0
 40
4.0
 40
4.0
 40
5.0
 40
5.0
 40
5.0
 40
6.0
 40
6.0
 40
6.0
 40
7.0
 40
7.0
 40
7.0
 40
8.0
 40
8.0
 40
8.0
 40
8.0
 10
134.3872337937183
 20
-85.77886914522183
 30
0.0
 10
134.3872337937183
 20
-85.77886914522183
 30
0.0
 10
132.8210063336761
 20
-85.77886914522183
 30
0.0
 10
132.8210063336761
 20
-85.77886914522183
 30
0.0
 10
132.0376985758821
 20
-85.77886914522183
 30
0.0
 10
131.3968424811206
 20
-85.13797775649337
 30
0.0
 10
131.3968424811206
 20
-84.3547052566892
 30
0.0
 10
131.3968424811206
 20
-84.3547052566892
 30
0.0
 10
131.3968424811206
 20
-84.3547052566892
 30
0.0
 10
131.3968424811206
 20
-84.3547052566892
 30
0.0
 10
131.3968424811206
 20
-83.5713974791072
 30
0.0
 10
132.0376985758821
 20
-82.93054136815627
 30
0.0
 10
132.8210063336761
 20
-82.93054136815627
 30
0.0
 10
132.8210063336761
 20
-82.93054136815627
 30
0.0
 10
134.3872337937183
 20
-82.93054136815627
 30
0.0
 10
134.3872337937183
 20
-82.93054136815627
 30
0.0
 10
135.1705062737353
 20
-82.93054136815627
 30
0.0
 10
135.8113623684968
 20
-83.5713974791072
 30
0.0
 10
135.8113623684968
 20
-84.3547052566892
 30
0.0
 10
135.8113623684968
 20
-84.3547052566892
 30
0.0
 10
135.8113623684968
 20
-84.3547052566892
 30
0.0
 10
135.8113623684968
 20
-84.3547052566892
 30
0.0
 10
135.8113623684968
 20
-85.13797775649337
 30
0.0
 10
135.1705062737353
 20
-85.77886914522183
 30
0.0
 10
134.3872337937183
 20
-85.77886914522183
 30
0.0
  0
SPLINE
  5
4B7
330
4B2
100
AcDbEntity
  8
Axon 2
 62
   250
420
  1645085
370
    35
100
AcDbSpline
210
0.0
220
0.0
230
1.0
 70
    11
 71
     3
 72
    29
 73
    25
 74
     0
 42
0.0000000001
 43
0.0000000001
 12
1.0
 22
0.0
 32
0.0
 13
1.0
 23
0.0
 33
0.0
 40
0.0
 40
0.0
 40
0.0
 40
0.0
 40
1.0
 40
1.0
 40
1.0
 40
2.0
 40
2.0
 40
2.0
 40
3.0
 40
3.0
 40
3.0
 40
4.0
 40
4.0
 40
4.0
 40
5.0
 40
5.0
 40
5.0
 40
6.0
 40
6.0
 40
6.0
 40
7.0
 40
7.0
 40
7.0
 40
8.0
 40
8.0
 40
8.0
 40
8.0
 10
134.3872337937183
 20
-85.77886914522183
 30
0.0
 10
134.3872337937183
 20
-85.77886914522183
 30
0.0
 10
132.8210063336761
 20
-85.77886914522183
 30
0.0
 10
132.8210063336761
 20
-85.77886914522183
 30
0.0
 10
132.0376985758821
 20
-85.77886914522183
 30
0.0
 10
131.3968424811206
 20
-85.13797775649337
 30
0.0
 10
131.3968424811206
 20
-84.3547052566892
 30
0.0
 10
131.3968424811206
 20
-84.3547052566892
 30
0.0
 10
131.3968424811206
 20
-84.3547052566892
 30
0.0
 10
131.3968424811206
 20
-84.3547052566892
 30
0.0
 10
131.3968424811206
 20
-83.5713974791072
 30
0.0
 10
132.0376985758821
 20
-82.93054136815627
 30
0.0
 10
132.8210063336761
 20
-82.93054136815627
 30
0.0
 10
132.8210063336761
 20
-82.93054136815627
 30
0.0
 10
134.3872337937183
 20
-82.93054136815627
 30
0.0
 10
134.3872337937183
 20
-82.93054136815627
 30
0.0
 10
135.1705062737353
 20
-82.93054136815627
 30
0.0
 10
135.8113623684968
 20
-83.5713974791072
 30
0.0
 10
135.8113623684968
 20
-84.3547052566892
 30
0.0
 10
135.8113623684968
 20
-84.3547052566892
 30
0.0
 10
135.8113623684968
 20
-84.3547052566892
 30
0.0
 10
135.8113623684968
 20
-84.3547052566892
 30
0.0
 10
135.8113623684968
 20
-85.13797775649337
 30
0.0
 10
135.1705062737353
 20
-85.77886914522183
 30
0.0
 10
134.3872337937183
 20
-85.77886914522183
 30
0.0
  0
ENDBLK
  5
4B5
330
4B2
100
AcDbEntity
  8
0
100
AcDbBlockEnd
  0
BLOCK
  5
4BA
330
4B8
100
AcDbEntity
  8
0
100
AcDbBlockBegin
  2
block 160
 70
     0
 10
0.0
 20
0.0
 30
0.0
  3
block 160
  1

  0
SPLINE
  5
4BC
330
4B8
100
AcDbEntity
  8
Axon 2
 62
   250
420
  1645085
370
    35
100
AcDbSpline
210
0.0
220
0.0
230
1.0
 70
    11
 71
     3
 72
    29
 73
    25
 74
     0
 42
0.0000000001
 43
0.0000000001
 12
1.0
 22
0.0
 32
0.0
 13
1.0
 23
0.0
 33
0.0
 40
0.0
 40
0.0
 40
0.0
 40
0.0
 40
1.0
 40
1.0
 40
1.0
 40
2.0
 40
2.0
 40
2.0
 40
3.0
 40
3.0
 40
3.0
 40
4.0
 40
4.0
 40
4.0
 40
5.0
 40
5.0
 40
5.0
 40
6.0
 40
6.0
 40
6.0
 40
7.0
 40
7.0
 40
7.0
 40
8.0
 40
8.0
 40
8.0
 40
8.0
 10
139.4103694095919
 20
-85.77886914522183
 30
0.0
 10
139.4103694095919
 20
-85.77886914522183
 30
0.0
 10
137.8441384277475
 20
-85.77886914522183
 30
0.0
 10
137.8441384277475
 20
-85.77886914522183
 30
0.0
 10
137.0608694101793
 20
-85.77886914522183
 30
0.0
 10
136.419974575192
 20
-85.13797775649337
 30
0.0
 10
136.419974575192
 20
-84.3547052566892
 30
0.0
 10
136.419974575192
 20
-84.3547052566892
 30
0.0
 10
136.419974575192
 20
-84.3547052566892
 30
0.0
 10
136.419974575192
 20
-84.3547052566892
 30
0.0
 10
136.419974575192
 20
-83.5713974791072
 30
0.0
 10
137.0608694101793
 20
-82.93054136815627
 30
0.0
 10
137.8441384277475
 20
-82.93054136815627
 30
0.0
 10
137.8441384277475
 20
-82.93054136815627
 30
0.0
 10
139.4103694095919
 20
-82.93054136815627
 30
0.0
 10
139.4103694095919
 20
-82.93054136815627
 30
0.0
 10
140.1936736455836
 20
-82.93054136815627
 30
0.0
 10
140.8345332981248
 20
-83.5713974791072
 30
0.0
 10
140.8345332981248
 20
-84.3547052566892
 30
0.0
 10
140.8345332981248
 20
-84.3547052566892
 30
0.0
 10
140.8345332981248
 20
-84.3547052566892
 30
0.0
 10
140.8345332981248
 20
-84.3547052566892
 30
0.0
 10
140.8345332981248
 20
-85.13797775649337
 30
0.0
 10
140.1936736455836
 20
-85.77886914522183
 30
0.0
 10
139.4103694095919
 20
-85.77886914522183
 30
0.0
  0
SPLINE
  5
4BD
330
4B8
100
AcDbEntity
  8
Axon 2
 62
   250
420
  1645085
370
    35
100
AcDbSpline
210
0.0
220
0.0
230
1.0
 70
    11
 71
     3
 72
    29
 73
    25
 74
     0
 42
0.0000000001
 43
0.0000000001
 12
1.0
 22
0.0
 32
0.0
 13
1.0
 23
0.0
 33
0.0
 40
0.0
 40
0.0
 40
0.0
 40
0.0
 40
1.0
 40
1.0
 40
1.0
 40
2.0
 40
2.0
 40
2.0
 40
3.0
 40
3.0
 40
3.0
 40
4.0
 40
4.0
 40
4.0
 40
5.0
 40
5.0
 40
5.0
 40
6.0
 40
6.0
 40
6.0
 40
7.0
 40
7.0
 40
7.0
 40
8.0
 40
8.0
 40
8.0
 40
8.0
 10
139.4103694095919
 20
-85.77886914522183
 30
0.0
 10
139.4103694095919
 20
-85.77886914522183
 30
0.0
 10
137.8441384277475
 20
-85.77886914522183
 30
0.0
 10
137.8441384277475
 20
-85.77886914522183
 30
0.0
 10
137.0608694101793
 20
-85.77886914522183
 30
0.0
 10
136.419974575192
 20
-85.13797775649337
 30
0.0
 10
136.419974575192
 20
-84.3547052566892
 30
0.0
 10
136.419974575192
 20
-84.3547052566892
 30
0.0
 10
136.419974575192
 20
-84.3547052566892
 30
0.0
 10
136.419974575192
 20
-84.3547052566892
 30
0.0
 10
136.419974575192
 20
-83.5713974791072
 30
0.0
 10
137.0608694101793
 20
-82.93054136815627
 30
0.0
 10
137.8441384277475
 20
-82.93054136815627
 30
0.0
 10
137.8441384277475
 20
-82.93054136815627
 30
0.0
 10
139.4103694095919
 20
-82.93054136815627
 30
0.0
 10
139.4103694095919
 20
-82.93054136815627
 30
0.0
 10
140.1936736455836
 20
-82.93054136815627
 30
0.0
 10
140.8345332981248
 20
-83.5713974791072
 30
0.0
 10
140.8345332981248
 20
-84.3547052566892
 30
0.0
 10
140.8345332981248
 20
-84.3547052566892
 30
0.0
 10
140.8345332981248
 20
-84.3547052566892
 30
0.0
 10
140.8345332981248
 20
-84.3547052566892
 30
0.0
 10
140.8345332981248
 20
-85.13797775649337
 30
0.0
 10
140.1936736455836
 20
-85.77886914522183
 30
0.0
 10
139.4103694095919
 20
-85.77886914522183
 30
0.0
  0
ENDBLK
  5
4BB
330
4B8
100
AcDbEntity
  8
0
100
AcDbBlockEnd
  0
BLOCK
  5
4C0
330
4BE
100
AcDbEntity
  8
0
100
AcDbBlockBegin
  2
block 161
 70
     0
 10
0.0
 20
0.0
 30
0.0
  3
block 161
  1

  0
SPLINE
  5
4C2
330
4BE
100
AcDbEntity
  8
Axon 2
 62
   250
420
  1645085
370
    35
100
AcDbSpline
210
0.0
220
0.0
230
1.0
 70
    11
 71
     3
 72
    29
 73
    25
 74
     0
 42
0.0000000001
 43
0.0000000001
 12
1.0
 22
0.0
 32
0.0
 13
1.0
 23
0.0
 33
0.0
 40
0.0
 40
0.0
 40
0.0
 40
0.0
 40
1.0
 40
1.0
 40
1.0
 40
2.0
 40
2.0
 40
2.0
 40
3.0
 40
3.0
 40
3.0
 40
4.0
 40
4.0
 40
4.0
 40
5.0
 40
5.0
 40
5.0
 40
6.0
 40
6.0
 40
6.0
 40
7.0
 40
7.0
 40
7.0
 40
8.0
 40
8.0
 40
8.0
 40
8.0
 10
144.828644360669
 20
-85.89009997852743
 30
0.0
 10
144.828644360669
 20
-85.89009997852743
 30
0.0
 10
143.2624169006268
 20
-85.89009997852743
 30
0.0
 10
143.2624169006268
 20
-85.89009997852743
 30
0.0
 10
142.4791091428329
 20
-85.89009997852743
 30
0.0
 10
141.8382530480714
 20
-85.24920858979897
 30
0.0
 10
141.8382530480714
 20
-84.46593608999449
 30
0.0
 10
141.8382530480714
 20
-84.46593608999449
 30
0.0
 10
141.8382530480714
 20
-84.46593608999449
 30
0.0
 10
141.8382530480714
 20
-84.46593608999449
 30
0.0
 10
141.8382530480714
 20
-83.6826283124128
 30
0.0
 10
142.4791091428329
 20
-83.04177220146187
 30
0.0
 10
143.2624169006268
 20
-83.04177220146187
 30
0.0
 10
143.2624169006268
 20
-83.04177220146187
 30
0.0
 10
144.828644360669
 20
-83.04177220146187
 30
0.0
 10
144.828644360669
 20
-83.04177220146187
 30
0.0
 10
145.6119168406861
 20
-83.04177220146187
 30
0.0
 10
146.2528082132245
 20
-83.6826283124128
 30
0.0
 10
146.2528082132245
 20
-84.46593608999449
 30
0.0
 10
146.2528082132245
 20
-84.46593608999449
 30
0.0
 10
146.2528082132245
 20
-84.46593608999449
 30
0.0
 10
146.2528082132245
 20
-84.46593608999449
 30
0.0
 10
146.2528082132245
 20
-85.24920858979897
 30
0.0
 10
145.6119168406861
 20
-85.89009997852743
 30
0.0
 10
144.828644360669
 20
-85.89009997852743
 30
0.0
  0
SPLINE
  5
4C3
330
4BE
100
AcDbEntity
  8
Axon 2
 62
   250
420
  1645085
370
    35
100
AcDbSpline
210
0.0
220
0.0
230
1.0
 70
    11
 71
     3
 72
    29
 73
    25
 74
     0
 42
0.0000000001
 43
0.0000000001
 12
1.0
 22
0.0
 32
0.0
 13
1.0
 23
0.0
 33
0.0
 40
0.0
 40
0.0
 40
0.0
 40
0.0
 40
1.0
 40
1.0
 40
1.0
 40
2.0
 40
2.0
 40
2.0
 40
3.0
 40
3.0
 40
3.0
 40
4.0
 40
4.0
 40
4.0
 40
5.0
 40
5.0
 40
5.0
 40
6.0
 40
6.0
 40
6.0
 40
7.0
 40
7.0
 40
7.0
 40
8.0
 40
8.0
 40
8.0
 40
8.0
 10
144.828644360669
 20
-85.89009997852743
 30
0.0
 10
144.828644360669
 20
-85.89009997852743
 30
0.0
 10
143.2624169006268
 20
-85.89009997852743
 30
0.0
 10
143.2624169006268
 20
-85.89009997852743
 30
0.0
 10
142.4791091428329
 20
-85.89009997852743
 30
0.0
 10
141.8382530480714
 20
-85.24920858979897
 30
0.0
 10
141.8382530480714
 20
-84.46593608999449
 30
0.0
 10
141.8382530480714
 20
-84.46593608999449
 30
0.0
 10
141.8382530480714
 20
-84.46593608999449
 30
0.0
 10
141.8382530480714
 20
-84.46593608999449
 30
0.0
 10
141.8382530480714
 20
-83.6826283124128
 30
0.0
 10
142.4791091428329
 20
-83.04177220146187
 30
0.0
 10
143.2624169006268
 20
-83.04177220146187
 30
0.0
 10
143.2624169006268
 20
-83.04177220146187
 30
0.0
 10
144.828644360669
 20
-83.04177220146187
 30
0.0
 10
144.828644360669
 20
-83.04177220146187
 30
0.0
 10
145.6119168406861
 20
-83.04177220146187
 30
0.0
 10
146.2528082132245
 20
-83.6826283124128
 30
0.0
 10
146.2528082132245
 20
-84.46593608999449
 30
0.0
 10
146.2528082132245
 20
-84.46593608999449
 30
0.0
 10
146.2528082132245
 20
-84.46593608999449
 30
0.0
 10
146.2528082132245
 20
-84.46593608999449
 30
0.0
 10
146.2528082132245
 20
-85.24920858979897
 30
0.0
 10
145.6119168406861
 20
-85.89009997852743
 30
0.0
 10
144.828644360669
 20
-85.89009997852743
 30
0.0
  0
ENDBLK
  5
4C1
330
4BE
100
AcDbEntity
  8
0
100
AcDbBlockEnd
  0
BLOCK
  5
4C7
330
4C5
100
AcDbEntity
  8
0
100
AcDbBlockBegin
  2
block 162
 70
     0
 10
0.0
 20
0.0
 30
0.0
  3
block 162
  1

  0
INSERT
  5
4CA
330
4C5
100
AcDbEntity
  8
Axon 1
100
AcDbBlockReference
  2
block 163
 10
0.0
 20
0.0
 30
0.0
  0
INSERT
  5
4DE
330
4C5
100
AcDbEntity
  8
Axon 1
100
AcDbBlockReference
  2
block 166
 10
0.0
 20
0.0
 30
0.0
  0
INSERT
  5
4F2
330
4C5
100
AcDbEntity
  8
Axon 1
100
AcDbBlockReference
  2
block 169
 10
0.0
 20
0.0
 30
0.0
  0
INSERT
  5
52B
330
4C5
100
AcDbEntity
  8
Axon 1
100
AcDbBlockReference
  2
block 180
 10
0.0
 20
0.0
 30
0.0
  0
MTEXT
  5
563
330
4C5
100
AcDbEntity
  8
Axon 1
 62
     7
420
 16777215
100
AcDbMText
 10
132.4411272692024
 20
-61.04921635216284
 30
0.0
 40
1.9981333328338
 41
0.0
 46
0.0
 71
     7
 72
     1
  1
\fMyriad Pro|b0|i0|c0|p34;\W1;Synapse In 1
 73
     1
 44
1.0
  0
MTEXT
  5
564
330
4C5
100
AcDbEntity
  8
Axon 1
 62
     7
420
 16777215
100
AcDbMText
 10
137.0623783531165
 20
-63.87143857367951
 30
0.0
 40
1.9981333328338
 41
0.0
 46
0.0
 71
     7
 72
     1
  1
\fMyriad Pro|b0|i0|c0|p34;\W1;Gain
 73
     1
 44
1.0
  0
ENDBLK
  5
4C8
330
4C5
100
AcDbEntity
  8
0
100
AcDbBlockEnd
  0
BLOCK
  5
4CB
330
4C9
100
AcDbEntity
  8
0
100
AcDbBlockBegin
  2
block 163
 70
     0
 10
0.0
 20
0.0
 30
0.0
  3
block 163
  1

  0
INSERT
  5
4CE
330
4C9
100
AcDbEntity
  8
Axon 1
100
AcDbBlockReference
  2
block 164
 10
0.0
 20
0.0
 30
0.0
  0
MTEXT
  5
4DC
330
4C9
100
AcDbEntity
  8
Axon 1
 62
     7
420
 16777215
100
AcDbMText
 10
132.0368776117785
 20
-74.04564259216596
 30
0.0
 40
2.49766666604225
 41
0.0
 46
0.0
 71
     7
 72
     1
  1
\fMyriad Pro|b0|i0|c0|p34;\W0.8713;-
 73
     1
 44
1.0
  0
ENDBLK
  5
4CC
330
4C9
100
AcDbEntity
  8
0
100
AcDbBlockEnd
  0
BLOCK
  5
4CF
330
4CD
100
AcDbEntity
  8
0
100
AcDbBlockBegin
  2
block 164
 70
     0
 10
0.0
 20
0.0
 30
0.0
  3
block 164
  1

  0
INSERT
  5
4D2
330
4CD
100
AcDbEntity
  8
Axon 1
100
AcDbBlockReference
  2
block 165
 10
0.0
 20
0.0
 30
0.0
  0
ENDBLK
  5
4D0
330
4CD
100
AcDbEntity
  8
0
100
AcDbBlockEnd
  0
BLOCK
  5
4D3
330
4D1
100
AcDbEntity
  8
0
100
AcDbBlockBegin
  2
block 165
 70
     0
 10
0.0
 20
0.0
 30
0.0
  3
block 165
  1

  0
POLYLINE
  5
4D5
330
4D1
100
AcDbEntity
  8
Axon 1
370
     0
100
AcDb2dPolyline
 66
     1
 10
0.0
 20
0.0
 30
0.0
  0
VERTEX
  5
4D6
330
4D5
100
AcDbEntity
  8
Axon 1
370
     0
100
AcDbVertex
100
AcDb2dVertex
 10
133.1909291020166
 20
-73.70074581490817
 30
0.0
  0
VERTEX
  5
4D7
330
4D5
100
AcDbEntity
  8
Axon 1
370
     0
100
AcDbVertex
100
AcDb2dVertex
 10
131.9007888559136
 20
-73.70074581490817
 30
0.0
  0
VERTEX
  5
4D8
330
4D5
100
AcDbEntity
  8
Axon 1
370
     0
100
AcDbVertex
100
AcDb2dVertex
 10
131.9007888559136
 20
-72.41063748189731
 30
0.0
  0
VERTEX
  5
4D9
330
4D5
100
AcDbEntity
  8
Axon 1
370
     0
100
AcDbVertex
100
AcDb2dVertex
 10
133.1909291020166
 20
-72.41063748189731
 30
0.0
  0
VERTEX
  5
4DA
330
4D5
100
AcDbEntity
  8
Axon 1
370
     0
100
AcDbVertex
100
AcDb2dVertex
 10
133.1909291020166
 20
-73.70074581490817
 30
0.0
  0
SEQEND
  5
4DB
330
4D5
100
AcDbEntity
  8
Axon 1
370
     0
  0
ENDBLK
  5
4D4
330
4D1
100
AcDbEntity
  8
0
100
AcDbBlockEnd
  0
BLOCK
  5
4DF
330
4DD
100
AcDbEntity
  8
0
100
AcDbBlockBegin
  2
block 166
 70
     0
 10
0.0
 20
0.0
 30
0.0
  3
block 166
  1

  0
INSERT
  5
4E2
330
4DD
100
AcDbEntity
  8
Axon 1
100
AcDbBlockReference
  2
block 167
 10
0.0
 20
0.0
 30
0.0
  0
MTEXT
  5
4F0
330
4DD
100
AcDbEntity
  8
Axon 1
 62
     7
420
 16777215
100
AcDbMText
 10
146.7188975623656
 20
-74.03750355408206
 30
0.0
 40
2.49766666604225
 41
0.0
 46
0.0
 71
     7
 72
     1
  1
\fMyriad Pro|b0|i0|c0|p34;\W0.8713;+
 73
     1
 44
1.0
  0
ENDBLK
  5
4E0
330
4DD
100
AcDbEntity
  8
0
100
AcDbBlockEnd
  0
BLOCK
  5
4E3
330
4E1
100
AcDbEntity
  8
0
100
AcDbBlockBegin
  2
block 167
 70
     0
 10
0.0
 20
0.0
 30
0.0
  3
block 167
  1

  0
INSERT
  5
4E6
330
4E1
100
AcDbEntity
  8
Axon 1
100
AcDbBlockReference
  2
block 168
 10
0.0
 20
0.0
 30
0.0
  0
ENDBLK
  5
4E4
330
4E1
100
AcDbEntity
  8
0
100
AcDbBlockEnd
  0
BLOCK
  5
4E7
330
4E5
100
AcDbEntity
  8
0
100
AcDbBlockBegin
  2
block 168
 70
     0
 10
0.0
 20
0.0
 30
0.0
  3
block 168
  1

  0
POLYLINE
  5
4E9
330
4E5
100
AcDbEntity
  8
Axon 1
370
     0
100
AcDb2dPolyline
 66
     1
 10
0.0
 20
0.0
 30
0.0
  0
VERTEX
  5
4EA
330
4E9
100
AcDbEntity
  8
Axon 1
370
     0
100
AcDbVertex
100
AcDb2dVertex
 10
148.210301496618
 20
-73.75415637045029
 30
0.0
  0
VERTEX
  5
4EB
330
4E9
100
AcDbEntity
  8
Axon 1
370
     0
100
AcDbVertex
100
AcDb2dVertex
 10
147.0784845810486
 20
-73.75415637045029
 30
0.0
  0
VERTEX
  5
4EC
330
4E9
100
AcDbEntity
  8
Axon 1
370
     0
100
AcDbVertex
100
AcDb2dVertex
 10
147.0784845810486
 20
-72.43173359300314
 30
0.0
  0
VERTEX
  5
4ED
330
4E9
100
AcDbEntity
  8
Axon 1
370
     0
100
AcDbVertex
100
AcDb2dVertex
 10
148.210301496618
 20
-72.43173359300314
 30
0.0
  0
VERTEX
  5
4EE
330
4E9
100
AcDbEntity
  8
Axon 1
370
     0
100
AcDbVertex
100
AcDb2dVertex
 10
148.210301496618
 20
-73.75415637045029
 30
0.0
  0
SEQEND
  5
4EF
330
4E9
100
AcDbEntity
  8
Axon 1
370
     0
  0
ENDBLK
  5
4E8
330
4E5
100
AcDbEntity
  8
0
100
AcDbBlockEnd
  0
BLOCK
  5
4F3
330
4F1
100
AcDbEntity
  8
0
100
AcDbBlockBegin
  2
block 169
 70
     0
 10
0.0
 20
0.0
 30
0.0
  3
block 169
  1

  0
INSERT
  5
4F6
330
4F1
100
AcDbEntity
  8
Axon 1
100
AcDbBlockReference
  2
block 170
 10
0.0
 20
0.0
 30
0.0
  0
INSERT
  5
510
330
4F1
100
AcDbEntity
  8
Axon 1
100
AcDbBlockReference
  2
block 175
 10
0.0
 20
0.0
 30
0.0
  0
ENDBLK
  5
4F4
330
4F1
100
AcDbEntity
  8
0
100
AcDbBlockEnd
  0
BLOCK
  5
4F7
330
4F5
100
AcDbEntity
  8
0
100
AcDbBlockBegin
  2
block 170
 70
     0
 10
0.0
 20
0.0
 30
0.0
  3
block 170
  1

  0
INSERT
  5
4FA
330
4F5
100
AcDbEntity
  8
Axon 1
100
AcDbBlockReference
  2
block 171
 10
0.0
 20
0.0
 30
0.0
  0
POLYLINE
  5
50B
330
4F5
100
AcDbEntity
  8
Axon 1
 62
    18
420
        0
370
    70
100
AcDb2dPolyline
 66
     1
 10
0.0
 20
0.0
 30
0.0
  0
VERTEX
  5
50C
330
50B
100
AcDbEntity
  8
Axon 1
 62
    18
420
        0
370
    70
100
AcDbVertex
100
AcDb2dVertex
 10
137.3666184399301
 20
-64.58951887274138
 30
0.0
  0
VERTEX
  5
50D
330
50B
100
AcDbEntity
  8
Axon 1
 62
    18
420
        0
370
    70
100
AcDbVertex
100
AcDb2dVertex
 10
138.1544417531643
 20
-64.58951887274138
 30
0.0
  0
SEQEND
  5
50E
330
50B
100
AcDbEntity
  8
Axon 1
 62
    18
420
        0
370
    70
  0
ENDBLK
  5
4F8
330
4F5
100
AcDbEntity
  8
0
100
AcDbBlockEnd
  0
BLOCK
  5
4FB
330
4F9
100
AcDbEntity
  8
0
100
AcDbBlockBegin
  2
block 171
 70
     0
 10
0.0
 20
0.0
 30
0.0
  3
block 171
  1

  0
INSERT
  5
4FE
330
4F9
100
AcDbEntity
  8
Axon 1
100
AcDbBlockReference
  2
block 172
 10
0.0
 20
0.0
 30
0.0
  0
ENDBLK
  5
4FC
330
4F9
100
AcDbEntity
  8
0
100
AcDbBlockEnd
  0
BLOCK
  5
4FF
330
4FD
100
AcDbEntity
  8
0
100
AcDbBlockBegin
  2
block 172
 70
     0
 10
0.0
 20
0.0
 30
0.0
  3
block 172
  1

  0
INSERT
  5
502
330
4FD
100
AcDbEntity
  8
Axon 1
100
AcDbBlockReference
  2
block 173
 10
0.0
 20
0.0
 30
0.0
  0
ENDBLK
  5
500
330
4FD
100
AcDbEntity
  8
0
100
AcDbBlockEnd
  0
BLOCK
  5
503
330
501
100
AcDbEntity
  8
0
100
AcDbBlockBegin
  2
block 173
 70
     0
 10
0.0
 20
0.0
 30
0.0
  3
block 173
  1

  0
SPLINE
  5
505
330
501
100
AcDbEntity
  8
Axon 1
 62
    18
420
        0
370
    70
100
AcDbSpline
210
0.0
220
0.0
230
1.0
 70
     8
 71
     3
 72
     8
 73
     4
 74
     0
 42
0.0000000001
 43
0.0000000001
 12
1.0
 22
0.0
 32
0.0
 13
1.0
 23
0.0
 33
0.0
 40
0.0
 40
0.0
 40
0.0
 40
0.0
 40
1.0
 40
1.0
 40
1.0
 40
1.0
 10
137.3666184399301
 20
-64.58951887274138
 30
0.0
 10
135.1405554411661
 20
-64.58951887274138
 30
0.0
 10
133.2596149335973
 20
-66.79984803885561
 30
0.0
 10
132.6510027269021
 20
-69.8333841492084
 30
0.0
  0
INSERT
  5
507
330
501
100
AcDbEntity
  8
Axon 1
100
AcDbBlockReference
  2
block 174
 10
0.0
 20
0.0
 30
0.0
  0
ENDBLK
  5
504
330
501
100
AcDbEntity
  8
0
100
AcDbBlockEnd
  0
BLOCK
  5
508
330
506
100
AcDbEntity
  8
0
100
AcDbBlockBegin
  2
block 174
 70
     0
 10
0.0
 20
0.0
 30
0.0
  3
block 174
  1

  0
SPLINE
  5
50A
330
506
100
AcDbEntity
  8
Axon 1
370
     0
100
AcDbSpline
210
0.0
220
0.0
230
1.0
 70
    11
 71
     3
 72
    17
 73
    13
 74
     0
 42
0.0000000001
 43
0.0000000001
 12
1.0
 22
0.0
 32
0.0
 13
1.0
 23
0.0
 33
0.0
 40
0.0
 40
0.0
 40
0.0
 40
0.0
 40
1.0
 40
1.0
 40
1.0
 40
2.0
 40
2.0
 40
2.0
 40
3.0
 40
3.0
 40
3.0
 40
4.0
 40
4.0
 40
4.0
 40
4.0
 10
132.4438868988527
 20
-71.9536138709004
 30
0.0
 10
132.1822316277506
 20
-70.91761137115965
 30
0.0
 10
131.6855205293114
 20
-69.61353303815226
 30
0.0
 10
131.100614988678
 20
-68.77515664947285
 30
0.0
 10
131.100614988678
 20
-68.77515664947285
 30
0.0
 10
132.7032491144581
 20
-69.55916998261006
 30
0.0
 10
132.7032491144581
 20
-69.55916998261006
 30
0.0
 10
132.7032491144581
 20
-69.55916998261006
 30
0.0
 10
134.4362699035784
 20
-69.13647164938247
 30
0.0
 10
134.4362699035784
 20
-69.13647164938247
 30
0.0
 10
133.685417700512
 20
-69.83013859365352
 30
0.0
 10
132.9210221889919
 20
-70.99762137113946
 30
0.0
 10
132.4438868988527
 20
-71.9536138709004
 30
0.0
  0
ENDBLK
  5
509
330
506
100
AcDbEntity
  8
0
100
AcDbBlockEnd
  0
BLOCK
  5
511
330
50F
100
AcDbEntity
  8
0
100
AcDbBlockBegin
  2
block 175
 70
     0
 10
0.0
 20
0.0
 30
0.0
  3
block 175
  1

  0
INSERT
  5
514
330
50F
100
AcDbEntity
  8
Axon 1
100
AcDbBlockReference
  2
block 176
 10
0.0
 20
0.0
 30
0.0
  0
POLYLINE
  5
526
330
50F
100
AcDbEntity
  8
Axon 1
 62
   250
420
  1645085
370
    35
100
AcDb2dPolyline
 66
     1
 10
0.0
 20
0.0
 30
0.0
  0
VERTEX
  5
527
330
526
100
AcDbEntity
  8
Axon 1
 62
   250
420
  1645085
370
    35
100
AcDbVertex
100
AcDb2dVertex
 10
137.3826345506326
 20
-64.58951887274138
 30
0.0
  0
VERTEX
  5
528
330
526
100
AcDbEntity
  8
Axon 1
 62
   250
420
  1645085
370
    35
100
AcDbVertex
100
AcDb2dVertex
 10
138.1544417531643
 20
-64.58951887274138
 30
0.0
  0
SEQEND
  5
529
330
526
100
AcDbEntity
  8
Axon 1
 62
   250
420
  1645085
370
    35
  0
ENDBLK
  5
512
330
50F
100
AcDbEntity
  8
0
100
AcDbBlockEnd
  0
BLOCK
  5
515
330
513
100
AcDbEntity
  8
0
100
AcDbBlockBegin
  2
block 176
 70
     0
 10
0.0
 20
0.0
 30
0.0
  3
block 176
  1

  0
INSERT
  5
518
330
513
100
AcDbEntity
  8
Axon 1
100
AcDbBlockReference
  2
block 177
 10
0.0
 20
0.0
 30
0.0
  0
ENDBLK
  5
516
330
513
100
AcDbEntity
  8
0
100
AcDbBlockEnd
  0
BLOCK
  5
519
330
517
100
AcDbEntity
  8
0
100
AcDbBlockBegin
  2
block 177
 70
     0
 10
0.0
 20
0.0
 30
0.0
  3
block 177
  1

  0
INSERT
  5
51C
330
517
100
AcDbEntity
  8
Axon 1
100
AcDbBlockReference
  2
block 178
 10
0.0
 20
0.0
 30
0.0
  0
ENDBLK
  5
51A
330
517
100
AcDbEntity
  8
0
100
AcDbBlockEnd
  0
BLOCK
  5
51D
330
51B
100
AcDbEntity
  8
0
100
AcDbBlockBegin
  2
block 178
 70
     0
 10
0.0
 20
0.0
 30
0.0
  3
block 178
  1

  0
SPLINE
  5
51F
330
51B
100
AcDbEntity
  8
Axon 1
 62
   250
420
  1645085
370
    35
100
AcDbSpline
210
0.0
220
0.0
230
1.0
 70
     8
 71
     3
 72
     8
 73
     4
 74
     0
 42
0.0000000001
 43
0.0000000001
 12
1.0
 22
0.0
 32
0.0
 13
1.0
 23
0.0
 33
0.0
 40
0.0
 40
0.0
 40
0.0
 40
0.0
 40
1.0
 40
1.0
 40
1.0
 40
1.0
 10
137.3826345506326
 20
-64.58951887274138
 30
0.0
 10
135.1133562751933
 20
-64.58951887274138
 30
0.0
 10
133.2101554904147
 20
-66.77099081664063
 30
0.0
 10
132.696616892405
 20
-69.70931220479493
 30
0.0
  0
INSERT
  5
521
330
51B
100
AcDbEntity
  8
Axon 1
100
AcDbBlockReference
  2
block 179
 10
0.0
 20
0.0
 30
0.0
  0
ENDBLK
  5
51E
330
51B
100
AcDbEntity
  8
0
100
AcDbBlockEnd
  0
BLOCK
  5
522
330
520
100
AcDbEntity
  8
0
100
AcDbBlockBegin
  2
block 179
 70
     0
 10
0.0
 20
0.0
 30
0.0
  3
block 179
  1

  0
SPLINE
  5
524
330
520
100
AcDbEntity
  8
Axon 1
370
     0
100
AcDbSpline
210
0.0
220
0.0
230
1.0
 70
    11
 71
     3
 72
    17
 73
    13
 74
     0
 42
0.0000000001
 43
0.0000000001
 12
1.0
 22
0.0
 32
0.0
 13
1.0
 23
0.0
 33
0.0
 40
0.0
 40
0.0
 40
0.0
 40
0.0
 40
1.0
 40
1.0
 40
1.0
 40
2.0
 40
2.0
 40
2.0
 40
3.0
 40
3.0
 40
3.0
 40
4.0
 40
4.0
 40
4.0
 40
4.0
 10
132.5601624514418
 20
-71.30118664884127
 30
0.0
 10
132.3552338455589
 20
-70.52641609347961
 30
0.0
 10
131.9718349664513
 20
-69.5525730381674
 30
0.0
 10
131.5261388560073
 20
-68.928756093879
 30
0.0
 10
131.5261388560073
 20
-68.928756093879
 30
0.0
 10
132.7346110581024
 20
-69.50328998262427
 30
0.0
 10
132.7346110581024
 20
-69.50328998262427
 30
0.0
 10
132.7346110581024
 20
-69.50328998262427
 30
0.0
 10
134.0307518583687
 20
-69.17174942715155
 30
0.0
 10
134.0307518583687
 20
-69.17174942715155
 30
0.0
 10
133.473472188854
 20
-69.69827026035335
 30
0.0
 10
132.9099768869618
 20
-70.58024998235484
 30
0.0
 10
132.5601624514418
 20
-71.30118664884127
 30
0.0
  0
HATCH
  5
525
330
520
100
AcDbEntity
  8
Axon 1
 62
   250
420
  1645085
100
AcDbHatch
 10
0.0
 20
0.0
 30
0.0
210
0.0
220
0.0
230
1.0
  2
SOLID
 70
     1
 71
     0
 91
        1
 92
        1
 93
        1
 72
     4
 94
        3
 73
     0
 74
     1
 95
       17
 96
       13
 40
0.0
 40
0.0
 40
0.0
 40
0.0
 40
1.0
 40
1.0
 40
1.0
 40
2.0
 40
2.0
 40
2.0
 40
3.0
 40
3.0
 40
3.0
 40
4.0
 40
4.0
 40
4.0
 40
4.0
 10
132.5601624514418
 20
-71.30118664884127
 10
132.3552338455589
 20
-70.52641609347961
 10
131.9718349664513
 20
-69.5525730381674
 10
131.5261388560073
 20
-68.928756093879
 10
131.5261388560073
 20
-68.928756093879
 10
132.7346110581024
 20
-69.50328998262427
 10
132.7346110581024
 20
-69.50328998262427
 10
132.7346110581024
 20
-69.50328998262427
 10
134.0307518583687
 20
-69.17174942715155
 10
134.0307518583687
 20
-69.17174942715155
 10
133.473472188854
 20
-69.69827026035335
 10
132.9099768869618
 20
-70.58024998235484
 10
132.5601624514418
 20
-71.30118664884127
 97
        0
 97
        0
 75
     2
 76
     1
 98
        0
  0
ENDBLK
  5
523
330
520
100
AcDbEntity
  8
0
100
AcDbBlockEnd
  0
BLOCK
  5
52C
330
52A
100
AcDbEntity
  8
0
100
AcDbBlockBegin
  2
block 180
 70
     0
 10
0.0
 20
0.0
 30
0.0
  3
block 180
  1

  0
INSERT
  5
52F
330
52A
100
AcDbEntity
  8
Axon 1
100
AcDbBlockReference
  2
block 181
 10
0.0
 20
0.0
 30
0.0
  0
INSERT
  5
549
330
52A
100
AcDbEntity
  8
Axon 1
100
AcDbBlockReference
  2
block 186
 10
0.0
 20
0.0
 30
0.0
  0
ENDBLK
  5
52D
330
52A
100
AcDbEntity
  8
0
100
AcDbBlockEnd
  0
BLOCK
  5
530
330
52E
100
AcDbEntity
  8
0
100
AcDbBlockBegin
  2
block 181
 70
     0
 10
0.0
 20
0.0
 30
0.0
  3
block 181
  1

  0
INSERT
  5
533
330
52E
100
AcDbEntity
  8
Axon 1
100
AcDbBlockReference
  2
block 182
 10
0.0
 20
0.0
 30
0.0
  0
POLYLINE
  5
544
330
52E
100
AcDbEntity
  8
Axon 1
 62
    18
420
        0
370
    60
100
AcDb2dPolyline
 66
     1
 10
0.0
 20
0.0
 30
0.0
  0
VERTEX
  5
545
330
544
100
AcDbEntity
  8
Axon 1
 62
    18
420
        0
370
    60
100
AcDbVertex
100
AcDb2dVertex
 10
142.625406083545
 20
-64.55085442830669
 30
0.0
  0
VERTEX
  5
546
330
544
100
AcDbEntity
  8
Axon 1
 62
    18
420
        0
370
    60
100
AcDbVertex
100
AcDb2dVertex
 10
141.8139113820257
 20
-64.55085442830669
 30
0.0
  0
SEQEND
  5
547
330
544
100
AcDbEntity
  8
Axon 1
 62
    18
420
        0
370
    60
  0
ENDBLK
  5
531
330
52E
100
AcDbEntity
  8
0
100
AcDbBlockEnd
  0
BLOCK
  5
534
330
532
100
AcDbEntity
  8
0
100
AcDbBlockBegin
  2
block 182
 70
     0
 10
0.0
 20
0.0
 30
0.0
  3
block 182
  1

  0
INSERT
  5
537
330
532
100
AcDbEntity
  8
Axon 1
100
AcDbBlockReference
  2
block 183
 10
0.0
 20
0.0
 30
0.0
  0
ENDBLK
  5
535
330
532
100
AcDbEntity
  8
0
100
AcDbBlockEnd
  0
BLOCK
  5
538
330
536
100
AcDbEntity
  8
0
100
AcDbBlockBegin
  2
block 183
 70
     0
 10
0.0
 20
0.0
 30
0.0
  3
block 183
  1

  0
INSERT
  5
53B
330
536
100
AcDbEntity
  8
Axon 1
100
AcDbBlockReference
  2
block 184
 10
0.0
 20
0.0
 30
0.0
  0
ENDBLK
  5
539
330
536
100
AcDbEntity
  8
0
100
AcDbBlockEnd
  0
BLOCK
  5
53C
330
53A
100
AcDbEntity
  8
0
100
AcDbBlockBegin
  2
block 184
 70
     0
 10
0.0
 20
0.0
 30
0.0
  3
block 184
  1

  0
SPLINE
  5
53E
330
53A
100
AcDbEntity
  8
Axon 1
 62
    18
420
        0
370
    60
100
AcDbSpline
210
0.0
220
0.0
230
1.0
 70
     8
 71
     3
 72
     8
 73
     4
 74
     0
 42
0.0000000001
 43
0.0000000001
 12
1.0
 22
0.0
 32
0.0
 13
1.0
 23
0.0
 33
0.0
 40
0.0
 40
0.0
 40
0.0
 40
0.0
 40
1.0
 40
1.0
 40
1.0
 40
1.0
 10
142.6253708057681
 20
-64.55085442830669
 30
0.0
 10
144.9839371344849
 20
-64.55085442830669
 30
0.0
 10
146.9663365283542
 20
-66.88910081661098
 30
0.0
 10
147.5331445694492
 20
-70.05619859359705
 30
0.0
  0
INSERT
  5
540
330
53A
100
AcDbEntity
  8
Axon 1
100
AcDbBlockReference
  2
block 185
 10
0.0
 20
0.0
 30
0.0
  0
ENDBLK
  5
53D
330
53A
100
AcDbEntity
  8
0
100
AcDbBlockEnd
  0
BLOCK
  5
541
330
53F
100
AcDbEntity
  8
0
100
AcDbBlockBegin
  2
block 185
 70
     0
 10
0.0
 20
0.0
 30
0.0
  3
block 185
  1

  0
SPLINE
  5
543
330
53F
100
AcDbEntity
  8
Axon 1
370
     0
100
AcDbSpline
210
0.0
220
0.0
230
1.0
 70
    11
 71
     3
 72
    17
 73
    13
 74
     0
 42
0.0000000001
 43
0.0000000001
 12
1.0
 22
0.0
 32
0.0
 13
1.0
 23
0.0
 33
0.0
 40
0.0
 40
0.0
 40
0.0
 40
0.0
 40
1.0
 40
1.0
 40
1.0
 40
2.0
 40
2.0
 40
2.0
 40
3.0
 40
3.0
 40
3.0
 40
4.0
 40
4.0
 40
4.0
 40
4.0
 10
147.6958103986326
 20
-71.91315025979937
 30
0.0
 10
147.2865529090737
 20
-71.07248081556516
 30
0.0
 10
146.6281637592039
 20
-70.04416887137788
 30
0.0
 10
145.9773946091397
 20
-69.43054720486448
 30
0.0
 10
145.9773946091397
 20
-69.43054720486448
 30
0.0
 10
147.490211514989
 20
-69.81581581587955
 30
0.0
 10
147.490211514989
 20
-69.81581581587955
 30
0.0
 10
147.490211514989
 20
-69.81581581587955
 30
0.0
 10
148.8991706457101
 20
-69.14416220493625
 30
0.0
 10
148.8991706457101
 20
-69.14416220493625
 30
0.0
 10
148.3799170478463
 20
-69.87247192697622
 30
0.0
 10
147.9336884481194
 20
-71.00905137113661
 30
0.0
 10
147.6958103986326
 20
-71.91315025979937
 30
0.0
  0
ENDBLK
  5
542
330
53F
100
AcDbEntity
  8
0
100
AcDbBlockEnd
  0
BLOCK
  5
54A
330
548
100
AcDbEntity
  8
0
100
AcDbBlockBegin
  2
block 186
 70
     0
 10
0.0
 20
0.0
 30
0.0
  3
block 186
  1

  0
INSERT
  5
54D
330
548
100
AcDbEntity
  8
Axon 1
100
AcDbBlockReference
  2
block 187
 10
0.0
 20
0.0
 30
0.0
  0
POLYLINE
  5
55F
330
548
100
AcDbEntity
  8
Axon 1
 62
   250
420
  1645085
370
    35
100
AcDb2dPolyline
 66
     1
 10
0.0
 20
0.0
 30
0.0
  0
VERTEX
  5
560
330
55F
100
AcDbEntity
  8
Axon 1
 62
   250
420
  1645085
370
    35
100
AcDbVertex
100
AcDb2dVertex
 10
142.6088608061893
 20
-64.55085442830669
 30
0.0
  0
VERTEX
  5
561
330
55F
100
AcDbEntity
  8
Axon 1
 62
   250
420
  1645085
370
    35
100
AcDbVertex
100
AcDb2dVertex
 10
141.8139113820257
 20
-64.55085442830669
 30
0.0
  0
SEQEND
  5
562
330
55F
100
AcDbEntity
  8
Axon 1
 62
   250
420
  1645085
370
    35
  0
ENDBLK
  5
54B
330
548
100
AcDbEntity
  8
0
100
AcDbBlockEnd
  0
BLOCK
  5
54E
330
54C
100
AcDbEntity
  8
0
100
AcDbBlockBegin
  2
block 187
 70
     0
 10
0.0
 20
0.0
 30
0.0
  3
block 187
  1

  0
INSERT
  5
551
330
54C
100
AcDbEntity
  8
Axon 1
100
AcDbBlockReference
  2
block 188
 10
0.0
 20
0.0
 30
0.0
  0
ENDBLK
  5
54F
330
54C
100
AcDbEntity
  8
0
100
AcDbBlockEnd
  0
BLOCK
  5
552
330
550
100
AcDbEntity
  8
0
100
AcDbBlockBegin
  2
block 188
 70
     0
 10
0.0
 20
0.0
 30
0.0
  3
block 188
  1

  0
INSERT
  5
555
330
550
100
AcDbEntity
  8
Axon 1
100
AcDbBlockReference
  2
block 189
 10
0.0
 20
0.0
 30
0.0
  0
ENDBLK
  5
553
330
550
100
AcDbEntity
  8
0
100
AcDbBlockEnd
  0
BLOCK
  5
556
330
554
100
AcDbEntity
  8
0
100
AcDbBlockBegin
  2
block 189
 70
     0
 10
0.0
 20
0.0
 30
0.0
  3
block 189
  1

  0
SPLINE
  5
558
330
554
100
AcDbEntity
  8
Axon 1
 62
   250
420
  1645085
370
    35
100
AcDbSpline
210
0.0
220
0.0
230
1.0
 70
     8
 71
     3
 72
     8
 73
     4
 74
     0
 42
0.0000000001
 43
0.0000000001
 12
1.0
 22
0.0
 32
0.0
 13
1.0
 23
0.0
 33
0.0
 40
0.0
 40
0.0
 40
0.0
 40
0.0
 40
1.0
 40
1.0
 40
1.0
 40
1.0
 10
142.6088608061893
 20
-64.55085442830669
 30
0.0
 10
144.9462251910026
 20
-64.55085442830669
 30
0.0
 10
146.9065054187695
 20
-66.73176192776145
 30
0.0
 10
147.4354604052747
 20
-69.66937776036053
 30
0.0
  0
INSERT
  5
55A
330
554
100
AcDbEntity
  8
Axon 1
100
AcDbBlockReference
  2
block 190
 10
0.0
 20
0.0
 30
0.0
  0
ENDBLK
  5
557
330
554
100
AcDbEntity
  8
0
100
AcDbBlockEnd
  0
BLOCK
  5
55B
330
559
100
AcDbEntity
  8
0
100
AcDbBlockBegin
  2
block 190
 70
     0
 10
0.0
 20
0.0
 30
0.0
  3
block 190
  1

  0
SPLINE
  5
55D
330
559
100
AcDbEntity
  8
Axon 1
370
     0
100
AcDbSpline
210
0.0
220
0.0
230
1.0
 70
    11
 71
     3
 72
    17
 73
    13
 74
     0
 42
0.0000000001
 43
0.0000000001
 12
1.0
 22
0.0
 32
0.0
 13
1.0
 23
0.0
 33
0.0
 40
0.0
 40
0.0
 40
0.0
 40
0.0
 40
1.0
 40
1.0
 40
1.0
 40
2.0
 40
2.0
 40
2.0
 40
3.0
 40
3.0
 40
3.0
 40
4.0
 40
4.0
 40
4.0
 40
4.0
 10
147.5760070683557
 20
-71.26089942662911
 30
0.0
 10
147.2238642995619
 20
-70.54098581569814
 30
0.0
 10
146.6578360744466
 20
-69.66066414925163
 30
0.0
 10
146.0989971060374
 20
-69.13576609382727
 30
0.0
 10
146.0989971060374
 20
-69.13576609382727
 30
0.0
 10
147.3963726284941
 20
-69.46349664930092
 30
0.0
 10
147.3963726284941
 20
-69.46349664930092
 30
0.0
 10
147.3963726284941
 20
-69.46349664930092
 30
0.0
 10
148.6029078754906
 20
-68.88547026055653
 30
0.0
 10
148.6029078754906
 20
-68.88547026055653
 30
0.0
 10
148.1590428868146
 20
-69.51059248262244
 30
0.0
 10
147.7784309520804
 20
-70.48552914904514
 30
0.0
 10
147.5760070683557
 20
-71.26089942662911
 30
0.0
  0
HATCH
  5
55E
330
559
100
AcDbEntity
  8
Axon 1
 62
   250
420
  1645085
100
AcDbHatch
 10
0.0
 20
0.0
 30
0.0
210
0.0
220
0.0
230
1.0
  2
SOLID
 70
     1
 71
     0
 91
        1
 92
        1
 93
        1
 72
     4
 94
        3
 73
     0
 74
     1
 95
       17
 96
       13
 40
0.0
 40
0.0
 40
0.0
 40
0.0
 40
1.0
 40
1.0
 40
1.0
 40
2.0
 40
2.0
 40
2.0
 40
3.0
 40
3.0
 40
3.0
 40
4.0
 40
4.0
 40
4.0
 40
4.0
 10
147.5760070683557
 20
-71.26089942662911
 10
147.2238642995619
 20
-70.54098581569814
 10
146.6578360744466
 20
-69.66066414925163
 10
146.0989971060374
 20
-69.13576609382727
 10
146.0989971060374
 20
-69.13576609382727
 10
147.3963726284941
 20
-69.46349664930092
 10
147.3963726284941
 20
-69.46349664930092
 10
147.3963726284941
 20
-69.46349664930092
 10
148.6029078754906
 20
-68.88547026055653
 10
148.6029078754906
 20
-68.88547026055653
 10
148.1590428868146
 20
-69.51059248262244
 10
147.7784309520804
 20
-70.48552914904514
 10
147.5760070683557
 20
-71.26089942662911
 97
        0
 97
        0
 75
     2
 76
     1
 98
        0
  0
ENDBLK
  5
55C
330
559
100
AcDbEntity
  8
0
100
AcDbBlockEnd
  0
BLOCK
  5
567
330
565
100
AcDbEntity
  8
0
100
AcDbBlockBegin
  2
block 191
 70
     0
 10
0.0
 20
0.0
 30
0.0
  3
block 191
  1

  0
MTEXT
  5
569
330
565
100
AcDbEntity
  8
Axon 1
 62
     7
420
 16777215
100
AcDbMText
 10
136.7080825802288
 20
-53.17784603857893
 30
0.0
 40
1.9981333328338
 41
0.0
 46
0.0
 71
     7
 72
     1
  1
\fMyriad Pro|b0|i0|c0|p34;\W1;Synapse In 1
 73
     1
 44
1.0
  0
INSERT
  5
56B
330
565
100
AcDbEntity
  8
Axon 1
100
AcDbBlockReference
  2
block 192
 10
0.0
 20
0.0
 30
0.0
  0
ENDBLK
  5
568
330
565
100
AcDbEntity
  8
0
100
AcDbBlockEnd
  0
BLOCK
  5
56C
330
56A
100
AcDbEntity
  8
0
100
AcDbBlockBegin
  2
block 192
 70
     0
 10
0.0
 20
0.0
 30
0.0
  3
block 192
  1

  0
INSERT
  5
56F
330
56A
100
AcDbEntity
  8
Axon 1
100
AcDbBlockReference
  2
block 193
 10
0.0
 20
0.0
 30
0.0
  0
ENDBLK
  5
56D
330
56A
100
AcDbEntity
  8
0
100
AcDbBlockEnd
  0
BLOCK
  5
570
330
56E
100
AcDbEntity
  8
0
100
AcDbBlockBegin
  2
block 193
 70
     0
 10
0.0
 20
0.0
 30
0.0
  3
block 193
  1

  0
POLYLINE
  5
572
330
56E
100
AcDbEntity
  8
Axon 1
370
     0
100
AcDb2dPolyline
 66
     1
 10
0.0
 20
0.0
 30
0.0
  0
VERTEX
  5
573
330
572
100
AcDbEntity
  8
Axon 1
370
     0
100
AcDbVertex
100
AcDb2dVertex
 10
131.5847319207716
 20
-52.34904720913483
 30
0.0
  0
VERTEX
  5
574
330
572
100
AcDbEntity
  8
Axon 1
370
     0
100
AcDbVertex
100
AcDb2dVertex
 10
136.3290637441781
 20
-52.34904720913483
 30
0.0
  0
SEQEND
  5
575
330
572
100
AcDbEntity
  8
Axon 1
370
     0
  0
INSERT
  5
577
330
56E
100
AcDbEntity
  8
Axon 1
100
AcDbBlockReference
  2
block 194
 10
0.0
 20
0.0
 30
0.0
  0
ENDBLK
  5
571
330
56E
100
AcDbEntity
  8
0
100
AcDbBlockEnd
  0
BLOCK
  5
578
330
576
100
AcDbEntity
  8
0
100
AcDbBlockBegin
  2
block 194
 70
     0
 10
0.0
 20
0.0
 30
0.0
  3
block 194
  1

  0
POLYLINE
  5
57A
330
576
100
AcDbEntity
  8
Axon 1
 62
   250
420
  1645085
370
    35
100
AcDb2dPolyline
 66
     1
 10
0.0
 20
0.0
 30
0.0
  0
VERTEX
  5
57B
330
57A
100
AcDbEntity
  8
Axon 1
 62
   250
420
  1645085
370
    35
100
AcDbVertex
100
AcDb2dVertex
 10
133.4541013175244
 20
-52.34904720913483
 30
0.0
  0
VERTEX
  5
57C
330
57A
100
AcDbEntity
  8
Axon 1
 62
   250
420
  1645085
370
    35
100
AcDbVertex
100
AcDb2dVertex
 10
136.3290284664012
 20
-52.34904720913483
 30
0.0
  0
SEQEND
  5
57D
330
57A
100
AcDbEntity
  8
Axon 1
 62
   250
420
  1645085
370
    35
  0
INSERT
  5
57F
330
576
100
AcDbEntity
  8
Axon 1
100
AcDbBlockReference
  2
block 195
 10
0.0
 20
0.0
 30
0.0
  0
ENDBLK
  5
579
330
576
100
AcDbEntity
  8
0
100
AcDbBlockEnd
  0
BLOCK
  5
580
330
57E
100
AcDbEntity
  8
0
100
AcDbBlockBegin
  2
block 195
 70
     0
 10
0.0
 20
0.0
 30
0.0
  3
block 195
  1

  0
SPLINE
  5
582
330
57E
100
AcDbEntity
  8
Axon 1
370
     0
100
AcDbSpline
210
0.0
220
0.0
230
1.0
 70
    11
 71
     3
 72
    29
 73
    25
 74
     0
 42
0.0000000001
 43
0.0000000001
 12
1.0
 22
0.0
 32
0.0
 13
1.0
 23
0.0
 33
0.0
 40
0.0
 40
0.0
 40
0.0
 40
0.0
 40
1.0
 40
1.0
 40
1.0
 40
2.0
 40
2.0
 40
2.0
 40
3.0
 40
3.0
 40
3.0
 40
4.0
 40
4.0
 40
4.0
 40
5.0
 40
5.0
 40
5.0
 40
6.0
 40
6.0
 40
6.0
 40
7.0
 40
7.0
 40
7.0
 40
8.0
 40
8.0
 40
8.0
 40
8.0
 10
133.8656871403574
 20
-52.34904720913483
 30
0.0
 10
133.8656871403574
 20
-52.34904720913483
 30
0.0
 10
134.3681837942043
 20
-51.52284165378595
 30
0.0
 10
134.3681837942043
 20
-51.52284165378595
 30
0.0
 10
134.3681837942043
 20
-51.52284165378595
 30
0.0
 10
134.339961572702
 20
-51.50414443156844
 30
0.0
 10
134.339961572702
 20
-51.50414443156844
 30
0.0
 10
134.339961572702
 20
-51.50414443156844
 30
0.0
 10
132.9928091070708
 20
-52.03923776476812
 30
0.0
 10
132.9928091070708
 20
-52.03923776476812
 30
0.0
 10
132.5234416335359
 20
-52.14246054252001
 30
0.0
 10
132.0540674643534
 20
-52.2456833202719
 30
0.0
 10
131.5847319207716
 20
-52.34904720913483
 30
0.0
 10
132.0540674643534
 20
-52.45226998688704
 30
0.0
 10
132.5234416335359
 20
-52.55549276463893
 30
0.0
 10
132.9928091070708
 20
-52.65885665350186
 30
0.0
 10
132.9928091070708
 20
-52.65885665350186
 30
0.0
 10
134.339961572702
 20
-53.19391470892369
 30
0.0
 10
134.339961572702
 20
-53.19391470892369
 30
0.0
 10
134.339961572702
 20
-53.19391470892369
 30
0.0
 10
134.3681837942043
 20
-53.17983887559397
 30
0.0
 10
134.3681837942043
 20
-53.17983887559397
 30
0.0
 10
134.3681837942043
 20
-53.17983887559397
 30
0.0
 10
133.8656871403574
 20
-52.34904720913483
 30
0.0
 10
133.8656871403574
 20
-52.34904720913483
 30
0.0
  0
HATCH
  5
583
330
57E
100
AcDbEntity
  8
Axon 1
 62
   250
420
  1645085
100
AcDbHatch
 10
0.0
 20
0.0
 30
0.0
210
0.0
220
0.0
230
1.0
  2
SOLID
 70
     1
 71
     0
 91
        1
 92
        1
 93
        1
 72
     4
 94
        3
 73
     0
 74
     1
 95
       29
 96
       25
 40
0.0
 40
0.0
 40
0.0
 40
0.0
 40
1.0
 40
1.0
 40
1.0
 40
2.0
 40
2.0
 40
2.0
 40
3.0
 40
3.0
 40
3.0
 40
4.0
 40
4.0
 40
4.0
 40
5.0
 40
5.0
 40
5.0
 40
6.0
 40
6.0
 40
6.0
 40
7.0
 40
7.0
 40
7.0
 40
8.0
 40
8.0
 40
8.0
 40
8.0
 10
133.8656871403574
 20
-52.34904720913483
 10
133.8656871403574
 20
-52.34904720913483
 10
134.3681837942043
 20
-51.52284165378595
 10
134.3681837942043
 20
-51.52284165378595
 10
134.3681837942043
 20
-51.52284165378595
 10
134.339961572702
 20
-51.50414443156844
 10
134.339961572702
 20
-51.50414443156844
 10
134.339961572702
 20
-51.50414443156844
 10
132.9928091070708
 20
-52.03923776476812
 10
132.9928091070708
 20
-52.03923776476812
 10
132.5234416335359
 20
-52.14246054252001
 10
132.0540674643534
 20
-52.2456833202719
 10
131.5847319207716
 20
-52.34904720913483
 10
132.0540674643534
 20
-52.45226998688704
 10
132.5234416335359
 20
-52.55549276463893
 10
132.9928091070708
 20
-52.65885665350186
 10
132.9928091070708
 20
-52.65885665350186
 10
134.339961572702
 20
-53.19391470892369
 10
134.339961572702
 20
-53.19391470892369
 10
134.339961572702
 20
-53.19391470892369
 10
134.3681837942043
 20
-53.17983887559397
 10
134.3681837942043
 20
-53.17983887559397
 10
134.3681837942043
 20
-53.17983887559397
 10
133.8656871403574
 20
-52.34904720913483
 10
133.8656871403574
 20
-52.34904720913483
 97
        0
 97
        0
 75
     2
 76
     1
 98
        0
  0
ENDBLK
  5
581
330
57E
100
AcDbEntity
  8
0
100
AcDbBlockEnd
  0
BLOCK
  5
586
330
584
100
AcDbEntity
  8
0
100
AcDbBlockBegin
  2
block 196
 70
     0
 10
0.0
 20
0.0
 30
0.0
  3
block 196
  1

  0
SPLINE
  5
588
330
584
100
AcDbEntity
  8
Axon 1
370
     0
100
AcDbSpline
210
0.0
220
0.0
230
1.0
 70
    11
 71
     3
 72
    62
 73
    58
 74
     0
 42
0.0000000001
 43
0.0000000001
 12
1.0
 22
0.0
 32
0.0
 13
1.0
 23
0.0
 33
0.0
 40
0.0
 40
0.0
 40
0.0
 40
0.0
 40
1.0
 40
1.0
 40
1.0
 40
2.0
 40
2.0
 40
2.0
 40
3.0
 40
3.0
 40
3.0
 40
4.0
 40
4.0
 40
4.0
 40
5.0
 40
5.0
 40
5.0
 40
6.0
 40
6.0
 40
6.0
 40
7.0
 40
7.0
 40
7.0
 40
8.0
 40
8.0
 40
8.0
 40
9.0
 40
9.0
 40
9.0
 40
10.0
 40
10.0
 40
10.0
 40
11.0
 40
11.0
 40
11.0
 40
12.0
 40
12.0
 40
12.0
 40
13.0
 40
13.0
 40
13.0
 40
14.0
 40
14.0
 40
14.0
 40
15.0
 40
15.0
 40
15.0
 40
16.0
 40
16.0
 40
16.0
 40
17.0
 40
17.0
 40
17.0
 40
18.0
 40
18.0
 40
18.0
 40
19.0
 40
19.0
 40
19.0
 40
19.0
 10
167.1270921251215
 20
-56.62753609695431
 30
0.0
 10
167.4059629513403
 20
-56.56724637474714
 30
0.0
 10
167.8767448837741
 20
-56.41438776367435
 30
0.0
 10
168.3323926499273
 20
-56.61282526362474
 30
0.0
 10
168.7880756938575
 20
-56.81126276357513
 30
0.0
 10
169.0367840208457
 20
-56.96916609686882
 30
0.0
 10
169.3466287351631
 20
-57.14079248571479
 30
0.0
 10
169.573500118264
 20
-57.27135554123774
 30
0.0
 10
170.2925670443636
 20
-57.32067387455871
 30
0.0
 10
170.6695453680794
 20
-57.22284859680548
 30
0.0
 10
171.0465589695721
 20
-57.12498804127441
 30
0.0
 10
171.4842503472945
 20
-56.99858776352828
 30
0.0
 10
171.669105898134
 20
-56.3335663748055
 30
0.0
 10
171.8539614489735
 20
-55.66850970830519
 30
0.0
 10
169.9031709431868
 20
-53.11602137560982
 30
0.0
 10
169.3610220681292
 20
-52.71032693126693
 30
0.0
 10
169.1620554065387
 20
-52.5128419313163
 30
0.0
 10
168.8740829138854
 20
-52.40570332023183
 30
0.0
 10
168.353669402356
 20
-52.54106415353144
 30
0.0
 10
167.8332473848838
 20
-52.67646026460856
 30
0.0
 10
167.6294476678609
 20
-52.93589304232165
 30
0.0
 10
167.4076562846304
 20
-53.20156998669965
 30
0.0
 10
167.1858649013999
 20
-53.46724693107763
 30
0.0
 10
167.1645218463889
 20
-53.64956248658773
 30
0.0
 10
166.998822128394
 20
-54.35215470863408
 30
0.0
 10
166.8330871326222
 20
-55.05474693068076
 30
0.0
 10
165.6498352183651
 20
-55.91055054157798
 30
0.0
 10
164.9663282913583
 20
-56.32061943036441
 30
0.0
 10
164.2828213643516
 20
-56.73072359692836
 30
0.0
 10
160.3061339658053
 20
-58.79408554085695
 30
0.0
 10
156.146884071917
 20
-58.72215415198621
 30
0.0
 10
153.1012830385056
 20
-58.66948442977714
 30
0.0
 10
148.7385509275857
 20
-55.82881193048721
 30
0.0
 10
146.8203218098571
 20
-55.3119572083944
 30
0.0
 10
146.2590876575087
 20
-55.16075665287658
 30
0.0
 10
144.5566527009414
 20
-55.17529109731727
 30
0.0
 10
144.5566527009414
 20
-55.17529109731727
 30
0.0
 10
144.5566527009414
 20
-55.17529109731727
 30
0.0
 10
131.0555652676051
 20
-55.1833344306485
 30
0.0
 10
131.0555652676051
 20
-55.1833344306485
 30
0.0
 10
131.0555652676051
 20
-55.1833344306485
 30
0.0
 10
131.0555652676051
 20
-56.60548748584871
 30
0.0
 10
131.0555652676051
 20
-56.60548748584871
 30
0.0
 10
131.0555652676051
 20
-56.60548748584871
 30
0.0
 10
144.5927771444643
 20
-56.60037220807214
 30
0.0
 10
144.5927771444643
 20
-56.60037220807214
 30
0.0
 10
144.5927771444643
 20
-56.60037220807214
 30
0.0
 10
145.8870482225558
 20
-56.50981415253925
 30
0.0
 10
146.3862287653762
 20
-56.68764943027261
 30
0.0
 10
148.1060203881673
 20
-57.30021276345272
 30
0.0
 10
152.0021333443247
 20
-59.85584081836947
 30
0.0
 10
156.014592408625
 20
-60.02302220721655
 30
0.0
 10
159.189592327624
 20
-60.15531387385015
 30
0.0
 10
160.6542550680352
 20
-59.71878665173706
 30
0.0
 10
162.4821730769567
 20
-58.90588081860703
 30
0.0
 10
164.3100910858781
 20
-58.09301026325452
 30
0.0
 10
166.8481860211259
 20
-56.68782581916149
 30
0.0
 10
167.1270921251215
 20
-56.62753609695431
 30
0.0
  0
HATCH
  5
589
330
584
100
AcDbEntity
  8
Axon 1
 62
     7
420
 16777215
100
AcDbHatch
 10
0.0
 20
0.0
 30
0.0
210
0.0
220
0.0
230
1.0
  2
SOLID
 70
     1
 71
     0
 91
        1
 92
        1
 93
        1
 72
     4
 94
        3
 73
     0
 74
     1
 95
       62
 96
       58
 40
0.0
 40
0.0
 40
0.0
 40
0.0
 40
1.0
 40
1.0
 40
1.0
 40
2.0
 40
2.0
 40
2.0
 40
3.0
 40
3.0
 40
3.0
 40
4.0
 40
4.0
 40
4.0
 40
5.0
 40
5.0
 40
5.0
 40
6.0
 40
6.0
 40
6.0
 40
7.0
 40
7.0
 40
7.0
 40
8.0
 40
8.0
 40
8.0
 40
9.0
 40
9.0
 40
9.0
 40
10.0
 40
10.0
 40
10.0
 40
11.0
 40
11.0
 40
11.0
 40
12.0
 40
12.0
 40
12.0
 40
13.0
 40
13.0
 40
13.0
 40
14.0
 40
14.0
 40
14.0
 40
15.0
 40
15.0
 40
15.0
 40
16.0
 40
16.0
 40
16.0
 40
17.0
 40
17.0
 40
17.0
 40
18.0
 40
18.0
 40
18.0
 40
19.0
 40
19.0
 40
19.0
 40
19.0
 10
167.1270921251215
 20
-56.62753609695431
 10
167.4059629513403
 20
-56.56724637474714
 10
167.8767448837741
 20
-56.41438776367435
 10
168.3323926499273
 20
-56.61282526362474
 10
168.7880756938575
 20
-56.81126276357513
 10
169.0367840208457
 20
-56.96916609686882
 10
169.3466287351631
 20
-57.14079248571479
 10
169.573500118264
 20
-57.27135554123774
 10
170.2925670443636
 20
-57.32067387455871
 10
170.6695453680794
 20
-57.22284859680548
 10
171.0465589695721
 20
-57.12498804127441
 10
171.4842503472945
 20
-56.99858776352828
 10
171.669105898134
 20
-56.3335663748055
 10
171.8539614489735
 20
-55.66850970830519
 10
169.9031709431868
 20
-53.11602137560982
 10
169.3610220681292
 20
-52.71032693126693
 10
169.1620554065387
 20
-52.5128419313163
 10
168.8740829138854
 20
-52.40570332023183
 10
168.353669402356
 20
-52.54106415353144
 10
167.8332473848838
 20
-52.67646026460856
 10
167.6294476678609
 20
-52.93589304232165
 10
167.4076562846304
 20
-53.20156998669965
 10
167.1858649013999
 20
-53.46724693107763
 10
167.1645218463889
 20
-53.64956248658773
 10
166.998822128394
 20
-54.35215470863408
 10
166.8330871326222
 20
-55.05474693068076
 10
165.6498352183651
 20
-55.91055054157798
 10
164.9663282913583
 20
-56.32061943036441
 10
164.2828213643516
 20
-56.73072359692836
 10
160.3061339658053
 20
-58.79408554085695
 10
156.146884071917
 20
-58.72215415198621
 10
153.1012830385056
 20
-58.66948442977714
 10
148.7385509275857
 20
-55.82881193048721
 10
146.8203218098571
 20
-55.3119572083944
 10
146.2590876575087
 20
-55.16075665287658
 10
144.5566527009414
 20
-55.17529109731727
 10
144.5566527009414
 20
-55.17529109731727
 10
144.5566527009414
 20
-55.17529109731727
 10
131.0555652676051
 20
-55.1833344306485
 10
131.0555652676051
 20
-55.1833344306485
 10
131.0555652676051
 20
-55.1833344306485
 10
131.0555652676051
 20
-56.60548748584871
 10
131.0555652676051
 20
-56.60548748584871
 10
131.0555652676051
 20
-56.60548748584871
 10
144.5927771444643
 20
-56.60037220807214
 10
144.5927771444643
 20
-56.60037220807214
 10
144.5927771444643
 20
-56.60037220807214
 10
145.8870482225558
 20
-56.50981415253925
 10
146.3862287653762
 20
-56.68764943027261
 10
148.1060203881673
 20
-57.30021276345272
 10
152.0021333443247
 20
-59.85584081836947
 10
156.014592408625
 20
-60.02302220721655
 10
159.189592327624
 20
-60.15531387385015
 10
160.6542550680352
 20
-59.71878665173706
 10
162.4821730769567
 20
-58.90588081860703
 10
164.3100910858781
 20
-58.09301026325452
 10
166.8481860211259
 20
-56.68782581916149
 10
167.1270921251215
 20
-56.62753609695431
 97
        0
 97
        0
 75
     2
 76
     1
 98
        0
  0
INSERT
  5
58B
330
584
100
AcDbEntity
  8
Axon 1
100
AcDbBlockReference
  2
block 197
 10
0.0
 20
0.0
 30
0.0
  0
INSERT
  5
5BF
330
584
100
AcDbEntity
  8
Axon 1
100
AcDbBlockReference
  2
block 206
 10
0.0
 20
0.0
 30
0.0
  0
ENDBLK
  5
587
330
584
100
AcDbEntity
  8
0
100
AcDbBlockEnd
  0
BLOCK
  5
58C
330
58A
100
AcDbEntity
  8
0
100
AcDbBlockBegin
  2
block 197
 70
     0
 10
0.0
 20
0.0
 30
0.0
  3
block 197
  1

  0
INSERT
  5
58F
330
58A
100
AcDbEntity
  8
Axon 1
100
AcDbBlockReference
  2
block 198
 10
0.0
 20
0.0
 30
0.0
  0
INSERT
  5
595
330
58A
100
AcDbEntity
  8
Axon 1
100
AcDbBlockReference
  2
block 199
 10
0.0
 20
0.0
 30
0.0
  0
INSERT
  5
59B
330
58A
100
AcDbEntity
  8
Axon 1
100
AcDbBlockReference
  2
block 200
 10
0.0
 20
0.0
 30
0.0
  0
INSERT
  5
5A1
330
58A
100
AcDbEntity
  8
Axon 1
100
AcDbBlockReference
  2
block 201
 10
0.0
 20
0.0
 30
0.0
  0
INSERT
  5
5A7
330
58A
100
AcDbEntity
  8
Axon 1
100
AcDbBlockReference
  2
block 202
 10
0.0
 20
0.0
 30
0.0
  0
INSERT
  5
5AD
330
58A
100
AcDbEntity
  8
Axon 1
100
AcDbBlockReference
  2
block 203
 10
0.0
 20
0.0
 30
0.0
  0
INSERT
  5
5B3
330
58A
100
AcDbEntity
  8
Axon 1
100
AcDbBlockReference
  2
block 204
 10
0.0
 20
0.0
 30
0.0
  0
INSERT
  5
5B9
330
58A
100
AcDbEntity
  8
Axon 1
100
AcDbBlockReference
  2
block 205
 10
0.0
 20
0.0
 30
0.0
  0
ENDBLK
  5
58D
330
58A
100
AcDbEntity
  8
0
100
AcDbBlockEnd
  0
BLOCK
  5
590
330
58E
100
AcDbEntity
  8
0
100
AcDbBlockBegin
  2
block 198
 70
     0
 10
0.0
 20
0.0
 30
0.0
  3
block 198
  1

  0
SPLINE
  5
592
330
58E
100
AcDbEntity
  8
Axon 1
370
     0
100
AcDbSpline
210
0.0
220
0.0
230
1.0
 70
    11
 71
     3
 72
    17
 73
    13
 74
     0
 42
0.0000000001
 43
0.0000000001
 12
1.0
 22
0.0
 32
0.0
 13
1.0
 23
0.0
 33
0.0
 40
0.0
 40
0.0
 40
0.0
 40
0.0
 40
1.0
 40
1.0
 40
1.0
 40
2.0
 40
2.0
 40
2.0
 40
3.0
 40
3.0
 40
3.0
 40
4.0
 40
4.0
 40
4.0
 40
4.0
 10
169.8570981665844
 20
-53.37178526443489
 30
0.0
 10
169.7843906684393
 20
-53.59685748660082
 30
0.0
 10
169.4822055131855
 20
-53.70071526435255
 30
0.0
 10
169.1821284615821
 20
-53.60380720882124
 30
0.0
 10
168.8820204136829
 20
-53.50689915328994
 30
0.0
 10
168.6976940294966
 20
-53.24587887557756
 30
0.0
 10
168.7704015276417
 20
-53.02080665341131
 30
0.0
 10
168.8430737480099
 20
-52.79573443124539
 30
0.0
 10
169.1452631847448
 20
-52.69187665349366
 30
0.0
 10
169.445371232644
 20
-52.78878470902497
 30
0.0
 10
169.7454440027663
 20
-52.88569276455627
 30
0.0
 10
169.9297703869526
 20
-53.14671304226896
 30
0.0
 10
169.8570981665844
 20
-53.37178526443489
 30
0.0
  0
SPLINE
  5
593
330
58E
100
AcDbEntity
  8
Axon 1
370
     0
100
AcDbSpline
210
0.0
220
0.0
230
1.0
 70
    11
 71
     3
 72
    17
 73
    13
 74
     0
 42
0.0000000001
 43
0.0000000001
 12
1.0
 22
0.0
 32
0.0
 13
1.0
 23
0.0
 33
0.0
 40
0.0
 40
0.0
 40
0.0
 40
0.0
 40
1.0
 40
1.0
 40
1.0
 40
2.0
 40
2.0
 40
2.0
 40
3.0
 40
3.0
 40
3.0
 40
4.0
 40
4.0
 40
4.0
 40
4.0
 10
169.8570981665844
 20
-53.37178526443489
 30
0.0
 10
169.7843906684393
 20
-53.59685748660082
 30
0.0
 10
169.4822055131855
 20
-53.70071526435255
 30
0.0
 10
169.1821284615821
 20
-53.60380720882124
 30
0.0
 10
168.8820204136829
 20
-53.50689915328994
 30
0.0
 10
168.6976940294966
 20
-53.24587887557756
 30
0.0
 10
168.7704015276417
 20
-53.02080665341131
 30
0.0
 10
168.8430737480099
 20
-52.79573443124539
 30
0.0
 10
169.1452631847448
 20
-52.69187665349366
 30
0.0
 10
169.445371232644
 20
-52.78878470902497
 30
0.0
 10
169.7454440027663
 20
-52.88569276455627
 30
0.0
 10
169.9297703869526
 20
-53.14671304226896
 30
0.0
 10
169.8570981665844
 20
-53.37178526443489
 30
0.0
  0
ENDBLK
  5
591
330
58E
100
AcDbEntity
  8
0
100
AcDbBlockEnd
  0
BLOCK
  5
596
330
594
100
AcDbEntity
  8
0
100
AcDbBlockBegin
  2
block 199
 70
     0
 10
0.0
 20
0.0
 30
0.0
  3
block 199
  1

  0
SPLINE
  5
598
330
594
100
AcDbEntity
  8
Axon 1
370
     0
100
AcDbSpline
210
0.0
220
0.0
230
1.0
 70
    11
 71
     3
 72
    17
 73
    13
 74
     0
 42
0.0000000001
 43
0.0000000001
 12
1.0
 22
0.0
 32
0.0
 13
1.0
 23
0.0
 33
0.0
 40
0.0
 40
0.0
 40
0.0
 40
0.0
 40
1.0
 40
1.0
 40
1.0
 40
2.0
 40
2.0
 40
2.0
 40
3.0
 40
3.0
 40
3.0
 40
4.0
 40
4.0
 40
4.0
 40
4.0
 10
169.5043556755836
 20
-55.0147419306907
 30
0.0
 10
169.3326587355195
 20
-55.13059415288407
 30
0.0
 10
169.0682870755979
 20
-55.03894248624038
 30
0.0
 10
168.9138056906498
 20
-54.81002498629756
 30
0.0
 10
168.7593638466989
 20
-54.58114276413259
 30
0.0
 10
168.7733295831225
 20
-54.30167220864694
 30
0.0
 10
168.9449912454097
 20
-54.18581998645357
 30
0.0
 10
169.116652907697
 20
-54.06996776426019
 30
0.0
 10
169.3810598453958
 20
-54.1616194309042
 30
0.0
 10
169.5355059525667
 20
-54.39050165306918
 30
0.0
 10
169.6899916242443
 20
-54.61941915301168
 30
0.0
 10
169.6760173378708
 20
-54.89888970849764
 30
0.0
 10
169.5043556755836
 20
-55.0147419306907
 30
0.0
  0
SPLINE
  5
599
330
594
100
AcDbEntity
  8
Axon 1
370
     0
100
AcDbSpline
210
0.0
220
0.0
230
1.0
 70
    11
 71
     3
 72
    17
 73
    13
 74
     0
 42
0.0000000001
 43
0.0000000001
 12
1.0
 22
0.0
 32
0.0
 13
1.0
 23
0.0
 33
0.0
 40
0.0
 40
0.0
 40
0.0
 40
0.0
 40
1.0
 40
1.0
 40
1.0
 40
2.0
 40
2.0
 40
2.0
 40
3.0
 40
3.0
 40
3.0
 40
4.0
 40
4.0
 40
4.0
 40
4.0
 10
169.5043556755836
 20
-55.0147419306907
 30
0.0
 10
169.3326587355195
 20
-55.13059415288407
 30
0.0
 10
169.0682870755979
 20
-55.03894248624038
 30
0.0
 10
168.9138056906498
 20
-54.81002498629756
 30
0.0
 10
168.7593638466989
 20
-54.58114276413259
 30
0.0
 10
168.7733295831225
 20
-54.30167220864694
 30
0.0
 10
168.9449912454097
 20
-54.18581998645357
 30
0.0
 10
169.116652907697
 20
-54.06996776426019
 30
0.0
 10
169.3810598453958
 20
-54.1616194309042
 30
0.0
 10
169.5355059525667
 20
-54.39050165306918
 30
0.0
 10
169.6899916242443
 20
-54.61941915301168
 30
0.0
 10
169.6760173378708
 20
-54.89888970849764
 30
0.0
 10
169.5043556755836
 20
-55.0147419306907
 30
0.0
  0
ENDBLK
  5
597
330
594
100
AcDbEntity
  8
0
100
AcDbBlockEnd
  0
BLOCK
  5
59C
330
59A
100
AcDbEntity
  8
0
100
AcDbBlockBegin
  2
block 200
 70
     0
 10
0.0
 20
0.0
 30
0.0
  3
block 200
  1

  0
SPLINE
  5
59E
330
59A
100
AcDbEntity
  8
Axon 1
370
     0
100
AcDbSpline
210
0.0
220
0.0
230
1.0
 70
    11
 71
     3
 72
    17
 73
    13
 74
     0
 42
0.0000000001
 43
0.0000000001
 12
1.0
 22
0.0
 32
0.0
 13
1.0
 23
0.0
 33
0.0
 40
0.0
 40
0.0
 40
0.0
 40
0.0
 40
1.0
 40
1.0
 40
1.0
 40
2.0
 40
2.0
 40
2.0
 40
3.0
 40
3.0
 40
3.0
 40
4.0
 40
4.0
 40
4.0
 40
4.0
 10
170.9200881394653
 20
-56.39269193034619
 30
0.0
 10
170.7021110684356
 20
-56.41939720811741
 30
0.0
 10
170.4965784280477
 20
-56.20543748594872
 30
0.0
 10
170.460983151178
 20
-55.91478387491016
 30
0.0
 10
170.4254231520852
 20
-55.62416554164944
 30
0.0
 10
170.57327231498
 20
-55.36695526393612
 30
0.0
 10
170.7912536983077
 20
-55.3402499861649
 30
0.0
 10
171.0091998038585
 20
-55.31357998617153
 30
0.0
 10
171.2147634097253
 20
-55.52753970834021
 30
0.0
 10
171.2503277349653
 20
-55.81815804160093
 30
0.0
 10
171.2859186856877
 20
-56.10877637486166
 30
0.0
 10
171.1380342450161
 20
-56.36602193035282
 30
0.0
 10
170.9200881394653
 20
-56.39269193034619
 30
0.0
  0
SPLINE
  5
59F
330
59A
100
AcDbEntity
  8
Axon 1
370
     0
100
AcDbSpline
210
0.0
220
0.0
230
1.0
 70
    11
 71
     3
 72
    17
 73
    13
 74
     0
 42
0.0000000001
 43
0.0000000001
 12
1.0
 22
0.0
 32
0.0
 13
1.0
 23
0.0
 33
0.0
 40
0.0
 40
0.0
 40
0.0
 40
0.0
 40
1.0
 40
1.0
 40
1.0
 40
2.0
 40
2.0
 40
2.0
 40
3.0
 40
3.0
 40
3.0
 40
4.0
 40
4.0
 40
4.0
 40
4.0
 10
170.9200881394653
 20
-56.39269193034619
 30
0.0
 10
170.7021110684356
 20
-56.41939720811741
 30
0.0
 10
170.4965784280477
 20
-56.20543748594872
 30
0.0
 10
170.460983151178
 20
-55.91478387491016
 30
0.0
 10
170.4254231520852
 20
-55.62416554164944
 30
0.0
 10
170.57327231498
 20
-55.36695526393612
 30
0.0
 10
170.7912536983077
 20
-55.3402499861649
 30
0.0
 10
171.0091998038585
 20
-55.31357998617153
 30
0.0
 10
171.2147634097253
 20
-55.52753970834021
 30
0.0
 10
171.2503277349653
 20
-55.81815804160093
 30
0.0
 10
171.2859186856877
 20
-56.10877637486166
 30
0.0
 10
171.1380342450161
 20
-56.36602193035282
 30
0.0
 10
170.9200881394653
 20
-56.39269193034619
 30
0.0
  0
ENDBLK
  5
59D
330
59A
100
AcDbEntity
  8
0
100
AcDbBlockEnd
  0
BLOCK
  5
5A2
330
5A0
100
AcDbEntity
  8
0
100
AcDbBlockBegin
  2
block 201
 70
     0
 10
0.0
 20
0.0
 30
0.0
  3
block 201
  1

  0
SPLINE
  5
5A4
330
5A0
100
AcDbEntity
  8
Axon 1
370
     0
100
AcDbSpline
210
0.0
220
0.0
230
1.0
 70
    11
 71
     3
 72
    17
 73
    13
 74
     0
 42
0.0000000001
 43
0.0000000001
 12
1.0
 22
0.0
 32
0.0
 13
1.0
 23
0.0
 33
0.0
 40
0.0
 40
0.0
 40
0.0
 40
0.0
 40
1.0
 40
1.0
 40
1.0
 40
2.0
 40
2.0
 40
2.0
 40
3.0
 40
3.0
 40
3.0
 40
4.0
 40
4.0
 40
4.0
 40
4.0
 10
170.0402251063569
 20
-56.04538220821095
 30
0.0
 10
169.8841209436728
 20
-56.04118415265629
 30
0.0
 10
169.7620951134529
 20
-55.86902859714399
 30
0.0
 10
169.7677042799762
 20
-55.66088970830709
 30
0.0
 10
169.7733134464997
 20
-55.45275081947018
 30
0.0
 10
169.9044409431544
 20
-55.28740387506695
 30
0.0
 10
170.0605451058385
 20
-55.29160193062161
 30
0.0
 10
170.2166492685226
 20
-55.29579998617594
 30
0.0
 10
170.3386398209659
 20
-55.46795554168856
 30
0.0
 10
170.3330659322192
 20
-55.67609443052547
 30
0.0
 10
170.3274610685293
 20
-55.88426859713989
 30
0.0
 10
170.196329269041
 20
-56.04958026376528
 30
0.0
 10
170.0402251063569
 20
-56.04538220821095
 30
0.0
  0
SPLINE
  5
5A5
330
5A0
100
AcDbEntity
  8
Axon 1
370
     0
100
AcDbSpline
210
0.0
220
0.0
230
1.0
 70
    11
 71
     3
 72
    17
 73
    13
 74
     0
 42
0.0000000001
 43
0.0000000001
 12
1.0
 22
0.0
 32
0.0
 13
1.0
 23
0.0
 33
0.0
 40
0.0
 40
0.0
 40
0.0
 40
0.0
 40
1.0
 40
1.0
 40
1.0
 40
2.0
 40
2.0
 40
2.0
 40
3.0
 40
3.0
 40
3.0
 40
4.0
 40
4.0
 40
4.0
 40
4.0
 10
170.0402251063569
 20
-56.04538220821095
 30
0.0
 10
169.8841209436728
 20
-56.04118415265629
 30
0.0
 10
169.7620951134529
 20
-55.86902859714399
 30
0.0
 10
169.7677042799762
 20
-55.66088970830709
 30
0.0
 10
169.7733134464997
 20
-55.45275081947018
 30
0.0
 10
169.9044409431544
 20
-55.28740387506695
 30
0.0
 10
170.0605451058385
 20
-55.29160193062161
 30
0.0
 10
170.2166492685226
 20
-55.29579998617594
 30
0.0
 10
170.3386398209659
 20
-55.46795554168856
 30
0.0
 10
170.3330659322192
 20
-55.67609443052547
 30
0.0
 10
170.3274610685293
 20
-55.88426859713989
 30
0.0
 10
170.196329269041
 20
-56.04958026376528
 30
0.0
 10
170.0402251063569
 20
-56.04538220821095
 30
0.0
  0
ENDBLK
  5
5A3
330
5A0
100
AcDbEntity
  8
0
100
AcDbBlockEnd
  0
BLOCK
  5
5A8
330
5A6
100
AcDbEntity
  8
0
100
AcDbBlockBegin
  2
block 202
 70
     0
 10
0.0
 20
0.0
 30
0.0
  3
block 202
  1

  0
SPLINE
  5
5AA
330
5A6
100
AcDbEntity
  8
Axon 1
370
     0
100
AcDbSpline
210
0.0
220
0.0
230
1.0
 70
    11
 71
     3
 72
    17
 73
    13
 74
     0
 42
0.0000000001
 43
0.0000000001
 12
1.0
 22
0.0
 32
0.0
 13
1.0
 23
0.0
 33
0.0
 40
0.0
 40
0.0
 40
0.0
 40
0.0
 40
1.0
 40
1.0
 40
1.0
 40
2.0
 40
2.0
 40
2.0
 40
3.0
 40
3.0
 40
3.0
 40
4.0
 40
4.0
 40
4.0
 40
4.0
 10
167.8286259961128
 20
-53.77268193100113
 30
0.0
 10
167.8350465515046
 20
-53.5971397088229
 30
0.0
 10
168.0299915465311
 20
-53.46170831996793
 30
0.0
 10
168.264094873892
 20
-53.47024554218797
 30
0.0
 10
168.4981982012528
 20
-53.478782764408
 30
0.0
 10
168.6827715298773
 20
-53.62800776437093
 30
0.0
 10
168.6763862522624
 20
-53.803585264327
 30
0.0
 10
168.6699656968707
 20
-53.97916276428307
 30
0.0
 10
168.4750249578813
 20
-54.11459415313804
 30
0.0
 10
168.2409173744833
 20
-54.106056930918
 30
0.0
 10
168.0068140471224
 20
-54.09751970869797
 30
0.0
 10
167.8222407184979
 20
-53.94825943095752
 30
0.0
 10
167.8286259961128
 20
-53.77268193100113
 30
0.0
  0
SPLINE
  5
5AB
330
5A6
100
AcDbEntity
  8
Axon 1
370
     0
100
AcDbSpline
210
0.0
220
0.0
230
1.0
 70
    11
 71
     3
 72
    17
 73
    13
 74
     0
 42
0.0000000001
 43
0.0000000001
 12
1.0
 22
0.0
 32
0.0
 13
1.0
 23
0.0
 33
0.0
 40
0.0
 40
0.0
 40
0.0
 40
0.0
 40
1.0
 40
1.0
 40
1.0
 40
2.0
 40
2.0
 40
2.0
 40
3.0
 40
3.0
 40
3.0
 40
4.0
 40
4.0
 40
4.0
 40
4.0
 10
167.8286259961128
 20
-53.77268193100113
 30
0.0
 10
167.8350465515046
 20
-53.5971397088229
 30
0.0
 10
168.0299915465311
 20
-53.46170831996793
 30
0.0
 10
168.264094873892
 20
-53.47024554218797
 30
0.0
 10
168.4981982012528
 20
-53.478782764408
 30
0.0
 10
168.6827715298773
 20
-53.62800776437093
 30
0.0
 10
168.6763862522624
 20
-53.803585264327
 30
0.0
 10
168.6699656968707
 20
-53.97916276428307
 30
0.0
 10
168.4750249578813
 20
-54.11459415313804
 30
0.0
 10
168.2409173744833
 20
-54.106056930918
 30
0.0
 10
168.0068140471224
 20
-54.09751970869797
 30
0.0
 10
167.8222407184979
 20
-53.94825943095752
 30
0.0
 10
167.8286259961128
 20
-53.77268193100113
 30
0.0
  0
ENDBLK
  5
5A9
330
5A6
100
AcDbEntity
  8
0
100
AcDbBlockEnd
  0
BLOCK
  5
5AE
330
5AC
100
AcDbEntity
  8
0
100
AcDbBlockBegin
  2
block 203
 70
     0
 10
0.0
 20
0.0
 30
0.0
  3
block 203
  1

  0
SPLINE
  5
5B0
330
5AC
100
AcDbEntity
  8
Axon 1
370
     0
100
AcDbSpline
210
0.0
220
0.0
230
1.0
 70
    11
 71
     3
 72
    17
 73
    13
 74
     0
 42
0.0000000001
 43
0.0000000001
 12
1.0
 22
0.0
 32
0.0
 13
1.0
 23
0.0
 33
0.0
 40
0.0
 40
0.0
 40
0.0
 40
0.0
 40
1.0
 40
1.0
 40
1.0
 40
2.0
 40
2.0
 40
2.0
 40
3.0
 40
3.0
 40
3.0
 40
4.0
 40
4.0
 40
4.0
 40
4.0
 10
170.4615828733849
 20
-57.12036665238664
 30
0.0
 10
170.3001870441691
 20
-57.19074581903561
 30
0.0
 10
170.0932476050042
 20
-57.07337665239831
 30
0.0
 10
169.9993777352779
 20
-56.85818220800778
 30
0.0
 10
169.9055388464126
 20
-56.64298776361693
 30
0.0
 10
169.9602856639519
 20
-56.41145970811938
 30
0.0
 10
170.1216814931676
 20
-56.34104526369256
 30
0.0
 10
170.2830773223834
 20
-56.27066609704359
 30
0.0
 10
170.4900167615484
 20
-56.38803526368089
 30
0.0
 10
170.5838556480433
 20
-56.60322970807142
 30
0.0
 10
170.677729812315
 20
-56.8184594302398
 30
0.0
 10
170.6229787026007
 20
-57.04995220795983
 30
0.0
 10
170.4615828733849
 20
-57.12036665238664
 30
0.0
  0
SPLINE
  5
5B1
330
5AC
100
AcDbEntity
  8
Axon 1
370
     0
100
AcDbSpline
210
0.0
220
0.0
230
1.0
 70
    11
 71
     3
 72
    17
 73
    13
 74
     0
 42
0.0000000001
 43
0.0000000001
 12
1.0
 22
0.0
 32
0.0
 13
1.0
 23
0.0
 33
0.0
 40
0.0
 40
0.0
 40
0.0
 40
0.0
 40
1.0
 40
1.0
 40
1.0
 40
2.0
 40
2.0
 40
2.0
 40
3.0
 40
3.0
 40
3.0
 40
4.0
 40
4.0
 40
4.0
 40
4.0
 10
170.4615828733849
 20
-57.12036665238664
 30
0.0
 10
170.3001870441691
 20
-57.19074581903561
 30
0.0
 10
170.0932476050042
 20
-57.07337665239831
 30
0.0
 10
169.9993777352779
 20
-56.85818220800778
 30
0.0
 10
169.9055388464126
 20
-56.64298776361693
 30
0.0
 10
169.9602856639519
 20
-56.41145970811938
 30
0.0
 10
170.1216814931676
 20
-56.34104526369256
 30
0.0
 10
170.2830773223834
 20
-56.27066609704359
 30
0.0
 10
170.4900167615484
 20
-56.38803526368089
 30
0.0
 10
170.5838556480433
 20
-56.60322970807142
 30
0.0
 10
170.677729812315
 20
-56.8184594302398
 30
0.0
 10
170.6229787026007
 20
-57.04995220795983
 30
0.0
 10
170.4615828733849
 20
-57.12036665238664
 30
0.0
  0
ENDBLK
  5
5AF
330
5AC
100
AcDbEntity
  8
0
100
AcDbBlockEnd
  0
BLOCK
  5
5B4
330
5B2
100
AcDbEntity
  8
0
100
AcDbBlockBegin
  2
block 204
 70
     0
 10
0.0
 20
0.0
 30
0.0
  3
block 204
  1

  0
SPLINE
  5
5B6
330
5B2
100
AcDbEntity
  8
Axon 1
370
     0
100
AcDbSpline
210
0.0
220
0.0
230
1.0
 70
    11
 71
     3
 72
    17
 73
    13
 74
     0
 42
0.0000000001
 43
0.0000000001
 12
1.0
 22
0.0
 32
0.0
 13
1.0
 23
0.0
 33
0.0
 40
0.0
 40
0.0
 40
0.0
 40
0.0
 40
1.0
 40
1.0
 40
1.0
 40
2.0
 40
2.0
 40
2.0
 40
3.0
 40
3.0
 40
3.0
 40
4.0
 40
4.0
 40
4.0
 40
4.0
 10
169.464421232158
 20
-56.13396470818862
 30
0.0
 10
169.3354809576697
 20
-56.22208859705566
 30
0.0
 10
169.1357381849878
 20
-56.15410831929469
 30
0.0
 10
169.0182631879849
 20
-55.98219970822664
 30
0.0
 10
168.9007881909819
 20
-55.81025581938074
 30
0.0
 10
168.9101015240776
 20
-55.59947109721127
 30
0.0
 10
169.0390770763427
 20
-55.51134720834423
 30
0.0
 10
169.168017350831
 20
-55.42325859725536
 30
0.0
 10
169.3677601235132
 20
-55.491238875016
 30
0.0
 10
169.4852351205159
 20
-55.66314748608406
 30
0.0
 10
169.602674839742
 20
-55.83509137493027
 30
0.0
 10
169.5933967844231
 20
-56.04587609709975
 30
0.0
 10
169.464421232158
 20
-56.13396470818862
 30
0.0
  0
SPLINE
  5
5B7
330
5B2
100
AcDbEntity
  8
Axon 1
370
     0
100
AcDbSpline
210
0.0
220
0.0
230
1.0
 70
    11
 71
     3
 72
    17
 73
    13
 74
     0
 42
0.0000000001
 43
0.0000000001
 12
1.0
 22
0.0
 32
0.0
 13
1.0
 23
0.0
 33
0.0
 40
0.0
 40
0.0
 40
0.0
 40
0.0
 40
1.0
 40
1.0
 40
1.0
 40
2.0
 40
2.0
 40
2.0
 40
3.0
 40
3.0
 40
3.0
 40
4.0
 40
4.0
 40
4.0
 40
4.0
 10
169.464421232158
 20
-56.13396470818862
 30
0.0
 10
169.3354809576697
 20
-56.22208859705566
 30
0.0
 10
169.1357381849878
 20
-56.15410831929469
 30
0.0
 10
169.0182631879849
 20
-55.98219970822664
 30
0.0
 10
168.9007881909819
 20
-55.81025581938074
 30
0.0
 10
168.9101015240776
 20
-55.59947109721127
 30
0.0
 10
169.0390770763427
 20
-55.51134720834423
 30
0.0
 10
169.168017350831
 20
-55.42325859725536
 30
0.0
 10
169.3677601235132
 20
-55.491238875016
 30
0.0
 10
169.4852351205159
 20
-55.66314748608406
 30
0.0
 10
169.602674839742
 20
-55.83509137493027
 30
0.0
 10
169.5933967844231
 20
-56.04587609709975
 30
0.0
 10
169.464421232158
 20
-56.13396470818862
 30
0.0
  0
ENDBLK
  5
5B5
330
5B2
100
AcDbEntity
  8
0
100
AcDbBlockEnd
  0
BLOCK
  5
5BA
330
5B8
100
AcDbEntity
  8
0
100
AcDbBlockBegin
  2
block 205
 70
     0
 10
0.0
 20
0.0
 30
0.0
  3
block 205
  1

  0
SPLINE
  5
5BC
330
5B8
100
AcDbEntity
  8
Axon 1
370
     0
100
AcDbSpline
210
0.0
220
0.0
230
1.0
 70
    11
 71
     3
 72
    17
 73
    13
 74
     0
 42
0.0000000001
 43
0.0000000001
 12
1.0
 22
0.0
 32
0.0
 13
1.0
 23
0.0
 33
0.0
 40
0.0
 40
0.0
 40
0.0
 40
0.0
 40
1.0
 40
1.0
 40
1.0
 40
2.0
 40
2.0
 40
2.0
 40
3.0
 40
3.0
 40
3.0
 40
4.0
 40
4.0
 40
4.0
 40
4.0
 10
171.0560486915522
 20
-54.66164665300119
 30
0.0
 10
170.9833411934071
 20
-54.8866835973896
 30
0.0
 10
170.6811517566722
 20
-54.99057665291917
 30
0.0
 10
170.3810832907382
 20
-54.89366859738787
 30
0.0
 10
170.0810062164276
 20
-54.79672526407872
 30
0.0
 10
169.8966445544644
 20
-54.53570498636602
 30
0.0
 10
169.9693520526095
 20
-54.31063276420009
 30
0.0
 10
170.0420242729777
 20
-54.08559581981201
 30
0.0
 10
170.3442137097126
 20
-53.98170276428244
 30
0.0
 10
170.6443217576118
 20
-54.07864609759159
 30
0.0
 10
170.9443945277341
 20
-54.17555415312289
 30
0.0
 10
171.1287209119204
 20
-54.43657443083526
 30
0.0
 10
171.0560486915522
 20
-54.66164665300119
 30
0.0
  0
SPLINE
  5
5BD
330
5B8
100
AcDbEntity
  8
Axon 1
370
     0
100
AcDbSpline
210
0.0
220
0.0
230
1.0
 70
    11
 71
     3
 72
    17
 73
    13
 74
     0
 42
0.0000000001
 43
0.0000000001
 12
1.0
 22
0.0
 32
0.0
 13
1.0
 23
0.0
 33
0.0
 40
0.0
 40
0.0
 40
0.0
 40
0.0
 40
1.0
 40
1.0
 40
1.0
 40
2.0
 40
2.0
 40
2.0
 40
3.0
 40
3.0
 40
3.0
 40
4.0
 40
4.0
 40
4.0
 40
4.0
 10
171.0560486915522
 20
-54.66164665300119
 30
0.0
 10
170.9833411934071
 20
-54.8866835973896
 30
0.0
 10
170.6811517566722
 20
-54.99057665291917
 30
0.0
 10
170.3810832907382
 20
-54.89366859738787
 30
0.0
 10
170.0810062164276
 20
-54.79672526407872
 30
0.0
 10
169.8966445544644
 20
-54.53570498636602
 30
0.0
 10
169.9693520526095
 20
-54.31063276420009
 30
0.0
 10
170.0420242729777
 20
-54.08559581981201
 30
0.0
 10
170.3442137097126
 20
-53.98170276428244
 30
0.0
 10
170.6443217576118
 20
-54.07864609759159
 30
0.0
 10
170.9443945277341
 20
-54.17555415312289
 30
0.0
 10
171.1287209119204
 20
-54.43657443083526
 30
0.0
 10
171.0560486915522
 20
-54.66164665300119
 30
0.0
  0
ENDBLK
  5
5BB
330
5B8
100
AcDbEntity
  8
0
100
AcDbBlockEnd
  0
BLOCK
  5
5C0
330
5BE
100
AcDbEntity
  8
0
100
AcDbBlockBegin
  2
block 206
 70
     0
 10
0.0
 20
0.0
 30
0.0
  3
block 206
  1

  0
INSERT
  5
5C3
330
5BE
100
AcDbEntity
  8
Axon 1
100
AcDbBlockReference
  2
block 207
 10
0.0
 20
0.0
 30
0.0
  0
INSERT
  5
5C9
330
5BE
100
AcDbEntity
  8
Axon 1
100
AcDbBlockReference
  2
block 208
 10
0.0
 20
0.0
 30
0.0
  0
INSERT
  5
5CF
330
5BE
100
AcDbEntity
  8
Axon 1
100
AcDbBlockReference
  2
block 209
 10
0.0
 20
0.0
 30
0.0
  0
ENDBLK
  5
5C1
330
5BE
100
AcDbEntity
  8
0
100
AcDbBlockEnd
  0
BLOCK
  5
5C4
330
5C2
100
AcDbEntity
  8
0
100
AcDbBlockBegin
  2
block 207
 70
     0
 10
0.0
 20
0.0
 30
0.0
  3
block 207
  1

  0
SPLINE
  5
5C6
330
5C2
100
AcDbEntity
  8
Axon 1
 62
   250
420
  1645085
370
    35
100
AcDbSpline
210
0.0
220
0.0
230
1.0
 70
    11
 71
     3
 72
    29
 73
    25
 74
     0
 42
0.0000000001
 43
0.0000000001
 12
1.0
 22
0.0
 32
0.0
 13
1.0
 23
0.0
 33
0.0
 40
0.0
 40
0.0
 40
0.0
 40
0.0
 40
1.0
 40
1.0
 40
1.0
 40
2.0
 40
2.0
 40
2.0
 40
3.0
 40
3.0
 40
3.0
 40
4.0
 40
4.0
 40
4.0
 40
5.0
 40
5.0
 40
5.0
 40
6.0
 40
6.0
 40
6.0
 40
7.0
 40
7.0
 40
7.0
 40
8.0
 40
8.0
 40
8.0
 40
8.0
 10
134.3872337937183
 20
-57.29065248567725
 30
0.0
 10
134.3872337937183
 20
-57.29065248567725
 30
0.0
 10
132.8210063336761
 20
-57.29065248567725
 30
0.0
 10
132.8210063336761
 20
-57.29065248567725
 30
0.0
 10
132.0376985758821
 20
-57.29065248567725
 30
0.0
 10
131.3968424811206
 20
-56.64976109694879
 30
0.0
 10
131.3968424811206
 20
-55.86648859714462
 30
0.0
 10
131.3968424811206
 20
-55.86648859714462
 30
0.0
 10
131.3968424811206
 20
-55.86648859714462
 30
0.0
 10
131.3968424811206
 20
-55.86648859714462
 30
0.0
 10
131.3968424811206
 20
-55.08318081956262
 30
0.0
 10
132.0376985758821
 20
-54.44232470861169
 30
0.0
 10
132.8210063336761
 20
-54.44232470861169
 30
0.0
 10
132.8210063336761
 20
-54.44232470861169
 30
0.0
 10
134.3872337937183
 20
-54.44232470861169
 30
0.0
 10
134.3872337937183
 20
-54.44232470861169
 30
0.0
 10
135.1705062737353
 20
-54.44232470861169
 30
0.0
 10
135.8113623684968
 20
-55.08318081956262
 30
0.0
 10
135.8113623684968
 20
-55.86648859714462
 30
0.0
 10
135.8113623684968
 20
-55.86648859714462
 30
0.0
 10
135.8113623684968
 20
-55.86648859714462
 30
0.0
 10
135.8113623684968
 20
-55.86648859714462
 30
0.0
 10
135.8113623684968
 20
-56.64976109694879
 30
0.0
 10
135.1705062737353
 20
-57.29065248567725
 30
0.0
 10
134.3872337937183
 20
-57.29065248567725
 30
0.0
  0
SPLINE
  5
5C7
330
5C2
100
AcDbEntity
  8
Axon 1
 62
   250
420
  1645085
370
    35
100
AcDbSpline
210
0.0
220
0.0
230
1.0
 70
    11
 71
     3
 72
    29
 73
    25
 74
     0
 42
0.0000000001
 43
0.0000000001
 12
1.0
 22
0.0
 32
0.0
 13
1.0
 23
0.0
 33
0.0
 40
0.0
 40
0.0
 40
0.0
 40
0.0
 40
1.0
 40
1.0
 40
1.0
 40
2.0
 40
2.0
 40
2.0
 40
3.0
 40
3.0
 40
3.0
 40
4.0
 40
4.0
 40
4.0
 40
5.0
 40
5.0
 40
5.0
 40
6.0
 40
6.0
 40
6.0
 40
7.0
 40
7.0
 40
7.0
 40
8.0
 40
8.0
 40
8.0
 40
8.0
 10
134.3872337937183
 20
-57.29065248567725
 30
0.0
 10
134.3872337937183
 20
-57.29065248567725
 30
0.0
 10
132.8210063336761
 20
-57.29065248567725
 30
0.0
 10
132.8210063336761
 20
-57.29065248567725
 30
0.0
 10
132.0376985758821
 20
-57.29065248567725
 30
0.0
 10
131.3968424811206
 20
-56.64976109694879
 30
0.0
 10
131.3968424811206
 20
-55.86648859714462
 30
0.0
 10
131.3968424811206
 20
-55.86648859714462
 30
0.0
 10
131.3968424811206
 20
-55.86648859714462
 30
0.0
 10
131.3968424811206
 20
-55.86648859714462
 30
0.0
 10
131.3968424811206
 20
-55.08318081956262
 30
0.0
 10
132.0376985758821
 20
-54.44232470861169
 30
0.0
 10
132.8210063336761
 20
-54.44232470861169
 30
0.0
 10
132.8210063336761
 20
-54.44232470861169
 30
0.0
 10
134.3872337937183
 20
-54.44232470861169
 30
0.0
 10
134.3872337937183
 20
-54.44232470861169
 30
0.0
 10
135.1705062737353
 20
-54.44232470861169
 30
0.0
 10
135.8113623684968
 20
-55.08318081956262
 30
0.0
 10
135.8113623684968
 20
-55.86648859714462
 30
0.0
 10
135.8113623684968
 20
-55.86648859714462
 30
0.0
 10
135.8113623684968
 20
-55.86648859714462
 30
0.0
 10
135.8113623684968
 20
-55.86648859714462
 30
0.0
 10
135.8113623684968
 20
-56.64976109694879
 30
0.0
 10
135.1705062737353
 20
-57.29065248567725
 30
0.0
 10
134.3872337937183
 20
-57.29065248567725
 30
0.0
  0
ENDBLK
  5
5C5
330
5C2
100
AcDbEntity
  8
0
100
AcDbBlockEnd
  0
BLOCK
  5
5CA
330
5C8
100
AcDbEntity
  8
0
100
AcDbBlockBegin
  2
block 208
 70
     0
 10
0.0
 20
0.0
 30
0.0
  3
block 208
  1

  0
SPLINE
  5
5CC
330
5C8
100
AcDbEntity
  8
Axon 1
 62
   250
420
  1645085
370
    35
100
AcDbSpline
210
0.0
220
0.0
230
1.0
 70
    11
 71
     3
 72
    29
 73
    25
 74
     0
 42
0.0000000001
 43
0.0000000001
 12
1.0
 22
0.0
 32
0.0
 13
1.0
 23
0.0
 33
0.0
 40
0.0
 40
0.0
 40
0.0
 40
0.0
 40
1.0
 40
1.0
 40
1.0
 40
2.0
 40
2.0
 40
2.0
 40
3.0
 40
3.0
 40
3.0
 40
4.0
 40
4.0
 40
4.0
 40
5.0
 40
5.0
 40
5.0
 40
6.0
 40
6.0
 40
6.0
 40
7.0
 40
7.0
 40
7.0
 40
8.0
 40
8.0
 40
8.0
 40
8.0
 10
139.6082389382971
 20
-57.29065248567725
 30
0.0
 10
139.6082389382971
 20
-57.29065248567725
 30
0.0
 10
138.0420114782552
 20
-57.29065248567725
 30
0.0
 10
138.0420114782552
 20
-57.29065248567725
 30
0.0
 10
137.2587389982378
 20
-57.29065248567725
 30
0.0
 10
136.6178476256995
 20
-56.64976109694879
 30
0.0
 10
136.6178476256995
 20
-55.86648859714462
 30
0.0
 10
136.6178476256995
 20
-55.86648859714462
 30
0.0
 10
136.6178476256995
 20
-55.86648859714462
 30
0.0
 10
136.6178476256995
 20
-55.86648859714462
 30
0.0
 10
136.6178476256995
 20
-55.08318081956262
 30
0.0
 10
137.2587389982378
 20
-54.44232470861169
 30
0.0
 10
138.0420114782552
 20
-54.44232470861169
 30
0.0
 10
138.0420114782552
 20
-54.44232470861169
 30
0.0
 10
139.6082389382971
 20
-54.44232470861169
 30
0.0
 10
139.6082389382971
 20
-54.44232470861169
 30
0.0
 10
140.391546696091
 20
-54.44232470861169
 30
0.0
 10
141.0324027908525
 20
-55.08318081956262
 30
0.0
 10
141.0324027908525
 20
-55.86648859714462
 30
0.0
 10
141.0324027908525
 20
-55.86648859714462
 30
0.0
 10
141.0324027908525
 20
-55.86648859714462
 30
0.0
 10
141.0324027908525
 20
-55.86648859714462
 30
0.0
 10
141.0324027908525
 20
-56.64976109694879
 30
0.0
 10
140.391546696091
 20
-57.29065248567725
 30
0.0
 10
139.6082389382971
 20
-57.29065248567725
 30
0.0
  0
SPLINE
  5
5CD
330
5C8
100
AcDbEntity
  8
Axon 1
 62
   250
420
  1645085
370
    35
100
AcDbSpline
210
0.0
220
0.0
230
1.0
 70
    11
 71
     3
 72
    29
 73
    25
 74
     0
 42
0.0000000001
 43
0.0000000001
 12
1.0
 22
0.0
 32
0.0
 13
1.0
 23
0.0
 33
0.0
 40
0.0
 40
0.0
 40
0.0
 40
0.0
 40
1.0
 40
1.0
 40
1.0
 40
2.0
 40
2.0
 40
2.0
 40
3.0
 40
3.0
 40
3.0
 40
4.0
 40
4.0
 40
4.0
 40
5.0
 40
5.0
 40
5.0
 40
6.0
 40
6.0
 40
6.0
 40
7.0
 40
7.0
 40
7.0
 40
8.0
 40
8.0
 40
8.0
 40
8.0
 10
139.6082389382971
 20
-57.29065248567725
 30
0.0
 10
139.6082389382971
 20
-57.29065248567725
 30
0.0
 10
138.0420114782552
 20
-57.29065248567725
 30
0.0
 10
138.0420114782552
 20
-57.29065248567725
 30
0.0
 10
137.2587389982378
 20
-57.29065248567725
 30
0.0
 10
136.6178476256995
 20
-56.64976109694879
 30
0.0
 10
136.6178476256995
 20
-55.86648859714462
 30
0.0
 10
136.6178476256995
 20
-55.86648859714462
 30
0.0
 10
136.6178476256995
 20
-55.86648859714462
 30
0.0
 10
136.6178476256995
 20
-55.86648859714462
 30
0.0
 10
136.6178476256995
 20
-55.08318081956262
 30
0.0
 10
137.2587389982378
 20
-54.44232470861169
 30
0.0
 10
138.0420114782552
 20
-54.44232470861169
 30
0.0
 10
138.0420114782552
 20
-54.44232470861169
 30
0.0
 10
139.6082389382971
 20
-54.44232470861169
 30
0.0
 10
139.6082389382971
 20
-54.44232470861169
 30
0.0
 10
140.391546696091
 20
-54.44232470861169
 30
0.0
 10
141.0324027908525
 20
-55.08318081956262
 30
0.0
 10
141.0324027908525
 20
-55.86648859714462
 30
0.0
 10
141.0324027908525
 20
-55.86648859714462
 30
0.0
 10
141.0324027908525
 20
-55.86648859714462
 30
0.0
 10
141.0324027908525
 20
-55.86648859714462
 30
0.0
 10
141.0324027908525
 20
-56.64976109694879
 30
0.0
 10
140.391546696091
 20
-57.29065248567725
 30
0.0
 10
139.6082389382971
 20
-57.29065248567725
 30
0.0
  0
ENDBLK
  5
5CB
330
5C8
100
AcDbEntity
  8
0
100
AcDbBlockEnd
  0
BLOCK
  5
5D0
330
5CE
100
AcDbEntity
  8
0
100
AcDbBlockBegin
  2
block 209
 70
     0
 10
0.0
 20
0.0
 30
0.0
  3
block 209
  1

  0
SPLINE
  5
5D2
330
5CE
100
AcDbEntity
  8
Axon 1
 62
   250
420
  1645085
370
    35
100
AcDbSpline
210
0.0
220
0.0
230
1.0
 70
    11
 71
     3
 72
    29
 73
    25
 74
     0
 42
0.0000000001
 43
0.0000000001
 12
1.0
 22
0.0
 32
0.0
 13
1.0
 23
0.0
 33
0.0
 40
0.0
 40
0.0
 40
0.0
 40
0.0
 40
1.0
 40
1.0
 40
1.0
 40
2.0
 40
2.0
 40
2.0
 40
3.0
 40
3.0
 40
3.0
 40
4.0
 40
4.0
 40
4.0
 40
5.0
 40
5.0
 40
5.0
 40
6.0
 40
6.0
 40
6.0
 40
7.0
 40
7.0
 40
7.0
 40
8.0
 40
8.0
 40
8.0
 40
8.0
 10
144.828644360669
 20
-57.24683748568845
 30
0.0
 10
144.828644360669
 20
-57.24683748568845
 30
0.0
 10
143.2624169006268
 20
-57.24683748568845
 30
0.0
 10
143.2624169006268
 20
-57.24683748568845
 30
0.0
 10
142.4791091428329
 20
-57.24683748568845
 30
0.0
 10
141.8382530480714
 20
-56.60594609695968
 30
0.0
 10
141.8382530480714
 20
-55.82267359715551
 30
0.0
 10
141.8382530480714
 20
-55.82267359715551
 30
0.0
 10
141.8382530480714
 20
-55.82267359715551
 30
0.0
 10
141.8382530480714
 20
-55.82267359715551
 30
0.0
 10
141.8382530480714
 20
-55.0393658195735
 30
0.0
 10
142.4791091428329
 20
-54.39850970862257
 30
0.0
 10
143.2624169006268
 20
-54.39850970862257
 30
0.0
 10
143.2624169006268
 20
-54.39850970862257
 30
0.0
 10
144.828644360669
 20
-54.39850970862257
 30
0.0
 10
144.828644360669
 20
-54.39850970862257
 30
0.0
 10
145.6119168406861
 20
-54.39850970862257
 30
0.0
 10
146.2528082132245
 20
-55.0393658195735
 30
0.0
 10
146.2528082132245
 20
-55.82267359715551
 30
0.0
 10
146.2528082132245
 20
-55.82267359715551
 30
0.0
 10
146.2528082132245
 20
-55.82267359715551
 30
0.0
 10
146.2528082132245
 20
-55.82267359715551
 30
0.0
 10
146.2528082132245
 20
-56.60594609695968
 30
0.0
 10
145.6119168406861
 20
-57.24683748568845
 30
0.0
 10
144.828644360669
 20
-57.24683748568845
 30
0.0
  0
SPLINE
  5
5D3
330
5CE
100
AcDbEntity
  8
Axon 1
 62
   250
420
  1645085
370
    35
100
AcDbSpline
210
0.0
220
0.0
230
1.0
 70
    11
 71
     3
 72
    29
 73
    25
 74
     0
 42
0.0000000001
 43
0.0000000001
 12
1.0
 22
0.0
 32
0.0
 13
1.0
 23
0.0
 33
0.0
 40
0.0
 40
0.0
 40
0.0
 40
0.0
 40
1.0
 40
1.0
 40
1.0
 40
2.0
 40
2.0
 40
2.0
 40
3.0
 40
3.0
 40
3.0
 40
4.0
 40
4.0
 40
4.0
 40
5.0
 40
5.0
 40
5.0
 40
6.0
 40
6.0
 40
6.0
 40
7.0
 40
7.0
 40
7.0
 40
8.0
 40
8.0
 40
8.0
 40
8.0
 10
144.828644360669
 20
-57.24683748568845
 30
0.0
 10
144.828644360669
 20
-57.24683748568845
 30
0.0
 10
143.2624169006268
 20
-57.24683748568845
 30
0.0
 10
143.2624169006268
 20
-57.24683748568845
 30
0.0
 10
142.4791091428329
 20
-57.24683748568845
 30
0.0
 10
141.8382530480714
 20
-56.60594609695968
 30
0.0
 10
141.8382530480714
 20
-55.82267359715551
 30
0.0
 10
141.8382530480714
 20
-55.82267359715551
 30
0.0
 10
141.8382530480714
 20
-55.82267359715551
 30
0.0
 10
141.8382530480714
 20
-55.82267359715551
 30
0.0
 10
141.8382530480714
 20
-55.0393658195735
 30
0.0
 10
142.4791091428329
 20
-54.39850970862257
 30
0.0
 10
143.2624169006268
 20
-54.39850970862257
 30
0.0
 10
143.2624169006268
 20
-54.39850970862257
 30
0.0
 10
144.828644360669
 20
-54.39850970862257
 30
0.0
 10
144.828644360669
 20
-54.39850970862257
 30
0.0
 10
145.6119168406861
 20
-54.39850970862257
 30
0.0
 10
146.2528082132245
 20
-55.0393658195735
 30
0.0
 10
146.2528082132245
 20
-55.82267359715551
 30
0.0
 10
146.2528082132245
 20
-55.82267359715551
 30
0.0
 10
146.2528082132245
 20
-55.82267359715551
 30
0.0
 10
146.2528082132245
 20
-55.82267359715551
 30
0.0
 10
146.2528082132245
 20
-56.60594609695968
 30
0.0
 10
145.6119168406861
 20
-57.24683748568845
 30
0.0
 10
144.828644360669
 20
-57.24683748568845
 30
0.0
  0
ENDBLK
  5
5D1
330
5CE
100
AcDbEntity
  8
0
100
AcDbBlockEnd
  0
BLOCK
  5
5D7
330
5D5
100
AcDbEntity
  8
0
100
AcDbBlockBegin
  2
block 210
 70
     0
 10
0.0
 20
0.0
 30
0.0
  3
block 210
  1

  0
INSERT
  5
5DA
330
5D5
100
AcDbEntity
  8
Neuron
100
AcDbBlockReference
  2
block 211
 10
0.0
 20
0.0
 30
0.0
  0
MTEXT
  5
5E2
330
5D5
100
AcDbEntity
  8
Neuron
 62
     7
420
 16777215
100
AcDbMText
 10
214.403116736254
 20
-57.82394083645915
 30
0.0
 40
1.49859999962535
 41
0.0
 46
0.0
 71
     7
 72
     1
  1
\fMyriad Pro|b0|i0|c0|p34;\W1;Spike
 73
     1
 44
1.0
  0
ENDBLK
  5
5D8
330
5D5
100
AcDbEntity
  8
0
100
AcDbBlockEnd
  0
BLOCK
  5
5DB
330
5D9
100
AcDbEntity
  8
0
100
AcDbBlockBegin
  2
block 211
 70
     0
 10
0.0
 20
0.0
 30
0.0
  3
block 211
  1

  0
SPLINE
  5
5DD
330
5D9
100
AcDbEntity
  8
Neuron
 62
     7
420
 16777215
370
     9
100
AcDbSpline
210
0.0
220
0.0
230
1.0
 70
    11
 71
     3
 72
    17
 73
    13
 74
     0
 42
0.0000000001
 43
0.0000000001
 12
1.0
 22
0.0
 32
0.0
 13
1.0
 23
0.0
 33
0.0
 40
0.0
 40
0.0
 40
0.0
 40
0.0
 40
1.0
 40
1.0
 40
1.0
 40
2.0
 40
2.0
 40
2.0
 40
3.0
 40
3.0
 40
3.0
 40
4.0
 40
4.0
 40
4.0
 40
4.0
 10
221.0590518603137
 20
-57.38456193009822
 30
0.0
 10
221.0590518603137
 20
-57.70929387446154
 30
0.0
 10
220.7958090892518
 20
-57.97253665217369
 30
0.0
 10
220.471077153092
 20
-57.97253665217369
 30
0.0
 10
220.1463452169322
 20
-57.97253665217369
 30
0.0
 10
219.8831024458703
 20
-57.70929387446154
 30
0.0
 10
219.8831024458703
 20
-57.38456193009822
 30
0.0
 10
219.8831024458703
 20
-57.0598299857349
 30
0.0
 10
220.1463452169322
 20
-56.79658720802308
 30
0.0
 10
220.471077153092
 20
-56.79658720802308
 30
0.0
 10
220.7958090892518
 20
-56.79658720802308
 30
0.0
 10
221.0590518603137
 20
-57.0598299857349
 30
0.0
 10
221.0590518603137
 20
-57.38456193009822
 30
0.0
  0
HATCH
  5
5DE
330
5D9
100
AcDbEntity
  8
Neuron
 62
     7
420
 16777215
100
AcDbHatch
 10
0.0
 20
0.0
 30
0.0
210
0.0
220
0.0
230
1.0
  2
SOLID
 70
     1
 71
     0
 91
        1
 92
        1
 93
        1
 72
     4
 94
        3
 73
     0
 74
     1
 95
       17
 96
       13
 40
0.0
 40
0.0
 40
0.0
 40
0.0
 40
1.0
 40
1.0
 40
1.0
 40
2.0
 40
2.0
 40
2.0
 40
3.0
 40
3.0
 40
3.0
 40
4.0
 40
4.0
 40
4.0
 40
4.0
 10
221.0590518603137
 20
-57.38456193009822
 10
221.0590518603137
 20
-57.70929387446154
 10
220.7958090892518
 20
-57.97253665217369
 10
220.471077153092
 20
-57.97253665217369
 10
220.1463452169322
 20
-57.97253665217369
 10
219.8831024458703
 20
-57.70929387446154
 10
219.8831024458703
 20
-57.38456193009822
 10
219.8831024458703
 20
-57.0598299857349
 10
220.1463452169322
 20
-56.79658720802308
 10
220.471077153092
 20
-56.79658720802308
 10
220.7958090892518
 20
-56.79658720802308
 10
221.0590518603137
 20
-57.0598299857349
 10
221.0590518603137
 20
-57.38456193009822
 97
        0
 97
        0
 75
     2
 76
     1
 98
        0
  0
SPLINE
  5
5DF
330
5D9
100
AcDbEntity
  8
Neuron
 62
     7
420
 16777215
370
    35
100
AcDbSpline
210
0.0
220
0.0
230
1.0
 70
     8
 71
     3
 72
    11
 73
     7
 74
     0
 42
0.0000000001
 43
0.0000000001
 12
1.0
 22
0.0
 32
0.0
 13
1.0
 23
0.0
 33
0.0
 40
0.0
 40
0.0
 40
0.0
 40
0.0
 40
1.0
 40
1.0
 40
1.0
 40
2.0
 40
2.0
 40
2.0
 40
2.0
 10
221.3097357428072
 20
-56.14073804152049
 30
0.0
 10
221.7087626770716
 20
-56.4102955414529
 30
0.0
 10
221.9710882259346
 20
-56.86678998578317
 30
0.0
 10
221.9710882259346
 20
-57.38456193009822
 30
0.0
 10
221.9710882259346
 20
-57.88755248552803
 30
0.0
 10
221.7235087878065
 20
-58.33272276319466
 30
0.0
 10
221.343531853056
 20
-58.60485554090427
 30
0.0
  0
SPLINE
  5
5E0
330
5D9
100
AcDbEntity
  8
Neuron
 62
     7
420
 16777215
370
    35
100
AcDbSpline
210
0.0
220
0.0
230
1.0
 70
     8
 71
     3
 72
    11
 73
     7
 74
     0
 42
0.0000000001
 43
0.0000000001
 12
1.0
 22
0.0
 32
0.0
 13
1.0
 23
0.0
 33
0.0
 40
0.0
 40
0.0
 40
0.0
 40
0.0
 40
1.0
 40
1.0
 40
1.0
 40
2.0
 40
2.0
 40
2.0
 40
2.0
 10
222.2388465524369
 20
-55.61679248609589
 30
0.0
 10
222.6912487631174
 20
-56.06919470820503
 30
0.0
 10
222.971077722035
 20
-56.69421109693743
 30
0.0
 10
222.971077722035
 20
-57.38456193009822
 30
0.0
 10
222.971077722035
 20
-58.0722316521486
 30
0.0
 10
222.6934416109932
 20
-58.69506081865972
 30
0.0
 10
222.2441029411917
 20
-59.14707498521325
 30
0.0
  0
SPLINE
  5
5E1
330
5D9
100
AcDbEntity
  8
Neuron
 62
     7
420
 16777215
370
    35
100
AcDbSpline
210
0.0
220
0.0
230
1.0
 70
     8
 71
     3
 72
    11
 73
     7
 74
     0
 42
0.0000000001
 43
0.0000000001
 12
1.0
 22
0.0
 32
0.0
 13
1.0
 23
0.0
 33
0.0
 40
0.0
 40
0.0
 40
0.0
 40
0.0
 40
1.0
 40
1.0
 40
1.0
 40
2.0
 40
2.0
 40
2.0
 40
2.0
 10
223.1244598631764
 20
-55.10201915289117
 30
0.0
 10
223.6521095719371
 20
-55.71482943051584
 30
0.0
 10
223.9710912304659
 20
-56.51245998587182
 30
0.0
 10
223.9710912304659
 20
-57.38456193009822
 30
0.0
 10
223.9710912304659
 20
-58.26026220765728
 30
0.0
 10
223.6494693885323
 20
-59.06085609634606
 30
0.0
 10
223.117933474454
 20
-59.67468942952586
 30
0.0
  0
ENDBLK
  5
5DC
330
5D9
100
AcDbEntity
  8
0
100
AcDbBlockEnd
  0
BLOCK
  5
5E5
330
5E3
100
AcDbEntity
  8
0
100
AcDbBlockBegin
  2
block 212
 70
     0
 10
0.0
 20
0.0
 30
0.0
  3
block 212
  1

  0
MTEXT
  5
5E7
330
5E3
100
AcDbEntity
  8
Neuron
 62
     7
420
 16777215
100
AcDbMText
 10
234.5678418030668
 20
-59.98260671548695
 30
0.0
 40
1.9981333328338
 41
0.0
 46
0.0
 71
     7
 72
     1
  1
\fMyriad Pro|b0|i0|c0|p34;\W1;Synapse Out
 73
     1
 44
1.0
  0
INSERT
  5
5E9
330
5E3
100
AcDbEntity
  8
Neuron
100
AcDbBlockReference
  2
block 213
 10
0.0
 20
0.0
 30
0.0
  0
ENDBLK
  5
5E6
330
5E3
100
AcDbEntity
  8
0
100
AcDbBlockEnd
  0
BLOCK
  5
5EA
330
5E8
100
AcDbEntity
  8
0
100
AcDbBlockBegin
  2
block 213
 70
     0
 10
0.0
 20
0.0
 30
0.0
  3
block 213
  1

  0
INSERT
  5
5ED
330
5E8
100
AcDbEntity
  8
Neuron
100
AcDbBlockReference
  2
block 214
 10
0.0
 20
0.0
 30
0.0
  0
ENDBLK
  5
5EB
330
5E8
100
AcDbEntity
  8
0
100
AcDbBlockEnd
  0
BLOCK
  5
5EE
330
5EC
100
AcDbEntity
  8
0
100
AcDbBlockBegin
  2
block 214
 70
     0
 10
0.0
 20
0.0
 30
0.0
  3
block 214
  1

  0
POLYLINE
  5
5F0
330
5EC
100
AcDbEntity
  8
Neuron
370
     0
100
AcDb2dPolyline
 66
     1
 10
0.0
 20
0.0
 30
0.0
  0
VERTEX
  5
5F1
330
5F0
100
AcDbEntity
  8
Neuron
370
     0
100
AcDbVertex
100
AcDb2dVertex
 10
254.5242918398777
 20
-59.40185109626073
 30
0.0
  0
VERTEX
  5
5F2
330
5F0
100
AcDbEntity
  8
Neuron
370
     0
100
AcDbVertex
100
AcDb2dVertex
 10
249.7799600164712
 20
-59.40185109626073
 30
0.0
  0
SEQEND
  5
5F3
330
5F0
100
AcDbEntity
  8
Neuron
370
     0
  0
INSERT
  5
5F5
330
5EC
100
AcDbEntity
  8
Neuron
100
AcDbBlockReference
  2
block 215
 10
0.0
 20
0.0
 30
0.0
  0
ENDBLK
  5
5EF
330
5EC
100
AcDbEntity
  8
0
100
AcDbBlockEnd
  0
BLOCK
  5
5F6
330
5F4
100
AcDbEntity
  8
0
100
AcDbBlockBegin
  2
block 215
 70
     0
 10
0.0
 20
0.0
 30
0.0
  3
block 215
  1

  0
POLYLINE
  5
5F8
330
5F4
100
AcDbEntity
  8
Neuron
 62
   250
420
  1645085
370
    35
100
AcDb2dPolyline
 66
     1
 10
0.0
 20
0.0
 30
0.0
  0
VERTEX
  5
5F9
330
5F8
100
AcDbEntity
  8
Neuron
 62
   250
420
  1645085
370
    35
100
AcDbVertex
100
AcDb2dVertex
 10
252.6549224431248
 20
-59.40185109626073
 30
0.0
  0
VERTEX
  5
5FA
330
5F8
100
AcDbEntity
  8
Neuron
 62
   250
420
  1645085
370
    35
100
AcDbVertex
100
AcDb2dVertex
 10
249.7799600164712
 20
-59.40185109626073
 30
0.0
  0
SEQEND
  5
5FB
330
5F8
100
AcDbEntity
  8
Neuron
 62
   250
420
  1645085
370
    35
  0
INSERT
  5
5FD
330
5F4
100
AcDbEntity
  8
Neuron
100
AcDbBlockReference
  2
block 216
 10
0.0
 20
0.0
 30
0.0
  0
ENDBLK
  5
5F7
330
5F4
100
AcDbEntity
  8
0
100
AcDbBlockEnd
  0
BLOCK
  5
5FE
330
5FC
100
AcDbEntity
  8
0
100
AcDbBlockBegin
  2
block 216
 70
     0
 10
0.0
 20
0.0
 30
0.0
  3
block 216
  1

  0
SPLINE
  5
600
330
5FC
100
AcDbEntity
  8
Neuron
370
     0
100
AcDbSpline
210
0.0
220
0.0
230
1.0
 70
    11
 71
     3
 72
    29
 73
    25
 74
     0
 42
0.0000000001
 43
0.0000000001
 12
1.0
 22
0.0
 32
0.0
 13
1.0
 23
0.0
 33
0.0
 40
0.0
 40
0.0
 40
0.0
 40
0.0
 40
1.0
 40
1.0
 40
1.0
 40
2.0
 40
2.0
 40
2.0
 40
3.0
 40
3.0
 40
3.0
 40
4.0
 40
4.0
 40
4.0
 40
5.0
 40
5.0
 40
5.0
 40
6.0
 40
6.0
 40
6.0
 40
7.0
 40
7.0
 40
7.0
 40
8.0
 40
8.0
 40
8.0
 40
8.0
 10
252.2433366202919
 20
-59.40185109626073
 30
0.0
 10
252.2433366202919
 20
-59.40185109626073
 30
0.0
 10
251.740839966445
 20
-60.22805665160961
 30
0.0
 10
251.740839966445
 20
-60.22805665160961
 30
0.0
 10
251.740839966445
 20
-60.22805665160961
 30
0.0
 10
251.7690621879472
 20
-60.24675387382711
 30
0.0
 10
251.7690621879472
 20
-60.24675387382711
 30
0.0
 10
251.7690621879472
 20
-60.24675387382711
 30
0.0
 10
253.1162146535785
 20
-59.71166054062775
 30
0.0
 10
253.1162146535785
 20
-59.71166054062775
 30
0.0
 10
253.5855854749372
 20
-59.60843776287555
 30
0.0
 10
254.0549562962959
 20
-59.50521498512366
 30
0.0
 10
254.5242918398777
 20
-59.40185109626073
 30
0.0
 10
254.0549562962959
 20
-59.29862831850852
 30
0.0
 10
253.5855854749372
 20
-59.19540554075662
 30
0.0
 10
253.1162146535785
 20
-59.09204165189369
 30
0.0
 10
253.1162146535785
 20
-59.09204165189369
 30
0.0
 10
251.7690621879472
 20
-58.55698359647186
 30
0.0
 10
251.7690621879472
 20
-58.55698359647186
 30
0.0
 10
251.7690621879472
 20
-58.55698359647186
 30
0.0
 10
251.740839966445
 20
-58.57109470757943
 30
0.0
 10
251.740839966445
 20
-58.57109470757943
 30
0.0
 10
251.740839966445
 20
-58.57109470757943
 30
0.0
 10
252.2433366202919
 20
-59.40185109626073
 30
0.0
 10
252.2433366202919
 20
-59.40185109626073
 30
0.0
  0
HATCH
  5
601
330
5FC
100
AcDbEntity
  8
Neuron
 62
   250
420
  1645085
100
AcDbHatch
 10
0.0
 20
0.0
 30
0.0
210
0.0
220
0.0
230
1.0
  2
SOLID
 70
     1
 71
     0
 91
        1
 92
        1
 93
        1
 72
     4
 94
        3
 73
     0
 74
     1
 95
       29
 96
       25
 40
0.0
 40
0.0
 40
0.0
 40
0.0
 40
1.0
 40
1.0
 40
1.0
 40
2.0
 40
2.0
 40
2.0
 40
3.0
 40
3.0
 40
3.0
 40
4.0
 40
4.0
 40
4.0
 40
5.0
 40
5.0
 40
5.0
 40
6.0
 40
6.0
 40
6.0
 40
7.0
 40
7.0
 40
7.0
 40
8.0
 40
8.0
 40
8.0
 40
8.0
 10
252.2433366202919
 20
-59.40185109626073
 10
252.2433366202919
 20
-59.40185109626073
 10
251.740839966445
 20
-60.22805665160961
 10
251.740839966445
 20
-60.22805665160961
 10
251.740839966445
 20
-60.22805665160961
 10
251.7690621879472
 20
-60.24675387382711
 10
251.7690621879472
 20
-60.24675387382711
 10
251.7690621879472
 20
-60.24675387382711
 10
253.1162146535785
 20
-59.71166054062775
 10
253.1162146535785
 20
-59.71166054062775
 10
253.5855854749372
 20
-59.60843776287555
 10
254.0549562962959
 20
-59.50521498512366
 10
254.5242918398777
 20
-59.40185109626073
 10
254.0549562962959
 20
-59.29862831850852
 10
253.5855854749372
 20
-59.19540554075662
 10
253.1162146535785
 20
-59.09204165189369
 10
253.1162146535785
 20
-59.09204165189369
 10
251.7690621879472
 20
-58.55698359647186
 10
251.7690621879472
 20
-58.55698359647186
 10
251.7690621879472
 20
-58.55698359647186
 10
251.740839966445
 20
-58.57109470757943
 10
251.740839966445
 20
-58.57109470757943
 10
251.740839966445
 20
-58.57109470757943
 10
252.2433366202919
 20
-59.40185109626073
 10
252.2433366202919
 20
-59.40185109626073
 97
        0
 97
        0
 75
     2
 76
     1
 98
        0
  0
ENDBLK
  5
5FF
330
5FC
100
AcDbEntity
  8
0
100
AcDbBlockEnd
  0
BLOCK
  5
614
330
612
100
AcDbEntity
  8
0
100
AcDbBlockBegin
  2
block 217
 70
     0
 10
0.0
 20
0.0
 30
0.0
  3
block 217
  1

  0
MTEXT
  5
616
330
612
100
AcDbEntity
  8
Boutons
 62
     7
420
 16777215
100
AcDbMText
 10
224.330625003188
 20
-50.30278466505725
 30
0.0
 40
1.49859999962535
 41
0.0
 46
0.0
 71
     7
 72
     1
  1
\fMyriad Pro|b0|i0|c0|p34;\W1;LED
 73
     1
 44
1.0
  0
ENDBLK
  5
615
330
612
100
AcDbEntity
  8
0
100
AcDbBlockEnd
  0
BLOCK
  5
628
330
626
100
AcDbEntity
  8
0
100
AcDbBlockBegin
  2
block 218
 70
     0
 10
0.0
 20
0.0
 30
0.0
  3
block 218
  1

  0
SPLINE
  5
62A
330
626
100
AcDbEntity
  8
Knobs and Screws layout
370
     0
100
AcDbSpline
210
0.0
220
0.0
230
1.0
 70
    11
 71
     3
 72
    17
 73
    13
 74
     0
 42
0.0000000001
 43
0.0000000001
 12
1.0
 22
0.0
 32
0.0
 13
1.0
 23
0.0
 33
0.0
 40
0.0
 40
0.0
 40
0.0
 40
0.0
 40
1.0
 40
1.0
 40
1.0
 40
2.0
 40
2.0
 40
2.0
 40
3.0
 40
3.0
 40
3.0
 40
4.0
 40
4.0
 40
4.0
 40
4.0
 10
24.9307349937672
 20
76.9999922022332
 30
0.0
 10
24.9307349937672
 20
75.4812133520916
 30
0.0
 10
23.69950527185279
 20
74.24998366128065
 30
0.0
 10
22.18072638334367
 20
74.24998366128065
 30
0.0
 10
20.66194749483455
 20
74.24998366128065
 30
0.0
 10
19.43071777292014
 20
75.4812133520916
 30
0.0
 10
19.43071777292014
 20
76.9999922022332
 30
0.0
 10
19.43071777292014
 20
78.51877105237482
 30
0.0
 10
20.66194749483455
 20
79.75000275784032
 30
0.0
 10
22.18072638334367
 20
79.75000275784032
 30
0.0
 10
23.69950527185279
 20
79.75000275784032
 30
0.0
 10
24.9307349937672
 20
78.51877105237482
 30
0.0
 10
24.9307349937672
 20
76.9999922022332
 30
0.0
  0
HATCH
  5
62B
330
626
100
AcDbEntity
  8
Knobs and Screws layout
 62
   161
420
  6789876
100
AcDbHatch
 10
0.0
 20
0.0
 30
0.0
210
0.0
220
0.0
230
1.0
  2
SOLID
 70
     1
 71
     0
 91
        1
 92
        1
 93
        1
 72
     4
 94
        3
 73
     0
 74
     1
 95
       17
 96
       13
 40
0.0
 40
0.0
 40
0.0
 40
0.0
 40
1.0
 40
1.0
 40
1.0
 40
2.0
 40
2.0
 40
2.0
 40
3.0
 40
3.0
 40
3.0
 40
4.0
 40
4.0
 40
4.0
 40
4.0
 10
24.9307349937672
 20
76.9999922022332
 10
24.9307349937672
 20
75.4812133520916
 10
23.69950527185279
 20
74.24998366128065
 10
22.18072638334367
 20
74.24998366128065
 10
20.66194749483455
 20
74.24998366128065
 10
19.43071777292014
 20
75.4812133520916
 10
19.43071777292014
 20
76.9999922022332
 10
19.43071777292014
 20
78.51877105237482
 10
20.66194749483455
 20
79.75000275784032
 10
22.18072638334367
 20
79.75000275784032
 10
23.69950527185279
 20
79.75000275784032
 10
24.9307349937672
 20
78.51877105237482
 10
24.9307349937672
 20
76.9999922022332
 97
        0
 97
        0
 75
     2
 76
     1
 98
        0
  0
SPLINE
  5
62C
330
626
100
AcDbEntity
  8
Knobs and Screws layout
370
     0
100
AcDbSpline
210
0.0
220
0.0
230
1.0
 70
    11
 71
     3
 72
    17
 73
    13
 74
     0
 42
0.0000000001
 43
0.0000000001
 12
1.0
 22
0.0
 32
0.0
 13
1.0
 23
0.0
 33
0.0
 40
0.0
 40
0.0
 40
0.0
 40
0.0
 40
1.0
 40
1.0
 40
1.0
 40
2.0
 40
2.0
 40
2.0
 40
3.0
 40
3.0
 40
3.0
 40
4.0
 40
4.0
 40
4.0
 40
4.0
 10
24.75000693825703
 20
19.99999527277778
 30
0.0
 10
24.75000693825703
 20
18.48121638426866
 30
0.0
 10
23.51877721634262
 20
17.24998666235426
 30
0.0
 10
21.99999832783319
 20
17.24998666235426
 30
0.0
 10
20.48121943932406
 20
17.24998666235426
 30
0.0
 10
19.24998971740966
 20
18.48121638426866
 30
0.0
 10
19.24998971740966
 20
19.99999527277778
 30
0.0
 10
19.24998971740966
 20
21.5187741612869
 30
0.0
 10
20.48121943932406
 20
22.75000388320131
 30
0.0
 10
21.99999832783319
 20
22.75000388320131
 30
0.0
 10
23.51877721634262
 20
22.75000388320131
 30
0.0
 10
24.75000693825703
 20
21.5187741612869
 30
0.0
 10
24.75000693825703
 20
19.99999527277778
 30
0.0
  0
HATCH
  5
62D
330
626
100
AcDbEntity
  8
Knobs and Screws layout
 62
   161
420
  6789876
100
AcDbHatch
 10
0.0
 20
0.0
 30
0.0
210
0.0
220
0.0
230
1.0
  2
SOLID
 70
     1
 71
     0
 91
        1
 92
        1
 93
        1
 72
     4
 94
        3
 73
     0
 74
     1
 95
       17
 96
       13
 40
0.0
 40
0.0
 40
0.0
 40
0.0
 40
1.0
 40
1.0
 40
1.0
 40
2.0
 40
2.0
 40
2.0
 40
3.0
 40
3.0
 40
3.0
 40
4.0
 40
4.0
 40
4.0
 40
4.0
 10
24.75000693825703
 20
19.99999527277778
 10
24.75000693825703
 20
18.48121638426866
 10
23.51877721634262
 20
17.24998666235426
 10
21.99999832783319
 20
17.24998666235426
 10
20.48121943932406
 20
17.24998666235426
 10
19.24998971740966
 20
18.48121638426866
 10
19.24998971740966
 20
19.99999527277778
 10
19.24998971740966
 20
21.5187741612869
 10
20.48121943932406
 20
22.75000388320131
 10
21.99999832783319
 20
22.75000388320131
 10
23.51877721634262
 20
22.75000388320131
 10
24.75000693825703
 20
21.5187741612869
 10
24.75000693825703
 20
19.99999527277778
 97
        0
 97
        0
 75
     2
 76
     1
 98
        0
  0
SPLINE
  5
62E
330
626
100
AcDbEntity
  8
Knobs and Screws layout
370
     0
100
AcDbSpline
210
0.0
220
0.0
230
1.0
 70
    11
 71
     3
 72
    17
 73
    13
 74
     0
 42
0.0000000001
 43
0.0000000001
 12
1.0
 22
0.0
 32
0.0
 13
1.0
 23
0.0
 33
0.0
 40
0.0
 40
0.0
 40
0.0
 40
0.0
 40
1.0
 40
1.0
 40
1.0
 40
2.0
 40
2.0
 40
2.0
 40
3.0
 40
3.0
 40
3.0
 40
4.0
 40
4.0
 40
4.0
 40
4.0
 10
108.7514377810752
 20
19.99999527277778
 30
0.0
 10
108.7514377810752
 20
18.48121638426866
 30
0.0
 10
107.5202433680412
 20
17.24998666235426
 30
0.0
 10
106.0014645178996
 20
17.24998666235426
 30
0.0
 10
104.4826856677579
 20
17.24998666235426
 30
0.0
 10
103.251455976947
 20
18.48121638426866
 30
0.0
 10
103.251455976947
 20
19.99999527277778
 30
0.0
 10
103.251455976947
 20
21.5187741612869
 30
0.0
 10
104.4826856677579
 20
22.75000388320131
 30
0.0
 10
106.0014645178996
 20
22.75000388320131
 30
0.0
 10
107.5202433680412
 20
22.75000388320131
 30
0.0
 10
108.7514377810752
 20
21.5187741612869
 30
0.0
 10
108.7514377810752
 20
19.99999527277778
 30
0.0
  0
HATCH
  5
62F
330
626
100
AcDbEntity
  8
Knobs and Screws layout
 62
   161
420
  6789876
100
AcDbHatch
 10
0.0
 20
0.0
 30
0.0
210
0.0
220
0.0
230
1.0
  2
SOLID
 70
     1
 71
     0
 91
        1
 92
        1
 93
        1
 72
     4
 94
        3
 73
     0
 74
     1
 95
       17
 96
       13
 40
0.0
 40
0.0
 40
0.0
 40
0.0
 40
1.0
 40
1.0
 40
1.0
 40
2.0
 40
2.0
 40
2.0
 40
3.0
 40
3.0
 40
3.0
 40
4.0
 40
4.0
 40
4.0
 40
4.0
 10
108.7514377810752
 20
19.99999527277778
 10
108.7514377810752
 20
18.48121638426866
 10
107.5202433680412
 20
17.24998666235426
 10
106.0014645178996
 20
17.24998666235426
 10
104.4826856677579
 20
17.24998666235426
 10
103.251455976947
 20
18.48121638426866
 10
103.251455976947
 20
19.99999527277778
 10
103.251455976947
 20
21.5187741612869
 10
104.4826856677579
 20
22.75000388320131
 10
106.0014645178996
 20
22.75000388320131
 10
107.5202433680412
 20
22.75000388320131
 10
108.7514377810752
 20
21.5187741612869
 10
108.7514377810752
 20
19.99999527277778
 97
        0
 97
        0
 75
     2
 76
     1
 98
        0
  0
SPLINE
  5
630
330
626
100
AcDbEntity
  8
Knobs and Screws layout
370
     0
100
AcDbSpline
210
0.0
220
0.0
230
1.0
 70
    11
 71
     3
 72
    17
 73
    13
 74
     0
 42
0.0000000001
 43
0.0000000001
 12
1.0
 22
0.0
 32
0.0
 13
1.0
 23
0.0
 33
0.0
 40
0.0
 40
0.0
 40
0.0
 40
0.0
 40
1.0
 40
1.0
 40
1.0
 40
2.0
 40
2.0
 40
2.0
 40
3.0
 40
3.0
 40
3.0
 40
4.0
 40
4.0
 40
4.0
 40
4.0
 10
108.7514377810752
 20
76.89154831611096
 30
0.0
 10
108.7514377810752
 20
75.37276946596934
 30
0.0
 10
107.5202433680412
 20
74.14154164813127
 30
0.0
 10
106.0014645178996
 20
74.14154164813127
 30
0.0
 10
104.4826856677579
 20
74.14154164813127
 30
0.0
 10
103.251455976947
 20
75.37276946596934
 30
0.0
 10
103.251455976947
 20
76.89154831611096
 30
0.0
 10
103.251455976947
 20
78.41032716625257
 30
0.0
 10
104.4826856677579
 20
79.6415568570635
 30
0.0
 10
106.0014645178996
 20
79.6415568570635
 30
0.0
 10
107.5202433680412
 20
79.6415568570635
 30
0.0
 10
108.7514377810752
 20
78.41032716625257
 30
0.0
 10
108.7514377810752
 20
76.89154831611096
 30
0.0
  0
HATCH
  5
631
330
626
100
AcDbEntity
  8
Knobs and Screws layout
 62
   161
420
  6789876
100
AcDbHatch
 10
0.0
 20
0.0
 30
0.0
210
0.0
220
0.0
230
1.0
  2
SOLID
 70
     1
 71
     0
 91
        1
 92
        1
 93
        1
 72
     4
 94
        3
 73
     0
 74
     1
 95
       17
 96
       13
 40
0.0
 40
0.0
 40
0.0
 40
0.0
 40
1.0
 40
1.0
 40
1.0
 40
2.0
 40
2.0
 40
2.0
 40
3.0
 40
3.0
 40
3.0
 40
4.0
 40
4.0
 40
4.0
 40
4.0
 10
108.7514377810752
 20
76.89154831611096
 10
108.7514377810752
 20
75.37276946596934
 10
107.5202433680412
 20
74.14154164813127
 10
106.0014645178996
 20
74.14154164813127
 10
104.4826856677579
 20
74.14154164813127
 10
103.251455976947
 20
75.37276946596934
 10
103.251455976947
 20
76.89154831611096
 10
103.251455976947
 20
78.41032716625257
 10
104.4826856677579
 20
79.6415568570635
 10
106.0014645178996
 20
79.6415568570635
 10
107.5202433680412
 20
79.6415568570635
 10
108.7514377810752
 20
78.41032716625257
 10
108.7514377810752
 20
76.89154831611096
 97
        0
 97
        0
 75
     2
 76
     1
 98
        0
  0
ENDBLK
  5
629
330
626
100
AcDbEntity
  8
0
100
AcDbBlockEnd
  0
BLOCK
  5
63C
330
63A
100
AcDbEntity
  8
0
100
AcDbBlockBegin
  2
block 219
 70
     0
 10
0.0
 20
0.0
 30
0.0
  3
block 219
  1

  0
SPLINE
  5
63E
330
63A
100
AcDbEntity
  8
Laser Cut
 62
    18
420
        0
370
     9
100
AcDbSpline
210
0.0
220
0.0
230
1.0
 70
    11
 71
     3
 72
    17
 73
    13
 74
     0
 42
0.0000000001
 43
0.0000000001
 12
1.0
 22
0.0
 32
0.0
 13
1.0
 23
0.0
 33
0.0
 40
0.0
 40
0.0
 40
0.0
 40
0.0
 40
1.0
 40
1.0
 40
1.0
 40
2.0
 40
2.0
 40
2.0
 40
3.0
 40
3.0
 40
3.0
 40
4.0
 40
4.0
 40
4.0
 40
4.0
 10
154.5555388347375
 20
-112.5083474718729
 30
0.0
 10
154.5555388347375
 20
-113.3367755272212
 30
0.0
 10
153.8839910740923
 20
-114.0083585826092
 30
0.0
 10
153.0555630396717
 20
-114.0083585826092
 30
0.0
 10
152.2271388508322
 20
-114.0083585826092
 30
0.0
 10
151.5555519668291
 20
-113.3367755272212
 30
0.0
 10
151.5555519668291
 20
-112.5083474718729
 30
0.0
 10
151.5555519668291
 20
-111.6799194165246
 30
0.0
 10
152.2271388508322
 20
-111.0083363611367
 30
0.0
 10
153.0555630396717
 20
-111.0083363611367
 30
0.0
 10
153.8839910740923
 20
-111.0083363611367
 30
0.0
 10
154.5555388347375
 20
-111.6799194165246
 30
0.0
 10
154.5555388347375
 20
-112.5083474718729
 30
0.0
  0
ENDBLK
  5
63D
330
63A
100
AcDbEntity
  8
0
100
AcDbBlockEnd
  0
BLOCK
  5
64A
330
648
100
AcDbEntity
  8
0
100
AcDbBlockBegin
  2
block 220
 70
     0
 10
0.0
 20
0.0
 30
0.0
  3
block 220
  1

  0
SPLINE
  5
64C
330
648
100
AcDbEntity
  8
Laser Cut
 62
     1
420
 16711680
370
     9
100
AcDbSpline
210
0.0
220
0.0
230
1.0
 70
    11
 71
     3
 72
    17
 73
    13
 74
     0
 42
0.0000000001
 43
0.0000000001
 12
1.0
 22
0.0
 32
0.0
 13
1.0
 23
0.0
 33
0.0
 40
0.0
 40
0.0
 40
0.0
 40
0.0
 40
1.0
 40
1.0
 40
1.0
 40
2.0
 40
2.0
 40
2.0
 40
3.0
 40
3.0
 40
3.0
 40
4.0
 40
4.0
 40
4.0
 40
4.0
 10
238.6555636677518
 20
-55.38057776393281
 30
0.0
 10
238.6555636677518
 20
-56.20900488842577
 30
0.0
 10
237.9839907926195
 20
-56.88057776355843
 30
0.0
 10
237.1555636681268
 20
-56.88057776355843
 30
0.0
 10
236.3271365436342
 20
-56.88057776355843
 30
0.0
 10
235.6555636685018
 20
-56.20900488842577
 30
0.0
 10
235.6555636685018
 20
-55.38057776393281
 30
0.0
 10
235.6555636685018
 20
-54.55215063943984
 30
0.0
 10
236.3271365436342
 20
-53.88057776430718
 30
0.0
 10
237.1555636681268
 20
-53.88057776430718
 30
0.0
 10
237.9839907926195
 20
-53.88057776430718
 30
0.0
 10
238.6555636677518
 20
-54.55215063943984
 30
0.0
 10
238.6555636677518
 20
-55.38057776393281
 30
0.0
  0
SPLINE
  5
64D
330
648
100
AcDbEntity
  8
Laser Cut
 62
     1
420
 16711680
370
     9
100
AcDbSpline
210
0.0
220
0.0
230
1.0
 70
    11
 71
     3
 72
    17
 73
    13
 74
     0
 42
0.0000000001
 43
0.0000000001
 12
1.0
 22
0.0
 32
0.0
 13
1.0
 23
0.0
 33
0.0
 40
0.0
 40
0.0
 40
0.0
 40
0.0
 40
1.0
 40
1.0
 40
1.0
 40
2.0
 40
2.0
 40
2.0
 40
3.0
 40
3.0
 40
3.0
 40
4.0
 40
4.0
 40
4.0
 40
4.0
 10
154.6555636887516
 20
-112.380577749683
 30
0.0
 10
154.6555636887516
 20
-113.2090048741756
 30
0.0
 10
153.9839908136193
 20
-113.8805777493086
 30
0.0
 10
153.1555636891267
 20
-113.8805777493086
 30
0.0
 10
152.3271365646343
 20
-113.8805777493086
 30
0.0
 10
151.6555636895017
 20
-113.2090048741756
 30
0.0
 10
151.6555636895017
 20
-112.380577749683
 30
0.0
 10
151.6555636895017
 20
-111.5521506251897
 30
0.0
 10
152.3271365646343
 20
-110.8805777500574
 30
0.0
 10
153.1555636891267
 20
-110.8805777500574
 30
0.0
 10
153.9839908136193
 20
-110.8805777500574
 30
0.0
 10
154.6555636887516
 20
-111.5521506251897
 30
0.0
 10
154.6555636887516
 20
-112.380577749683
 30
0.0
  0
SPLINE
  5
64E
330
648
100
AcDbEntity
  8
Laser Cut
 62
     1
420
 16711680
370
     9
100
AcDbSpline
210
0.0
220
0.0
230
1.0
 70
    11
 71
     3
 72
    17
 73
    13
 74
     0
 42
0.0000000001
 43
0.0000000001
 12
1.0
 22
0.0
 32
0.0
 13
1.0
 23
0.0
 33
0.0
 40
0.0
 40
0.0
 40
0.0
 40
0.0
 40
1.0
 40
1.0
 40
1.0
 40
2.0
 40
2.0
 40
2.0
 40
3.0
 40
3.0
 40
3.0
 40
4.0
 40
4.0
 40
4.0
 40
4.0
 10
238.6555636677518
 20
-112.380577749683
 30
0.0
 10
238.6555636677518
 20
-113.2090048741756
 30
0.0
 10
237.9839907926195
 20
-113.8805777493086
 30
0.0
 10
237.1555636681268
 20
-113.8805777493086
 30
0.0
 10
236.3271365436342
 20
-113.8805777493086
 30
0.0
 10
235.6555636685018
 20
-113.2090048741756
 30
0.0
 10
235.6555636685018
 20
-112.380577749683
 30
0.0
 10
235.6555636685018
 20
-111.5521506251897
 30
0.0
 10
236.3271365436342
 20
-110.8805777500574
 30
0.0
 10
237.1555636681268
 20
-110.8805777500574
 30
0.0
 10
237.9839907926195
 20
-110.8805777500574
 30
0.0
 10
238.6555636677518
 20
-111.5521506251897
 30
0.0
 10
238.6555636677518
 20
-112.380577749683
 30
0.0
  0
SPLINE
  5
64F
330
648
100
AcDbEntity
  8
Laser Cut
 62
     1
420
 16711680
370
     9
100
AcDbSpline
210
0.0
220
0.0
230
1.0
 70
    11
 71
     3
 72
    17
 73
    13
 74
     0
 42
0.0000000001
 43
0.0000000001
 12
1.0
 22
0.0
 32
0.0
 13
1.0
 23
0.0
 33
0.0
 40
0.0
 40
0.0
 40
0.0
 40
0.0
 40
1.0
 40
1.0
 40
1.0
 40
2.0
 40
2.0
 40
2.0
 40
3.0
 40
3.0
 40
3.0
 40
4.0
 40
4.0
 40
4.0
 40
4.0
 10
154.6555636887516
 20
-55.38057776393281
 30
0.0
 10
154.6555636887516
 20
-56.20900488842577
 30
0.0
 10
153.9839908136193
 20
-56.88057776355843
 30
0.0
 10
153.1555636891267
 20
-56.88057776355843
 30
0.0
 10
152.3271365646343
 20
-56.88057776355843
 30
0.0
 10
151.6555636895017
 20
-56.20900488842577
 30
0.0
 10
151.6555636895017
 20
-55.38057776393281
 30
0.0
 10
151.6555636895017
 20
-54.55215063943984
 30
0.0
 10
152.3271365646343
 20
-53.88057776430718
 30
0.0
 10
153.1555636891267
 20
-53.88057776430718
 30
0.0
 10
153.9839908136193
 20
-53.88057776430718
 30
0.0
 10
154.6555636887516
 20
-54.55215063943984
 30
0.0
 10
154.6555636887516
 20
-55.38057776393281
 30
0.0
  0
ENDBLK
  5
64B
330
648
100
AcDbEntity
  8
0
100
AcDbBlockEnd
  0
ENDSEC
  0
SECTION
  2
ENTITIES
  0
POLYLINE
  5
41
330
1F
100
AcDbEntity
  8
Experiment Box
  6
AI-Linetype-1
 62
     7
420
 16777215
370
    35
100
AcDb2dPolyline
 66
     1
 10
0.0
 20
0.0
 30
0.0
  0
VERTEX
  5
42
330
41
100
AcDbEntity
  8
Experiment Box
  6
AI-Linetype-1
 62
     7
420
 16777215
370
    35
100
AcDbVertex
100
AcDb2dVertex
 10
180.7547914996722
 20
-122.5369024693659
 30
0.0
  0
VERTEX
  5
653
330
41
100
AcDbEntity
  8
0
100
AcDbVertex
100
AcDb2dVertex
 10
180.7547914996722
 20
-122.5369024693659
 30
0.0
  0
SEQEND
  5
44
330
41
100
AcDbEntity
  8
Experiment Box
  6
AI-Linetype-1
 62
     7
420
 16777215
370
    35
  0
INSERT
  5
46
330
1F
100
AcDbEntity
  8
Experiment Box
100
AcDbBlockReference
  2
block 2
 10
0.0
 20
0.0
 30
0.0
  0
INSERT
  5
113
330
1F
100
AcDbEntity
  8
Experiment Box
100
AcDbBlockReference
  2
block 32
 10
0.0
 20
0.0
 30
0.0
  0
INSERT
  5
1E2
330
1F
100
AcDbEntity
  8
Experiment Box
100
AcDbBlockReference
  2
block 62
 10
0.0
 20
0.0
 30
0.0
  0
INSERT
  5
202
330
1F
100
AcDbEntity
  8
Experiment Box
100
AcDbBlockReference
  2
block 67
 10
0.0
 20
0.0
 30
0.0
  0
IMAGE
  5
218
330
1F
100
AcDbEntity
  8
Experiment Box
160
                 8
310
0800000000000000
100
AcDbRasterImage
 90
        0
 10
214.4802403614866
 20
-133.2343330095425
 30
0.0
 11
0.04666230306013626
 21
0.0
 31
0.0
 12
0.0
 22
0.04777411959614268
 32
0.0
 13
467.0
 23
337.0
340
216
 70
     3
280
     0
281
    50
282
    50
283
     0
360
219
 71
     1
 91
        2
 14
-0.5
 24
-0.5
 14
466.5
 24
336.5
290
     0
  0
INSERT
  5
21B
330
1F
100
AcDbEntity
  8
Experiment Box
100
AcDbBlockReference
  2
block 68
 10
0.0
 20
0.0
 30
0.0
  0
INSERT
  5
227
330
1F
100
AcDbEntity
  8
Experiment Box
100
AcDbBlockReference
  2
block 70
 10
0.0
 20
0.0
 30
0.0
  0
INSERT
  5
241
330
1F
100
AcDbEntity
  8
Electrode
100
AcDbBlockReference
  2
block 75
 10
0.0
 20
0.0
 30
0.0
  0
INSERT
  5
267
330
1F
100
AcDbEntity
  8
Electrode
100
AcDbBlockReference
  2
block 76
 10
0.0
 20
0.0
 30
0.0
  0
INSERT
  5
28B
330
1F
100
AcDbEntity
  8
Electrode
100
AcDbBlockReference
  2
block 77
 10
0.0
 20
0.0
 30
0.0
  0
SPLINE
  5
290
330
1F
100
AcDbEntity
  8
Electrode
370
     0
100
AcDbSpline
210
0.0
220
0.0
230
1.0
 70
    11
 71
     3
 72
    29
 73
    25
 74
     0
 42
0.0000000001
 43
0.0000000001
 12
1.0
 22
0.0
 32
0.0
 13
1.0
 23
0.0
 33
0.0
 40
0.0
 40
0.0
 40
0.0
 40
0.0
 40
1.0
 40
1.0
 40
1.0
 40
2.0
 40
2.0
 40
2.0
 40
3.0
 40
3.0
 40
3.0
 40
4.0
 40
4.0
 40
4.0
 40
5.0
 40
5.0
 40
5.0
 40
6.0
 40
6.0
 40
6.0
 40
7.0
 40
7.0
 40
7.0
 40
8.0
 40
8.0
 40
8.0
 40
8.0
 10
160.6328767352472
 20
-117.7903833038858
 30
0.0
 10
160.6328767352472
 20
-117.7903833038858
 30
0.0
 10
142.5768285847843
 20
-117.7903833038858
 30
0.0
 10
142.5768285847843
 20
-117.7903833038858
 30
0.0
 10
142.3023674806753
 20
-117.7903833038858
 30
0.0
 10
142.0798705419072
 20
-117.5678863594971
 30
0.0
 10
142.0798705419072
 20
-117.2933899706764
 30
0.0
 10
142.0798705419072
 20
-117.2933899706764
 30
0.0
 10
142.0798705419072
 20
-115.3588624711604
 30
0.0
 10
142.0798705419072
 20
-115.3588624711604
 30
0.0
 10
142.0798705419072
 20
-115.082178860118
 30
0.0
 10
142.3041313695192
 20
-114.8579180268412
 30
0.0
 10
142.5807832976882
 20
-114.8579180268412
 30
0.0
 10
142.5807832976882
 20
-114.8579180268412
 30
0.0
 10
160.6328767352472
 20
-114.8579180268412
 30
0.0
 10
160.6328767352472
 20
-114.8579180268412
 30
0.0
 10
160.9073378393562
 20
-114.8579180268412
 30
0.0
 10
161.1298700559012
 20
-115.0804149712299
 30
0.0
 10
161.1298700559012
 20
-115.35491136005
 30
0.0
 10
161.1298700559012
 20
-115.35491136005
 30
0.0
 10
161.1298700559012
 20
-117.2933899706764
 30
0.0
 10
161.1298700559012
 20
-117.2933899706764
 30
0.0
 10
161.1298700559012
 20
-117.5678863594971
 30
0.0
 10
160.9073378393562
 20
-117.7903833038858
 30
0.0
 10
160.6328767352472
 20
-117.7903833038858
 30
0.0
  0
MTEXT
  5
291
330
1F
100
AcDbEntity
  8
Electrode
 62
     7
420
 16777215
100
AcDbMText
 10
142.6514764613967
 20
-117.1267285070277
 30
0.0
 40
1.9981333328338
 41
0.0
 46
0.0
 71
     7
 72
     1
  1
\fMyriad Pro|b0|i0|c0|p34;\W1;Injected curent
 73
     1
 44
1.0
  0
INSERT
  5
293
330
1F
100
AcDbEntity
  8
Electrode
100
AcDbBlockReference
  2
block 78
 10
0.0
 20
0.0
 30
0.0
  0
MTEXT
  5
2A1
330
1F
100
AcDbEntity
  8
Electrode
 62
     7
420
 16777215
100
AcDbMText
 10
143.5233238835583
 20
-127.5664982492908
 30
0.0
 40
2.49766666604225
 41
0.0
 46
0.0
 71
     7
 72
     1
  1
\fMyriad Pro|b0|i0|c0|p34;\W0.8713;-
 73
     1
 44
1.0
  0
INSERT
  5
2A3
330
1F
100
AcDbEntity
  8
Electrode
100
AcDbBlockReference
  2
block 80
 10
0.0
 20
0.0
 30
0.0
  0
MTEXT
  5
2B1
330
1F
100
AcDbEntity
  8
Electrode
 62
     7
420
 16777215
100
AcDbMText
 10
158.2053438341453
 20
-127.5583598840772
 30
0.0
 40
2.49766666604225
 41
0.0
 46
0.0
 71
     7
 72
     1
  1
\fMyriad Pro|b0|i0|c0|p34;\W0.8713;+
 73
     1
 44
1.0
  0
INSERT
  5
2B3
330
1F
100
AcDbEntity
  8
Electrode
100
AcDbBlockReference
  2
block 82
 10
0.0
 20
0.0
 30
0.0
  0
INSERT
  5
2CD
330
1F
100
AcDbEntity
  8
Electrode
100
AcDbBlockReference
  2
block 87
 10
0.0
 20
0.0
 30
0.0
  0
INSERT
  5
2E8
330
1F
100
AcDbEntity
  8
Electrode
100
AcDbBlockReference
  2
block 92
 10
0.0
 20
0.0
 30
0.0
  0
INSERT
  5
302
330
1F
100
AcDbEntity
  8
Electrode
100
AcDbBlockReference
  2
block 97
 10
0.0
 20
0.0
 30
0.0
  0
INSERT
  5
31D
330
1F
100
AcDbEntity
  8
Electrode
100
AcDbBlockReference
  2
block 102
 10
0.0
 20
0.0
 30
0.0
  0
SPLINE
  5
34C
330
1F
100
AcDbEntity
  8
Photoreceptor
370
     0
100
AcDbSpline
210
0.0
220
0.0
230
1.0
 70
    11
 71
     3
 72
   278
 73
   274
 74
     0
 42
0.0000000001
 43
0.0000000001
 12
1.0
 22
0.0
 32
0.0
 13
1.0
 23
0.0
 33
0.0
 40
0.0
 40
0.0
 40
0.0
 40
0.0
 40
1.0
 40
1.0
 40
1.0
 40
2.0
 40
2.0
 40
2.0
 40
3.0
 40
3.0
 40
3.0
 40
4.0
 40
4.0
 40
4.0
 40
5.0
 40
5.0
 40
5.0
 40
6.0
 40
6.0
 40
6.0
 40
7.0
 40
7.0
 40
7.0
 40
8.0
 40
8.0
 40
8.0
 40
9.0
 40
9.0
 40
9.0
 40
10.0
 40
10.0
 40
10.0
 40
11.0
 40
11.0
 40
11.0
 40
12.0
 40
12.0
 40
12.0
 40
13.0
 40
13.0
 40
13.0
 40
14.0
 40
14.0
 40
14.0
 40
15.0
 40
15.0
 40
15.0
 40
16.0
 40
16.0
 40
16.0
 40
17.0
 40
17.0
 40
17.0
 40
18.0
 40
18.0
 40
18.0
 40
19.0
 40
19.0
 40
19.0
 40
20.0
 40
20.0
 40
20.0
 40
21.0
 40
21.0
 40
21.0
 40
22.0
 40
22.0
 40
22.0
 40
23.0
 40
23.0
 40
23.0
 40
24.0
 40
24.0
 40
24.0
 40
25.0
 40
25.0
 40
25.0
 40
26.0
 40
26.0
 40
26.0
 40
27.0
 40
27.0
 40
27.0
 40
28.0
 40
28.0
 40
28.0
 40
29.0
 40
29.0
 40
29.0
 40
30.0
 40
30.0
 40
30.0
 40
31.0
 40
31.0
 40
31.0
 40
32.0
 40
32.0
 40
32.0
 40
33.0
 40
33.0
 40
33.0
 40
34.0
 40
34.0
 40
34.0
 40
35.0
 40
35.0
 40
35.0
 40
36.0
 40
36.0
 40
36.0
 40
37.0
 40
37.0
 40
37.0
 40
38.0
 40
38.0
 40
38.0
 40
39.0
 40
39.0
 40
39.0
 40
40.0
 40
40.0
 40
40.0
 40
41.0
 40
41.0
 40
41.0
 40
42.0
 40
42.0
 40
42.0
 40
43.0
 40
43.0
 40
43.0
 40
44.0
 40
44.0
 40
44.0
 40
45.0
 40
45.0
 40
45.0
 40
46.0
 40
46.0
 40
46.0
 40
47.0
 40
47.0
 40
47.0
 40
48.0
 40
48.0
 40
48.0
 40
49.0
 40
49.0
 40
49.0
 40
50.0
 40
50.0
 40
50.0
 40
51.0
 40
51.0
 40
51.0
 40
52.0
 40
52.0
 40
52.0
 40
53.0
 40
53.0
 40
53.0
 40
54.0
 40
54.0
 40
54.0
 40
55.0
 40
55.0
 40
55.0
 40
56.0
 40
56.0
 40
56.0
 40
57.0
 40
57.0
 40
57.0
 40
58.0
 40
58.0
 40
58.0
 40
59.0
 40
59.0
 40
59.0
 40
60.0
 40
60.0
 40
60.0
 40
61.0
 40
61.0
 40
61.0
 40
62.0
 40
62.0
 40
62.0
 40
63.0
 40
63.0
 40
63.0
 40
64.0
 40
64.0
 40
64.0
 40
65.0
 40
65.0
 40
65.0
 40
66.0
 40
66.0
 40
66.0
 40
67.0
 40
67.0
 40
67.0
 40
68.0
 40
68.0
 40
68.0
 40
69.0
 40
69.0
 40
69.0
 40
70.0
 40
70.0
 40
70.0
 40
71.0
 40
71.0
 40
71.0
 40
72.0
 40
72.0
 40
72.0
 40
73.0
 40
73.0
 40
73.0
 40
74.0
 40
74.0
 40
74.0
 40
75.0
 40
75.0
 40
75.0
 40
76.0
 40
76.0
 40
76.0
 40
77.0
 40
77.0
 40
77.0
 40
78.0
 40
78.0
 40
78.0
 40
79.0
 40
79.0
 40
79.0
 40
80.0
 40
80.0
 40
80.0
 40
81.0
 40
81.0
 40
81.0
 40
82.0
 40
82.0
 40
82.0
 40
83.0
 40
83.0
 40
83.0
 40
84.0
 40
84.0
 40
84.0
 40
85.0
 40
85.0
 40
85.0
 40
86.0
 40
86.0
 40
86.0
 40
87.0
 40
87.0
 40
87.0
 40
88.0
 40
88.0
 40
88.0
 40
89.0
 40
89.0
 40
89.0
 40
90.0
 40
90.0
 40
90.0
 40
91.0
 40
91.0
 40
91.0
 40
91.0
 10
160.5460934041279
 20
-123.7958252468285
 30
0.0
 10
160.5231275713805
 20
-123.9457910801245
 30
0.0
 10
160.7884517312782
 20
-124.1051055245292
 30
0.0
 10
160.9328436720389
 20
-124.1917830245074
 30
0.0
 10
161.0736725573349
 20
-124.2763438578196
 30
0.0
 10
161.1711803326251
 20
-124.3138441355885
 30
0.0
 10
161.2920067184314
 20
-124.3667608022418
 30
0.0
 10
161.5864703220302
 20
-124.4957363577648
 30
0.0
 10
161.5688667113681
 20
-124.5189844133144
 30
0.0
 10
161.9181872580118
 20
-124.6890585799389
 30
0.0
 10
162.3733058575119
 20
-124.9106383021057
 30
0.0
 10
162.412217245408
 20
-124.875572191003
 30
0.0
 10
162.8114205685568
 20
-125.0850163576178
 30
0.0
 10
162.9309063988418
 20
-125.1477049687133
 30
0.0
 10
163.0109516745775
 20
-125.1946949687016
 30
0.0
 10
163.1613408374074
 20
-125.2599941353515
 30
0.0
 10
163.3140230557344
 20
-125.3262810797797
 30
0.0
 10
163.3708202765076
 20
-125.3383460797767
 30
0.0
 10
163.6309938809811
 20
-125.4349719130859
 30
0.0
 10
163.8377610701522
 20
-125.5117363575112
 30
0.0
 10
163.9411560952904
 20
-125.5501185797238
 30
0.0
 10
164.0546094257293
 20
-125.6007069130441
 30
0.0
 10
164.3344327519238
 20
-125.7254844130128
 30
0.0
 10
164.3551760847282
 20
-125.7702166352238
 30
0.0
 10
164.5610571905866
 20
-125.8401371907622
 30
0.0
 10
164.7237935753237
 20
-125.895417468526
 30
0.0
 10
164.7172671866013
 20
-125.8696999685327
 30
0.0
 10
164.9110127372143
 20
-125.9322121907393
 30
0.0
 10
165.0528999558164
 20
-125.9780380240611
 30
0.0
 10
165.0918113437125
 20
-126.0032969129435
 30
0.0
 10
165.3806305030108
 20
-126.1256049684685
 30
0.0
 10
165.4815602226581
 20
-126.1683616351243
 30
0.0
 10
165.6185832919288
 20
-126.2263935795545
 30
0.0
 10
165.7858310482292
 20
-126.2913752462048
 30
0.0
 10
165.930399377874
 20
-126.347537468413
 30
0.0
 10
166.051014097019
 20
-126.3902235795138
 30
0.0
 10
166.292314090863
 20
-126.4755252461591
 30
0.0
 10
166.4885332917111
 20
-126.5449519128083
 30
0.0
 10
166.6580740815317
 20
-126.6032660794606
 30
0.0
 10
166.688271858539
 20
-126.613673023902
 30
0.0
 10
167.0165668501638
 20
-126.7265619127625
 30
0.0
 10
167.0289140720707
 20
-126.7268794127628
 30
0.0
 10
167.1395099025825
 20
-126.7702005238628
 30
0.0
 10
167.3571385081415
 20
-126.8555374682862
 30
0.0
 10
167.3450382306724
 20
-126.8683433016162
 30
0.0
 10
167.5262601704935
 20
-126.9359708015991
 30
0.0
 10
167.7374682206607
 20
-127.0148166349128
 30
0.0
 10
167.7565887757284
 20
-126.9984124682507
 30
0.0
 10
167.9959132140672
 20
-127.0833260793401
 30
0.0
 10
168.1995365422057
 20
-127.1555396904332
 30
0.0
 10
168.2157643195694
 20
-127.1780821904279
 30
0.0
 10
168.3918709817432
 20
-127.2398535793009
 30
0.0
 10
168.5958823654274
 20
-127.3113969126166
 30
0.0
 10
168.7311020841998
 20
-127.3362324681662
 30
0.0
 10
168.870731525082
 20
-127.368793857047
 30
0.0
 10
169.0074329104834
 20
-127.4006496903723
 30
0.0
 10
169.0460620761646
 20
-127.4161013570349
 30
0.0
 10
169.7179273368016
 20
-127.6450541347553
 30
0.0
 10
170.2555253786419
 20
-127.8282163569319
 30
0.0
 10
170.5268114828319
 20
-127.9205735791311
 30
0.0
 10
170.6479906464071
 20
-127.958144412455
 30
0.0
 10
170.8854806403482
 20
-128.0317338568811
 30
0.0
 10
170.8509832906205
 20
-128.0152591346627
 30
0.0
 10
171.4491489593011
 20
-128.1883671901751
 30
0.0
 10
172.0932506095354
 20
-128.3747396901285
 30
0.0
 10
172.0551858882843
 20
-128.3712471901297
 30
0.0
 10
172.3055522707858
 20
-128.4370049678905
 30
0.0
 10
172.7143555123769
 20
-128.5442846900863
 30
0.0
 10
172.7493114261312
 20
-128.5361355234216
 30
0.0
 10
173.115918083445
 20
-128.6395699678402
 30
0.0
 10
173.2087339144104
 20
-128.6657813567226
 30
0.0
 10
173.3051128008404
 20
-128.694109412271
 30
0.0
 10
173.4474586305422
 20
-128.7224727455975
 30
0.0
 10
173.6480127920923
 20
-128.7624071900318
 30
0.0
 10
173.8058499565485
 20
-128.7756716344728
 30
0.0
 10
173.9446988956344
 20
-128.7869252455811
 30
0.0
 10
174.0221688936579
 20
-128.7932046900239
 30
0.0
 10
174.2007097224363
 20
-128.8060458011321
 30
0.0
 10
174.4327669387383
 20
-128.8053402455766
 30
0.0
 10
174.5303805473594
 20
-128.8050580233545
 30
0.0
 10
174.5326383250792
 20
-128.8026591344658
 30
0.0
 10
174.9300424816072
 20
-128.7869252455811
 30
0.0
 10
175.2746005283724
 20
-128.7732727455842
 30
0.0
 10
175.2768583060926
 20
-128.7748955233616
 30
0.0
 10
175.3352077490487
 20
-128.7685102455857
 30
0.0
 10
175.4855616341015
 20
-128.7520355233673
 30
0.0
 10
175.6073405198835
 20
-128.7237780233746
 30
0.0
 10
175.8509027338152
 20
-128.667192467833
 30
0.0
 10
176.0497238419307
 20
-128.6210491345116
 30
0.0
 10
176.1491366171722
 20
-128.5979421900727
 30
0.0
 10
176.2837213359609
 20
-128.5567024678611
 30
0.0
 10
176.5558893845732
 20
-128.4732705234372
 30
0.0
 10
176.7514693795832
 20
-128.385181912348
 30
0.0
 10
176.7994118783601
 20
-128.3633096901313
 30
0.0
 10
176.8956849314595
 20
-128.319388856809
 30
0.0
 10
177.0140110668576
 20
-128.2542308012698
 30
0.0
 10
177.2506146446268
 20
-128.1238794124132
 30
0.0
 10
177.4048138073595
 20
-128.0389658013239
 30
0.0
 10
177.4977001938786
 20
-127.984391079115
 30
0.0
 10
177.6834376891401
 20
-127.8752416346978
 30
0.0
 10
177.8677332888664
 20
-127.766974134725
 30
0.0
 10
178.003230736537
 20
-127.6843183014123
 30
0.0
 10
178.0793999554803
 20
-127.5713588569961
 30
0.0
 10
178.0882501788124
 20
-127.5582708014439
 30
0.0
 10
178.171505732244
 20
-127.4332463570307
 30
0.0
 10
178.171505732244
 20
-127.4332463570307
 30
0.0
 10
178.2592768411158
 20
-127.3021541348411
 30
0.0
 10
178.2727882296601
 20
-127.2582685792963
 30
0.0
 10
178.2727882296601
 20
-127.2582685792963
 30
0.0
 10
178.2882751737094
 20
-127.2079977459755
 30
0.0
 10
178.2750812851571
 20
-127.2105730237531
 30
0.0
 10
178.2912032291902
 20
-127.1661935793198
 30
0.0
 10
178.3029860066674
 20
-127.1337733015497
 30
0.0
 10
178.3188610062624
 20
-127.1080910793339
 30
0.0
 10
178.3832782268412
 20
-127.0280458015763
 30
0.0
 10
178.4587373915828
 20
-126.9343833015999
 30
0.0
 10
178.4553154472256
 20
-126.9468010793746
 30
0.0
 10
178.466181002504
 20
-126.9267633016017
 30
0.0
 10
178.5071032236822
 20
-126.8511983016205
 30
0.0
 10
178.481174057677
 20
-126.8119694127416
 30
0.0
 10
178.5122185013294
 20
-126.74257802387
 30
0.0
 10
178.5414285005842
 20
-126.6773141349976
 30
0.0
 10
178.5794932218353
 20
-126.6782313572195
 30
0.0
 10
178.6411234980408
 20
-126.613673023902
 30
0.0
 10
178.7383490511159
 20
-126.5118613572608
 30
0.0
 10
178.7670298837176
 20
-126.3803810795159
 30
0.0
 10
178.7884832886361
 20
-126.2821677462074
 30
0.0
 10
178.8116562714679
 20
-126.1759110795674
 30
0.0
 10
178.8053062716299
 20
-126.1130813573605
 30
0.0
 10
178.86213877018
 20
-126.0335299684914
 30
0.0
 10
178.8948412693457
 20
-125.9877746907252
 30
0.0
 10
178.9048999552736
 20
-125.9974408018342
 30
0.0
 10
178.926591268536
 20
-125.9598699685103
 30
0.0
 10
178.9903029335769
 20
-125.8495563574266
 30
0.0
 10
178.9073693997177
 20
-125.7598096907824
 30
0.0
 10
178.9634610663702
 20
-125.6744021908033
 30
0.0
 10
178.9983860663615
 20
-125.6211680241504
 30
0.0
 10
179.0394095989908
 20
-125.6424405241448
 30
0.0
 10
179.1015690418497
 20
-125.5822919130487
 30
0.0
 10
179.1640107069231
 20
-125.5218963575086
 30
0.0
 10
179.1815790398082
 20
-125.4433327464171
 30
0.0
 10
179.1936440395004
 20
-125.3704841353241
 30
0.0
 10
179.2438090382206
 20
-125.0681183020666
 30
0.0
 10
179.2212665387957
 20
-124.8272063576818
 30
0.0
 10
179.2212665387957
 20
-124.8272063576818
 30
0.0
 10
179.1838015397515
 20
-124.4262391355599
 30
0.0
 10
179.1176909858825
 20
-124.4935491355432
 30
0.0
 10
179.1015690418497
 20
-124.18257552451
 30
0.0
 10
179.094760430912
 20
-124.0515891356536
 30
0.0
 10
179.0989937641373
 20
-123.8950616356928
 30
0.0
 10
178.9910790446683
 20
-123.7774102468338
 30
0.0
 10
178.9471582124554
 20
-123.729538302401
 30
0.0
 10
178.9329765461506
 20
-123.7407213579536
 30
0.0
 10
178.8989687692407
 20
-123.6945074690765
 30
0.0
 10
178.8119032159061
 20
-123.5761152468837
 30
0.0
 10
178.8866568251101
 20
-123.477584413575
 30
0.0
 10
178.8253087711196
 20
-123.2801346914022
 30
0.0
 10
178.7973027330785
 20
-123.1899646914246
 30
0.0
 10
178.7552471062404
 20
-123.1254769136634
 30
0.0
 10
178.7240262737035
 20
-123.077534413675
 30
0.0
 10
178.7240262737035
 20
-123.077534413675
 30
0.0
 10
178.6525182199723
 20
-122.9678205248136
 30
0.0
 10
178.5490485003898
 20
-122.8749341359478
 30
0.0
 10
178.2278090641409
 20
-122.5865383026868
 30
0.0
 10
177.0093852063366
 20
-122.0552549694859
 30
0.0
 10
176.2376838371354
 20
-121.383142747432
 30
0.0
 10
176.0301799535404
 20
-121.2024499696996
 30
0.0
 10
175.8431019027576
 20
-121.0012255253053
 30
0.0
 10
175.5101855223625
 20
-120.9226971919913
 30
0.0
 10
175.4859496896471
 20
-120.9169821919927
 30
0.0
 10
175.4976971893474
 20
-120.9206158031035
 30
0.0
 10
174.8932124825469
 20
-120.8582446920076
 30
0.0
 10
174.5956444345829
 20
-120.8275530253488
 30
0.0
 10
174.5124638452606
 20
-120.8183808031289
 30
0.0
 10
174.3683144403826
 20
-120.8122071920194
 30
0.0
 10
174.1385194009098
 20
-120.802329414244
 30
0.0
 10
173.9612088952132
 20
-120.808926358687
 30
0.0
 10
173.889458289861
 20
-120.8122071920194
 30
0.0
 10
173.7546971787837
 20
-120.8183455253508
 30
0.0
 10
173.630797236976
 20
-120.8316452475699
 30
0.0
 10
173.3829708544097
 20
-120.8582446920076
 30
0.0
 10
173.1632255822381
 20
-120.881845525335
 30
0.0
 10
173.0533749567367
 20
-120.8936283031099
 30
0.0
 10
172.931768088143
 20
-120.9134896919939
 30
0.0
 10
172.8158805910996
 20
-120.932433858656
 30
0.0
 10
172.7040853161739
 20
-120.9568108030939
 30
0.0
 10
172.4805300440995
 20
-121.0055999697485
 30
0.0
 10
172.3036825486116
 20
-121.04415858085
 30
0.0
 10
172.1916050514706
 20
-121.0686060808443
 30
0.0
 10
172.0384994998211
 20
-121.1068824697231
 30
0.0
 10
171.8087749570477
 20
-121.1643146919309
 30
0.0
 10
171.8005156170037
 20
-121.1744041363734
 30
0.0
 10
171.5872967335545
 20
-121.2265799696936
 30
0.0
 10
171.4368722929477
 20
-121.2634099696839
 30
0.0
 10
171.3228192403019
 20
-121.287293025234
 30
0.0
 10
171.1728886885714
 20
-121.3186902474483
 30
0.0
 10
170.9612220273048
 20
-121.3629991363259
 30
0.0
 10
170.9456292499248
 20
-121.3625405252149
 30
0.0
 10
170.7124784225396
 20
-121.4107652474248
 30
0.0
 10
170.5903820367657
 20
-121.4360241363078
 30
0.0
 10
170.4579888462744
 20
-121.4635055251899
 30
0.0
 10
170.2888628777914
 20
-121.5028402474019
 30
0.0
 10
170.2117103797597
 20
-121.5207966362864
 30
0.0
 10
170.0433295507221
 20
-121.5601666362766
 30
0.0
 10
169.8468676112899
 20
-121.613365525152
 30
0.0
 10
169.3884681785402
 20
-121.7375080251215
 30
0.0
 10
169.3786256787913
 20
-121.774196914001
 30
0.0
 10
169.0180867991005
 20
-121.8620033028681
 30
0.0
 10
168.8455784701685
 20
-121.9039838584127
 30
0.0
 10
168.7821843051188
 20
-121.9115685806333
 30
0.0
 10
168.6036787541174
 20
-121.9632858028426
 30
0.0
 10
168.4148368144907
 20
-122.0180016361622
 30
0.0
 10
168.4018898703765
 20
-122.0338060806026
 30
0.0
 10
168.2261359859715
 20
-122.0830185805901
 30
0.0
 10
167.9906610691136
 20
-122.1488821916848
 30
0.0
 10
167.9749934923787
 20
-122.1313844139113
 30
0.0
 10
167.7656904421629
 20
-122.1935085805626
 30
0.0
 10
167.572297669319
 20
-122.250905524993
 30
0.0
 10
167.5755079470148
 20
-122.2688619138775
 30
0.0
 10
167.4065626735472
 20
-122.3132060805326
 30
0.0
 10
167.2516932330538
 20
-122.3538813583007
 30
0.0
 10
167.233172400193
 20
-122.342945247192
 30
0.0
 10
167.0289888471316
 20
-122.3869013582924
 30
0.0
 10
166.8417654657342
 20
-122.4271885805046
 30
0.0
 10
166.8484329655641
 20
-122.4383010805015
 30
0.0
 10
166.6054043606535
 20
-122.4973913582644
 30
0.0
 10
166.3892221439462
 20
-122.5499552471405
 30
0.0
 10
166.3804026997267
 20
-122.5420177471422
 30
0.0
 10
166.1449588168445
 20
-122.5986738582395
 30
0.0
 10
166.018417431184
 20
-122.6291538582313
 30
0.0
 10
165.9261660446486
 20
-122.6542716360029
 30
0.0
 10
165.7582085489339
 20
-122.6999916359916
 30
0.0
 10
165.4701655007266
 20
-122.7783788581942
 30
0.0
 10
165.4726702228849
 20
-122.7835294137487
 30
0.0
 10
165.3253855044202
 20
-122.8196891359615
 30
0.0
 10
165.1795824525844
 20
-122.8554960803972
 30
0.0
 10
165.1816991191971
 20
-122.8493577470652
 30
0.0
 10
164.9018052374489
 20
-122.9117994137168
 30
0.0
 10
164.7370580194297
 20
-122.9485235803738
 30
0.0
 10
164.7452424636654
 20
-122.9486646914852
 30
0.0
 10
164.5426421910564
 20
-122.9946669136959
 30
0.0
 10
164.2112074772897
 20
-123.0699144136769
 30
0.0
 10
164.2174516437971
 20
-123.0631410803457
 30
0.0
 10
164.0454019259642
 20
-123.1051569136685
 30
0.0
 10
163.7840641548538
 20
-123.1690096914298
 30
0.0
 10
163.7835702659775
 20
-123.1812510803157
 30
0.0
 10
163.6125788814509
 20
-123.2156821914185
 30
0.0
 10
163.4225022196338
 20
-123.2539233025198
 30
0.0
 10
163.4173163864325
 20
-123.2399885803014
 30
0.0
 10
163.2073783362329
 20
-123.2801346914022
 30
0.0
 10
162.9833997308359
 20
-123.3229619136137
 30
0.0
 10
162.9804716753551
 20
-123.3404596913872
 30
0.0
 10
162.7653830697313
 20
-123.3814171913767
 30
0.0
 10
162.6540111281282
 20
-123.4026191358161
 30
0.0
 10
162.6422989062048
 20
-123.4003260802613
 30
0.0
 10
162.3233525254529
 20
-123.445869691361
 30
0.0
 10
162.0819860705905
 20
-123.4803713580189
 30
0.0
 10
161.9612614235795
 20
-123.4975869135703
 30
0.0
 10
161.8905647587165
 20
-123.5103574691222
 30
0.0
 10
161.5479822674565
 20
-123.5720935802183
 30
0.0
 10
161.5266039346686
 20
-123.6077241357645
 30
0.0
 10
161.2920067184314
 20
-123.6300549690928
 30
0.0
 10
161.1168172784564
 20
-123.6467413579769
 30
0.0
 10
161.0292225584689
 20
-123.6551021913087
 30
0.0
 10
160.9512586715691
 20
-123.6484699690876
 30
0.0
 10
160.9095603392996
 20
-123.6449421913113
 30
0.0
 10
160.8559381184454
 20
-123.6461063579771
 30
0.0
 10
160.7486936767369
 20
-123.6484699690876
 30
0.0
 10
160.6941895114608
 20
-123.6496694135323
 30
0.0
 10
160.6674136788106
 20
-123.6512569135315
 30
0.0
 10
160.6381684017789
 20
-123.666884969083
 30
0.0
 10
160.5871567364136
 20
-123.6941899690762
 30
0.0
 10
160.5529020150653
 20
-123.7513046912845
 30
0.0
 10
160.5460934041279
 20
-123.7958252468285
 30
0.0
  0
SPLINE
  5
34D
330
1F
100
AcDbEntity
  8
Photoreceptor
 62
     7
420
 16777215
370
    18
100
AcDbSpline
210
0.0
220
0.0
230
1.0
 70
    11
 71
     3
 72
   380
 73
   376
 74
     0
 42
0.0000000001
 43
0.0000000001
 12
1.0
 22
0.0
 32
0.0
 13
1.0
 23
0.0
 33
0.0
 40
0.0
 40
0.0
 40
0.0
 40
0.0
 40
1.0
 40
1.0
 40
1.0
 40
2.0
 40
2.0
 40
2.0
 40
3.0
 40
3.0
 40
3.0
 40
4.0
 40
4.0
 40
4.0
 40
5.0
 40
5.0
 40
5.0
 40
6.0
 40
6.0
 40
6.0
 40
7.0
 40
7.0
 40
7.0
 40
8.0
 40
8.0
 40
8.0
 40
9.0
 40
9.0
 40
9.0
 40
10.0
 40
10.0
 40
10.0
 40
11.0
 40
11.0
 40
11.0
 40
12.0
 40
12.0
 40
12.0
 40
13.0
 40
13.0
 40
13.0
 40
14.0
 40
14.0
 40
14.0
 40
15.0
 40
15.0
 40
15.0
 40
16.0
 40
16.0
 40
16.0
 40
17.0
 40
17.0
 40
17.0
 40
18.0
 40
18.0
 40
18.0
 40
19.0
 40
19.0
 40
19.0
 40
20.0
 40
20.0
 40
20.0
 40
21.0
 40
21.0
 40
21.0
 40
22.0
 40
22.0
 40
22.0
 40
23.0
 40
23.0
 40
23.0
 40
24.0
 40
24.0
 40
24.0
 40
25.0
 40
25.0
 40
25.0
 40
26.0
 40
26.0
 40
26.0
 40
27.0
 40
27.0
 40
27.0
 40
28.0
 40
28.0
 40
28.0
 40
29.0
 40
29.0
 40
29.0
 40
30.0
 40
30.0
 40
30.0
 40
31.0
 40
31.0
 40
31.0
 40
32.0
 40
32.0
 40
32.0
 40
33.0
 40
33.0
 40
33.0
 40
34.0
 40
34.0
 40
34.0
 40
35.0
 40
35.0
 40
35.0
 40
36.0
 40
36.0
 40
36.0
 40
37.0
 40
37.0
 40
37.0
 40
38.0
 40
38.0
 40
38.0
 40
39.0
 40
39.0
 40
39.0
 40
40.0
 40
40.0
 40
40.0
 40
41.0
 40
41.0
 40
41.0
 40
42.0
 40
42.0
 40
42.0
 40
43.0
 40
43.0
 40
43.0
 40
44.0
 40
44.0
 40
44.0
 40
45.0
 40
45.0
 40
45.0
 40
46.0
 40
46.0
 40
46.0
 40
47.0
 40
47.0
 40
47.0
 40
48.0
 40
48.0
 40
48.0
 40
49.0
 40
49.0
 40
49.0
 40
50.0
 40
50.0
 40
50.0
 40
51.0
 40
51.0
 40
51.0
 40
52.0
 40
52.0
 40
52.0
 40
53.0
 40
53.0
 40
53.0
 40
54.0
 40
54.0
 40
54.0
 40
55.0
 40
55.0
 40
55.0
 40
56.0
 40
56.0
 40
56.0
 40
57.0
 40
57.0
 40
57.0
 40
58.0
 40
58.0
 40
58.0
 40
59.0
 40
59.0
 40
59.0
 40
60.0
 40
60.0
 40
60.0
 40
61.0
 40
61.0
 40
61.0
 40
62.0
 40
62.0
 40
62.0
 40
63.0
 40
63.0
 40
63.0
 40
64.0
 40
64.0
 40
64.0
 40
65.0
 40
65.0
 40
65.0
 40
66.0
 40
66.0
 40
66.0
 40
67.0
 40
67.0
 40
67.0
 40
68.0
 40
68.0
 40
68.0
 40
69.0
 40
69.0
 40
69.0
 40
70.0
 40
70.0
 40
70.0
 40
71.0
 40
71.0
 40
71.0
 40
72.0
 40
72.0
 40
72.0
 40
73.0
 40
73.0
 40
73.0
 40
74.0
 40
74.0
 40
74.0
 40
75.0
 40
75.0
 40
75.0
 40
76.0
 40
76.0
 40
76.0
 40
77.0
 40
77.0
 40
77.0
 40
78.0
 40
78.0
 40
78.0
 40
79.0
 40
79.0
 40
79.0
 40
80.0
 40
80.0
 40
80.0
 40
81.0
 40
81.0
 40
81.0
 40
82.0
 40
82.0
 40
82.0
 40
83.0
 40
83.0
 40
83.0
 40
84.0
 40
84.0
 40
84.0
 40
85.0
 40
85.0
 40
85.0
 40
86.0
 40
86.0
 40
86.0
 40
87.0
 40
87.0
 40
87.0
 40
88.0
 40
88.0
 40
88.0
 40
89.0
 40
89.0
 40
89.0
 40
90.0
 40
90.0
 40
90.0
 40
91.0
 40
91.0
 40
91.0
 40
92.0
 40
92.0
 40
92.0
 40
93.0
 40
93.0
 40
93.0
 40
94.0
 40
94.0
 40
94.0
 40
95.0
 40
95.0
 40
95.0
 40
96.0
 40
96.0
 40
96.0
 40
97.0
 40
97.0
 40
97.0
 40
98.0
 40
98.0
 40
98.0
 40
99.0
 40
99.0
 40
99.0
 40
100.0
 40
100.0
 40
100.0
 40
101.0
 40
101.0
 40
101.0
 40
102.0
 40
102.0
 40
102.0
 40
103.0
 40
103.0
 40
103.0
 40
104.0
 40
104.0
 40
104.0
 40
105.0
 40
105.0
 40
105.0
 40
106.0
 40
106.0
 40
106.0
 40
107.0
 40
107.0
 40
107.0
 40
108.0
 40
108.0
 40
108.0
 40
109.0
 40
109.0
 40
109.0
 40
110.0
 40
110.0
 40
110.0
 40
111.0
 40
111.0
 40
111.0
 40
112.0
 40
112.0
 40
112.0
 40
113.0
 40
113.0
 40
113.0
 40
114.0
 40
114.0
 40
114.0
 40
115.0
 40
115.0
 40
115.0
 40
116.0
 40
116.0
 40
116.0
 40
117.0
 40
117.0
 40
117.0
 40
118.0
 40
118.0
 40
118.0
 40
119.0
 40
119.0
 40
119.0
 40
120.0
 40
120.0
 40
120.0
 40
121.0
 40
121.0
 40
121.0
 40
122.0
 40
122.0
 40
122.0
 40
123.0
 40
123.0
 40
123.0
 40
124.0
 40
124.0
 40
124.0
 40
125.0
 40
125.0
 40
125.0
 40
125.0
 10
189.1610271185446
 20
-97.38158914232098
 30
0.0
 10
192.2638487060517
 20
-99.5770663639946
 30
0.0
 10
197.2580530230834
 20
-105.3045546958959
 30
0.0
 10
198.7466340962176
 20
-110.5642949723587
 30
0.0
 10
200.5584301611059
 20
-116.9661180263143
 30
0.0
 10
200.5584301611059
 20
-123.7516927468398
 30
0.0
 10
193.2473225698501
 20
-123.7516927468398
 30
0.0
 10
192.8826610628904
 20
-123.7516927468398
 30
0.0
 10
192.3539481481975
 20
-123.8042213579378
 30
0.0
 10
191.8509223276974
 20
-123.5018202469022
 30
0.0
 10
191.2949092863269
 20
-123.1675280247637
 30
0.0
 10
190.7943529102083
 20
-122.4397474693901
 30
0.0
 10
190.7045004125006
 20
-122.2942971916487
 30
0.0
 10
190.686619396773
 20
-122.2653341361005
 30
0.0
 10
190.5526295830422
 20
-122.0488344139324
 30
0.0
 10
190.3545801436501
 20
-121.833851636208
 30
0.0
 10
190.3135873669181
 20
-121.7893663584415
 30
0.0
 10
190.2929851452215
 20
-121.770210525113
 30
0.0
 10
189.9677945979622
 20
-121.483931358518
 30
0.0
 10
189.7123129378135
 20
-121.2590355252406
 30
0.0
 10
189.5839723855321
 20
-121.1461466363801
 30
0.0
 10
189.553421830756
 20
-121.12480358083
 30
0.0
 10
189.3799962796249
 20
-121.0036596919715
 30
0.0
 10
189.2321471167302
 20
-120.9396658030981
 30
0.0
 10
188.9364487909407
 20
-120.8117133031302
 30
0.0
 10
188.7575199066167
 20
-120.7342785809277
 30
0.0
 10
188.6478060205268
 20
-120.6867946920508
 30
0.0
 10
188.4852107468972
 20
-120.6367355253965
 30
0.0
 10
188.2815874187588
 20
-120.574046914301
 30
0.0
 10
188.1245307560989
 20
-120.5471652476412
 30
0.0
 10
187.8406152077867
 20
-120.498587747653
 30
0.0
 10
187.6453879905451
 20
-120.4652149698834
 30
0.0
 10
187.5453402153198
 20
-120.4481052476658
 30
0.0
 10
187.3985846635082
 20
-120.4341352476693
 30
0.0
 10
187.2131999460156
 20
-120.4165316365626
 30
0.0
 10
187.0071471754705
 20
-120.3969171921232
 30
0.0
 10
186.7447816246326
 20
-120.4249277476713
 30
0.0
 10
186.559079407148
 20
-120.4447538587777
 30
0.0
 10
186.4233657994993
 20
-120.4800669143243
 30
0.0
 10
186.2106760827032
 20
-120.535453025422
 30
0.0
 10
186.0264908096244
 20
-120.5833602476322
 30
0.0
 10
185.8795235911516
 20
-120.6319730253974
 30
0.0
 10
185.787060537955
 20
-120.6643580253893
 30
0.0
 10
185.7339721757887
 20
-120.6829494142736
 30
0.0
 10
185.6007585982635
 20
-120.7305391364843
 30
0.0
 10
185.3911027702789
 20
-120.8209208031283
 30
0.0
 10
185.1423638426033
 20
-120.9281299697678
 30
0.0
 10
184.9752836142207
 20
-121.0001319141945
 30
0.0
 10
184.7741297304637
 20
-121.115596080832
 30
0.0
 10
184.4606514051278
 20
-121.2955127474537
 30
0.0
 10
184.2379075219216
 20
-121.4813560807405
 30
0.0
 10
184.0926689145159
 20
-121.603628858488
 30
0.0
 10
183.8559197538892
 20
-121.8030188584384
 30
0.0
 10
183.8656610651445
 20
-121.8289833028763
 30
0.0
 10
183.6875082874116
 20
-121.9627919139535
 30
0.0
 10
183.5954639272006
 20
-122.0319010806031
 30
0.0
 10
183.4852208744576
 20
-122.1058080250294
 30
0.0
 10
183.0797028292477
 20
-122.3127121916441
 30
0.0
 10
182.6164350632888
 20
-122.5490733026961
 30
0.0
 10
182.3848011803094
 20
-122.6672538582219
 30
0.0
 10
182.1404320198771
 20
-122.7455352470913
 30
0.0
 10
181.8458625829478
 20
-122.8398680248457
 30
0.0
 10
181.6070320334853
 20
-122.877650524836
 30
0.0
 10
181.4958364807666
 20
-122.8928552470547
 30
0.0
 10
181.3103812077202
 20
-122.9182199692703
 30
0.0
 10
181.091094546648
 20
-122.9482060803742
 30
0.0
 10
180.8051681650537
 20
-122.9204777470476
 30
0.0
 10
180.5240042833379
 20
-122.89324330261
 30
0.0
 10
180.3834223424799
 20
-122.8796260803912
 30
0.0
 10
180.243440123829
 20
-122.819195247073
 30
0.0
 10
180.1941570695307
 20
-122.797922747078
 30
0.0
 10
180.0801392946618
 20
-122.7444416359805
 30
0.0
 10
179.9303498540388
 20
-122.7455352470913
 30
0.0
 10
179.7999631906986
 20
-122.7464524693133
 30
0.0
 10
179.7489868031102
 20
-122.7879744137476
 30
0.0
 10
179.7277495814298
 20
-122.809987747075
 30
0.0
 10
179.6907079157081
 20
-122.8484405248433
 30
0.0
 10
179.6759618049732
 20
-122.8985349692752
 30
0.0
 10
179.6725045828392
 20
-122.9112702470502
 30
0.0
 10
179.6502090278524
 20
-122.9932558025849
 30
0.0
 10
179.6842520825395
 20
-123.0383055247961
 30
0.0
 10
179.654089583309
 20
-123.0678330247885
 30
0.0
 10
179.6289365283951
 20
-123.0924569136716
 30
0.0
 10
179.5763373630704
 20
-123.0894583025613
 30
0.0
 10
179.5435995861278
 20
-123.0678330247885
 30
0.0
 10
179.4968918095417
 20
-123.0369649692408
 30
0.0
 10
179.4947443995708
 20
-122.9709955248129
 30
0.0
 10
179.4883193097604
 20
-122.9296852470456
 30
0.0
 10
179.47498884402
 20
-122.8434310804002
 30
0.0
 10
179.4119076450431
 20
-122.7708999693075
 30
0.0
 10
179.2857543149282
 20
-122.6258024693439
 30
0.0
 10
179.024910432694
 20
-122.3258355249744
 30
0.0
 10
178.6227084985106
 20
-122.1009044139195
 30
0.0
 10
178.6227084985106
 20
-122.1009044139195
 30
0.0
 10
178.4010935041645
 20
-121.9769735806171
 30
0.0
 10
178.3429557278699
 20
-121.9759505250613
 30
0.0
 10
177.9965279589302
 20
-121.8246441362106
 30
0.0
 10
177.6944090777491
 20
-121.6927052473548
 30
0.0
 10
177.6308032460385
 20
-121.6463855251438
 30
0.0
 10
177.4373751954176
 20
-121.5460202473912
 30
0.0
 10
177.4373751954176
 20
-121.5460202473912
 30
0.0
 10
177.311433531964
 20
-121.4803330251854
 30
0.0
 10
177.1217096479154
 20
-121.3918563585409
 30
0.0
 10
176.7978596561775
 20
-121.2407969141341
 30
0.0
 10
176.4699174423218
 20
-121.087867747506
 30
0.0
 10
176.0627060638217
 20
-120.9774483030891
 30
0.0
 10
175.8733702353187
 20
-120.926119136435
 30
0.0
 10
175.6046946866177
 20
-120.8671346920054
 30
0.0
 10
175.2707552506927
 20
-120.8393358031237
 30
0.0
 10
175.3143938606905
 20
-120.8770830253365
 30
0.0
 10
175.3825152478415
 20
-120.9315871919891
 30
0.0
 10
175.4733555233017
 20
-120.9866558030865
 30
0.0
 10
175.5479327436213
 20
-121.0318819141866
 30
0.0
 10
175.5855741315499
 20
-121.0457813586275
 30
0.0
 10
175.6575407963809
 20
-121.0879735808391
 30
0.0
 10
175.7779438488644
 20
-121.1585644141549
 30
0.0
 10
175.8551669024498
 20
-121.2266858030269
 30
0.0
 10
175.887728290508
 20
-121.253708580798
 30
0.0
 10
176.073395230216
 20
-121.4076608029813
 30
0.0
 10
176.6052429944249
 20
-121.7302408029005
 30
0.0
 10
177.0480496497946
 20
-121.9719994139515
 30
0.0
 10
177.4875401941378
 20
-122.2119235805581
 30
0.0
 10
177.8903110666386
 20
-122.5140777471491
 30
0.0
 10
178.3188257284855
 20
-122.7731577470848
 30
0.0
 10
178.49779439982
 20
-122.8813194137244
 30
0.0
 10
178.6854323857993
 20
-122.9922680248073
 30
0.0
 10
178.7240262737035
 20
-123.1875305247584
 30
0.0
 10
178.7579282172831
 20
-123.3592627469379
 30
0.0
 10
178.6678640529142
 20
-123.5521263580011
 30
0.0
 10
178.7884832886361
 20
-123.68480608019
 30
0.0
 10
178.8241798822595
 20
-123.724070246847
 30
0.0
 10
178.8431240484432
 20
-123.719343024626
 30
0.0
 10
178.8805582886132
 20
-123.7676735801691
 30
0.0
 10
178.9610223787684
 20
-123.8716019134768
 30
0.0
 10
178.9499098790519
 20
-123.9922519134462
 30
0.0
 10
178.9542490456079
 20
-124.0899713578662
 30
0.0
 10
178.9622218231822
 20
-124.2709816355988
 30
0.0
 10
179.0189132106248
 20
-124.2756735800423
 30
0.0
 10
179.0831540423192
 20
-124.5320019133115
 30
0.0
 10
179.1337776521388
 20
-124.7340024688164
 30
0.0
 10
179.1925857061941
 20
-124.9685291354246
 30
0.0
 10
179.1291915411447
 20
-125.2226702464722
 30
0.0
 10
179.0899979310335
 20
-125.3797974686553
 30
0.0
 10
179.0562416219025
 20
-125.3352769131107
 30
0.0
 10
178.8897612694753
 20
-125.738325524121
 30
0.0
 10
178.8320821042801
 20
-125.8780608018638
 30
0.0
 10
178.7956401607654
 20
-125.9671724685082
 30
0.0
 10
178.760856272764
 20
-126.0974885795865
 30
0.0
 10
178.711784885127
 20
-126.2811446906517
 30
0.0
 10
178.7329868290305
 20
-126.295679135093
 30
0.0
 10
178.6871962746432
 20
-126.4013713572883
 30
0.0
 10
178.6229907207256
 20
-126.549361635029
 30
0.0
 10
178.5664404443906
 20
-126.5554294128054
 30
0.0
 10
178.4845960020342
 20
-126.7328766349835
 30
0.0
 10
178.4393698920769
 20
-126.8309488571812
 30
0.0
 10
178.4555976694406
 20
-126.8314074682922
 30
0.0
 10
178.4017285041486
 20
-126.9538919127061
 30
0.0
 10
178.345813227797
 20
-127.0810330237853
 30
0.0
 10
178.2878916220946
 20
-127.1724730237625
 30
0.0
 10
178.2451657303648
 20
-127.2393596904124
 30
0.0
 10
178.1265265667248
 20
-127.4250266348103
 30
0.0
 10
178.031805735808
 20
-127.5236985792304
 30
0.0
 10
178.0425654577557
 20
-127.5340349681167
 30
0.0
 10
178.0517729575212
 20
-127.5428544125588
 30
0.0
 10
178.127337955593
 20
-127.4769202459084
 30
0.0
 10
178.1899207317742
 20
-127.4235096903666
 30
0.0
 10
178.4799393354863
 20
-127.1761066348727
 30
0.0
 10
178.6249309984539
 20
-127.0524227460148
 30
0.0
 10
178.7884832886361
 20
-126.9538919127061
 30
0.0
 10
178.9878027330309
 20
-126.8338063571802
 30
0.0
 10
179.070242375982
 20
-126.830631357181
 30
0.0
 10
179.1383990409098
 20
-126.714461634988
 30
0.0
 10
179.1753348733008
 20
-126.651526079448
 30
0.0
 10
179.1912451506727
 20
-126.584074968354
 30
0.0
 10
179.2581318156329
 20
-126.5578988572497
 30
0.0
 10
179.3073090366005
 20
-126.5386724683655
 30
0.0
 10
179.3600140352559
 20
-126.5511960794735
 30
0.0
 10
179.4606968104651
 20
-126.5763138572451
 30
0.0
 10
179.5195048645203
 20
-126.5910246905747
 30
0.0
 10
179.5488912526595
 20
-126.5983624683507
 30
0.0
 10
179.6080520844835
 20
-126.6223866350109
 30
0.0
 10
179.8073715238429
 20
-126.7033138572129
 30
0.0
 10
180.2694443993771
 20
-126.6370974683405
 30
0.0
 10
180.3907999549023
 20
-126.6223866350109
 30
0.0
 10
180.5947055104074
 20
-126.597621635017
 30
0.0
 10
180.7907042765338
 20
-126.618153301679
 30
0.0
 10
181.1827462109764
 20
-126.6592166350017
 30
0.0
 10
181.7770356402592
 20
-126.7214819127638
 30
0.0
 10
182.2463006282873
 20
-126.8616758016182
 30
0.0
 10
182.5548400648602
 20
-126.9538919127061
 30
0.0
 10
182.7242439494273
 20
-127.0045155238046
 30
0.0
 10
182.7282303382145
 20
-127.013934690469
 30
0.0
 10
182.9323828330061
 20
-127.073589412676
 30
0.0
 10
183.0331055097972
 20
-127.1030463571133
 30
0.0
 10
183.1515636607477
 20
-127.1356430237717
 30
0.0
 10
183.3007181013869
 20
-127.2025296904215
 30
0.0
 10
183.3671860652693
 20
-127.2323041348584
 30
0.0
 10
183.4248958759966
 20
-127.2622549681842
 30
0.0
 10
183.4849033744657
 20
-127.3130196903941
 30
0.0
 10
183.5596922614465
 20
-127.3763080237113
 30
0.0
 10
183.6008614270629
 20
-127.440513579251
 30
0.0
 10
183.613808371177
 20
-127.460374968135
 30
0.0
 10
183.6767792029038
 20
-127.5567891347772
 30
0.0
 10
183.8430433653288
 20
-127.7579077458383
 30
0.0
 10
184.1755364124017
 20
-128.1602155235156
 30
0.0
 10
184.3840986293031
 20
-128.4125221901194
 30
0.0
 10
184.6053608458808
 20
-128.5318669123116
 30
0.0
 10
185.0043172245911
 20
-128.7495660789236
 30
0.0
 10
185.2484041628084
 20
-128.8827749677791
 30
0.0
 10
185.7534408165905
 20
-129.1275321899405
 30
0.0
 10
186.4316913548424
 20
-129.2284266343597
 30
0.0
 10
186.5033805089298
 20
-129.2390805232457
 30
0.0
 10
186.7974160677342
 20
-129.2809552454578
 30
0.0
 10
187.1867768911341
 20
-129.274464134348
 30
0.0
 10
187.3751249418845
 20
-129.2713244121263
 30
0.0
 10
187.6475046571578
 20
-129.2654330232395
 30
0.0
 10
187.9971427037933
 20
-129.1915966343689
 30
0.0
 10
188.1683104772042
 20
-129.1554721899336
 30
0.0
 10
188.4869746357411
 20
-129.0860102455062
 30
0.0
 10
188.8351310157478
 20
-128.9061288566626
 30
0.0
 10
188.9482315684179
 20
-128.8476735788989
 30
0.0
 10
189.0668001765041
 20
-128.7763771900284
 30
0.0
 10
189.1113912864776
 20
-128.7495660789236
 30
0.0
 10
189.2138026727537
 20
-128.6880063567171
 30
0.0
 10
189.3444362805321
 20
-128.6053858011819
 30
0.0
 10
189.5442143309909
 20
-128.4640983012173
 30
0.0
 10
189.7996254355863
 20
-128.28347607904
 30
0.0
 10
189.9273309878834
 20
-128.1931649679517
 30
0.0
 10
190.0599048733901
 20
-128.0773480235365
 30
0.0
 10
190.33006208872
 20
-127.8413044124841
 30
0.0
 10
190.4979490288813
 20
-127.6212063569834
 30
0.0
 10
190.6768779132053
 20
-127.3866796903758
 30
0.0
 10
190.7610859666126
 20
-127.276330801514
 30
0.0
 10
190.8502329087827
 20
-127.1610783015429
 30
0.0
 10
190.9423431842106
 20
-127.0163688571345
 30
0.0
 10
190.9936017940139
 20
-126.9358296904884
 30
0.0
 10
191.0281082855764
 20
-126.8754341349477
 30
0.0
 10
191.036005681821
 20
-126.8617816349514
 30
0.0
 10
191.1521401233026
 20
-126.6621799683346
 30
0.0
 10
191.6126209448881
 20
-126.1082835795839
 30
0.0
 10
192.1743137083359
 20
-125.7948758018845
 30
0.0
 10
192.8268820250208
 20
-125.4307385797534
 30
0.0
 10
193.491515341398
 20
-125.4568088575245
 30
0.0
 10
193.7471028348774
 20
-125.4568088575245
 30
0.0
 10
199.2635240830306
 20
-125.4568088575245
 30
0.0
 10
201.5533340246127
 20
-120.7809510809157
 30
0.0
 10
201.0066695941149
 20
-115.5716227488851
 30
0.0
 10
200.1600029490484
 20
-107.5033833064576
 30
0.0
 10
195.0048966916773
 20
-101.3833944190987
 30
0.0
 10
190.0981860635865
 20
-97.31886525344795
 30
0.0
 10
189.4562315554577
 20
-96.78712330913669
 30
0.0
 10
189.4083596122346
 20
-96.61944803140081
 30
0.0
 10
189.3961887792118
 20
-96.22768830927629
 30
0.0
 10
189.3842296128502
 20
-95.84358386492804
 30
0.0
 10
189.4422262780373
 20
-95.93350692046107
 30
0.0
 10
189.4623346108576
 20
-95.33103303172275
 30
0.0
 10
189.4738351661198
 20
-94.9853813651428
 30
0.0
 10
189.478668221552
 20
-94.80895719851985
 30
0.0
 10
189.4329129449415
 20
-94.63285053189713
 30
0.0
 10
189.3560779469018
 20
-94.33704636530447
 30
0.0
 10
189.2051596174187
 20
-94.14128997646482
 30
0.0
 10
188.9846029563789
 20
-93.86114914320117
 30
0.0
 10
188.6473474094274
 20
-93.43273580997531
 30
0.0
 10
188.5856818554451
 20
-93.50794803217879
 30
0.0
 10
188.3892904715666
 20
-93.20702858780923
 30
0.0
 10
188.135184644716
 20
-92.81770303235088
 30
0.0
 10
188.1540935331225
 20
-92.10459803252928
 30
0.0
 10
188.1540935331225
 20
-92.10459803252928
 30
0.0
 10
188.1540935331225
 20
-92.10459803252928
 30
0.0
 10
188.2055638095871
 20
-91.63423942153568
 30
0.0
 10
188.0787754794885
 20
-91.54050636600358
 30
0.0
 10
188.0653699242749
 20
-91.53059331045067
 30
0.0
 10
187.862169929459
 20
-91.4648708104673
 30
0.0
 10
187.7057835445598
 20
-91.60481775487654
 30
0.0
 10
187.5457282708654
 20
-91.7480455326188
 30
0.0
 10
187.5449168819972
 20
-91.97357636589537
 30
0.0
 10
187.544105493129
 20
-92.2001302547277
 30
0.0
 10
187.5437221753363
 20
-92.30543442136832
 30
0.0
 10
187.553630492886
 20
-92.43479803244662
 30
0.0
 10
187.5955404918168
 20
-92.61171608795806
 30
0.0
 10
187.6880082864115
 20
-93.00188831008265
 30
0.0
 10
187.8544440963227
 20
-93.27818386556908
 30
0.0
 10
187.8968832619067
 20
-93.34665803221885
 30
0.0
 10
188.2741085300607
 20
-93.95537608762238
 30
0.0
 10
188.6124929658722
 20
-93.88873636541646
 30
0.0
 10
188.8743599036358
 20
-94.44175080972276
 30
0.0
 10
188.9526765683045
 20
-94.60713303190384
 30
0.0
 10
189.0712098986138
 20
-94.86702442072757
 30
0.0
 10
188.9552165682397
 20
-95.08849830956116
 30
0.0
 10
188.874889070289
 20
-95.24178025396708
 30
0.0
 10
188.6935965749142
 20
-95.3550219206054
 30
0.0
 10
188.5142443572676
 20
-95.3604546983819
 30
0.0
 10
188.3708401942595
 20
-95.36475858727007
 30
0.0
 10
188.3057526959203
 20
-95.29787192062024
 30
0.0
 10
187.7572185432476
 20
-94.96357969848111
 30
0.0
 10
187.5413538265326
 20
-94.83199358740305
 30
0.0
 10
187.4584510508698
 20
-94.78567386519272
 30
0.0
 10
187.3456679981916
 20
-94.80186636518837
 30
0.0
 10
187.1915041132358
 20
-94.82398553184966
 30
0.0
 10
187.0111641178366
 20
-94.95849969848238
 30
0.0
 10
187.0222766175531
 20
-95.11054692066676
 30
0.0
 10
187.029896617359
 20
-95.21461636508522
 30
0.0
 10
187.1249749532188
 20
-95.29663719839807
 30
0.0
 10
187.2060032795325
 20
-95.33103303172275
 30
0.0
 10
187.3071446658411
 20
-95.37400136504563
 30
0.0
 10
187.3961152191268
 20
-95.34694330949633
 30
0.0
 10
187.4632488285255
 20
-95.3384060872763
 30
0.0
 10
187.7498454878802
 20
-95.30189358728569
 30
0.0
 10
188.0185610641066
 20
-95.55427080944452
 30
0.0
 10
188.1173693673927
 20
-95.64708664275469
 30
0.0
 10
188.1956154765076
 20
-95.72060553162567
 30
0.0
 10
188.574463522398
 20
-96.09807775375342
 30
0.0
 10
188.477484913761
 20
-96.60985247584749
 30
0.0
 10
188.4240038040143
 20
-96.8919688646657
 30
0.0
 10
188.2262013090607
 20
-97.2135963645855
 30
0.0
 10
187.9189318724553
 20
-97.30807025345064
 30
0.0
 10
187.5903546586158
 20
-97.40907053120307
 30
0.0
 10
187.2250885568234
 20
-97.22322719791633
 30
0.0
 10
187.1766168913933
 20
-97.19782719792263
 30
0.0
 10
186.9804018963992
 20
-97.09499247572636
 30
0.0
 10
186.8785549545531
 20
-96.9634416424258
 30
0.0
 10
186.6842096817335
 20
-96.97734108686664
 30
0.0
 10
186.5590441293712
 20
-96.98630164242012
 30
0.0
 10
186.4719080204831
 20
-97.05011914240394
 30
0.0
 10
186.4416749656988
 20
-97.07287330906507
 30
0.0
 10
186.3054321913969
 20
-97.17539053126175
 30
0.0
 10
186.1748691391723
 20
-97.38755108676412
 30
0.0
 10
186.250575248352
 20
-97.55794275338825
 30
0.0
 10
186.3078663580018
 20
-97.68691830891191
 30
0.0
 10
186.4561388542187
 20
-97.73076858667855
 30
0.0
 10
186.4931099643866
 20
-97.74170469778659
 30
0.0
 10
186.6369021829407
 20
-97.7842144199985
 30
0.0
 10
186.7539185688439
 20
-97.74071692000898
 30
0.0
 10
186.8238391226157
 20
-97.72699386445701
 30
0.0
 10
187.2042393906886
 20
-97.65227553114266
 30
0.0
 10
187.8355704856932
 20
-98.13491080879967
 30
0.0
 10
187.8821724289487
 20
-98.68979497532735
 30
0.0
 10
187.9039388172823
 20
-98.94915719748508
 30
0.0
 10
187.7922846534641
 20
-99.15680219743285
 30
0.0
 10
187.735169932699
 20
-99.26305886407292
 30
0.0
 10
187.6895557671961
 20
-99.34790191960722
 30
0.0
 10
187.5370852155304
 20
-99.60726414176494
 30
0.0
 10
187.2207141124906
 20
-99.7701769195017
 30
0.0
 10
187.0490524502033
 20
-99.85854775281297
 30
0.0
 10
186.8387263444581
 20
-99.96685053056392
 30
0.0
 10
186.6547880158174
 20
-99.88775775280571
 30
0.0
 10
186.579858017729
 20
-99.85551386392511
 30
0.0
 10
186.5407349631716
 20
-99.80570164171534
 30
0.0
 10
186.2873346918586
 20
-99.65993386397369
 30
0.0
 10
186.2103938604882
 20
-99.61566025287362
 30
0.0
 10
186.1679899726811
 20
-99.5937880306569
 30
0.0
 10
186.1256213626509
 20
-99.60846358620896
 30
0.0
 10
186.0378149760022
 20
-99.6388730306457
 30
0.0
 10
185.9945996993269
 20
-99.81085219726975
 30
0.0
 10
186.0227513652754
 20
-99.92451719724089
 30
0.0
 10
186.0832880303976
 20
-100.1690274749577
 30
0.0
 10
186.5164991304566
 20
-100.295463030482
 30
0.0
 10
186.8458877331643
 20
-100.3066813638121
 30
0.0
 10
187.4206332740569
 20
-100.3262252526965
 30
0.0
 10
187.9409099274502
 20
-99.85985303059081
 30
0.0
 10
188.1540935331225
 20
-99.39535053070651
 30
0.0
 10
188.3540126946888
 20
-98.95974053081535
 30
0.0
 10
188.4075996377661
 20
-98.25623108654707
 30
0.0
 10
188.5436307454068
 20
-97.73433164223304
 30
0.0
 10
188.5525913007338
 20
-97.69997108668588
 30
0.0
 10
188.6007454661719
 20
-97.52375858672997
 30
0.0
 10
188.7420682403442
 20
-97.40360247564905
 30
0.0
 10
188.8284635159179
 20
-97.3301541423344
 30
0.0
 10
188.9018412918236
 20
-97.31830080900379
 30
0.0
 10
188.9257949023236
 20
-97.31540803122667
 30
0.0
 10
188.9917996228619
 20
-97.30743525345079
 30
0.0
 10
189.0460568436999
 20
-97.32359247566893
 30
0.0
 10
189.0654596209827
 20
-97.33011886455623
 30
0.0
 10
189.0654596209827
 20
-97.33011886455623
 30
0.0
 10
189.1175648974312
 20
-97.35082692010647
 30
0.0
 10
189.1610271185446
 20
-97.38158914232098
 30
0.0
  0
HATCH
  5
34E
330
1F
100
AcDbEntity
  8
Photoreceptor
 62
     7
420
 16777215
100
AcDbHatch
 10
0.0
 20
0.0
 30
0.0
210
0.0
220
0.0
230
1.0
  2
SOLID
 70
     1
 71
     0
 91
        1
 92
        1
 93
        1
 72
     4
 94
        3
 73
     0
 74
     1
 95
      380
 96
      376
 40
0.0
 40
0.0
 40
0.0
 40
0.0
 40
1.0
 40
1.0
 40
1.0
 40
2.0
 40
2.0
 40
2.0
 40
3.0
 40
3.0
 40
3.0
 40
4.0
 40
4.0
 40
4.0
 40
5.0
 40
5.0
 40
5.0
 40
6.0
 40
6.0
 40
6.0
 40
7.0
 40
7.0
 40
7.0
 40
8.0
 40
8.0
 40
8.0
 40
9.0
 40
9.0
 40
9.0
 40
10.0
 40
10.0
 40
10.0
 40
11.0
 40
11.0
 40
11.0
 40
12.0
 40
12.0
 40
12.0
 40
13.0
 40
13.0
 40
13.0
 40
14.0
 40
14.0
 40
14.0
 40
15.0
 40
15.0
 40
15.0
 40
16.0
 40
16.0
 40
16.0
 40
17.0
 40
17.0
 40
17.0
 40
18.0
 40
18.0
 40
18.0
 40
19.0
 40
19.0
 40
19.0
 40
20.0
 40
20.0
 40
20.0
 40
21.0
 40
21.0
 40
21.0
 40
22.0
 40
22.0
 40
22.0
 40
23.0
 40
23.0
 40
23.0
 40
24.0
 40
24.0
 40
24.0
 40
25.0
 40
25.0
 40
25.0
 40
26.0
 40
26.0
 40
26.0
 40
27.0
 40
27.0
 40
27.0
 40
28.0
 40
28.0
 40
28.0
 40
29.0
 40
29.0
 40
29.0
 40
30.0
 40
30.0
 40
30.0
 40
31.0
 40
31.0
 40
31.0
 40
32.0
 40
32.0
 40
32.0
 40
33.0
 40
33.0
 40
33.0
 40
34.0
 40
34.0
 40
34.0
 40
35.0
 40
35.0
 40
35.0
 40
36.0
 40
36.0
 40
36.0
 40
37.0
 40
37.0
 40
37.0
 40
38.0
 40
38.0
 40
38.0
 40
39.0
 40
39.0
 40
39.0
 40
40.0
 40
40.0
 40
40.0
 40
41.0
 40
41.0
 40
41.0
 40
42.0
 40
42.0
 40
42.0
 40
43.0
 40
43.0
 40
43.0
 40
44.0
 40
44.0
 40
44.0
 40
45.0
 40
45.0
 40
45.0
 40
46.0
 40
46.0
 40
46.0
 40
47.0
 40
47.0
 40
47.0
 40
48.0
 40
48.0
 40
48.0
 40
49.0
 40
49.0
 40
49.0
 40
50.0
 40
50.0
 40
50.0
 40
51.0
 40
51.0
 40
51.0
 40
52.0
 40
52.0
 40
52.0
 40
53.0
 40
53.0
 40
53.0
 40
54.0
 40
54.0
 40
54.0
 40
55.0
 40
55.0
 40
55.0
 40
56.0
 40
56.0
 40
56.0
 40
57.0
 40
57.0
 40
57.0
 40
58.0
 40
58.0
 40
58.0
 40
59.0
 40
59.0
 40
59.0
 40
60.0
 40
60.0
 40
60.0
 40
61.0
 40
61.0
 40
61.0
 40
62.0
 40
62.0
 40
62.0
 40
63.0
 40
63.0
 40
63.0
 40
64.0
 40
64.0
 40
64.0
 40
65.0
 40
65.0
 40
65.0
 40
66.0
 40
66.0
 40
66.0
 40
67.0
 40
67.0
 40
67.0
 40
68.0
 40
68.0
 40
68.0
 40
69.0
 40
69.0
 40
69.0
 40
70.0
 40
70.0
 40
70.0
 40
71.0
 40
71.0
 40
71.0
 40
72.0
 40
72.0
 40
72.0
 40
73.0
 40
73.0
 40
73.0
 40
74.0
 40
74.0
 40
74.0
 40
75.0
 40
75.0
 40
75.0
 40
76.0
 40
76.0
 40
76.0
 40
77.0
 40
77.0
 40
77.0
 40
78.0
 40
78.0
 40
78.0
 40
79.0
 40
79.0
 40
79.0
 40
80.0
 40
80.0
 40
80.0
 40
81.0
 40
81.0
 40
81.0
 40
82.0
 40
82.0
 40
82.0
 40
83.0
 40
83.0
 40
83.0
 40
84.0
 40
84.0
 40
84.0
 40
85.0
 40
85.0
 40
85.0
 40
86.0
 40
86.0
 40
86.0
 40
87.0
 40
87.0
 40
87.0
 40
88.0
 40
88.0
 40
88.0
 40
89.0
 40
89.0
 40
89.0
 40
90.0
 40
90.0
 40
90.0
 40
91.0
 40
91.0
 40
91.0
 40
92.0
 40
92.0
 40
92.0
 40
93.0
 40
93.0
 40
93.0
 40
94.0
 40
94.0
 40
94.0
 40
95.0
 40
95.0
 40
95.0
 40
96.0
 40
96.0
 40
96.0
 40
97.0
 40
97.0
 40
97.0
 40
98.0
 40
98.0
 40
98.0
 40
99.0
 40
99.0
 40
99.0
 40
100.0
 40
100.0
 40
100.0
 40
101.0
 40
101.0
 40
101.0
 40
102.0
 40
102.0
 40
102.0
 40
103.0
 40
103.0
 40
103.0
 40
104.0
 40
104.0
 40
104.0
 40
105.0
 40
105.0
 40
105.0
 40
106.0
 40
106.0
 40
106.0
 40
107.0
 40
107.0
 40
107.0
 40
108.0
 40
108.0
 40
108.0
 40
109.0
 40
109.0
 40
109.0
 40
110.0
 40
110.0
 40
110.0
 40
111.0
 40
111.0
 40
111.0
 40
112.0
 40
112.0
 40
112.0
 40
113.0
 40
113.0
 40
113.0
 40
114.0
 40
114.0
 40
114.0
 40
115.0
 40
115.0
 40
115.0
 40
116.0
 40
116.0
 40
116.0
 40
117.0
 40
117.0
 40
117.0
 40
118.0
 40
118.0
 40
118.0
 40
119.0
 40
119.0
 40
119.0
 40
120.0
 40
120.0
 40
120.0
 40
121.0
 40
121.0
 40
121.0
 40
122.0
 40
122.0
 40
122.0
 40
123.0
 40
123.0
 40
123.0
 40
124.0
 40
124.0
 40
124.0
 40
125.0
 40
125.0
 40
125.0
 40
125.0
 10
189.1610271185446
 20
-97.38158914232098
 10
192.2638487060517
 20
-99.5770663639946
 10
197.2580530230834
 20
-105.3045546958959
 10
198.7466340962176
 20
-110.5642949723587
 10
200.5584301611059
 20
-116.9661180263143
 10
200.5584301611059
 20
-123.7516927468398
 10
193.2473225698501
 20
-123.7516927468398
 10
192.8826610628904
 20
-123.7516927468398
 10
192.3539481481975
 20
-123.8042213579378
 10
191.8509223276974
 20
-123.5018202469022
 10
191.2949092863269
 20
-123.1675280247637
 10
190.7943529102083
 20
-122.4397474693901
 10
190.7045004125006
 20
-122.2942971916487
 10
190.686619396773
 20
-122.2653341361005
 10
190.5526295830422
 20
-122.0488344139324
 10
190.3545801436501
 20
-121.833851636208
 10
190.3135873669181
 20
-121.7893663584415
 10
190.2929851452215
 20
-121.770210525113
 10
189.9677945979622
 20
-121.483931358518
 10
189.7123129378135
 20
-121.2590355252406
 10
189.5839723855321
 20
-121.1461466363801
 10
189.553421830756
 20
-121.12480358083
 10
189.3799962796249
 20
-121.0036596919715
 10
189.2321471167302
 20
-120.9396658030981
 10
188.9364487909407
 20
-120.8117133031302
 10
188.7575199066167
 20
-120.7342785809277
 10
188.6478060205268
 20
-120.6867946920508
 10
188.4852107468972
 20
-120.6367355253965
 10
188.2815874187588
 20
-120.574046914301
 10
188.1245307560989
 20
-120.5471652476412
 10
187.8406152077867
 20
-120.498587747653
 10
187.6453879905451
 20
-120.4652149698834
 10
187.5453402153198
 20
-120.4481052476658
 10
187.3985846635082
 20
-120.4341352476693
 10
187.2131999460156
 20
-120.4165316365626
 10
187.0071471754705
 20
-120.3969171921232
 10
186.7447816246326
 20
-120.4249277476713
 10
186.559079407148
 20
-120.4447538587777
 10
186.4233657994993
 20
-120.4800669143243
 10
186.2106760827032
 20
-120.535453025422
 10
186.0264908096244
 20
-120.5833602476322
 10
185.8795235911516
 20
-120.6319730253974
 10
185.787060537955
 20
-120.6643580253893
 10
185.7339721757887
 20
-120.6829494142736
 10
185.6007585982635
 20
-120.7305391364843
 10
185.3911027702789
 20
-120.8209208031283
 10
185.1423638426033
 20
-120.9281299697678
 10
184.9752836142207
 20
-121.0001319141945
 10
184.7741297304637
 20
-121.115596080832
 10
184.4606514051278
 20
-121.2955127474537
 10
184.2379075219216
 20
-121.4813560807405
 10
184.0926689145159
 20
-121.603628858488
 10
183.8559197538892
 20
-121.8030188584384
 10
183.8656610651445
 20
-121.8289833028763
 10
183.6875082874116
 20
-121.9627919139535
 10
183.5954639272006
 20
-122.0319010806031
 10
183.4852208744576
 20
-122.1058080250294
 10
183.0797028292477
 20
-122.3127121916441
 10
182.6164350632888
 20
-122.5490733026961
 10
182.3848011803094
 20
-122.6672538582219
 10
182.1404320198771
 20
-122.7455352470913
 10
181.8458625829478
 20
-122.8398680248457
 10
181.6070320334853
 20
-122.877650524836
 10
181.4958364807666
 20
-122.8928552470547
 10
181.3103812077202
 20
-122.9182199692703
 10
181.091094546648
 20
-122.9482060803742
 10
180.8051681650537
 20
-122.9204777470476
 10
180.5240042833379
 20
-122.89324330261
 10
180.3834223424799
 20
-122.8796260803912
 10
180.243440123829
 20
-122.819195247073
 10
180.1941570695307
 20
-122.797922747078
 10
180.0801392946618
 20
-122.7444416359805
 10
179.9303498540388
 20
-122.7455352470913
 10
179.7999631906986
 20
-122.7464524693133
 10
179.7489868031102
 20
-122.7879744137476
 10
179.7277495814298
 20
-122.809987747075
 10
179.6907079157081
 20
-122.8484405248433
 10
179.6759618049732
 20
-122.8985349692752
 10
179.6725045828392
 20
-122.9112702470502
 10
179.6502090278524
 20
-122.9932558025849
 10
179.6842520825395
 20
-123.0383055247961
 10
179.654089583309
 20
-123.0678330247885
 10
179.6289365283951
 20
-123.0924569136716
 10
179.5763373630704
 20
-123.0894583025613
 10
179.5435995861278
 20
-123.0678330247885
 10
179.4968918095417
 20
-123.0369649692408
 10
179.4947443995708
 20
-122.9709955248129
 10
179.4883193097604
 20
-122.9296852470456
 10
179.47498884402
 20
-122.8434310804002
 10
179.4119076450431
 20
-122.7708999693075
 10
179.2857543149282
 20
-122.6258024693439
 10
179.024910432694
 20
-122.3258355249744
 10
178.6227084985106
 20
-122.1009044139195
 10
178.6227084985106
 20
-122.1009044139195
 10
178.4010935041645
 20
-121.9769735806171
 10
178.3429557278699
 20
-121.9759505250613
 10
177.9965279589302
 20
-121.8246441362106
 10
177.6944090777491
 20
-121.6927052473548
 10
177.6308032460385
 20
-121.6463855251438
 10
177.4373751954176
 20
-121.5460202473912
 10
177.4373751954176
 20
-121.5460202473912
 10
177.311433531964
 20
-121.4803330251854
 10
177.1217096479154
 20
-121.3918563585409
 10
176.7978596561775
 20
-121.2407969141341
 10
176.4699174423218
 20
-121.087867747506
 10
176.0627060638217
 20
-120.9774483030891
 10
175.8733702353187
 20
-120.926119136435
 10
175.6046946866177
 20
-120.8671346920054
 10
175.2707552506927
 20
-120.8393358031237
 10
175.3143938606905
 20
-120.8770830253365
 10
175.3825152478415
 20
-120.9315871919891
 10
175.4733555233017
 20
-120.9866558030865
 10
175.5479327436213
 20
-121.0318819141866
 10
175.5855741315499
 20
-121.0457813586275
 10
175.6575407963809
 20
-121.0879735808391
 10
175.7779438488644
 20
-121.1585644141549
 10
175.8551669024498
 20
-121.2266858030269
 10
175.887728290508
 20
-121.253708580798
 10
176.073395230216
 20
-121.4076608029813
 10
176.6052429944249
 20
-121.7302408029005
 10
177.0480496497946
 20
-121.9719994139515
 10
177.4875401941378
 20
-122.2119235805581
 10
177.8903110666386
 20
-122.5140777471491
 10
178.3188257284855
 20
-122.7731577470848
 10
178.49779439982
 20
-122.8813194137244
 10
178.6854323857993
 20
-122.9922680248073
 10
178.7240262737035
 20
-123.1875305247584
 10
178.7579282172831
 20
-123.3592627469379
 10
178.6678640529142
 20
-123.5521263580011
 10
178.7884832886361
 20
-123.68480608019
 10
178.8241798822595
 20
-123.724070246847
 10
178.8431240484432
 20
-123.719343024626
 10
178.8805582886132
 20
-123.7676735801691
 10
178.9610223787684
 20
-123.8716019134768
 10
178.9499098790519
 20
-123.9922519134462
 10
178.9542490456079
 20
-124.0899713578662
 10
178.9622218231822
 20
-124.2709816355988
 10
179.0189132106248
 20
-124.2756735800423
 10
179.0831540423192
 20
-124.5320019133115
 10
179.1337776521388
 20
-124.7340024688164
 10
179.1925857061941
 20
-124.9685291354246
 10
179.1291915411447
 20
-125.2226702464722
 10
179.0899979310335
 20
-125.3797974686553
 10
179.0562416219025
 20
-125.3352769131107
 10
178.8897612694753
 20
-125.738325524121
 10
178.8320821042801
 20
-125.8780608018638
 10
178.7956401607654
 20
-125.9671724685082
 10
178.760856272764
 20
-126.0974885795865
 10
178.711784885127
 20
-126.2811446906517
 10
178.7329868290305
 20
-126.295679135093
 10
178.6871962746432
 20
-126.4013713572883
 10
178.6229907207256
 20
-126.549361635029
 10
178.5664404443906
 20
-126.5554294128054
 10
178.4845960020342
 20
-126.7328766349835
 10
178.4393698920769
 20
-126.8309488571812
 10
178.4555976694406
 20
-126.8314074682922
 10
178.4017285041486
 20
-126.9538919127061
 10
178.345813227797
 20
-127.0810330237853
 10
178.2878916220946
 20
-127.1724730237625
 10
178.2451657303648
 20
-127.2393596904124
 10
178.1265265667248
 20
-127.4250266348103
 10
178.031805735808
 20
-127.5236985792304
 10
178.0425654577557
 20
-127.5340349681167
 10
178.0517729575212
 20
-127.5428544125588
 10
178.127337955593
 20
-127.4769202459084
 10
178.1899207317742
 20
-127.4235096903666
 10
178.4799393354863
 20
-127.1761066348727
 10
178.6249309984539
 20
-127.0524227460148
 10
178.7884832886361
 20
-126.9538919127061
 10
178.9878027330309
 20
-126.8338063571802
 10
179.070242375982
 20
-126.830631357181
 10
179.1383990409098
 20
-126.714461634988
 10
179.1753348733008
 20
-126.651526079448
 10
179.1912451506727
 20
-126.584074968354
 10
179.2581318156329
 20
-126.5578988572497
 10
179.3073090366005
 20
-126.5386724683655
 10
179.3600140352559
 20
-126.5511960794735
 10
179.4606968104651
 20
-126.5763138572451
 10
179.5195048645203
 20
-126.5910246905747
 10
179.5488912526595
 20
-126.5983624683507
 10
179.6080520844835
 20
-126.6223866350109
 10
179.8073715238429
 20
-126.7033138572129
 10
180.2694443993771
 20
-126.6370974683405
 10
180.3907999549023
 20
-126.6223866350109
 10
180.5947055104074
 20
-126.597621635017
 10
180.7907042765338
 20
-126.618153301679
 10
181.1827462109764
 20
-126.6592166350017
 10
181.7770356402592
 20
-126.7214819127638
 10
182.2463006282873
 20
-126.8616758016182
 10
182.5548400648602
 20
-126.9538919127061
 10
182.7242439494273
 20
-127.0045155238046
 10
182.7282303382145
 20
-127.013934690469
 10
182.9323828330061
 20
-127.073589412676
 10
183.0331055097972
 20
-127.1030463571133
 10
183.1515636607477
 20
-127.1356430237717
 10
183.3007181013869
 20
-127.2025296904215
 10
183.3671860652693
 20
-127.2323041348584
 10
183.4248958759966
 20
-127.2622549681842
 10
183.4849033744657
 20
-127.3130196903941
 10
183.5596922614465
 20
-127.3763080237113
 10
183.6008614270629
 20
-127.440513579251
 10
183.613808371177
 20
-127.460374968135
 10
183.6767792029038
 20
-127.5567891347772
 10
183.8430433653288
 20
-127.7579077458383
 10
184.1755364124017
 20
-128.1602155235156
 10
184.3840986293031
 20
-128.4125221901194
 10
184.6053608458808
 20
-128.5318669123116
 10
185.0043172245911
 20
-128.7495660789236
 10
185.2484041628084
 20
-128.8827749677791
 10
185.7534408165905
 20
-129.1275321899405
 10
186.4316913548424
 20
-129.2284266343597
 10
186.5033805089298
 20
-129.2390805232457
 10
186.7974160677342
 20
-129.2809552454578
 10
187.1867768911341
 20
-129.274464134348
 10
187.3751249418845
 20
-129.2713244121263
 10
187.6475046571578
 20
-129.2654330232395
 10
187.9971427037933
 20
-129.1915966343689
 10
188.1683104772042
 20
-129.1554721899336
 10
188.4869746357411
 20
-129.0860102455062
 10
188.8351310157478
 20
-128.9061288566626
 10
188.9482315684179
 20
-128.8476735788989
 10
189.0668001765041
 20
-128.7763771900284
 10
189.1113912864776
 20
-128.7495660789236
 10
189.2138026727537
 20
-128.6880063567171
 10
189.3444362805321
 20
-128.6053858011819
 10
189.5442143309909
 20
-128.4640983012173
 10
189.7996254355863
 20
-128.28347607904
 10
189.9273309878834
 20
-128.1931649679517
 10
190.0599048733901
 20
-128.0773480235365
 10
190.33006208872
 20
-127.8413044124841
 10
190.4979490288813
 20
-127.6212063569834
 10
190.6768779132053
 20
-127.3866796903758
 10
190.7610859666126
 20
-127.276330801514
 10
190.8502329087827
 20
-127.1610783015429
 10
190.9423431842106
 20
-127.0163688571345
 10
190.9936017940139
 20
-126.9358296904884
 10
191.0281082855764
 20
-126.8754341349477
 10
191.036005681821
 20
-126.8617816349514
 10
191.1521401233026
 20
-126.6621799683346
 10
191.6126209448881
 20
-126.1082835795839
 10
192.1743137083359
 20
-125.7948758018845
 10
192.8268820250208
 20
-125.4307385797534
 10
193.491515341398
 20
-125.4568088575245
 10
193.7471028348774
 20
-125.4568088575245
 10
199.2635240830306
 20
-125.4568088575245
 10
201.5533340246127
 20
-120.7809510809157
 10
201.0066695941149
 20
-115.5716227488851
 10
200.1600029490484
 20
-107.5033833064576
 10
195.0048966916773
 20
-101.3833944190987
 10
190.0981860635865
 20
-97.31886525344795
 10
189.4562315554577
 20
-96.78712330913669
 10
189.4083596122346
 20
-96.61944803140081
 10
189.3961887792118
 20
-96.22768830927629
 10
189.3842296128502
 20
-95.84358386492804
 10
189.4422262780373
 20
-95.93350692046107
 10
189.4623346108576
 20
-95.33103303172275
 10
189.4738351661198
 20
-94.9853813651428
 10
189.478668221552
 20
-94.80895719851985
 10
189.4329129449415
 20
-94.63285053189713
 10
189.3560779469018
 20
-94.33704636530447
 10
189.2051596174187
 20
-94.14128997646482
 10
188.9846029563789
 20
-93.86114914320117
 10
188.6473474094274
 20
-93.43273580997531
 10
188.5856818554451
 20
-93.50794803217879
 10
188.3892904715666
 20
-93.20702858780923
 10
188.135184644716
 20
-92.81770303235088
 10
188.1540935331225
 20
-92.10459803252928
 10
188.1540935331225
 20
-92.10459803252928
 10
188.1540935331225
 20
-92.10459803252928
 10
188.2055638095871
 20
-91.63423942153568
 10
188.0787754794885
 20
-91.54050636600358
 10
188.0653699242749
 20
-91.53059331045067
 10
187.862169929459
 20
-91.4648708104673
 10
187.7057835445598
 20
-91.60481775487654
 10
187.5457282708654
 20
-91.7480455326188
 10
187.5449168819972
 20
-91.97357636589537
 10
187.544105493129
 20
-92.2001302547277
 10
187.5437221753363
 20
-92.30543442136832
 10
187.553630492886
 20
-92.43479803244662
 10
187.5955404918168
 20
-92.61171608795806
 10
187.6880082864115
 20
-93.00188831008265
 10
187.8544440963227
 20
-93.27818386556908
 10
187.8968832619067
 20
-93.34665803221885
 10
188.2741085300607
 20
-93.95537608762238
 10
188.6124929658722
 20
-93.88873636541646
 10
188.8743599036358
 20
-94.44175080972276
 10
188.9526765683045
 20
-94.60713303190384
 10
189.0712098986138
 20
-94.86702442072757
 10
188.9552165682397
 20
-95.08849830956116
 10
188.874889070289
 20
-95.24178025396708
 10
188.6935965749142
 20
-95.3550219206054
 10
188.5142443572676
 20
-95.3604546983819
 10
188.3708401942595
 20
-95.36475858727007
 10
188.3057526959203
 20
-95.29787192062024
 10
187.7572185432476
 20
-94.96357969848111
 10
187.5413538265326
 20
-94.83199358740305
 10
187.4584510508698
 20
-94.78567386519272
 10
187.3456679981916
 20
-94.80186636518837
 10
187.1915041132358
 20
-94.82398553184966
 10
187.0111641178366
 20
-94.95849969848238
 10
187.0222766175531
 20
-95.11054692066676
 10
187.029896617359
 20
-95.21461636508522
 10
187.1249749532188
 20
-95.29663719839807
 10
187.2060032795325
 20
-95.33103303172275
 10
187.3071446658411
 20
-95.37400136504563
 10
187.3961152191268
 20
-95.34694330949633
 10
187.4632488285255
 20
-95.3384060872763
 10
187.7498454878802
 20
-95.30189358728569
 10
188.0185610641066
 20
-95.55427080944452
 10
188.1173693673927
 20
-95.64708664275469
 10
188.1956154765076
 20
-95.72060553162567
 10
188.574463522398
 20
-96.09807775375342
 10
188.477484913761
 20
-96.60985247584749
 10
188.4240038040143
 20
-96.8919688646657
 10
188.2262013090607
 20
-97.2135963645855
 10
187.9189318724553
 20
-97.30807025345064
 10
187.5903546586158
 20
-97.40907053120307
 10
187.2250885568234
 20
-97.22322719791633
 10
187.1766168913933
 20
-97.19782719792263
 10
186.9804018963992
 20
-97.09499247572636
 10
186.8785549545531
 20
-96.9634416424258
 10
186.6842096817335
 20
-96.97734108686664
 10
186.5590441293712
 20
-96.98630164242012
 10
186.4719080204831
 20
-97.05011914240394
 10
186.4416749656988
 20
-97.07287330906507
 10
186.3054321913969
 20
-97.17539053126175
 10
186.1748691391723
 20
-97.38755108676412
 10
186.250575248352
 20
-97.55794275338825
 10
186.3078663580018
 20
-97.68691830891191
 10
186.4561388542187
 20
-97.73076858667855
 10
186.4931099643866
 20
-97.74170469778659
 10
186.6369021829407
 20
-97.7842144199985
 10
186.7539185688439
 20
-97.74071692000898
 10
186.8238391226157
 20
-97.72699386445701
 10
187.2042393906886
 20
-97.65227553114266
 10
187.8355704856932
 20
-98.13491080879967
 10
187.8821724289487
 20
-98.68979497532735
 10
187.9039388172823
 20
-98.94915719748508
 10
187.7922846534641
 20
-99.15680219743285
 10
187.735169932699
 20
-99.26305886407292
 10
187.6895557671961
 20
-99.34790191960722
 10
187.5370852155304
 20
-99.60726414176494
 10
187.2207141124906
 20
-99.7701769195017
 10
187.0490524502033
 20
-99.85854775281297
 10
186.8387263444581
 20
-99.96685053056392
 10
186.6547880158174
 20
-99.88775775280571
 10
186.579858017729
 20
-99.85551386392511
 10
186.5407349631716
 20
-99.80570164171534
 10
186.2873346918586
 20
-99.65993386397369
 10
186.2103938604882
 20
-99.61566025287362
 10
186.1679899726811
 20
-99.5937880306569
 10
186.1256213626509
 20
-99.60846358620896
 10
186.0378149760022
 20
-99.6388730306457
 10
185.9945996993269
 20
-99.81085219726975
 10
186.0227513652754
 20
-99.92451719724089
 10
186.0832880303976
 20
-100.1690274749577
 10
186.5164991304566
 20
-100.295463030482
 10
186.8458877331643
 20
-100.3066813638121
 10
187.4206332740569
 20
-100.3262252526965
 10
187.9409099274502
 20
-99.85985303059081
 10
188.1540935331225
 20
-99.39535053070651
 10
188.3540126946888
 20
-98.95974053081535
 10
188.4075996377661
 20
-98.25623108654707
 10
188.5436307454068
 20
-97.73433164223304
 10
188.5525913007338
 20
-97.69997108668588
 10
188.6007454661719
 20
-97.52375858672997
 10
188.7420682403442
 20
-97.40360247564905
 10
188.8284635159179
 20
-97.3301541423344
 10
188.9018412918236
 20
-97.31830080900379
 10
188.9257949023236
 20
-97.31540803122667
 10
188.9917996228619
 20
-97.30743525345079
 10
189.0460568436999
 20
-97.32359247566893
 10
189.0654596209827
 20
-97.33011886455623
 10
189.0654596209827
 20
-97.33011886455623
 10
189.1175648974312
 20
-97.35082692010647
 10
189.1610271185446
 20
-97.38158914232098
 97
        0
 97
        0
 75
     2
 76
     1
 98
        0
  0
POLYLINE
  5
34F
330
1F
100
AcDbEntity
  8
Photoreceptor
 62
     7
420
 16777215
370
    18
100
AcDb2dPolyline
 66
     1
 10
0.0
 20
0.0
 30
0.0
  0
VERTEX
  5
350
330
34F
100
AcDbEntity
  8
Photoreceptor
 62
     7
420
 16777215
370
    18
100
AcDbVertex
100
AcDb2dVertex
 10
191.4688287263343
 20
-125.4712727464101
 30
0.0
  0
VERTEX
  5
654
330
34F
100
AcDbEntity
  8
0
100
AcDbVertex
100
AcDb2dVertex
 10
191.4688287263343
 20
-125.4712727464101
 30
0.0
  0
SEQEND
  5
351
330
34F
100
AcDbEntity
  8
Photoreceptor
 62
     7
420
 16777215
370
    18
  0
POLYLINE
  5
352
330
1F
100
AcDbEntity
  8
Photoreceptor
 62
     7
420
 16777215
370
    18
100
AcDb2dPolyline
 66
     1
 10
0.0
 20
0.0
 30
0.0
  0
VERTEX
  5
353
330
352
100
AcDbEntity
  8
Photoreceptor
 62
     7
420
 16777215
370
    18
100
AcDbVertex
100
AcDb2dVertex
 10
191.5086926142062
 20
-125.1256210798295
 30
0.0
  0
VERTEX
  5
655
330
352
100
AcDbEntity
  8
0
100
AcDbVertex
100
AcDb2dVertex
 10
191.5086926142062
 20
-125.1256210798295
 30
0.0
  0
SEQEND
  5
354
330
352
100
AcDbEntity
  8
Photoreceptor
 62
     7
420
 16777215
370
    18
  0
SPLINE
  5
355
330
1F
100
AcDbEntity
  8
Photoreceptor
370
     0
100
AcDbSpline
210
0.0
220
0.0
230
1.0
 70
    11
 71
     3
 72
    44
 73
    40
 74
     0
 42
0.0000000001
 43
0.0000000001
 12
1.0
 22
0.0
 32
0.0
 13
1.0
 23
0.0
 33
0.0
 40
0.0
 40
0.0
 40
0.0
 40
0.0
 40
1.0
 40
1.0
 40
1.0
 40
2.0
 40
2.0
 40
2.0
 40
3.0
 40
3.0
 40
3.0
 40
4.0
 40
4.0
 40
4.0
 40
5.0
 40
5.0
 40
5.0
 40
6.0
 40
6.0
 40
6.0
 40
7.0
 40
7.0
 40
7.0
 40
8.0
 40
8.0
 40
8.0
 40
9.0
 40
9.0
 40
9.0
 40
10.0
 40
10.0
 40
10.0
 40
11.0
 40
11.0
 40
11.0
 40
12.0
 40
12.0
 40
12.0
 40
13.0
 40
13.0
 40
13.0
 40
13.0
 10
161.1411277374926
 20
-124.5072721910952
 30
0.0
 10
161.0664758908519
 20
-124.2595163578241
 30
0.0
 10
161.2112558871582
 20
-124.1209452467478
 30
0.0
 10
161.1779536657856
 20
-123.7982241357172
 30
0.0
 10
161.1655006105478
 20
-123.6777152468585
 30
0.0
 10
161.1356556113092
 20
-123.6033849690994
 30
0.0
 10
161.1595386662554
 20
-123.466718858022
 30
0.0
 10
161.1720269992701
 20
-123.3952108024844
 30
0.0
 10
161.1902656099159
 20
-123.2987966358422
 30
0.0
 10
161.2700286634366
 20
-123.2457035803
 30
0.0
 10
161.3356453284292
 20
-123.2019944136441
 30
0.0
 10
161.4144206041973
 20
-123.2065452469762
 30
0.0
 10
161.4542139365154
 20
-123.2088735803091
 30
0.0
 10
161.4933369910729
 20
-123.2111313580864
 30
0.0
 10
161.5430433786936
 20
-123.2139888580854
 30
0.0
 10
161.5923305151574
 20
-123.2457035803
 30
0.0
 10
161.6387872651399
 20
-123.275548580292
 30
0.0
 10
161.6604830979197
 20
-123.3153419136156
 30
0.0
 10
161.7028517079499
 20
-123.3930235802628
 30
0.0
 10
161.7114594855081
 20
-123.4088280247031
 30
0.0
 10
161.7388703181421
 20
-123.4594869135798
 30
0.0
 10
161.7580967065405
 20
-123.5127563580109
 30
0.0
 10
161.8223022604583
 20
-123.6906974690774
 30
0.0
 10
161.7702675395633
 20
-123.8294096912651
 30
0.0
 10
161.7857192058358
 20
-124.1573519134052
 30
0.0
 10
161.7903053168299
 20
-124.2544010800472
 30
0.0
 10
161.7973608722054
 20
-124.2953585800374
 30
0.0
 10
161.7765117060707
 20
-124.3599521911324
 30
0.0
 10
161.7455730957489
 20
-124.4558371911086
 30
0.0
 10
161.6816850418232
 20
-124.5151391355378
 30
0.0
 10
161.610741432522
 20
-124.580967468855
 30
0.0
 10
161.5267450457761
 20
-124.6589313577243
 30
0.0
 10
161.4774972692547
 20
-124.7046160799348
 30
0.0
 10
161.3989336601479
 20
-124.7098724688224
 30
0.0
 10
161.3159603289314
 20
-124.7154110799321
 30
0.0
 10
161.254047830511
 20
-124.6722663577209
 30
0.0
 10
161.2424061641413
 20
-124.6638349688341
 30
0.0
 10
161.185644221145
 20
-124.6227716355108
 30
0.0
 10
161.1581628329572
 20
-124.5639283021925
 30
0.0
 10
161.1411277374926
 20
-124.5072721910952
 30
0.0
  0
HATCH
  5
356
330
1F
100
AcDbEntity
  8
Photoreceptor
 62
     7
420
 16777215
100
AcDbHatch
 10
0.0
 20
0.0
 30
0.0
210
0.0
220
0.0
230
1.0
  2
SOLID
 70
     1
 71
     0
 91
        1
 92
        1
 93
        1
 72
     4
 94
        3
 73
     0
 74
     1
 95
       44
 96
       40
 40
0.0
 40
0.0
 40
0.0
 40
0.0
 40
1.0
 40
1.0
 40
1.0
 40
2.0
 40
2.0
 40
2.0
 40
3.0
 40
3.0
 40
3.0
 40
4.0
 40
4.0
 40
4.0
 40
5.0
 40
5.0
 40
5.0
 40
6.0
 40
6.0
 40
6.0
 40
7.0
 40
7.0
 40
7.0
 40
8.0
 40
8.0
 40
8.0
 40
9.0
 40
9.0
 40
9.0
 40
10.0
 40
10.0
 40
10.0
 40
11.0
 40
11.0
 40
11.0
 40
12.0
 40
12.0
 40
12.0
 40
13.0
 40
13.0
 40
13.0
 40
13.0
 10
161.1411277374926
 20
-124.5072721910952
 10
161.0664758908519
 20
-124.2595163578241
 10
161.2112558871582
 20
-124.1209452467478
 10
161.1779536657856
 20
-123.7982241357172
 10
161.1655006105478
 20
-123.6777152468585
 10
161.1356556113092
 20
-123.6033849690994
 10
161.1595386662554
 20
-123.466718858022
 10
161.1720269992701
 20
-123.3952108024844
 10
161.1902656099159
 20
-123.2987966358422
 10
161.2700286634366
 20
-123.2457035803
 10
161.3356453284292
 20
-123.2019944136441
 10
161.4144206041973
 20
-123.2065452469762
 10
161.4542139365154
 20
-123.2088735803091
 10
161.4933369910729
 20
-123.2111313580864
 10
161.5430433786936
 20
-123.2139888580854
 10
161.5923305151574
 20
-123.2457035803
 10
161.6387872651399
 20
-123.275548580292
 10
161.6604830979197
 20
-123.3153419136156
 10
161.7028517079499
 20
-123.3930235802628
 10
161.7114594855081
 20
-123.4088280247031
 10
161.7388703181421
 20
-123.4594869135798
 10
161.7580967065405
 20
-123.5127563580109
 10
161.8223022604583
 20
-123.6906974690774
 10
161.7702675395633
 20
-123.8294096912651
 10
161.7857192058358
 20
-124.1573519134052
 10
161.7903053168299
 20
-124.2544010800472
 10
161.7973608722054
 20
-124.2953585800374
 10
161.7765117060707
 20
-124.3599521911324
 10
161.7455730957489
 20
-124.4558371911086
 10
161.6816850418232
 20
-124.5151391355378
 10
161.610741432522
 20
-124.580967468855
 10
161.5267450457761
 20
-124.6589313577243
 10
161.4774972692547
 20
-124.7046160799348
 10
161.3989336601479
 20
-124.7098724688224
 10
161.3159603289314
 20
-124.7154110799321
 10
161.254047830511
 20
-124.6722663577209
 10
161.2424061641413
 20
-124.6638349688341
 10
161.185644221145
 20
-124.6227716355108
 10
161.1581628329572
 20
-124.5639283021925
 10
161.1411277374926
 20
-124.5072721910952
 97
        0
 97
        0
 75
     2
 76
     1
 98
        0
  0
SPLINE
  5
357
330
1F
100
AcDbEntity
  8
Photoreceptor
370
     0
100
AcDbSpline
210
0.0
220
0.0
230
1.0
 70
    11
 71
     3
 72
    62
 73
    58
 74
     0
 42
0.0000000001
 43
0.0000000001
 12
1.0
 22
0.0
 32
0.0
 13
1.0
 23
0.0
 33
0.0
 40
0.0
 40
0.0
 40
0.0
 40
0.0
 40
1.0
 40
1.0
 40
1.0
 40
2.0
 40
2.0
 40
2.0
 40
3.0
 40
3.0
 40
3.0
 40
4.0
 40
4.0
 40
4.0
 40
5.0
 40
5.0
 40
5.0
 40
6.0
 40
6.0
 40
6.0
 40
7.0
 40
7.0
 40
7.0
 40
8.0
 40
8.0
 40
8.0
 40
9.0
 40
9.0
 40
9.0
 40
10.0
 40
10.0
 40
10.0
 40
11.0
 40
11.0
 40
11.0
 40
12.0
 40
12.0
 40
12.0
 40
13.0
 40
13.0
 40
13.0
 40
14.0
 40
14.0
 40
14.0
 40
15.0
 40
15.0
 40
15.0
 40
16.0
 40
16.0
 40
16.0
 40
17.0
 40
17.0
 40
17.0
 40
18.0
 40
18.0
 40
18.0
 40
19.0
 40
19.0
 40
19.0
 40
19.0
 10
162.1356394746863
 20
-124.8480202465659
 30
0.0
 10
162.1313003081304
 20
-124.7270880243738
 30
0.0
 10
162.1824178068263
 20
-124.6819324688293
 30
0.0
 10
162.2185110705566
 20
-124.544102191086
 30
0.0
 10
162.2390033609382
 20
-124.4659971911054
 30
0.0
 10
162.2414022497659
 20
-124.4086708022314
 30
0.0
 10
162.2461647496444
 20
-124.2954996911481
 30
0.0
 10
162.2490575273484
 20
-124.2262846911659
 30
0.0
 10
162.2453533607762
 20
-124.2202521911671
 30
0.0
 10
162.2369572498793
 20
-124.0192394134398
 30
0.0
 10
162.2237280835501
 20
-123.7029035801852
 30
0.0
 10
162.2303250278263
 20
-123.6559841357525
 30
0.0
 10
162.1908844732769
 20
-123.59562385799
 30
0.0
 10
162.1811166261213
 20
-123.5806308024383
 30
0.0
 10
162.1583230852187
 20
-123.5493041357796
 30
0.0
 10
162.1540544742165
 20
-123.5035488580128
 30
0.0
 10
162.1481983632548
 20
-123.4407896913623
 30
0.0
 10
162.1807950290899
 20
-123.3902366358188
 30
0.0
 10
162.1908844732769
 20
-123.3746085802673
 30
0.0
 10
162.2014325285634
 20
-123.3583102469385
 30
0.0
 10
162.2291608611893
 20
-123.3164708025039
 30
0.0
 10
162.2829947487048
 20
-123.2917410802882
 30
0.0
 10
162.3434608582733
 20
-123.2639421914065
 30
0.0
 10
162.3996583568399
 20
-123.2748077469589
 30
0.0
 10
162.4395222447114
 20
-123.2825335802902
 30
0.0
 10
162.5134644650472
 20
-123.296821080287
 30
0.0
 10
162.5667691859095
 20
-123.3324516358338
 30
0.0
 10
162.596085018495
 20
-123.3561935802719
 30
0.0
 10
162.663606683439
 20
-123.4109446913697
 30
0.0
 10
162.6923933493713
 20
-123.4748680246867
 30
0.0
 10
162.7249900152063
 20
-123.5495863580017
 30
0.0
 10
162.7567752921732
 20
-123.622364413539
 30
0.0
 10
162.7749786250421
 20
-123.6907327468549
 30
0.0
 10
162.7894777913389
 20
-123.7706016357237
 30
0.0
 10
162.8014369577008
 20
-123.8366416357073
 30
0.0
 10
162.8147366795833
 20
-123.9319621912393
 30
0.0
 10
162.8171002906342
 20
-124.1481444134072
 30
0.0
 10
162.8199577905613
 20
-124.4109638577862
 30
0.0
 10
162.8203811238838
 20
-124.5444549688638
 30
0.0
 10
162.7710275140318
 20
-124.6454199688387
 30
0.0
 10
162.7419586258845
 20
-124.704933579935
 30
0.0
 10
162.7255897374132
 20
-124.7112483021553
 30
0.0
 10
162.6697450166157
 20
-124.8203624687949
 30
0.0
 10
162.622613906707
 20
-124.9124727465496
 30
0.0
 10
162.6060686293514
 20
-124.9631669132038
 30
0.0
 10
162.5500475196695
 20
-125.0321702465195
 30
0.0
 10
162.5150519650067
 20
-125.0752444131756
 30
0.0
 10
162.4915610704882
 20
-125.1035724687239
 30
0.0
 10
162.4487297444765
 20
-125.1242805242748
 30
0.0
 10
162.4398397447033
 20
-125.1285844131623
 30
0.0
 10
162.3314311363579
 20
-125.179031635372
 30
0.0
 10
162.2461647496444
 20
-125.1242805242748
 30
0.0
 10
162.191731139922
 20
-125.0893202465053
 30
0.0
 10
162.1744803070288
 20
-125.0293480242981
 30
0.0
 10
162.1540544742165
 20
-124.9585102465385
 30
0.0
 10
162.1379678079603
 20
-124.9025949687742
 30
0.0
 10
162.1359922524551
 20
-124.8578627465631
 30
0.0
 10
162.1356394746863
 20
-124.8480202465659
 30
0.0
  0
HATCH
  5
358
330
1F
100
AcDbEntity
  8
Photoreceptor
 62
     7
420
 16777215
100
AcDbHatch
 10
0.0
 20
0.0
 30
0.0
210
0.0
220
0.0
230
1.0
  2
SOLID
 70
     1
 71
     0
 91
        1
 92
        1
 93
        1
 72
     4
 94
        3
 73
     0
 74
     1
 95
       62
 96
       58
 40
0.0
 40
0.0
 40
0.0
 40
0.0
 40
1.0
 40
1.0
 40
1.0
 40
2.0
 40
2.0
 40
2.0
 40
3.0
 40
3.0
 40
3.0
 40
4.0
 40
4.0
 40
4.0
 40
5.0
 40
5.0
 40
5.0
 40
6.0
 40
6.0
 40
6.0
 40
7.0
 40
7.0
 40
7.0
 40
8.0
 40
8.0
 40
8.0
 40
9.0
 40
9.0
 40
9.0
 40
10.0
 40
10.0
 40
10.0
 40
11.0
 40
11.0
 40
11.0
 40
12.0
 40
12.0
 40
12.0
 40
13.0
 40
13.0
 40
13.0
 40
14.0
 40
14.0
 40
14.0
 40
15.0
 40
15.0
 40
15.0
 40
16.0
 40
16.0
 40
16.0
 40
17.0
 40
17.0
 40
17.0
 40
18.0
 40
18.0
 40
18.0
 40
19.0
 40
19.0
 40
19.0
 40
19.0
 10
162.1356394746863
 20
-124.8480202465659
 10
162.1313003081304
 20
-124.7270880243738
 10
162.1824178068263
 20
-124.6819324688293
 10
162.2185110705566
 20
-124.544102191086
 10
162.2390033609382
 20
-124.4659971911054
 10
162.2414022497659
 20
-124.4086708022314
 10
162.2461647496444
 20
-124.2954996911481
 10
162.2490575273484
 20
-124.2262846911659
 10
162.2453533607762
 20
-124.2202521911671
 10
162.2369572498793
 20
-124.0192394134398
 10
162.2237280835501
 20
-123.7029035801852
 10
162.2303250278263
 20
-123.6559841357525
 10
162.1908844732769
 20
-123.59562385799
 10
162.1811166261213
 20
-123.5806308024383
 10
162.1583230852187
 20
-123.5493041357796
 10
162.1540544742165
 20
-123.5035488580128
 10
162.1481983632548
 20
-123.4407896913623
 10
162.1807950290899
 20
-123.3902366358188
 10
162.1908844732769
 20
-123.3746085802673
 10
162.2014325285634
 20
-123.3583102469385
 10
162.2291608611893
 20
-123.3164708025039
 10
162.2829947487048
 20
-123.2917410802882
 10
162.3434608582733
 20
-123.2639421914065
 10
162.3996583568399
 20
-123.2748077469589
 10
162.4395222447114
 20
-123.2825335802902
 10
162.5134644650472
 20
-123.296821080287
 10
162.5667691859095
 20
-123.3324516358338
 10
162.596085018495
 20
-123.3561935802719
 10
162.663606683439
 20
-123.4109446913697
 10
162.6923933493713
 20
-123.4748680246867
 10
162.7249900152063
 20
-123.5495863580017
 10
162.7567752921732
 20
-123.622364413539
 10
162.7749786250421
 20
-123.6907327468549
 10
162.7894777913389
 20
-123.7706016357237
 10
162.8014369577008
 20
-123.8366416357073
 10
162.8147366795833
 20
-123.9319621912393
 10
162.8171002906342
 20
-124.1481444134072
 10
162.8199577905613
 20
-124.4109638577862
 10
162.8203811238838
 20
-124.5444549688638
 10
162.7710275140318
 20
-124.6454199688387
 10
162.7419586258845
 20
-124.704933579935
 10
162.7255897374132
 20
-124.7112483021553
 10
162.6697450166157
 20
-124.8203624687949
 10
162.622613906707
 20
-124.9124727465496
 10
162.6060686293514
 20
-124.9631669132038
 10
162.5500475196695
 20
-125.0321702465195
 10
162.5150519650067
 20
-125.0752444131756
 10
162.4915610704882
 20
-125.1035724687239
 10
162.4487297444765
 20
-125.1242805242748
 10
162.4398397447033
 20
-125.1285844131623
 10
162.3314311363579
 20
-125.179031635372
 10
162.2461647496444
 20
-125.1242805242748
 10
162.191731139922
 20
-125.0893202465053
 10
162.1744803070288
 20
-125.0293480242981
 10
162.1540544742165
 20
-124.9585102465385
 10
162.1379678079603
 20
-124.9025949687742
 10
162.1359922524551
 20
-124.8578627465631
 10
162.1356394746863
 20
-124.8480202465659
 97
        0
 97
        0
 75
     2
 76
     1
 98
        0
  0
SPLINE
  5
359
330
1F
100
AcDbEntity
  8
Photoreceptor
370
     0
100
AcDbSpline
210
0.0
220
0.0
230
1.0
 70
    11
 71
     3
 72
    71
 73
    67
 74
     0
 42
0.0000000001
 43
0.0000000001
 12
1.0
 22
0.0
 32
0.0
 13
1.0
 23
0.0
 33
0.0
 40
0.0
 40
0.0
 40
0.0
 40
0.0
 40
1.0
 40
1.0
 40
1.0
 40
2.0
 40
2.0
 40
2.0
 40
3.0
 40
3.0
 40
3.0
 40
4.0
 40
4.0
 40
4.0
 40
5.0
 40
5.0
 40
5.0
 40
6.0
 40
6.0
 40
6.0
 40
7.0
 40
7.0
 40
7.0
 40
8.0
 40
8.0
 40
8.0
 40
9.0
 40
9.0
 40
9.0
 40
10.0
 40
10.0
 40
10.0
 40
11.0
 40
11.0
 40
11.0
 40
12.0
 40
12.0
 40
12.0
 40
13.0
 40
13.0
 40
13.0
 40
14.0
 40
14.0
 40
14.0
 40
15.0
 40
15.0
 40
15.0
 40
16.0
 40
16.0
 40
16.0
 40
17.0
 40
17.0
 40
17.0
 40
18.0
 40
18.0
 40
18.0
 40
19.0
 40
19.0
 40
19.0
 40
20.0
 40
20.0
 40
20.0
 40
21.0
 40
21.0
 40
21.0
 40
22.0
 40
22.0
 40
22.0
 40
22.0
 10
163.0288727852314
 20
-125.1519030242676
 30
0.0
 10
163.0235811186997
 20
-125.0071583020817
 30
0.0
 10
163.0628805621416
 20
-124.9415063576534
 30
0.0
 10
163.0933605613639
 20
-124.7927399688021
 30
0.0
 10
163.1105761164803
 20
-124.708743579934
 30
0.0
 10
163.1140333386143
 20
-124.6170213577347
 30
0.0
 10
163.1209830606592
 20
-124.4336121911141
 30
0.0
 10
163.1283561160267
 20
-124.2389846911628
 30
0.0
 10
163.132025004822
 20
-124.141653302298
 30
0.0
 10
163.1117755608941
 20
-124.0192394134398
 30
0.0
 10
163.0928313947108
 20
-123.9047277468018
 30
0.0
 10
163.0796022283816
 20
-123.9180627467985
 30
0.0
 10
163.0564952845267
 20
-123.7798091357217
 30
0.0
 10
163.0346230628625
 20
-123.6487169135322
 30
0.0
 10
163.0518738957557
 20
-123.6690369135271
 30
0.0
 10
163.0288727852314
 20
-123.4390610802516
 30
0.0
 10
163.0167725077627
 20
-123.3180230247263
 30
0.0
 10
163.0082705635348
 20
-123.2751605247367
 30
0.0
 10
163.0380802849965
 20
-123.2272885803046
 30
0.0
 10
163.0564247289729
 20
-123.1978316358673
 30
0.0
 10
163.0871516726335
 20
-123.1738780247621
 30
0.0
 10
163.1486055599545
 20
-123.1259708025519
 30
0.0
 10
163.2032508363382
 20
-123.0833905247849
 30
0.0
 10
163.22582861354
 20
-123.0749944136756
 30
0.0
 10
163.2406805576055
 20
-123.0707258025656
 30
0.0
 10
163.2545094461416
 20
-123.0667746914558
 30
0.0
 10
163.2992416672226
 20
-123.0555916359026
 30
0.0
 10
163.3512058325636
 20
-123.0707258025656
 30
0.0
 10
163.3725841653515
 20
-123.0769699692308
 30
0.0
 10
163.3864483316644
 20
-123.0850838581174
 30
0.0
 10
163.4432808302145
 20
-123.1259708025519
 30
0.0
 10
163.5105555507204
 20
-123.1743719136506
 30
0.0
 10
163.5442105498618
 20
-123.1985724692003
 30
0.0
 10
163.5537749591116
 20
-123.2088735803091
 30
0.0
 10
163.5678860702192
 20
-123.2240077469715
 30
0.0
 10
163.5976916596085
 20
-123.259708858074
 30
0.0
 10
163.6274661032933
 20
-123.3654010802699
 30
0.0
 10
163.6515608249009
 20
-123.4510908024705
 30
0.0
 10
163.6559352692337
 20
-123.5127210802327
 30
0.0
 10
163.6642961023537
 20
-123.6048313579874
 30
0.0
 10
163.6816880463545
 20
-123.7965308023841
 30
0.0
 10
163.6834519351983
 20
-123.7569491357274
 30
0.0
 10
163.691918601649
 20
-123.8718841356989
 30
0.0
 10
163.709804434526
 20
-124.1145246911937
 30
0.0
 10
163.7027841569274
 20
-124.301355802258
 30
0.0
 10
163.7011261014144
 20
-124.341537191137
 30
0.0
 10
163.6940705460386
 20
-124.5130577466494
 30
0.0
 10
163.6773841575754
 20
-124.6399519132847
 30
0.0
 10
163.6642961023537
 20
-124.7374949688158
 30
0.0
 10
163.6623911024023
 20
-124.7516060799231
 30
0.0
 10
163.6433411028883
 20
-124.8905299687772
 30
0.0
 10
163.5998083262212
 20
-125.0690002465104
 30
0.0
 10
163.5734558268935
 20
-125.1770913575949
 30
0.0
 10
163.5556758273471
 20
-125.2277855242485
 30
0.0
 10
163.5169408283353
 20
-125.2808080242356
 30
0.0
 10
163.4557027369138
 20
-125.3646633019923
 30
0.0
 10
163.3816858317859
 20
-125.4002233019835
 30
0.0
 10
163.3604133323286
 20
-125.4097483019811
 30
0.0
 10
163.3274991665017
 20
-125.4244238575325
 30
0.0
 10
163.2945850006747
 20
-125.4391699686403
 30
0.0
 10
163.2498880573706
 20
-125.4373708019739
 30
0.0
 10
163.1571780597358
 20
-125.4336313575306
 30
0.0
 10
163.097382227928
 20
-125.3621585797705
 30
0.0
 10
163.0841530615988
 20
-125.3452605242193
 30
0.0
 10
163.0605169510908
 20
-125.3151685797821
 30
0.0
 10
163.0330749592416
 20
-125.2653210797948
 30
0.0
 10
163.0288727852314
 20
-125.1519030242676
 30
0.0
  0
HATCH
  5
35A
330
1F
100
AcDbEntity
  8
Photoreceptor
 62
     7
420
 16777215
100
AcDbHatch
 10
0.0
 20
0.0
 30
0.0
210
0.0
220
0.0
230
1.0
  2
SOLID
 70
     1
 71
     0
 91
        1
 92
        1
 93
        1
 72
     4
 94
        3
 73
     0
 74
     1
 95
       71
 96
       67
 40
0.0
 40
0.0
 40
0.0
 40
0.0
 40
1.0
 40
1.0
 40
1.0
 40
2.0
 40
2.0
 40
2.0
 40
3.0
 40
3.0
 40
3.0
 40
4.0
 40
4.0
 40
4.0
 40
5.0
 40
5.0
 40
5.0
 40
6.0
 40
6.0
 40
6.0
 40
7.0
 40
7.0
 40
7.0
 40
8.0
 40
8.0
 40
8.0
 40
9.0
 40
9.0
 40
9.0
 40
10.0
 40
10.0
 40
10.0
 40
11.0
 40
11.0
 40
11.0
 40
12.0
 40
12.0
 40
12.0
 40
13.0
 40
13.0
 40
13.0
 40
14.0
 40
14.0
 40
14.0
 40
15.0
 40
15.0
 40
15.0
 40
16.0
 40
16.0
 40
16.0
 40
17.0
 40
17.0
 40
17.0
 40
18.0
 40
18.0
 40
18.0
 40
19.0
 40
19.0
 40
19.0
 40
20.0
 40
20.0
 40
20.0
 40
21.0
 40
21.0
 40
21.0
 40
22.0
 40
22.0
 40
22.0
 40
22.0
 10
163.0288727852314
 20
-125.1519030242676
 10
163.0235811186997
 20
-125.0071583020817
 10
163.0628805621416
 20
-124.9415063576534
 10
163.0933605613639
 20
-124.7927399688021
 10
163.1105761164803
 20
-124.708743579934
 10
163.1140333386143
 20
-124.6170213577347
 10
163.1209830606592
 20
-124.4336121911141
 10
163.1283561160267
 20
-124.2389846911628
 10
163.132025004822
 20
-124.141653302298
 10
163.1117755608941
 20
-124.0192394134398
 10
163.0928313947108
 20
-123.9047277468018
 10
163.0796022283816
 20
-123.9180627467985
 10
163.0564952845267
 20
-123.7798091357217
 10
163.0346230628625
 20
-123.6487169135322
 10
163.0518738957557
 20
-123.6690369135271
 10
163.0288727852314
 20
-123.4390610802516
 10
163.0167725077627
 20
-123.3180230247263
 10
163.0082705635348
 20
-123.2751605247367
 10
163.0380802849965
 20
-123.2272885803046
 10
163.0564247289729
 20
-123.1978316358673
 10
163.0871516726335
 20
-123.1738780247621
 10
163.1486055599545
 20
-123.1259708025519
 10
163.2032508363382
 20
-123.0833905247849
 10
163.22582861354
 20
-123.0749944136756
 10
163.2406805576055
 20
-123.0707258025656
 10
163.2545094461416
 20
-123.0667746914558
 10
163.2992416672226
 20
-123.0555916359026
 10
163.3512058325636
 20
-123.0707258025656
 10
163.3725841653515
 20
-123.0769699692308
 10
163.3864483316644
 20
-123.0850838581174
 10
163.4432808302145
 20
-123.1259708025519
 10
163.5105555507204
 20
-123.1743719136506
 10
163.5442105498618
 20
-123.1985724692003
 10
163.5537749591116
 20
-123.2088735803091
 10
163.5678860702192
 20
-123.2240077469715
 10
163.5976916596085
 20
-123.259708858074
 10
163.6274661032933
 20
-123.3654010802699
 10
163.6515608249009
 20
-123.4510908024705
 10
163.6559352692337
 20
-123.5127210802327
 10
163.6642961023537
 20
-123.6048313579874
 10
163.6816880463545
 20
-123.7965308023841
 10
163.6834519351983
 20
-123.7569491357274
 10
163.691918601649
 20
-123.8718841356989
 10
163.709804434526
 20
-124.1145246911937
 10
163.7027841569274
 20
-124.301355802258
 10
163.7011261014144
 20
-124.341537191137
 10
163.6940705460386
 20
-124.5130577466494
 10
163.6773841575754
 20
-124.6399519132847
 10
163.6642961023537
 20
-124.7374949688158
 10
163.6623911024023
 20
-124.7516060799231
 10
163.6433411028883
 20
-124.8905299687772
 10
163.5998083262212
 20
-125.0690002465104
 10
163.5734558268935
 20
-125.1770913575949
 10
163.5556758273471
 20
-125.2277855242485
 10
163.5169408283353
 20
-125.2808080242356
 10
163.4557027369138
 20
-125.3646633019923
 10
163.3816858317859
 20
-125.4002233019835
 10
163.3604133323286
 20
-125.4097483019811
 10
163.3274991665017
 20
-125.4244238575325
 10
163.2945850006747
 20
-125.4391699686403
 10
163.2498880573706
 20
-125.4373708019739
 10
163.1571780597358
 20
-125.4336313575306
 10
163.097382227928
 20
-125.3621585797705
 10
163.0841530615988
 20
-125.3452605242193
 10
163.0605169510908
 20
-125.3151685797821
 10
163.0330749592416
 20
-125.2653210797948
 10
163.0288727852314
 20
-125.1519030242676
 97
        0
 97
        0
 75
     2
 76
     1
 98
        0
  0
SPLINE
  5
35B
330
1F
100
AcDbEntity
  8
Photoreceptor
370
     0
100
AcDbSpline
210
0.0
220
0.0
230
1.0
 70
    11
 71
     3
 72
    80
 73
    76
 74
     0
 42
0.0000000001
 43
0.0000000001
 12
1.0
 22
0.0
 32
0.0
 13
1.0
 23
0.0
 33
0.0
 40
0.0
 40
0.0
 40
0.0
 40
0.0
 40
1.0
 40
1.0
 40
1.0
 40
2.0
 40
2.0
 40
2.0
 40
3.0
 40
3.0
 40
3.0
 40
4.0
 40
4.0
 40
4.0
 40
5.0
 40
5.0
 40
5.0
 40
6.0
 40
6.0
 40
6.0
 40
7.0
 40
7.0
 40
7.0
 40
8.0
 40
8.0
 40
8.0
 40
9.0
 40
9.0
 40
9.0
 40
10.0
 40
10.0
 40
10.0
 40
11.0
 40
11.0
 40
11.0
 40
12.0
 40
12.0
 40
12.0
 40
13.0
 40
13.0
 40
13.0
 40
14.0
 40
14.0
 40
14.0
 40
15.0
 40
15.0
 40
15.0
 40
16.0
 40
16.0
 40
16.0
 40
17.0
 40
17.0
 40
17.0
 40
18.0
 40
18.0
 40
18.0
 40
19.0
 40
19.0
 40
19.0
 40
20.0
 40
20.0
 40
20.0
 40
21.0
 40
21.0
 40
21.0
 40
22.0
 40
22.0
 40
22.0
 40
23.0
 40
23.0
 40
23.0
 40
24.0
 40
24.0
 40
24.0
 40
25.0
 40
25.0
 40
25.0
 40
25.0
 10
163.8852760967161
 20
-125.6031058019328
 30
0.0
 10
163.8702166256992
 20
-125.5333616352833
 30
0.0
 10
163.8858052633692
 20
-125.4845019130736
 30
0.0
 10
163.9497638728486
 20
-125.2716005242376
 30
0.0
 10
163.9784799832271
 20
-125.1759271909284
 30
0.0
 10
163.9929085939701
 20
-125.1278435798293
 30
0.0
 10
163.9958055145566
 20
-125.1150377464993
 30
0.0
 10
164.021558292328
 20
-125.0012316354161
 30
0.0
 10
164.0213777599105
 20
-124.9187169132148
 30
0.0
 10
164.0234238709694
 20
-124.8203624687949
 30
0.0
 10
164.0277277597485
 20
-124.6129996910692
 30
0.0
 10
164.0345716484628
 20
-124.6868713577173
 30
0.0
 10
164.0418388704996
 20
-124.4151971911187
 30
0.0
 10
164.0476638478769
 20
-124.1975685800617
 30
0.0
 10
164.0505524813884
 20
-124.0887719134222
 30
0.0
 10
164.0418388704996
 20
-123.954751635678
 30
0.0
 10
164.0355241484388
 20
-123.8579494134799
 30
0.0
 10
164.0291035930467
 20
-123.7642163579478
 30
0.0
 10
164.0050088714392
 20
-123.6416613579782
 30
0.0
 10
163.9779155387971
 20
-123.5039721913463
 30
0.0
 10
163.9497638728486
 20
-123.4022310802608
 30
0.0
 10
163.9497638728486
 20
-123.4022310802608
 30
0.0
 10
163.9285972067219
 20
-123.3258194136127
 30
0.0
 10
163.920311070131
 20
-123.2868374691784
 30
0.0
 10
163.9037305145798
 20
-123.2088735803091
 30
0.0
 10
163.8875691522131
 20
-123.1330263581058
 30
0.0
 10
163.8839355411947
 20
-123.1050863581128
 30
0.0
 10
163.894518874258
 20
-123.0707258025656
 30
0.0
 10
163.910111651638
 20
-123.0200316359114
 30
0.0
 10
163.9467694034577
 20
-122.9874349692531
 30
0.0
 10
163.9773863721439
 20
-122.9602358025931
 30
0.0
 10
164.0072313713825
 20
-122.933706913711
 30
0.0
 10
164.0351713706697
 20
-122.9088713581615
 30
0.0
 10
164.07866886956
 20
-122.8957480248319
 30
0.0
 10
164.1768822003877
 20
-122.8661852470614
 30
0.0
 10
164.2659938647809
 20
-122.9228766359362
 30
0.0
 10
164.281269142169
 20
-122.9326133026002
 30
0.0
 10
164.3140110700326
 20
-122.9534271914837
 30
0.0
 10
164.3408885850924
 20
-122.9803441359216
 30
0.0
 10
164.382551639585
 20
-123.0431033025728
 30
0.0
 10
164.4543066377544
 20
-123.1511591358792
 30
0.0
 10
164.492230247898
 20
-123.248561080299
 30
0.0
 10
164.5114919140733
 20
-123.3009485802856
 30
0.0
 10
164.5487452464562
 20
-123.4022663580383
 30
0.0
 10
164.5957705230343
 20
-123.532441358006
 30
0.0
 10
164.6219860699558
 20
-123.7153213579599
 30
0.0
 10
164.6290416255094
 20
-123.7644633023923
 30
0.0
 10
164.6329221810641
 20
-123.8531163579257
 30
0.0
 10
164.6403969107847
 20
-124.0284469134372
 30
0.0
 10
164.6515799660549
 20
-124.289749413372
 30
0.0
 10
164.6569774659172
 20
-124.4222880244501
 30
0.0
 10
164.6496044105498
 20
-124.5164796910932
 30
0.0
 10
164.6474171883833
 20
-124.5443491355306
 30
0.0
 10
164.6368027366185
 20
-124.6732188577204
 30
0.0
 10
164.6035669117243
 20
-124.8387774687903
 30
0.0
 10
164.5786608012486
 20
-124.9628494132035
 30
0.0
 10
164.5695238570372
 20
-124.9658480243138
 30
0.0
 10
164.548321913134
 20
-125.0782077465084
 30
0.0
 10
164.5333288579606
 20
-125.1576885798219
 30
0.0
 10
164.5338580246138
 20
-125.1776558020391
 30
0.0
 10
164.5022844143082
 20
-125.4281633019765
 30
0.0
 10
164.4792833037839
 20
-125.6103730241531
 30
0.0
 10
164.4715221928708
 20
-125.6593033019185
 30
0.0
 10
164.4285891384105
 20
-125.7136310796828
 30
0.0
 10
164.3772952508303
 20
-125.7785774685556
 30
0.0
 10
164.3107260858619
 20
-125.8069760796596
 30
0.0
 10
164.2904766419341
 20
-125.8149135796574
 30
0.0
 10
164.2633127537382
 20
-125.8255674685433
 30
0.0
 10
164.1980488665143
 20
-125.8501560796483
 30
0.0
 10
164.1154988686204
 20
-125.8333285796528
 30
0.0
 10
164.0140047045433
 20
-125.8126558018801
 30
0.0
 10
163.956572483786
 20
-125.7436877463418
 30
0.0
 10
163.9405563730835
 20
-125.7228385796802
 30
0.0
 10
163.9043613740069
 20
-125.6757074685812
 30
0.0
 10
163.8907088743552
 20
-125.6281883019262
 30
0.0
 10
163.8852760967161
 20
-125.6031058019328
 30
0.0
  0
HATCH
  5
35C
330
1F
100
AcDbEntity
  8
Photoreceptor
 62
     7
420
 16777215
100
AcDbHatch
 10
0.0
 20
0.0
 30
0.0
210
0.0
220
0.0
230
1.0
  2
SOLID
 70
     1
 71
     0
 91
        1
 92
        1
 93
        1
 72
     4
 94
        3
 73
     0
 74
     1
 95
       80
 96
       76
 40
0.0
 40
0.0
 40
0.0
 40
0.0
 40
1.0
 40
1.0
 40
1.0
 40
2.0
 40
2.0
 40
2.0
 40
3.0
 40
3.0
 40
3.0
 40
4.0
 40
4.0
 40
4.0
 40
5.0
 40
5.0
 40
5.0
 40
6.0
 40
6.0
 40
6.0
 40
7.0
 40
7.0
 40
7.0
 40
8.0
 40
8.0
 40
8.0
 40
9.0
 40
9.0
 40
9.0
 40
10.0
 40
10.0
 40
10.0
 40
11.0
 40
11.0
 40
11.0
 40
12.0
 40
12.0
 40
12.0
 40
13.0
 40
13.0
 40
13.0
 40
14.0
 40
14.0
 40
14.0
 40
15.0
 40
15.0
 40
15.0
 40
16.0
 40
16.0
 40
16.0
 40
17.0
 40
17.0
 40
17.0
 40
18.0
 40
18.0
 40
18.0
 40
19.0
 40
19.0
 40
19.0
 40
20.0
 40
20.0
 40
20.0
 40
21.0
 40
21.0
 40
21.0
 40
22.0
 40
22.0
 40
22.0
 40
23.0
 40
23.0
 40
23.0
 40
24.0
 40
24.0
 40
24.0
 40
25.0
 40
25.0
 40
25.0
 40
25.0
 10
163.8852760967161
 20
-125.6031058019328
 10
163.8702166256992
 20
-125.5333616352833
 10
163.8858052633692
 20
-125.4845019130736
 10
163.9497638728486
 20
-125.2716005242376
 10
163.9784799832271
 20
-125.1759271909284
 10
163.9929085939701
 20
-125.1278435798293
 10
163.9958055145566
 20
-125.1150377464993
 10
164.021558292328
 20
-125.0012316354161
 10
164.0213777599105
 20
-124.9187169132148
 10
164.0234238709694
 20
-124.8203624687949
 10
164.0277277597485
 20
-124.6129996910692
 10
164.0345716484628
 20
-124.6868713577173
 10
164.0418388704996
 20
-124.4151971911187
 10
164.0476638478769
 20
-124.1975685800617
 10
164.0505524813884
 20
-124.0887719134222
 10
164.0418388704996
 20
-123.954751635678
 10
164.0355241484388
 20
-123.8579494134799
 10
164.0291035930467
 20
-123.7642163579478
 10
164.0050088714392
 20
-123.6416613579782
 10
163.9779155387971
 20
-123.5039721913463
 10
163.9497638728486
 20
-123.4022310802608
 10
163.9497638728486
 20
-123.4022310802608
 10
163.9285972067219
 20
-123.3258194136127
 10
163.920311070131
 20
-123.2868374691784
 10
163.9037305145798
 20
-123.2088735803091
 10
163.8875691522131
 20
-123.1330263581058
 10
163.8839355411947
 20
-123.1050863581128
 10
163.894518874258
 20
-123.0707258025656
 10
163.910111651638
 20
-123.0200316359114
 10
163.9467694034577
 20
-122.9874349692531
 10
163.9773863721439
 20
-122.9602358025931
 10
164.0072313713825
 20
-122.933706913711
 10
164.0351713706697
 20
-122.9088713581615
 10
164.07866886956
 20
-122.8957480248319
 10
164.1768822003877
 20
-122.8661852470614
 10
164.2659938647809
 20
-122.9228766359362
 10
164.281269142169
 20
-122.9326133026002
 10
164.3140110700326
 20
-122.9534271914837
 10
164.3408885850924
 20
-122.9803441359216
 10
164.382551639585
 20
-123.0431033025728
 10
164.4543066377544
 20
-123.1511591358792
 10
164.492230247898
 20
-123.248561080299
 10
164.5114919140733
 20
-123.3009485802856
 10
164.5487452464562
 20
-123.4022663580383
 10
164.5957705230343
 20
-123.532441358006
 10
164.6219860699558
 20
-123.7153213579599
 10
164.6290416255094
 20
-123.7644633023923
 10
164.6329221810641
 20
-123.8531163579257
 10
164.6403969107847
 20
-124.0284469134372
 10
164.6515799660549
 20
-124.289749413372
 10
164.6569774659172
 20
-124.4222880244501
 10
164.6496044105498
 20
-124.5164796910932
 10
164.6474171883833
 20
-124.5443491355306
 10
164.6368027366185
 20
-124.6732188577204
 10
164.6035669117243
 20
-124.8387774687903
 10
164.5786608012486
 20
-124.9628494132035
 10
164.5695238570372
 20
-124.9658480243138
 10
164.548321913134
 20
-125.0782077465084
 10
164.5333288579606
 20
-125.1576885798219
 10
164.5338580246138
 20
-125.1776558020391
 10
164.5022844143082
 20
-125.4281633019765
 10
164.4792833037839
 20
-125.6103730241531
 10
164.4715221928708
 20
-125.6593033019185
 10
164.4285891384105
 20
-125.7136310796828
 10
164.3772952508303
 20
-125.7785774685556
 10
164.3107260858619
 20
-125.8069760796596
 10
164.2904766419341
 20
-125.8149135796574
 10
164.2633127537382
 20
-125.8255674685433
 10
164.1980488665143
 20
-125.8501560796483
 10
164.1154988686204
 20
-125.8333285796528
 10
164.0140047045433
 20
-125.8126558018801
 10
163.956572483786
 20
-125.7436877463418
 10
163.9405563730835
 20
-125.7228385796802
 10
163.9043613740069
 20
-125.6757074685812
 10
163.8907088743552
 20
-125.6281883019262
 10
163.8852760967161
 20
-125.6031058019328
 97
        0
 97
        0
 75
     2
 76
     1
 98
        0
  0
SPLINE
  5
35D
330
1F
100
AcDbEntity
  8
Photoreceptor
370
     0
100
AcDbSpline
210
0.0
220
0.0
230
1.0
 70
    11
 71
     3
 72
    74
 73
    70
 74
     0
 42
0.0000000001
 43
0.0000000001
 12
1.0
 22
0.0
 32
0.0
 13
1.0
 23
0.0
 33
0.0
 40
0.0
 40
0.0
 40
0.0
 40
0.0
 40
1.0
 40
1.0
 40
1.0
 40
2.0
 40
2.0
 40
2.0
 40
3.0
 40
3.0
 40
3.0
 40
4.0
 40
4.0
 40
4.0
 40
5.0
 40
5.0
 40
5.0
 40
6.0
 40
6.0
 40
6.0
 40
7.0
 40
7.0
 40
7.0
 40
8.0
 40
8.0
 40
8.0
 40
9.0
 40
9.0
 40
9.0
 40
10.0
 40
10.0
 40
10.0
 40
11.0
 40
11.0
 40
11.0
 40
12.0
 40
12.0
 40
12.0
 40
13.0
 40
13.0
 40
13.0
 40
14.0
 40
14.0
 40
14.0
 40
15.0
 40
15.0
 40
15.0
 40
16.0
 40
16.0
 40
16.0
 40
17.0
 40
17.0
 40
17.0
 40
18.0
 40
18.0
 40
18.0
 40
19.0
 40
19.0
 40
19.0
 40
20.0
 40
20.0
 40
20.0
 40
21.0
 40
21.0
 40
21.0
 40
22.0
 40
22.0
 40
22.0
 40
23.0
 40
23.0
 40
23.0
 40
23.0
 10
164.7509221857427
 20
-125.8885735796391
 30
0.0
 10
164.7271138477072
 20
-125.7600566352264
 30
0.0
 10
164.7767102406403
 20
-125.6400416352568
 30
0.0
 10
164.7877521848031
 20
-125.6123133019302
 30
0.0
 10
164.7962188512537
 20
-125.5910408019358
 30
0.0
 10
164.8148807952221
 20
-125.4292921908649
 30
0.0
 10
164.8522046831588
 20
-125.1058302465012
 30
0.0
 10
164.8846955156632
 20
-124.8243135799053
 30
0.0
 10
164.9070969039806
 20
-124.6300388577311
 30
0.0
 10
164.9074496817493
 20
-124.3783671911278
 30
0.0
 10
164.9075907928569
 20
-124.2881619133727
 30
0.0
 10
164.8921744043616
 20
-124.094134135643
 30
0.0
 10
164.8614121829239
 20
-123.7061138579625
 30
0.0
 10
164.8280746837744
 20
-123.2856380247344
 30
0.0
 10
164.8169621840579
 20
-123.250959969187
 30
0.0
 10
164.7969638476895
 20
-123.2088735803091
 30
0.0
 10
164.7696546852648
 20
-123.1514060803231
 30
0.0
 10
164.717655242147
 20
-123.062858858123
 30
0.0
 10
164.7325071862125
 20
-122.9510283025957
 30
0.0
 10
164.7431963526065
 20
-122.8704185803932
 30
0.0
 10
164.7840480182309
 20
-122.811857469297
 30
0.0
 10
164.7969638476895
 20
-122.7944655248567
 30
0.0
 10
164.8201371839769
 20
-122.7632446915312
 30
0.0
 10
164.8508994054143
 20
-122.7217933026526
 30
0.0
 10
164.9074496817493
 20
-122.7023905248802
 30
0.0
 10
164.9609660692729
 20
-122.6840108026623
 30
0.0
 10
165.0081677347354
 20
-122.6955113582152
 30
0.0
 10
165.0363899562376
 20
-122.7023905248802
 30
0.0
 10
165.1002074546095
 20
-122.7179127470985
 30
0.0
 10
165.141905786879
 20
-122.751532469312
 30
0.0
 10
165.1837099524791
 20
-122.7852580248593
 30
0.0
 10
165.2104857851297
 20
-122.8068480248539
 30
0.0
 10
165.2467555142439
 20
-122.8360933026242
 30
0.0
 10
165.275820227907
 20
-122.8773330248364
 30
0.0
 10
165.3312768931588
 20
-122.9561435803719
 30
0.0
 10
165.3246799488827
 20
-123.0278985803541
 30
0.0
 10
165.3402727262627
 20
-123.1443858025473
 30
0.0
 10
165.3575277364382
 20
-123.273431913626
 30
0.0
 10
165.3758327253555
 20
-123.2614727469622
 30
0.0
 10
165.4047252246183
 20
-123.4114385802582
 30
0.0
 10
165.4398618903886
 20
-123.593754135768
 30
0.0
 10
165.4208118908746
 20
-123.6528444135315
 30
0.0
 10
165.4415552236787
 20
-123.9455441356806
 30
0.0
 10
165.4545416253031
 20
-124.1283183023013
 30
0.0
 10
165.461381334284
 20
-124.0971327467534
 30
0.0
 10
165.469177722974
 20
-124.2310119133869
 30
0.0
 10
165.4735916252984
 20
-124.3062594133679
 30
0.0
 10
165.4770799449946
 20
-124.4130452466746
 30
0.0
 10
165.4415552236787
 20
-124.940095246543
 30
0.0
 10
165.4248688352156
 20
-125.188027468703
 30
0.0
 10
165.4200357797833
 20
-125.2244694131385
 30
0.0
 10
165.4139327243834
 20
-125.2623930242402
 30
0.0
 10
165.3802424474652
 20
-125.4719430241875
 30
0.0
 10
165.3484218927214
 20
-125.4727191352987
 30
0.0
 10
165.3310694031116
 20
-125.649143301921
 30
0.0
 10
165.3207288378724
 20
-125.7540594130057
 30
0.0
 10
165.3258793932965
 20
-125.8159366352125
 30
0.0
 10
165.2850277276721
 20
-125.9069885796345
 30
0.0
 10
165.2638257837685
 20
-125.9542255240667
 30
0.0
 10
165.2370852288952
 20
-126.0118694129417
 30
0.0
 10
165.1745024527141
 20
-126.0543438573754
 30
0.0
 10
165.0957666253928
 20
-126.1077896906954
 30
0.0
 10
164.9915871796028
 20
-126.1159741351376
 30
0.0
 10
164.9074496817493
 20
-126.0819663573682
 30
0.0
 10
164.8888935711117
 20
-126.0744521907033
 30
0.0
 10
164.8371057946551
 20
-126.0527563573755
 30
0.0
 10
164.7969638476895
 20
-125.9990988573891
 30
0.0
 10
164.7776274628392
 20
-125.973275524062
 30
0.0
 10
164.7602355188384
 20
-125.9390208018487
 30
0.0
 10
164.7509221857427
 20
-125.8885735796391
 30
0.0
  0
HATCH
  5
35E
330
1F
100
AcDbEntity
  8
Photoreceptor
 62
     7
420
 16777215
100
AcDbHatch
 10
0.0
 20
0.0
 30
0.0
210
0.0
220
0.0
230
1.0
  2
SOLID
 70
     1
 71
     0
 91
        1
 92
        1
 93
        1
 72
     4
 94
        3
 73
     0
 74
     1
 95
       74
 96
       70
 40
0.0
 40
0.0
 40
0.0
 40
0.0
 40
1.0
 40
1.0
 40
1.0
 40
2.0
 40
2.0
 40
2.0
 40
3.0
 40
3.0
 40
3.0
 40
4.0
 40
4.0
 40
4.0
 40
5.0
 40
5.0
 40
5.0
 40
6.0
 40
6.0
 40
6.0
 40
7.0
 40
7.0
 40
7.0
 40
8.0
 40
8.0
 40
8.0
 40
9.0
 40
9.0
 40
9.0
 40
10.0
 40
10.0
 40
10.0
 40
11.0
 40
11.0
 40
11.0
 40
12.0
 40
12.0
 40
12.0
 40
13.0
 40
13.0
 40
13.0
 40
14.0
 40
14.0
 40
14.0
 40
15.0
 40
15.0
 40
15.0
 40
16.0
 40
16.0
 40
16.0
 40
17.0
 40
17.0
 40
17.0
 40
18.0
 40
18.0
 40
18.0
 40
19.0
 40
19.0
 40
19.0
 40
20.0
 40
20.0
 40
20.0
 40
21.0
 40
21.0
 40
21.0
 40
22.0
 40
22.0
 40
22.0
 40
23.0
 40
23.0
 40
23.0
 40
23.0
 10
164.7509221857427
 20
-125.8885735796391
 10
164.7271138477072
 20
-125.7600566352264
 10
164.7767102406403
 20
-125.6400416352568
 10
164.7877521848031
 20
-125.6123133019302
 10
164.7962188512537
 20
-125.5910408019358
 10
164.8148807952221
 20
-125.4292921908649
 10
164.8522046831588
 20
-125.1058302465012
 10
164.8846955156632
 20
-124.8243135799053
 10
164.9070969039806
 20
-124.6300388577311
 10
164.9074496817493
 20
-124.3783671911278
 10
164.9075907928569
 20
-124.2881619133727
 10
164.8921744043616
 20
-124.094134135643
 10
164.8614121829239
 20
-123.7061138579625
 10
164.8280746837744
 20
-123.2856380247344
 10
164.8169621840579
 20
-123.250959969187
 10
164.7969638476895
 20
-123.2088735803091
 10
164.7696546852648
 20
-123.1514060803231
 10
164.717655242147
 20
-123.062858858123
 10
164.7325071862125
 20
-122.9510283025957
 10
164.7431963526065
 20
-122.8704185803932
 10
164.7840480182309
 20
-122.811857469297
 10
164.7969638476895
 20
-122.7944655248567
 10
164.8201371839769
 20
-122.7632446915312
 10
164.8508994054143
 20
-122.7217933026526
 10
164.9074496817493
 20
-122.7023905248802
 10
164.9609660692729
 20
-122.6840108026623
 10
165.0081677347354
 20
-122.6955113582152
 10
165.0363899562376
 20
-122.7023905248802
 10
165.1002074546095
 20
-122.7179127470985
 10
165.141905786879
 20
-122.751532469312
 10
165.1837099524791
 20
-122.7852580248593
 10
165.2104857851297
 20
-122.8068480248539
 10
165.2467555142439
 20
-122.8360933026242
 10
165.275820227907
 20
-122.8773330248364
 10
165.3312768931588
 20
-122.9561435803719
 10
165.3246799488827
 20
-123.0278985803541
 10
165.3402727262627
 20
-123.1443858025473
 10
165.3575277364382
 20
-123.273431913626
 10
165.3758327253555
 20
-123.2614727469622
 10
165.4047252246183
 20
-123.4114385802582
 10
165.4398618903886
 20
-123.593754135768
 10
165.4208118908746
 20
-123.6528444135315
 10
165.4415552236787
 20
-123.9455441356806
 10
165.4545416253031
 20
-124.1283183023013
 10
165.461381334284
 20
-124.0971327467534
 10
165.469177722974
 20
-124.2310119133869
 10
165.4735916252984
 20
-124.3062594133679
 10
165.4770799449946
 20
-124.4130452466746
 10
165.4415552236787
 20
-124.940095246543
 10
165.4248688352156
 20
-125.188027468703
 10
165.4200357797833
 20
-125.2244694131385
 10
165.4139327243834
 20
-125.2623930242402
 10
165.3802424474652
 20
-125.4719430241875
 10
165.3484218927214
 20
-125.4727191352987
 10
165.3310694031116
 20
-125.649143301921
 10
165.3207288378724
 20
-125.7540594130057
 10
165.3258793932965
 20
-125.8159366352125
 10
165.2850277276721
 20
-125.9069885796345
 10
165.2638257837685
 20
-125.9542255240667
 10
165.2370852288952
 20
-126.0118694129417
 10
165.1745024527141
 20
-126.0543438573754
 10
165.0957666253928
 20
-126.1077896906954
 10
164.9915871796028
 20
-126.1159741351376
 10
164.9074496817493
 20
-126.0819663573682
 10
164.8888935711117
 20
-126.0744521907033
 10
164.8371057946551
 20
-126.0527563573755
 10
164.7969638476895
 20
-125.9990988573891
 10
164.7776274628392
 20
-125.973275524062
 10
164.7602355188384
 20
-125.9390208018487
 10
164.7509221857427
 20
-125.8885735796391
 97
        0
 97
        0
 75
     2
 76
     1
 98
        0
  0
SPLINE
  5
35F
330
1F
100
AcDbEntity
  8
Photoreceptor
370
     0
100
AcDbSpline
210
0.0
220
0.0
230
1.0
 70
    11
 71
     3
 72
    92
 73
    88
 74
     0
 42
0.0000000001
 43
0.0000000001
 12
1.0
 22
0.0
 32
0.0
 13
1.0
 23
0.0
 33
0.0
 40
0.0
 40
0.0
 40
0.0
 40
0.0
 40
1.0
 40
1.0
 40
1.0
 40
2.0
 40
2.0
 40
2.0
 40
3.0
 40
3.0
 40
3.0
 40
4.0
 40
4.0
 40
4.0
 40
5.0
 40
5.0
 40
5.0
 40
6.0
 40
6.0
 40
6.0
 40
7.0
 40
7.0
 40
7.0
 40
8.0
 40
8.0
 40
8.0
 40
9.0
 40
9.0
 40
9.0
 40
10.0
 40
10.0
 40
10.0
 40
11.0
 40
11.0
 40
11.0
 40
12.0
 40
12.0
 40
12.0
 40
13.0
 40
13.0
 40
13.0
 40
14.0
 40
14.0
 40
14.0
 40
15.0
 40
15.0
 40
15.0
 40
16.0
 40
16.0
 40
16.0
 40
17.0
 40
17.0
 40
17.0
 40
18.0
 40
18.0
 40
18.0
 40
19.0
 40
19.0
 40
19.0
 40
20.0
 40
20.0
 40
20.0
 40
21.0
 40
21.0
 40
21.0
 40
22.0
 40
22.0
 40
22.0
 40
23.0
 40
23.0
 40
23.0
 40
24.0
 40
24.0
 40
24.0
 40
25.0
 40
25.0
 40
25.0
 40
26.0
 40
26.0
 40
26.0
 40
27.0
 40
27.0
 40
27.0
 40
28.0
 40
28.0
 40
28.0
 40
29.0
 40
29.0
 40
29.0
 40
29.0
 10
165.6165329969924
 20
-126.2200788573336
 30
0.0
 10
165.6093363305094
 20
-126.1603888573491
 30
0.0
 10
165.62559938565
 20
-126.13791691291
 30
0.0
 10
165.6533629960528
 20
-125.9990988573891
 30
0.0
 10
165.6562204959799
 20
-125.9848466351705
 30
0.0
 10
165.6644754957694
 20
-125.9343288574052
 30
0.0
 10
165.6809854953481
 20
-125.8333285796528
 30
0.0
 10
165.7120299390006
 20
-125.6434635796999
 30
0.0
 10
165.7275521608268
 20
-125.548566357502
 30
0.0
 10
165.7362304939387
 20
-125.4557858019694
 30
0.0
 10
165.7464610492333
 20
-125.3466363575522
 30
0.0
 10
165.7388410494277
 20
-125.3439905242196
 30
0.0
 10
165.7454379937038
 20
-125.1703180242631
 30
0.0
 10
165.7513293824424
 20
-125.0155896909686
 30
0.0
 10
165.7582085489339
 20
-124.9956224687514
 30
0.0
 10
165.7822721807767
 20
-124.6822499688296
 30
0.0
 10
165.799342436773
 20
-124.4603880244407
 30
0.0
 10
165.8079149365543
 20
-124.3472521911356
 30
0.0
 10
165.8098904920595
 20
-124.2402194133843
 30
0.0
 10
165.8116543809034
 20
-124.1476152467412
 30
0.0
 10
165.8137357697392
 20
-124.0185338578843
 30
0.0
 10
165.8006829922944
 20
-123.8534691357035
 30
0.0
 10
165.7848432704763
 20
-123.6526680246426
 30
0.0
 10
165.7686860486663
 20
-123.6779974690806
 30
0.0
 10
165.7270229941736
 20
-123.3469860802745
 30
0.0
 10
165.6904399395514
 20
-123.0562619136806
 30
0.0
 10
165.7024343836898
 20
-123.0331549692417
 30
0.0
 10
165.6625704958179
 20
-122.9510283025957
 30
0.0
 10
165.6416860519063
 20
-122.9079894137178
 30
0.0
 10
165.6037977195396
 20
-122.8431841359557
 30
0.0
 10
165.5981221808228
 20
-122.7484280248685
 30
0.0
 10
165.5957543864114
 20
-122.7090580248782
 30
0.0
 10
165.5926499420462
 20
-122.6423830248948
 30
0.0
 10
165.6349479965226
 20
-122.5826577471321
 30
0.0
 10
165.666697995713
 20
-122.5378196915879
 30
0.0
 10
165.7103366057104
 20
-122.5162649693708
 30
0.0
 10
165.7270229941736
 20
-122.5089977471504
 30
0.0
 10
165.7826913260867
 20
-122.4847619138232
 30
0.0
 10
165.8559632686619
 20
-122.4813752471576
 30
0.0
 10
165.8559632686619
 20
-122.4813752471576
 30
0.0
 10
165.8559632686619
 20
-122.4813752471576
 30
0.0
 10
165.8559632686619
 20
-122.4813752471576
 30
0.0
 10
165.8559632686619
 20
-122.4813752471576
 30
0.0
 10
165.8559632686619
 20
-122.4813752471576
 30
0.0
 10
165.9777110696168
 20
-122.5218035804805
 30
0.0
 10
166.0401132639638
 20
-122.5918652471295
 30
0.0
 10
166.0860138473674
 20
-122.6433708026724
 30
0.0
 10
166.0801182629432
 20
-122.6887380248833
 30
0.0
 10
166.1046010400964
 20
-122.8128805248521
 30
0.0
 10
166.1153254842672
 20
-122.8674199692829
 30
0.0
 10
166.1100338177355
 20
-122.8260391359599
 30
0.0
 10
166.1874685379822
 20
-123.0983483025591
 30
0.0
 10
166.2402088144145
 20
-123.2838741358456
 30
0.0
 10
166.2676549248257
 20
-123.3809585802658
 30
0.0
 10
166.2979585351634
 20
-123.5127563580109
 30
0.0
 10
166.307589368251
 20
-123.5546310802223
 30
0.0
 10
166.3272038121951
 20
-123.6403913579785
 30
0.0
 10
166.3439960339889
 20
-123.7337363579554
 30
0.0
 10
166.3891515883924
 20
-123.9847377467813
 30
0.0
 10
166.3939140882709
 20
-124.1799649689549
 30
0.0
 10
166.3992805139557
 20
-124.4428196911115
 30
0.0
 10
166.4036154769123
 20
-124.6568499688359
 30
0.0
 10
166.4057674213018
 20
-124.7638827465871
 30
0.0
 10
166.3900688105916
 20
-124.9124727465496
 30
0.0
 10
166.3800851997349
 20
-125.0066644131926
 30
0.0
 10
166.3754638109639
 20
-125.0026780243047
 30
0.0
 10
166.3347885342238
 20
-125.2716005242376
 30
0.0
 10
166.2863916250952
 20
-125.5918521908245
 30
0.0
 10
166.29460714636
 20
-125.5866310797144
 30
0.0
 10
166.2703360358684
 20
-125.6952160796874
 30
0.0
 10
166.2180896483121
 20
-125.9290019129619
 30
0.0
 10
166.1887738157267
 20
-125.9140088574103
 30
0.0
 10
166.1782610382171
 20
-126.0543438573754
 30
0.0
 10
166.1726518716936
 20
-126.129168024023
 30
0.0
 10
166.1752666251228
 20
-126.2098130240029
 30
0.0
 10
166.1322277362449
 20
-126.3121891350889
 30
0.0
 10
166.0978277069358
 20
-126.3939983017347
 30
0.0
 10
166.0611035412061
 20
-126.4259246906157
 30
0.0
 10
166.0401132639638
 20
-126.4410941350562
 30
0.0
 10
165.9733677101111
 20
-126.4894952461556
 30
0.0
 10
165.9014010452804
 20
-126.4880135794889
 30
0.0
 10
165.8835857679572
 20
-126.4871316350451
 30
0.0
 10
165.7823738260948
 20
-126.4822985794903
 30
0.0
 10
165.7193677165911
 20
-126.4160469128403
 30
0.0
 10
165.6994004948783
 20
-126.395056635068
 30
0.0
 10
165.687088550748
 20
-126.3821096906266
 30
0.0
 10
165.6283157744696
 20
-126.3180452461982
 30
0.0
 10
165.6165329969924
 20
-126.2200788573336
 30
0.0
  0
HATCH
  5
360
330
1F
100
AcDbEntity
  8
Photoreceptor
 62
     7
420
 16777215
100
AcDbHatch
 10
0.0
 20
0.0
 30
0.0
210
0.0
220
0.0
230
1.0
  2
SOLID
 70
     1
 71
     0
 91
        1
 92
        1
 93
        1
 72
     4
 94
        3
 73
     0
 74
     1
 95
       92
 96
       88
 40
0.0
 40
0.0
 40
0.0
 40
0.0
 40
1.0
 40
1.0
 40
1.0
 40
2.0
 40
2.0
 40
2.0
 40
3.0
 40
3.0
 40
3.0
 40
4.0
 40
4.0
 40
4.0
 40
5.0
 40
5.0
 40
5.0
 40
6.0
 40
6.0
 40
6.0
 40
7.0
 40
7.0
 40
7.0
 40
8.0
 40
8.0
 40
8.0
 40
9.0
 40
9.0
 40
9.0
 40
10.0
 40
10.0
 40
10.0
 40
11.0
 40
11.0
 40
11.0
 40
12.0
 40
12.0
 40
12.0
 40
13.0
 40
13.0
 40
13.0
 40
14.0
 40
14.0
 40
14.0
 40
15.0
 40
15.0
 40
15.0
 40
16.0
 40
16.0
 40
16.0
 40
17.0
 40
17.0
 40
17.0
 40
18.0
 40
18.0
 40
18.0
 40
19.0
 40
19.0
 40
19.0
 40
20.0
 40
20.0
 40
20.0
 40
21.0
 40
21.0
 40
21.0
 40
22.0
 40
22.0
 40
22.0
 40
23.0
 40
23.0
 40
23.0
 40
24.0
 40
24.0
 40
24.0
 40
25.0
 40
25.0
 40
25.0
 40
26.0
 40
26.0
 40
26.0
 40
27.0
 40
27.0
 40
27.0
 40
28.0
 40
28.0
 40
28.0
 40
29.0
 40
29.0
 40
29.0
 40
29.0
 10
165.6165329969924
 20
-126.2200788573336
 10
165.6093363305094
 20
-126.1603888573491
 10
165.62559938565
 20
-126.13791691291
 10
165.6533629960528
 20
-125.9990988573891
 10
165.6562204959799
 20
-125.9848466351705
 10
165.6644754957694
 20
-125.9343288574052
 10
165.6809854953481
 20
-125.8333285796528
 10
165.7120299390006
 20
-125.6434635796999
 10
165.7275521608268
 20
-125.548566357502
 10
165.7362304939387
 20
-125.4557858019694
 10
165.7464610492333
 20
-125.3466363575522
 10
165.7388410494277
 20
-125.3439905242196
 10
165.7454379937038
 20
-125.1703180242631
 10
165.7513293824424
 20
-125.0155896909686
 10
165.7582085489339
 20
-124.9956224687514
 10
165.7822721807767
 20
-124.6822499688296
 10
165.799342436773
 20
-124.4603880244407
 10
165.8079149365543
 20
-124.3472521911356
 10
165.8098904920595
 20
-124.2402194133843
 10
165.8116543809034
 20
-124.1476152467412
 10
165.8137357697392
 20
-124.0185338578843
 10
165.8006829922944
 20
-123.8534691357035
 10
165.7848432704763
 20
-123.6526680246426
 10
165.7686860486663
 20
-123.6779974690806
 10
165.7270229941736
 20
-123.3469860802745
 10
165.6904399395514
 20
-123.0562619136806
 10
165.7024343836898
 20
-123.0331549692417
 10
165.6625704958179
 20
-122.9510283025957
 10
165.6416860519063
 20
-122.9079894137178
 10
165.6037977195396
 20
-122.8431841359557
 10
165.5981221808228
 20
-122.7484280248685
 10
165.5957543864114
 20
-122.7090580248782
 10
165.5926499420462
 20
-122.6423830248948
 10
165.6349479965226
 20
-122.5826577471321
 10
165.666697995713
 20
-122.5378196915879
 10
165.7103366057104
 20
-122.5162649693708
 10
165.7270229941736
 20
-122.5089977471504
 10
165.7826913260867
 20
-122.4847619138232
 10
165.8559632686619
 20
-122.4813752471576
 10
165.8559632686619
 20
-122.4813752471576
 10
165.8559632686619
 20
-122.4813752471576
 10
165.8559632686619
 20
-122.4813752471576
 10
165.8559632686619
 20
-122.4813752471576
 10
165.8559632686619
 20
-122.4813752471576
 10
165.9777110696168
 20
-122.5218035804805
 10
166.0401132639638
 20
-122.5918652471295
 10
166.0860138473674
 20
-122.6433708026724
 10
166.0801182629432
 20
-122.6887380248833
 10
166.1046010400964
 20
-122.8128805248521
 10
166.1153254842672
 20
-122.8674199692829
 10
166.1100338177355
 20
-122.8260391359599
 10
166.1874685379822
 20
-123.0983483025591
 10
166.2402088144145
 20
-123.2838741358456
 10
166.2676549248257
 20
-123.3809585802658
 10
166.2979585351634
 20
-123.5127563580109
 10
166.307589368251
 20
-123.5546310802223
 10
166.3272038121951
 20
-123.6403913579785
 10
166.3439960339889
 20
-123.7337363579554
 10
166.3891515883924
 20
-123.9847377467813
 10
166.3939140882709
 20
-124.1799649689549
 10
166.3992805139557
 20
-124.4428196911115
 10
166.4036154769123
 20
-124.6568499688359
 10
166.4057674213018
 20
-124.7638827465871
 10
166.3900688105916
 20
-124.9124727465496
 10
166.3800851997349
 20
-125.0066644131926
 10
166.3754638109639
 20
-125.0026780243047
 10
166.3347885342238
 20
-125.2716005242376
 10
166.2863916250952
 20
-125.5918521908245
 10
166.29460714636
 20
-125.5866310797144
 10
166.2703360358684
 20
-125.6952160796874
 10
166.2180896483121
 20
-125.9290019129619
 10
166.1887738157267
 20
-125.9140088574103
 10
166.1782610382171
 20
-126.0543438573754
 10
166.1726518716936
 20
-126.129168024023
 10
166.1752666251228
 20
-126.2098130240029
 10
166.1322277362449
 20
-126.3121891350889
 10
166.0978277069358
 20
-126.3939983017347
 10
166.0611035412061
 20
-126.4259246906157
 10
166.0401132639638
 20
-126.4410941350562
 10
165.9733677101111
 20
-126.4894952461556
 10
165.9014010452804
 20
-126.4880135794889
 10
165.8835857679572
 20
-126.4871316350451
 10
165.7823738260948
 20
-126.4822985794903
 10
165.7193677165911
 20
-126.4160469128403
 10
165.6994004948783
 20
-126.395056635068
 10
165.687088550748
 20
-126.3821096906266
 10
165.6283157744696
 20
-126.3180452461982
 10
165.6165329969924
 20
-126.2200788573336
 97
        0
 97
        0
 75
     2
 76
     1
 98
        0
  0
SPLINE
  5
361
330
1F
100
AcDbEntity
  8
Photoreceptor
370
     0
100
AcDbSpline
210
0.0
220
0.0
230
1.0
 70
    11
 71
     3
 72
    86
 73
    82
 74
     0
 42
0.0000000001
 43
0.0000000001
 12
1.0
 22
0.0
 32
0.0
 13
1.0
 23
0.0
 33
0.0
 40
0.0
 40
0.0
 40
0.0
 40
0.0
 40
1.0
 40
1.0
 40
1.0
 40
2.0
 40
2.0
 40
2.0
 40
3.0
 40
3.0
 40
3.0
 40
4.0
 40
4.0
 40
4.0
 40
5.0
 40
5.0
 40
5.0
 40
6.0
 40
6.0
 40
6.0
 40
7.0
 40
7.0
 40
7.0
 40
8.0
 40
8.0
 40
8.0
 40
9.0
 40
9.0
 40
9.0
 40
10.0
 40
10.0
 40
10.0
 40
11.0
 40
11.0
 40
11.0
 40
12.0
 40
12.0
 40
12.0
 40
13.0
 40
13.0
 40
13.0
 40
14.0
 40
14.0
 40
14.0
 40
15.0
 40
15.0
 40
15.0
 40
16.0
 40
16.0
 40
16.0
 40
17.0
 40
17.0
 40
17.0
 40
18.0
 40
18.0
 40
18.0
 40
19.0
 40
19.0
 40
19.0
 40
20.0
 40
20.0
 40
20.0
 40
21.0
 40
21.0
 40
21.0
 40
22.0
 40
22.0
 40
22.0
 40
23.0
 40
23.0
 40
23.0
 40
24.0
 40
24.0
 40
24.0
 40
25.0
 40
25.0
 40
25.0
 40
26.0
 40
26.0
 40
26.0
 40
27.0
 40
27.0
 40
27.0
 40
27.0
 10
166.4729363084771
 20
-126.5332044128109
 30
0.0
 10
166.4485946424315
 20
-126.3599199684103
 30
0.0
 10
166.5295218625891
 20
-126.1136105240272
 30
0.0
 10
166.5650113061281
 20
-125.9806838573937
 30
0.0
 10
166.6009946385434
 20
-125.8458874685383
 30
0.0
 10
166.6111546382842
 20
-125.7495791352293
 30
0.0
 10
166.6294638044838
 20
-125.5754833019393
 30
0.0
 10
166.646432415162
 20
-125.4143344130907
 30
0.0
 10
166.6380010264882
 20
-125.3850185797648
 30
0.0
 10
166.6479140817908
 20
-125.0137552465241
 30
0.0
 10
166.6540524149676
 20
-124.7831796910263
 30
0.0
 10
166.657403803771
 20
-124.7904469132467
 30
0.0
 10
166.6663332916666
 20
-124.4796496911023
 30
0.0
 10
166.6724321367209
 20
-124.2653724689334
 30
0.0
 10
166.6755055138868
 20
-124.1582338578496
 30
0.0
 10
166.6755365810861
 20
-124.0560694134307
 30
0.0
 10
166.6755365810861
 20
-123.7599124690602
 30
0.0
 10
166.6755365810861
 20
-123.6118516357638
 30
0.0
 10
166.6479140817908
 20
-123.4298535802536
 30
0.0
 10
166.614964638187
 20
-123.2131774691967
 30
0.0
 10
166.5524524175596
 20
-122.9870116359196
 30
0.0
 10
166.5373888068328
 20
-122.9326133026002
 30
0.0
 10
166.5104055139278
 20
-122.8349996915134
 30
0.0
 10
166.4994694028195
 20
-122.7326588582056
 30
0.0
 10
166.463728808712
 20
-122.6379380248959
 30
0.0
 10
166.4445729758677
 20
-122.5872085804642
 30
0.0
 10
166.4175854765559
 20
-122.5258252471465
 30
0.0
 10
166.4268988096516
 20
-122.4445452471667
 30
0.0
 10
166.4302854762319
 20
-122.4148413582855
 30
0.0
 10
166.4364238094086
 20
-122.3667224694082
 30
0.0
 10
166.4729363084771
 20
-122.3248124694186
 30
0.0
 10
166.5326615847312
 20
-122.2562677472138
 30
0.0
 10
166.6254774156966
 20
-122.2596544138794
 30
0.0
 10
166.6386713042489
 20
-122.260359969435
 30
0.0
 10
166.7199555138754
 20
-122.264628580545
 30
0.0
 10
166.7737499119139
 20
-122.3153580249767
 30
0.0
 10
166.8228565773277
 20
-122.3616777471876
 30
0.0
 10
166.9008204642276
 20
-122.4351613582798
 30
0.0
 10
166.9378621299495
 20
-122.5141835804823
 30
0.0
 10
166.9517968518159
 20
-122.5458277471413
 30
0.0
 10
167.0214704611495
 20
-122.7042955248797
 30
0.0
 10
167.0140621280052
 20
-122.8181369137397
 30
0.0
 10
167.0346643497018
 20
-122.9970658025839
 30
0.0
 10
167.0641565711716
 20
-123.2530413580754
 30
0.0
 10
167.1025035146378
 20
-123.2212913580833
 30
0.0
 10
167.1543618466481
 20
-123.5587938579991
 30
0.0
 10
167.1687904573911
 20
-123.6526680246426
 30
0.0
 10
167.1793385126775
 20
-123.7595244135043
 30
0.0
 10
167.2004388470887
 20
-123.9731666356734
 30
0.0
 10
167.2147926784397
 20
-124.1189696911926
 30
0.0
 10
167.2228007337909
 20
-124.2174299689456
 30
0.0
 10
167.2372646223108
 20
-124.3967821911233
 30
0.0
 10
167.2697201770384
 20
-124.799583857689
 30
0.0
 10
167.2677446215332
 20
-124.8458683021218
 30
0.0
 10
167.2648871216064
 20
-124.8848502465568
 30
0.0
 10
167.255824958186
 20
-125.0080402465255
 30
0.0
 10
167.243367677711
 20
-124.9854977465314
 30
0.0
 10
167.2004388470887
 20
-125.2808080242356
 30
0.0
 10
167.1872054569213
 20
-125.3715777464349
 30
0.0
 10
167.1762693460892
 20
-125.461042190857
 30
0.0
 10
167.1543618466481
 20
-125.6399358019236
 30
0.0
 10
167.1206362919529
 20
-125.9157021907434
 30
0.0
 10
167.1233174029956
 20
-125.9173955240759
 30
0.0
 10
167.1083243478226
 20
-126.0083063573865
 30
0.0
 10
167.0824304595943
 20
-126.1654688573478
 30
0.0
 10
167.076750737517
 20
-126.1461366351305
 30
0.0
 10
167.0438718494669
 20
-126.3398116350817
 30
0.0
 10
167.0281732387563
 20
-126.4323452461698
 30
0.0
 10
167.0222860693554
 20
-126.4789824683804
 30
0.0
 10
166.9978343506414
 20
-126.5516194128063
 30
0.0
 10
166.9621332404411
 20
-126.6575585794468
 30
0.0
 10
166.936768518866
 20
-126.7328766349835
 30
0.0
 10
166.8688940761532
 20
-126.7633919127534
 30
0.0
 10
166.8046221805212
 20
-126.7923196905241
 30
0.0
 10
166.7358305138715
 20
-126.7659671905309
 30
0.0
 10
166.6571215815559
 20
-126.7357694127606
 30
0.0
 10
166.6087204716796
 20
-126.717248579432
 30
0.0
 10
166.5495949176325
 20
-126.6936830238821
 30
0.0
 10
166.5097663075375
 20
-126.6344869127861
 30
0.0
 10
166.4844721415162
 20
-126.596880801684
 30
0.0
 10
166.4765699194955
 20
-126.5591335794712
 30
0.0
 10
166.4729363084771
 20
-126.5332044128109
 30
0.0
  0
HATCH
  5
362
330
1F
100
AcDbEntity
  8
Photoreceptor
 62
     7
420
 16777215
100
AcDbHatch
 10
0.0
 20
0.0
 30
0.0
210
0.0
220
0.0
230
1.0
  2
SOLID
 70
     1
 71
     0
 91
        1
 92
        1
 93
        1
 72
     4
 94
        3
 73
     0
 74
     1
 95
       86
 96
       82
 40
0.0
 40
0.0
 40
0.0
 40
0.0
 40
1.0
 40
1.0
 40
1.0
 40
2.0
 40
2.0
 40
2.0
 40
3.0
 40
3.0
 40
3.0
 40
4.0
 40
4.0
 40
4.0
 40
5.0
 40
5.0
 40
5.0
 40
6.0
 40
6.0
 40
6.0
 40
7.0
 40
7.0
 40
7.0
 40
8.0
 40
8.0
 40
8.0
 40
9.0
 40
9.0
 40
9.0
 40
10.0
 40
10.0
 40
10.0
 40
11.0
 40
11.0
 40
11.0
 40
12.0
 40
12.0
 40
12.0
 40
13.0
 40
13.0
 40
13.0
 40
14.0
 40
14.0
 40
14.0
 40
15.0
 40
15.0
 40
15.0
 40
16.0
 40
16.0
 40
16.0
 40
17.0
 40
17.0
 40
17.0
 40
18.0
 40
18.0
 40
18.0
 40
19.0
 40
19.0
 40
19.0
 40
20.0
 40
20.0
 40
20.0
 40
21.0
 40
21.0
 40
21.0
 40
22.0
 40
22.0
 40
22.0
 40
23.0
 40
23.0
 40
23.0
 40
24.0
 40
24.0
 40
24.0
 40
25.0
 40
25.0
 40
25.0
 40
26.0
 40
26.0
 40
26.0
 40
27.0
 40
27.0
 40
27.0
 40
27.0
 10
166.4729363084771
 20
-126.5332044128109
 10
166.4485946424315
 20
-126.3599199684103
 10
166.5295218625891
 20
-126.1136105240272
 10
166.5650113061281
 20
-125.9806838573937
 10
166.6009946385434
 20
-125.8458874685383
 10
166.6111546382842
 20
-125.7495791352293
 10
166.6294638044838
 20
-125.5754833019393
 10
166.646432415162
 20
-125.4143344130907
 10
166.6380010264882
 20
-125.3850185797648
 10
166.6479140817908
 20
-125.0137552465241
 10
166.6540524149676
 20
-124.7831796910263
 10
166.657403803771
 20
-124.7904469132467
 10
166.6663332916666
 20
-124.4796496911023
 10
166.6724321367209
 20
-124.2653724689334
 10
166.6755055138868
 20
-124.1582338578496
 10
166.6755365810861
 20
-124.0560694134307
 10
166.6755365810861
 20
-123.7599124690602
 10
166.6755365810861
 20
-123.6118516357638
 10
166.6479140817908
 20
-123.4298535802536
 10
166.614964638187
 20
-123.2131774691967
 10
166.5524524175596
 20
-122.9870116359196
 10
166.5373888068328
 20
-122.9326133026002
 10
166.5104055139278
 20
-122.8349996915134
 10
166.4994694028195
 20
-122.7326588582056
 10
166.463728808712
 20
-122.6379380248959
 10
166.4445729758677
 20
-122.5872085804642
 10
166.4175854765559
 20
-122.5258252471465
 10
166.4268988096516
 20
-122.4445452471667
 10
166.4302854762319
 20
-122.4148413582855
 10
166.4364238094086
 20
-122.3667224694082
 10
166.4729363084771
 20
-122.3248124694186
 10
166.5326615847312
 20
-122.2562677472138
 10
166.6254774156966
 20
-122.2596544138794
 10
166.6386713042489
 20
-122.260359969435
 10
166.7199555138754
 20
-122.264628580545
 10
166.7737499119139
 20
-122.3153580249767
 10
166.8228565773277
 20
-122.3616777471876
 10
166.9008204642276
 20
-122.4351613582798
 10
166.9378621299495
 20
-122.5141835804823
 10
166.9517968518159
 20
-122.5458277471413
 10
167.0214704611495
 20
-122.7042955248797
 10
167.0140621280052
 20
-122.8181369137397
 10
167.0346643497018
 20
-122.9970658025839
 10
167.0641565711716
 20
-123.2530413580754
 10
167.1025035146378
 20
-123.2212913580833
 10
167.1543618466481
 20
-123.5587938579991
 10
167.1687904573911
 20
-123.6526680246426
 10
167.1793385126775
 20
-123.7595244135043
 10
167.2004388470887
 20
-123.9731666356734
 10
167.2147926784397
 20
-124.1189696911926
 10
167.2228007337909
 20
-124.2174299689456
 10
167.2372646223108
 20
-124.3967821911233
 10
167.2697201770384
 20
-124.799583857689
 10
167.2677446215332
 20
-124.8458683021218
 10
167.2648871216064
 20
-124.8848502465568
 10
167.255824958186
 20
-125.0080402465255
 10
167.243367677711
 20
-124.9854977465314
 10
167.2004388470887
 20
-125.2808080242356
 10
167.1872054569213
 20
-125.3715777464349
 10
167.1762693460892
 20
-125.461042190857
 10
167.1543618466481
 20
-125.6399358019236
 10
167.1206362919529
 20
-125.9157021907434
 10
167.1233174029956
 20
-125.9173955240759
 10
167.1083243478226
 20
-126.0083063573865
 10
167.0824304595943
 20
-126.1654688573478
 10
167.076750737517
 20
-126.1461366351305
 10
167.0438718494669
 20
-126.3398116350817
 10
167.0281732387563
 20
-126.4323452461698
 10
167.0222860693554
 20
-126.4789824683804
 10
166.9978343506414
 20
-126.5516194128063
 10
166.9621332404411
 20
-126.6575585794468
 10
166.936768518866
 20
-126.7328766349835
 10
166.8688940761532
 20
-126.7633919127534
 10
166.8046221805212
 20
-126.7923196905241
 10
166.7358305138715
 20
-126.7659671905309
 10
166.6571215815559
 20
-126.7357694127606
 10
166.6087204716796
 20
-126.717248579432
 10
166.5495949176325
 20
-126.6936830238821
 10
166.5097663075375
 20
-126.6344869127861
 10
166.4844721415162
 20
-126.596880801684
 10
166.4765699194955
 20
-126.5591335794712
 10
166.4729363084771
 20
-126.5332044128109
 97
        0
 97
        0
 75
     2
 76
     1
 98
        0
  0
SPLINE
  5
363
330
1F
100
AcDbEntity
  8
Photoreceptor
370
     0
100
AcDbSpline
210
0.0
220
0.0
230
1.0
 70
    11
 71
     3
 72
   101
 73
    97
 74
     0
 42
0.0000000001
 43
0.0000000001
 12
1.0
 22
0.0
 32
0.0
 13
1.0
 23
0.0
 33
0.0
 40
0.0
 40
0.0
 40
0.0
 40
0.0
 40
1.0
 40
1.0
 40
1.0
 40
2.0
 40
2.0
 40
2.0
 40
3.0
 40
3.0
 40
3.0
 40
4.0
 40
4.0
 40
4.0
 40
5.0
 40
5.0
 40
5.0
 40
6.0
 40
6.0
 40
6.0
 40
7.0
 40
7.0
 40
7.0
 40
8.0
 40
8.0
 40
8.0
 40
9.0
 40
9.0
 40
9.0
 40
10.0
 40
10.0
 40
10.0
 40
11.0
 40
11.0
 40
11.0
 40
12.0
 40
12.0
 40
12.0
 40
13.0
 40
13.0
 40
13.0
 40
14.0
 40
14.0
 40
14.0
 40
15.0
 40
15.0
 40
15.0
 40
16.0
 40
16.0
 40
16.0
 40
17.0
 40
17.0
 40
17.0
 40
18.0
 40
18.0
 40
18.0
 40
19.0
 40
19.0
 40
19.0
 40
20.0
 40
20.0
 40
20.0
 40
21.0
 40
21.0
 40
21.0
 40
22.0
 40
22.0
 40
22.0
 40
23.0
 40
23.0
 40
23.0
 40
24.0
 40
24.0
 40
24.0
 40
25.0
 40
25.0
 40
25.0
 40
26.0
 40
26.0
 40
26.0
 40
27.0
 40
27.0
 40
27.0
 40
28.0
 40
28.0
 40
28.0
 40
29.0
 40
29.0
 40
29.0
 40
30.0
 40
30.0
 40
30.0
 40
31.0
 40
31.0
 40
31.0
 40
32.0
 40
32.0
 40
32.0
 40
32.0
 10
167.3845888470426
 20
-126.8555021905087
 30
0.0
 10
167.3602782302836
 20
-126.7306188572062
 30
0.0
 10
167.4133007289309
 20
-126.6336402461192
 30
0.0
 10
167.449037116908
 20
-126.5424119128089
 30
0.0
 10
167.4769065606415
 20
-126.4713271906041
 30
0.0
 10
167.492186069238
 20
-126.3200560795309
 30
0.0
 10
167.5227323928057
 20
-126.0175138573846
 30
0.0
 10
167.5503944025568
 20
-125.7433702463422
 30
0.0
 10
167.5383999581155
 20
-125.6957452463541
 30
0.0
 10
167.5595666247767
 20
-125.1887330242585
 30
0.0
 10
167.5827398912748
 20
-124.6334608021749
 30
0.0
 10
167.5998143352836
 20
-124.6261230243989
 30
0.0
 10
167.5871848911614
 20
-124.4151971911187
 30
0.0
 10
167.5720860026577
 20
-124.1631374689594
 30
0.0
 10
167.5445340589162
 20
-124.1206983023032
 30
0.0
 10
167.550354892101
 20
-123.8995066356917
 30
0.0
 10
167.5547293364338
 20
-123.7321488579561
 30
0.0
 10
167.5735323915097
 20
-123.6419435802009
 30
0.0
 10
167.5411473923359
 20
-123.4851338580174
 30
0.0
 10
167.5113376708742
 20
-123.3407771913868
 30
0.0
 10
167.482833227157
 20
-123.3561935802719
 30
0.0
 10
167.449037116908
 20
-123.1996660803111
 30
0.0
 10
167.4003537848167
 20
-122.9739941359232
 30
0.0
 10
167.4581740611194
 20
-122.9354355248217
 30
0.0
 10
167.3937921183175
 20
-122.7760505248613
 30
0.0
 10
167.3563271192733
 20
-122.6832699693293
 30
0.0
 10
167.3213668423874
 20
-122.6583285804465
 30
0.0
 10
167.2925138470658
 20
-122.5458277471413
 30
0.0
 10
167.2750471213469
 20
-122.4777769138249
 30
0.0
 10
167.255679621841
 20
-122.3616777471876
 30
0.0
 10
167.255679621841
 20
-122.3616777471876
 30
0.0
 10
167.255679621841
 20
-122.3616777471876
 30
0.0
 10
167.255679621841
 20
-122.3616777471876
 30
0.0
 10
167.255679621841
 20
-122.3616777471876
 30
0.0
 10
167.255679621841
 20
-122.3616777471876
 30
0.0
 10
167.2441832915224
 20
-122.2821969138741
 30
0.0
 10
167.2648871216064
 20
-122.2235299694441
 30
0.0
 10
167.2883115654529
 20
-122.1570666361277
 30
0.0
 10
167.3513176749566
 20
-122.1222474694696
 30
0.0
 10
167.3845888470426
 20
-122.1038324694742
 30
0.0
 10
167.4152057288823
 20
-122.0868991361448
 30
0.0
 10
167.4568687833749
 20
-122.0638274694841
 30
0.0
 10
167.5135248930406
 20
-122.0669671917058
 30
0.0
 10
167.5751904470229
 20
-122.0704244139271
 30
0.0
 10
167.6177749580955
 20
-122.1029152472522
 30
0.0
 10
167.642429889752
 20
-122.1222474694696
 30
0.0
 10
167.6751676666945
 20
-122.1478944139072
 30
0.0
 10
167.7064590547851
 20
-122.1834544138984
 30
0.0
 10
167.7437166247306
 20
-122.260359969435
 30
0.0
 10
167.7853754416607
 20
-122.3462966360801
 30
0.0
 10
167.8014621079169
 20
-122.4156880249517
 30
0.0
 10
167.8266194024879
 20
-122.5274127471458
 30
0.0
 10
167.8547668287792
 20
-122.6525430248923
 30
0.0
 10
167.8688779395304
 20
-122.7151258026546
 30
0.0
 10
167.8818601614214
 20
-122.7760505248613
 30
0.0
 10
167.9223590492774
 20
-122.9659860803698
 30
0.0
 10
167.9341418267542
 20
-122.9958310803624
 30
0.0
 10
167.9647276593076
 20
-123.1351783025493
 30
0.0
 10
167.9782037700749
 20
-123.1965969136451
 30
0.0
 10
168.0159157135569
 20
-123.3729858024899
 30
0.0
 10
168.04763043497
 20
-123.59562385799
 30
0.0
 10
168.0785337675149
 20
-123.812793857936
 30
0.0
 10
168.0903165449921
 20
-123.9799046912271
 30
0.0
 10
168.1028754335606
 20
-124.1573519134052
 30
0.0
 10
168.1088416246396
 20
-124.2420538578281
 30
0.0
 10
168.116316266551
 20
-124.3492277466908
 30
0.0
 10
168.1212904330908
 20
-124.4888571910997
 30
0.0
 10
168.1348723771887
 20
-124.8710213576709
 30
0.0
 10
168.1178332109567
 20
-125.1631919131534
 30
0.0
 10
168.112082933326
 20
-125.2531855242422
 30
0.0
 10
168.1002648780716
 20
-125.4377588575292
 30
0.0
 10
168.0903871005459
 20
-125.5916052463799
 30
0.0
 10
168.0568379347351
 20
-125.7872910796645
 30
0.0
 10
168.031936069103
 20
-125.932282746295
 30
0.0
 10
168.0015576583676
 20
-126.0911738573663
 30
0.0
 10
168.0015576583676
 20
-126.0911738573663
 30
0.0
 10
167.9606354371894
 20
-126.3052394128682
 30
0.0
 10
167.9579190483698
 20
-126.297337190648
 30
0.0
 10
167.9555201595421
 20
-126.3398116350817
 30
0.0
 10
167.9446898820407
 20
-126.5330985794777
 30
0.0
 10
168.0082999579978
 20
-126.5761727461338
 30
0.0
 10
167.9647276593076
 20
-126.7081469127671
 30
0.0
 10
167.957284048386
 20
-126.7307246905394
 30
0.0
 10
167.9321309934722
 20
-126.7784555238607
 30
0.0
 10
167.8818601614214
 20
-126.8739171905035
 30
0.0
 10
167.8362812736953
 20
-126.9604183015934
 30
0.0
 10
167.8188582913787
 20
-126.9863827460312
 30
0.0
 10
167.7897851637704
 20
-127.0120296904695
 30
0.0
 10
167.7695709976198
 20
-127.0298449682426
 30
0.0
 10
167.7270259987048
 20
-127.0663927460114
 30
0.0
 10
167.6608448892822
 20
-127.0765174682307
 30
0.0
 10
167.5734618359559
 20
-127.0898524682274
 30
0.0
 10
167.5071748932026
 20
-127.0476602460157
 30
0.0
 10
167.4951098935104
 20
-127.0396521904623
 30
0.0
 10
167.4093848956974
 20
-126.9829608015875
 30
0.0
 10
167.3907229517294
 20
-126.886899412723
 30
0.0
 10
167.3845888470426
 20
-126.8555021905087
 30
0.0
  0
HATCH
  5
364
330
1F
100
AcDbEntity
  8
Photoreceptor
 62
     7
420
 16777215
100
AcDbHatch
 10
0.0
 20
0.0
 30
0.0
210
0.0
220
0.0
230
1.0
  2
SOLID
 70
     1
 71
     0
 91
        1
 92
        1
 93
        1
 72
     4
 94
        3
 73
     0
 74
     1
 95
      101
 96
       97
 40
0.0
 40
0.0
 40
0.0
 40
0.0
 40
1.0
 40
1.0
 40
1.0
 40
2.0
 40
2.0
 40
2.0
 40
3.0
 40
3.0
 40
3.0
 40
4.0
 40
4.0
 40
4.0
 40
5.0
 40
5.0
 40
5.0
 40
6.0
 40
6.0
 40
6.0
 40
7.0
 40
7.0
 40
7.0
 40
8.0
 40
8.0
 40
8.0
 40
9.0
 40
9.0
 40
9.0
 40
10.0
 40
10.0
 40
10.0
 40
11.0
 40
11.0
 40
11.0
 40
12.0
 40
12.0
 40
12.0
 40
13.0
 40
13.0
 40
13.0
 40
14.0
 40
14.0
 40
14.0
 40
15.0
 40
15.0
 40
15.0
 40
16.0
 40
16.0
 40
16.0
 40
17.0
 40
17.0
 40
17.0
 40
18.0
 40
18.0
 40
18.0
 40
19.0
 40
19.0
 40
19.0
 40
20.0
 40
20.0
 40
20.0
 40
21.0
 40
21.0
 40
21.0
 40
22.0
 40
22.0
 40
22.0
 40
23.0
 40
23.0
 40
23.0
 40
24.0
 40
24.0
 40
24.0
 40
25.0
 40
25.0
 40
25.0
 40
26.0
 40
26.0
 40
26.0
 40
27.0
 40
27.0
 40
27.0
 40
28.0
 40
28.0
 40
28.0
 40
29.0
 40
29.0
 40
29.0
 40
30.0
 40
30.0
 40
30.0
 40
31.0
 40
31.0
 40
31.0
 40
32.0
 40
32.0
 40
32.0
 40
32.0
 10
167.3845888470426
 20
-126.8555021905087
 10
167.3602782302836
 20
-126.7306188572062
 10
167.4133007289309
 20
-126.6336402461192
 10
167.449037116908
 20
-126.5424119128089
 10
167.4769065606415
 20
-126.4713271906041
 10
167.492186069238
 20
-126.3200560795309
 10
167.5227323928057
 20
-126.0175138573846
 10
167.5503944025568
 20
-125.7433702463422
 10
167.5383999581155
 20
-125.6957452463541
 10
167.5595666247767
 20
-125.1887330242585
 10
167.5827398912748
 20
-124.6334608021749
 10
167.5998143352836
 20
-124.6261230243989
 10
167.5871848911614
 20
-124.4151971911187
 10
167.5720860026577
 20
-124.1631374689594
 10
167.5445340589162
 20
-124.1206983023032
 10
167.550354892101
 20
-123.8995066356917
 10
167.5547293364338
 20
-123.7321488579561
 10
167.5735323915097
 20
-123.6419435802009
 10
167.5411473923359
 20
-123.4851338580174
 10
167.5113376708742
 20
-123.3407771913868
 10
167.482833227157
 20
-123.3561935802719
 10
167.449037116908
 20
-123.1996660803111
 10
167.4003537848167
 20
-122.9739941359232
 10
167.4581740611194
 20
-122.9354355248217
 10
167.3937921183175
 20
-122.7760505248613
 10
167.3563271192733
 20
-122.6832699693293
 10
167.3213668423874
 20
-122.6583285804465
 10
167.2925138470658
 20
-122.5458277471413
 10
167.2750471213469
 20
-122.4777769138249
 10
167.255679621841
 20
-122.3616777471876
 10
167.255679621841
 20
-122.3616777471876
 10
167.255679621841
 20
-122.3616777471876
 10
167.255679621841
 20
-122.3616777471876
 10
167.255679621841
 20
-122.3616777471876
 10
167.255679621841
 20
-122.3616777471876
 10
167.2441832915224
 20
-122.2821969138741
 10
167.2648871216064
 20
-122.2235299694441
 10
167.2883115654529
 20
-122.1570666361277
 10
167.3513176749566
 20
-122.1222474694696
 10
167.3845888470426
 20
-122.1038324694742
 10
167.4152057288823
 20
-122.0868991361448
 10
167.4568687833749
 20
-122.0638274694841
 10
167.5135248930406
 20
-122.0669671917058
 10
167.5751904470229
 20
-122.0704244139271
 10
167.6177749580955
 20
-122.1029152472522
 10
167.642429889752
 20
-122.1222474694696
 10
167.6751676666945
 20
-122.1478944139072
 10
167.7064590547851
 20
-122.1834544138984
 10
167.7437166247306
 20
-122.260359969435
 10
167.7853754416607
 20
-122.3462966360801
 10
167.8014621079169
 20
-122.4156880249517
 10
167.8266194024879
 20
-122.5274127471458
 10
167.8547668287792
 20
-122.6525430248923
 10
167.8688779395304
 20
-122.7151258026546
 10
167.8818601614214
 20
-122.7760505248613
 10
167.9223590492774
 20
-122.9659860803698
 10
167.9341418267542
 20
-122.9958310803624
 10
167.9647276593076
 20
-123.1351783025493
 10
167.9782037700749
 20
-123.1965969136451
 10
168.0159157135569
 20
-123.3729858024899
 10
168.04763043497
 20
-123.59562385799
 10
168.0785337675149
 20
-123.812793857936
 10
168.0903165449921
 20
-123.9799046912271
 10
168.1028754335606
 20
-124.1573519134052
 10
168.1088416246396
 20
-124.2420538578281
 10
168.116316266551
 20
-124.3492277466908
 10
168.1212904330908
 20
-124.4888571910997
 10
168.1348723771887
 20
-124.8710213576709
 10
168.1178332109567
 20
-125.1631919131534
 10
168.112082933326
 20
-125.2531855242422
 10
168.1002648780716
 20
-125.4377588575292
 10
168.0903871005459
 20
-125.5916052463799
 10
168.0568379347351
 20
-125.7872910796645
 10
168.031936069103
 20
-125.932282746295
 10
168.0015576583676
 20
-126.0911738573663
 10
168.0015576583676
 20
-126.0911738573663
 10
167.9606354371894
 20
-126.3052394128682
 10
167.9579190483698
 20
-126.297337190648
 10
167.9555201595421
 20
-126.3398116350817
 10
167.9446898820407
 20
-126.5330985794777
 10
168.0082999579978
 20
-126.5761727461338
 10
167.9647276593076
 20
-126.7081469127671
 10
167.957284048386
 20
-126.7307246905394
 10
167.9321309934722
 20
-126.7784555238607
 10
167.8818601614214
 20
-126.8739171905035
 10
167.8362812736953
 20
-126.9604183015934
 10
167.8188582913787
 20
-126.9863827460312
 10
167.7897851637704
 20
-127.0120296904695
 10
167.7695709976198
 20
-127.0298449682426
 10
167.7270259987048
 20
-127.0663927460114
 10
167.6608448892822
 20
-127.0765174682307
 10
167.5734618359559
 20
-127.0898524682274
 10
167.5071748932026
 20
-127.0476602460157
 10
167.4951098935104
 20
-127.0396521904623
 10
167.4093848956974
 20
-126.9829608015875
 10
167.3907229517294
 20
-126.886899412723
 10
167.3845888470426
 20
-126.8555021905087
 97
        0
 97
        0
 75
     2
 76
     1
 98
        0
  0
SPLINE
  5
365
330
1F
100
AcDbEntity
  8
Photoreceptor
370
     0
100
AcDbSpline
210
0.0
220
0.0
230
1.0
 70
    11
 71
     3
 72
    95
 73
    91
 74
     0
 42
0.0000000001
 43
0.0000000001
 12
1.0
 22
0.0
 32
0.0
 13
1.0
 23
0.0
 33
0.0
 40
0.0
 40
0.0
 40
0.0
 40
0.0
 40
1.0
 40
1.0
 40
1.0
 40
2.0
 40
2.0
 40
2.0
 40
3.0
 40
3.0
 40
3.0
 40
4.0
 40
4.0
 40
4.0
 40
5.0
 40
5.0
 40
5.0
 40
6.0
 40
6.0
 40
6.0
 40
7.0
 40
7.0
 40
7.0
 40
8.0
 40
8.0
 40
8.0
 40
9.0
 40
9.0
 40
9.0
 40
10.0
 40
10.0
 40
10.0
 40
11.0
 40
11.0
 40
11.0
 40
12.0
 40
12.0
 40
12.0
 40
13.0
 40
13.0
 40
13.0
 40
14.0
 40
14.0
 40
14.0
 40
15.0
 40
15.0
 40
15.0
 40
16.0
 40
16.0
 40
16.0
 40
17.0
 40
17.0
 40
17.0
 40
18.0
 40
18.0
 40
18.0
 40
19.0
 40
19.0
 40
19.0
 40
20.0
 40
20.0
 40
20.0
 40
21.0
 40
21.0
 40
21.0
 40
22.0
 40
22.0
 40
22.0
 40
23.0
 40
23.0
 40
23.0
 40
24.0
 40
24.0
 40
24.0
 40
25.0
 40
25.0
 40
25.0
 40
26.0
 40
26.0
 40
26.0
 40
27.0
 40
27.0
 40
27.0
 40
28.0
 40
28.0
 40
28.0
 40
29.0
 40
29.0
 40
29.0
 40
30.0
 40
30.0
 40
30.0
 40
30.0
 10
168.2686104293323
 20
-127.1962149682006
 30
0.0
 10
168.2438101521873
 20
-127.0415924682394
 30
0.0
 10
168.2756659847079
 20
-126.9232002460473
 30
0.0
 10
168.2962329286276
 20
-126.8278796905152
 30
0.0
 10
168.3229382057241
 20
-126.7042310794349
 30
0.0
 10
168.3324632054811
 20
-126.5735621905787
 30
0.0
 10
168.3515132049951
 20
-126.3121891350889
 30
0.0
 10
168.3686229267808
 20
-126.0771685795916
 30
0.0
 10
168.3489379272833
 20
-126.0236521907166
 30
0.0
 10
168.3515132049951
 20
-125.7872910796645
 30
0.0
 10
168.3556759826667
 20
-125.4035394130934
 30
0.0
 10
168.4092982035208
 20
-125.390063301986
 30
0.0
 10
168.4435882026461
 20
-124.9032652465522
 30
0.0
 10
168.4670126464929
 20
-124.5708074688576
 30
0.0
 10
168.4787601461932
 20
-124.4038730244547
 30
0.0
 10
168.4435882026461
 20
-124.1665594134026
 30
0.0
 10
168.4102507034966
 20
-123.9415577467927
 30
0.0
 10
168.3759959821483
 20
-123.9317858023505
 30
0.0
 10
168.3330982054649
 20
-123.6324538579808
 30
0.0
 10
168.290059317674
 20
-123.3322399691668
 30
0.0
 10
168.3171173725393
 20
-123.2904710802886
 30
0.0
 10
168.2594029295672
 20
-123.0983483025591
 30
0.0
 10
168.212130708551
 20
-122.9409388581539
 30
0.0
 10
168.1707851540503
 20
-122.8917969137214
 30
0.0
 10
168.1489129323861
 20
-122.730013024873
 30
0.0
 10
168.1278916246346
 20
-122.5743674693566
 30
0.0
 10
168.1590729321269
 20
-122.5672766360245
 30
0.0
 10
168.1304979328559
 20
-122.4353377471687
 30
0.0
 10
168.0920451560591
 20
-122.2577494138799
 30
0.0
 10
168.0229712689324
 20
-122.2124174694472
 30
0.0
 10
168.04763043497
 20
-122.0946249694761
 30
0.0
 10
168.0663629344924
 20
-122.0050194139433
 30
0.0
 10
168.1245712663404
 20
-121.9439535806253
 30
0.0
 10
168.1397054326213
 20
-121.9288546917398
 30
0.0
 10
168.163941265336
 20
-121.9046541361907
 30
0.0
 10
168.2008418199501
 20
-121.8678241361999
 30
0.0
 10
168.2594029295672
 20
-121.8551946917587
 30
0.0
 10
168.3083684838736
 20
-121.8446113584278
 30
0.0
 10
168.3478443161998
 20
-121.8562530250913
 30
0.0
 10
168.4067582035857
 20
-121.8736096917541
 30
0.0
 10
168.4628145910444
 20
-121.8901196917494
 30
0.0
 10
168.5035604233383
 20
-121.9021141361913
 30
0.0
 10
168.535663200297
 20
-121.9288546917398
 30
0.0
 10
168.5982812542551
 20
-121.9809246917268
 30
0.0
 10
168.593977365476
 20
-122.060476080596
 30
0.0
 10
168.6093584761947
 20
-122.1866999694532
 30
0.0
 10
168.624563198029
 20
-122.3116185805333
 30
0.0
 10
168.6646387525621
 20
-122.4322333027252
 30
0.0
 10
168.6922259740805
 20
-122.5550352471393
 30
0.0
 10
168.7334304174738
 20
-122.7385502470931
 30
0.0
 10
168.7436962505452
 20
-122.7593994137547
 30
0.0
 10
168.7750934719664
 20
-122.8957480248319
 30
0.0
 10
168.7945668048029
 20
-122.9802030248103
 30
0.0
 10
168.8447360688999
 20
-123.2006891358662
 30
0.0
 10
168.8764112471594
 20
-123.466718858022
 30
0.0
 10
168.9067148574974
 20
-123.7216008024027
 30
0.0
 10
168.8869945802227
 20
-123.7406860801761
 30
0.0
 10
168.9224487459849
 20
-124.0836919134235
 30
0.0
 10
168.9465081898155
 20
-124.3166310800318
 30
0.0
 10
168.9538459674061
 20
-124.2906666355939
 30
0.0
 10
168.9684862448104
 20
-124.4612346911069
 30
0.0
 10
168.9759694022005
 20
-124.5481944133071
 30
0.0
 10
168.9955442996756
 20
-124.8052635799101
 30
0.0
 10
168.9776937445754
 20
-125.1426955242696
 30
0.0
 10
168.9698620781086
 20
-125.2904035797883
 30
0.0
 10
168.9574795784245
 20
-125.4043860797603
 30
0.0
 10
168.9408637455151
 20
-125.5570683019439
 30
0.0
 10
168.9079143019112
 20
-125.8597163574241
 30
0.0
 10
168.8934856911682
 20
-125.8710758018656
 30
0.0
 10
168.8856187469245
 20
-126.03592885738
 30
0.0
 10
168.8734479139016
 20
-126.2900699684276
 30
0.0
 10
168.9059387464061
 20
-126.3013588573134
 30
0.0
 10
168.8764112471594
 20
-126.4687166350497
 30
0.0
 10
168.8437440257705
 20
-126.6537133016702
 30
0.0
 10
168.8015518046248
 20
-126.6542424683362
 30
0.0
 10
168.7935084714966
 20
-126.8094646905198
 30
0.0
 10
168.7879698605268
 20
-126.9167091349375
 30
0.0
 10
168.8046915267669
 20
-126.9831019126988
 30
0.0
 10
168.7843009717315
 20
-127.140969968215
 30
0.0
 10
168.7728709720231
 20
-127.229481912637
 30
0.0
 10
168.7591831945946
 20
-127.2738966348484
 30
0.0
 10
168.7290559731409
 20
-127.3159124681712
 30
0.0
 10
168.7099001402963
 20
-127.3426530237196
 30
0.0
 10
168.6564895861034
 20
-127.4069291348151
 30
0.0
 10
168.5632856995923
 20
-127.4264377459213
 30
0.0
 10
168.5473048666667
 20
-127.4297891348094
 30
0.0
 10
168.435227369526
 20
-127.4514144125815
 30
0.0
 10
168.3515132049951
 20
-127.3804002459324
 30
0.0
 10
168.3229382057241
 20
-127.3561644126052
 30
0.0
 10
168.2872370955238
 20
-127.3123141348386
 30
0.0
 10
168.2686104293323
 20
-127.1962149682006
 30
0.0
  0
HATCH
  5
366
330
1F
100
AcDbEntity
  8
Photoreceptor
 62
     7
420
 16777215
100
AcDbHatch
 10
0.0
 20
0.0
 30
0.0
210
0.0
220
0.0
230
1.0
  2
SOLID
 70
     1
 71
     0
 91
        1
 92
        1
 93
        1
 72
     4
 94
        3
 73
     0
 74
     1
 95
       95
 96
       91
 40
0.0
 40
0.0
 40
0.0
 40
0.0
 40
1.0
 40
1.0
 40
1.0
 40
2.0
 40
2.0
 40
2.0
 40
3.0
 40
3.0
 40
3.0
 40
4.0
 40
4.0
 40
4.0
 40
5.0
 40
5.0
 40
5.0
 40
6.0
 40
6.0
 40
6.0
 40
7.0
 40
7.0
 40
7.0
 40
8.0
 40
8.0
 40
8.0
 40
9.0
 40
9.0
 40
9.0
 40
10.0
 40
10.0
 40
10.0
 40
11.0
 40
11.0
 40
11.0
 40
12.0
 40
12.0
 40
12.0
 40
13.0
 40
13.0
 40
13.0
 40
14.0
 40
14.0
 40
14.0
 40
15.0
 40
15.0
 40
15.0
 40
16.0
 40
16.0
 40
16.0
 40
17.0
 40
17.0
 40
17.0
 40
18.0
 40
18.0
 40
18.0
 40
19.0
 40
19.0
 40
19.0
 40
20.0
 40
20.0
 40
20.0
 40
21.0
 40
21.0
 40
21.0
 40
22.0
 40
22.0
 40
22.0
 40
23.0
 40
23.0
 40
23.0
 40
24.0
 40
24.0
 40
24.0
 40
25.0
 40
25.0
 40
25.0
 40
26.0
 40
26.0
 40
26.0
 40
27.0
 40
27.0
 40
27.0
 40
28.0
 40
28.0
 40
28.0
 40
29.0
 40
29.0
 40
29.0
 40
30.0
 40
30.0
 40
30.0
 40
30.0
 10
168.2686104293323
 20
-127.1962149682006
 10
168.2438101521873
 20
-127.0415924682394
 10
168.2756659847079
 20
-126.9232002460473
 10
168.2962329286276
 20
-126.8278796905152
 10
168.3229382057241
 20
-126.7042310794349
 10
168.3324632054811
 20
-126.5735621905787
 10
168.3515132049951
 20
-126.3121891350889
 10
168.3686229267808
 20
-126.0771685795916
 10
168.3489379272833
 20
-126.0236521907166
 10
168.3515132049951
 20
-125.7872910796645
 10
168.3556759826667
 20
-125.4035394130934
 10
168.4092982035208
 20
-125.390063301986
 10
168.4435882026461
 20
-124.9032652465522
 10
168.4670126464929
 20
-124.5708074688576
 10
168.4787601461932
 20
-124.4038730244547
 10
168.4435882026461
 20
-124.1665594134026
 10
168.4102507034966
 20
-123.9415577467927
 10
168.3759959821483
 20
-123.9317858023505
 10
168.3330982054649
 20
-123.6324538579808
 10
168.290059317674
 20
-123.3322399691668
 10
168.3171173725393
 20
-123.2904710802886
 10
168.2594029295672
 20
-123.0983483025591
 10
168.212130708551
 20
-122.9409388581539
 10
168.1707851540503
 20
-122.8917969137214
 10
168.1489129323861
 20
-122.730013024873
 10
168.1278916246346
 20
-122.5743674693566
 10
168.1590729321269
 20
-122.5672766360245
 10
168.1304979328559
 20
-122.4353377471687
 10
168.0920451560591
 20
-122.2577494138799
 10
168.0229712689324
 20
-122.2124174694472
 10
168.04763043497
 20
-122.0946249694761
 10
168.0663629344924
 20
-122.0050194139433
 10
168.1245712663404
 20
-121.9439535806253
 10
168.1397054326213
 20
-121.9288546917398
 10
168.163941265336
 20
-121.9046541361907
 10
168.2008418199501
 20
-121.8678241361999
 10
168.2594029295672
 20
-121.8551946917587
 10
168.3083684838736
 20
-121.8446113584278
 10
168.3478443161998
 20
-121.8562530250913
 10
168.4067582035857
 20
-121.8736096917541
 10
168.4628145910444
 20
-121.8901196917494
 10
168.5035604233383
 20
-121.9021141361913
 10
168.535663200297
 20
-121.9288546917398
 10
168.5982812542551
 20
-121.9809246917268
 10
168.593977365476
 20
-122.060476080596
 10
168.6093584761947
 20
-122.1866999694532
 10
168.624563198029
 20
-122.3116185805333
 10
168.6646387525621
 20
-122.4322333027252
 10
168.6922259740805
 20
-122.5550352471393
 10
168.7334304174738
 20
-122.7385502470931
 10
168.7436962505452
 20
-122.7593994137547
 10
168.7750934719664
 20
-122.8957480248319
 10
168.7945668048029
 20
-122.9802030248103
 10
168.8447360688999
 20
-123.2006891358662
 10
168.8764112471594
 20
-123.466718858022
 10
168.9067148574974
 20
-123.7216008024027
 10
168.8869945802227
 20
-123.7406860801761
 10
168.9224487459849
 20
-124.0836919134235
 10
168.9465081898155
 20
-124.3166310800318
 10
168.9538459674061
 20
-124.2906666355939
 10
168.9684862448104
 20
-124.4612346911069
 10
168.9759694022005
 20
-124.5481944133071
 10
168.9955442996756
 20
-124.8052635799101
 10
168.9776937445754
 20
-125.1426955242696
 10
168.9698620781086
 20
-125.2904035797883
 10
168.9574795784245
 20
-125.4043860797603
 10
168.9408637455151
 20
-125.5570683019439
 10
168.9079143019112
 20
-125.8597163574241
 10
168.8934856911682
 20
-125.8710758018656
 10
168.8856187469245
 20
-126.03592885738
 10
168.8734479139016
 20
-126.2900699684276
 10
168.9059387464061
 20
-126.3013588573134
 10
168.8764112471594
 20
-126.4687166350497
 10
168.8437440257705
 20
-126.6537133016702
 10
168.8015518046248
 20
-126.6542424683362
 10
168.7935084714966
 20
-126.8094646905198
 10
168.7879698605268
 20
-126.9167091349375
 10
168.8046915267669
 20
-126.9831019126988
 10
168.7843009717315
 20
-127.140969968215
 10
168.7728709720231
 20
-127.229481912637
 10
168.7591831945946
 20
-127.2738966348484
 10
168.7290559731409
 20
-127.3159124681712
 10
168.7099001402963
 20
-127.3426530237196
 10
168.6564895861034
 20
-127.4069291348151
 10
168.5632856995923
 20
-127.4264377459213
 10
168.5473048666667
 20
-127.4297891348094
 10
168.435227369526
 20
-127.4514144125815
 10
168.3515132049951
 20
-127.3804002459324
 10
168.3229382057241
 20
-127.3561644126052
 10
168.2872370955238
 20
-127.3123141348386
 10
168.2686104293323
 20
-127.1962149682006
 97
        0
 97
        0
 75
     2
 76
     1
 98
        0
  0
SPLINE
  5
367
330
1F
100
AcDbEntity
  8
Photoreceptor
370
     0
100
AcDbSpline
210
0.0
220
0.0
230
1.0
 70
    11
 71
     3
 72
    83
 73
    79
 74
     0
 42
0.0000000001
 43
0.0000000001
 12
1.0
 22
0.0
 32
0.0
 13
1.0
 23
0.0
 33
0.0
 40
0.0
 40
0.0
 40
0.0
 40
0.0
 40
1.0
 40
1.0
 40
1.0
 40
2.0
 40
2.0
 40
2.0
 40
3.0
 40
3.0
 40
3.0
 40
4.0
 40
4.0
 40
4.0
 40
5.0
 40
5.0
 40
5.0
 40
6.0
 40
6.0
 40
6.0
 40
7.0
 40
7.0
 40
7.0
 40
8.0
 40
8.0
 40
8.0
 40
9.0
 40
9.0
 40
9.0
 40
10.0
 40
10.0
 40
10.0
 40
11.0
 40
11.0
 40
11.0
 40
12.0
 40
12.0
 40
12.0
 40
13.0
 40
13.0
 40
13.0
 40
14.0
 40
14.0
 40
14.0
 40
15.0
 40
15.0
 40
15.0
 40
16.0
 40
16.0
 40
16.0
 40
17.0
 40
17.0
 40
17.0
 40
18.0
 40
18.0
 40
18.0
 40
19.0
 40
19.0
 40
19.0
 40
20.0
 40
20.0
 40
20.0
 40
21.0
 40
21.0
 40
21.0
 40
22.0
 40
22.0
 40
22.0
 40
23.0
 40
23.0
 40
23.0
 40
24.0
 40
24.0
 40
24.0
 40
25.0
 40
25.0
 40
25.0
 40
26.0
 40
26.0
 40
26.0
 40
26.0
 10
169.1065987412868
 20
-127.4632677459121
 30
0.0
 10
169.0263417988899
 20
-127.0501649682375
 30
0.0
 10
169.1802940171845
 20
-126.5239969128135
 30
0.0
 10
169.1802940171845
 20
-126.5239969128135
 30
0.0
 10
169.2916659587875
 20
-126.1432085795752
 30
0.0
 10
169.3049304028936
 20
-125.8558358018693
 30
0.0
 10
169.327614013426
 20
-125.3636755242147
 30
0.0
 10
169.3354809576697
 20
-125.193495524257
 30
0.0
 10
169.3082860687841
 20
-124.8573335798965
 30
0.0
 10
169.2539582910197
 20
-124.184974413398
 30
0.0
 10
169.2539582910197
 20
-124.184974413398
 30
0.0
 10
169.2068229053965
 20
-123.6017269135438
 30
0.0
 10
169.1065987412868
 20
-122.9141983026048
 30
0.0
 10
169.050542353828
 20
-122.5295294138118
 30
0.0
 10
169.0258831877905
 20
-122.4567866360526
 30
0.0
 10
168.9961087441056
 20
-122.3893002471805
 30
0.0
 10
168.926435134772
 20
-122.2312910805536
 30
0.0
 10
168.9036104131321
 20
-122.1519513583508
 30
0.0
 10
168.8579962476292
 20
-121.9933071917241
 30
0.0
 10
168.8457195812757
 20
-121.950691636179
 30
0.0
 10
168.8205665263619
 20
-121.8588635806464
 30
0.0
 10
168.8579962476292
 20
-121.7722919140014
 30
0.0
 10
168.8773990249119
 20
-121.727418580679
 30
0.0
 10
168.9096076352014
 20
-121.6931991362432
 30
0.0
 10
168.9132412462198
 20
-121.6894244140224
 30
0.0
 10
168.9470726342455
 20
-121.6540408029201
 30
0.0
 10
168.9810451333788
 20
-121.6369310807018
 30
0.0
 10
169.0053162438707
 20
-121.624971914038
 30
0.0
 10
169.0475832910713
 20
-121.6041580251546
 30
0.0
 10
169.0905473528077
 20
-121.5829913584934
 30
0.0
 10
169.1434640181241
 20
-121.5881419140472
 30
0.0
 10
169.1666415175328
 20
-121.5903996918245
 30
0.0
 10
169.1777187394724
 20
-121.5963616362676
 30
0.0
 10
169.2539582910197
 20
-121.6341794140361
 30
0.0
 10
169.3787667898988
 20
-121.6961271917979
 30
0.0
 10
169.3772145677165
 20
-121.6941163584652
 30
0.0
 10
169.3828590120166
 20
-121.6986319140197
 30
0.0
 10
169.4566601212449
 20
-121.7577221917826
 30
0.0
 10
169.4474526214798
 20
-121.8795010806409
 30
0.0
 10
169.4473467881491
 20
-121.9564771917332
 30
0.0
 10
169.4472805131938
 20
-121.9927074695018
 30
0.0
 10
169.4493576214312
 20
-121.9352399695163
 30
0.0
 10
169.5578367853303
 20
-122.4445452471667
 30
0.0
 10
169.640175116563
 20
-122.8311896915144
 30
0.0
 10
169.6813795599562
 20
-123.0245119136885
 30
0.0
 10
169.7143995591138
 20
-123.2272885803046
 30
0.0
 10
169.7330305131222
 20
-123.3418355247201
 30
0.0
 10
169.7843201128856
 20
-123.6700599690822
 30
0.0
 10
169.8156820565299
 20
-124.1021069134189
 30
0.0
 10
169.8327917783156
 20
-124.3377977466936
 30
0.0
 10
169.8362842782265
 20
-124.504767468874
 30
0.0
 10
169.8433045558252
 20
-124.8387774687903
 30
0.0
 10
169.8524062222597
 20
-125.2723766353488
 30
0.0
 10
169.8569570554772
 20
-125.4891938575164
 30
0.0
 10
169.8340970560604
 20
-125.658350801919
 30
0.0
 10
169.8088028900387
 20
-125.8455346907612
 30
0.0
 10
169.7782876130395
 20
-125.9414549685149
 30
0.0
 10
169.7512295581742
 20
-126.2200788573336
 30
0.0
 10
169.7330967808591
 20
-126.4066983017316
 30
0.0
 10
169.743221502823
 20
-126.4005952461777
 30
0.0
 10
169.7236070588789
 20
-126.5884494127972
 30
0.0
 10
169.6808503933031
 20
-126.9978833015841
 30
0.0
 10
169.6400340054555
 20
-126.957666634927
 30
0.0
 10
169.6407042832162
 20
-127.1685924682078
 30
0.0
 10
169.641057060985
 20
-127.2765777459585
 30
0.0
 10
169.6520637273708
 20
-127.3808941348215
 30
0.0
 10
169.5946667843907
 20
-127.500097745903
 30
0.0
 10
169.5751228960004
 20
-127.5407377458929
 30
0.0
 10
169.5388573413701
 20
-127.6134452458745
 30
0.0
 10
169.4657617876793
 20
-127.6382455236459
 30
0.0
 10
169.4315776218848
 20
-127.6498166347544
 30
0.0
 10
169.3938656784024
 20
-127.6459360791997
 30
0.0
 10
169.3184065136609
 20
-127.6382455236459
 30
0.0
 10
169.2509906820475
 20
-127.6313310792033
 30
0.0
 10
169.2172694021402
 20
-127.627873856982
 30
0.0
 10
169.1895015169495
 20
-127.6106230236531
 30
0.0
 10
169.1290001296042
 20
-127.573016912551
 30
0.0
 10
169.1130545744554
 20
-127.4964641347928
 30
0.0
 10
169.1065987412868
 20
-127.4632677459121
 30
0.0
  0
HATCH
  5
368
330
1F
100
AcDbEntity
  8
Photoreceptor
 62
     7
420
 16777215
100
AcDbHatch
 10
0.0
 20
0.0
 30
0.0
210
0.0
220
0.0
230
1.0
  2
SOLID
 70
     1
 71
     0
 91
        1
 92
        1
 93
        1
 72
     4
 94
        3
 73
     0
 74
     1
 95
       83
 96
       79
 40
0.0
 40
0.0
 40
0.0
 40
0.0
 40
1.0
 40
1.0
 40
1.0
 40
2.0
 40
2.0
 40
2.0
 40
3.0
 40
3.0
 40
3.0
 40
4.0
 40
4.0
 40
4.0
 40
5.0
 40
5.0
 40
5.0
 40
6.0
 40
6.0
 40
6.0
 40
7.0
 40
7.0
 40
7.0
 40
8.0
 40
8.0
 40
8.0
 40
9.0
 40
9.0
 40
9.0
 40
10.0
 40
10.0
 40
10.0
 40
11.0
 40
11.0
 40
11.0
 40
12.0
 40
12.0
 40
12.0
 40
13.0
 40
13.0
 40
13.0
 40
14.0
 40
14.0
 40
14.0
 40
15.0
 40
15.0
 40
15.0
 40
16.0
 40
16.0
 40
16.0
 40
17.0
 40
17.0
 40
17.0
 40
18.0
 40
18.0
 40
18.0
 40
19.0
 40
19.0
 40
19.0
 40
20.0
 40
20.0
 40
20.0
 40
21.0
 40
21.0
 40
21.0
 40
22.0
 40
22.0
 40
22.0
 40
23.0
 40
23.0
 40
23.0
 40
24.0
 40
24.0
 40
24.0
 40
25.0
 40
25.0
 40
25.0
 40
26.0
 40
26.0
 40
26.0
 40
26.0
 10
169.1065987412868
 20
-127.4632677459121
 10
169.0263417988899
 20
-127.0501649682375
 10
169.1802940171845
 20
-126.5239969128135
 10
169.1802940171845
 20
-126.5239969128135
 10
169.2916659587875
 20
-126.1432085795752
 10
169.3049304028936
 20
-125.8558358018693
 10
169.327614013426
 20
-125.3636755242147
 10
169.3354809576697
 20
-125.193495524257
 10
169.3082860687841
 20
-124.8573335798965
 10
169.2539582910197
 20
-124.184974413398
 10
169.2539582910197
 20
-124.184974413398
 10
169.2068229053965
 20
-123.6017269135438
 10
169.1065987412868
 20
-122.9141983026048
 10
169.050542353828
 20
-122.5295294138118
 10
169.0258831877905
 20
-122.4567866360526
 10
168.9961087441056
 20
-122.3893002471805
 10
168.926435134772
 20
-122.2312910805536
 10
168.9036104131321
 20
-122.1519513583508
 10
168.8579962476292
 20
-121.9933071917241
 10
168.8457195812757
 20
-121.950691636179
 10
168.8205665263619
 20
-121.8588635806464
 10
168.8579962476292
 20
-121.7722919140014
 10
168.8773990249119
 20
-121.727418580679
 10
168.9096076352014
 20
-121.6931991362432
 10
168.9132412462198
 20
-121.6894244140224
 10
168.9470726342455
 20
-121.6540408029201
 10
168.9810451333788
 20
-121.6369310807018
 10
169.0053162438707
 20
-121.624971914038
 10
169.0475832910713
 20
-121.6041580251546
 10
169.0905473528077
 20
-121.5829913584934
 10
169.1434640181241
 20
-121.5881419140472
 10
169.1666415175328
 20
-121.5903996918245
 10
169.1777187394724
 20
-121.5963616362676
 10
169.2539582910197
 20
-121.6341794140361
 10
169.3787667898988
 20
-121.6961271917979
 10
169.3772145677165
 20
-121.6941163584652
 10
169.3828590120166
 20
-121.6986319140197
 10
169.4566601212449
 20
-121.7577221917826
 10
169.4474526214798
 20
-121.8795010806409
 10
169.4473467881491
 20
-121.9564771917332
 10
169.4472805131938
 20
-121.9927074695018
 10
169.4493576214312
 20
-121.9352399695163
 10
169.5578367853303
 20
-122.4445452471667
 10
169.640175116563
 20
-122.8311896915144
 10
169.6813795599562
 20
-123.0245119136885
 10
169.7143995591138
 20
-123.2272885803046
 10
169.7330305131222
 20
-123.3418355247201
 10
169.7843201128856
 20
-123.6700599690822
 10
169.8156820565299
 20
-124.1021069134189
 10
169.8327917783156
 20
-124.3377977466936
 10
169.8362842782265
 20
-124.504767468874
 10
169.8433045558252
 20
-124.8387774687903
 10
169.8524062222597
 20
-125.2723766353488
 10
169.8569570554772
 20
-125.4891938575164
 10
169.8340970560604
 20
-125.658350801919
 10
169.8088028900387
 20
-125.8455346907612
 10
169.7782876130395
 20
-125.9414549685149
 10
169.7512295581742
 20
-126.2200788573336
 10
169.7330967808591
 20
-126.4066983017316
 10
169.743221502823
 20
-126.4005952461777
 10
169.7236070588789
 20
-126.5884494127972
 10
169.6808503933031
 20
-126.9978833015841
 10
169.6400340054555
 20
-126.957666634927
 10
169.6407042832162
 20
-127.1685924682078
 10
169.641057060985
 20
-127.2765777459585
 10
169.6520637273708
 20
-127.3808941348215
 10
169.5946667843907
 20
-127.500097745903
 10
169.5751228960004
 20
-127.5407377458929
 10
169.5388573413701
 20
-127.6134452458745
 10
169.4657617876793
 20
-127.6382455236459
 10
169.4315776218848
 20
-127.6498166347544
 10
169.3938656784024
 20
-127.6459360791997
 10
169.3184065136609
 20
-127.6382455236459
 10
169.2509906820475
 20
-127.6313310792033
 10
169.2172694021402
 20
-127.627873856982
 10
169.1895015169495
 20
-127.6106230236531
 10
169.1290001296042
 20
-127.573016912551
 10
169.1130545744554
 20
-127.4964641347928
 10
169.1065987412868
 20
-127.4632677459121
 97
        0
 97
        0
 75
     2
 76
     1
 98
        0
  0
SPLINE
  5
369
330
1F
100
AcDbEntity
  8
Photoreceptor
370
     0
100
AcDbSpline
210
0.0
220
0.0
230
1.0
 70
    11
 71
     3
 72
    92
 73
    88
 74
     0
 42
0.0000000001
 43
0.0000000001
 12
1.0
 22
0.0
 32
0.0
 13
1.0
 23
0.0
 33
0.0
 40
0.0
 40
0.0
 40
0.0
 40
0.0
 40
1.0
 40
1.0
 40
1.0
 40
2.0
 40
2.0
 40
2.0
 40
3.0
 40
3.0
 40
3.0
 40
4.0
 40
4.0
 40
4.0
 40
5.0
 40
5.0
 40
5.0
 40
6.0
 40
6.0
 40
6.0
 40
7.0
 40
7.0
 40
7.0
 40
8.0
 40
8.0
 40
8.0
 40
9.0
 40
9.0
 40
9.0
 40
10.0
 40
10.0
 40
10.0
 40
11.0
 40
11.0
 40
11.0
 40
12.0
 40
12.0
 40
12.0
 40
13.0
 40
13.0
 40
13.0
 40
14.0
 40
14.0
 40
14.0
 40
15.0
 40
15.0
 40
15.0
 40
16.0
 40
16.0
 40
16.0
 40
17.0
 40
17.0
 40
17.0
 40
18.0
 40
18.0
 40
18.0
 40
19.0
 40
19.0
 40
19.0
 40
20.0
 40
20.0
 40
20.0
 40
21.0
 40
21.0
 40
21.0
 40
22.0
 40
22.0
 40
22.0
 40
23.0
 40
23.0
 40
23.0
 40
24.0
 40
24.0
 40
24.0
 40
25.0
 40
25.0
 40
25.0
 40
26.0
 40
26.0
 40
26.0
 40
27.0
 40
27.0
 40
27.0
 40
28.0
 40
28.0
 40
28.0
 40
29.0
 40
29.0
 40
29.0
 40
29.0
 10
169.9906598298436
 20
-127.730320523623
 30
0.0
 10
169.8925876101234
 20
-127.4556124681359
 30
0.0
 10
169.9784537190439
 20
-127.2015066348664
 30
0.0
 10
170.0459048284342
 20
-126.8647096905061
 30
0.0
 10
170.0769492720866
 20
-126.709734412767
 30
0.0
 10
170.1034471796964
 20
-126.4145299683967
 30
0.0
 10
170.1563948256154
 20
-125.8241210796554
 30
0.0
 10
170.1903673247487
 20
-125.4458021908608
 30
0.0
 10
170.2073359354269
 20
-125.2566427464634
 30
0.0
 10
170.211639824206
 20
-125.0137552465241
 30
0.0
 10
170.2198948239954
 20
-124.5512283021956
 30
0.0
 10
170.1846876026713
 20
-124.1848685800648
 30
0.0
 10
170.1563948256154
 20
-123.8995066356917
 30
0.0
 10
170.1223164931515
 20
-123.5557952468888
 30
0.0
 10
170.0822805130348
 20
-123.3083921913949
 30
0.0
 10
170.0735273277295
 20
-123.2549110802974
 30
0.0
 10
170.0140489959136
 20
-122.8917616359439
 30
0.0
 10
169.9843098300056
 20
-122.7101869137672
 30
0.0
 10
169.916964553946
 20
-122.499790247153
 30
0.0
 10
169.8503953889776
 20
-122.2917219138718
 30
0.0
 10
169.8039698346065
 20
-122.0767391361473
 30
0.0
 10
169.7236070588789
 20
-121.8736096917541
 30
0.0
 10
169.7127767813775
 20
-121.8461988584271
 30
0.0
 10
169.6737638464705
 20
-121.7492555251182
 30
0.0
 10
169.6775342822766
 20
-121.624971914038
 30
0.0
 10
169.6780281711529
 20
-121.6098730251532
 30
0.0
 10
169.6805681710881
 20
-121.5463024696133
 30
0.0
 10
169.7051920593487
 20
-121.4684091362997
 30
0.0
 10
169.7213888464587
 20
-121.4171152474232
 30
0.0
 10
169.734260947496
 20
-121.3778510807668
 30
0.0
 10
169.7696445577044
 20
-121.3395041363317
 30
0.0
 10
169.7865426128289
 20
-121.321159691892
 30
0.0
 10
169.8188570564489
 20
-121.2861288585675
 30
0.0
 10
169.8709270551205
 20
-121.2750516363481
 30
0.0
 10
169.9497728864423
 20
-121.2582594141301
 30
0.0
 10
170.0187409402383
 20
-121.3081069141174
 30
0.0
 10
170.0366973286691
 20
-121.3210891363363
 30
0.0
 10
170.0672126056684
 20
-121.3431377474419
 30
0.0
 10
170.1103573267899
 20
-121.38554163632
 30
0.0
 10
170.1103573267899
 20
-121.38554163632
 30
0.0
 10
170.1103573267899
 20
-121.38554163632
 30
0.0
 10
170.1103573267899
 20
-121.38554163632
 30
0.0
 10
170.1103573267899
 20
-121.38554163632
 30
0.0
 10
170.1103573267899
 20
-121.38554163632
 30
0.0
 10
170.1997555130057
 20
-121.637036914035
 30
0.0
 10
170.2577126008083
 20
-121.8275721917652
 30
0.0
 10
170.2964475998201
 20
-121.9549955250665
 30
0.0
 10
170.3183550992612
 20
-122.0459416361553
 30
0.0
 10
170.3774100977546
 20
-122.3063974694232
 30
0.0
 10
170.4699832907158
 20
-122.7145613582104
 30
0.0
 10
170.5162634275455
 20
-122.9186433026037
 30
0.0
 10
170.5431803713032
 20
-123.0523108025702
 30
0.0
 10
170.636454813368
 20
-123.5155433024542
 30
0.0
 10
170.6859142565507
 20
-123.7612177468374
 30
0.0
 10
170.71812286684
 20
-124.1021069134189
 30
0.0
 10
170.7521306437502
 20
-124.4620108022181
 30
0.0
 10
170.7488850882775
 20
-124.7374596910377
 30
0.0
 10
170.7457453661353
 20
-124.9493027465404
 30
0.0
 10
170.7401714773887
 20
-125.3272688575573
 30
0.0
 10
170.7124078669859
 20
-125.6127366352636
 30
0.0
 10
170.6720853680146
 20
-126.026721357382
 30
0.0
 10
170.6255187025359
 20
-126.5048763572625
 30
0.0
 10
170.615111758357
 20
-126.45464080172
 30
0.0
 10
170.5892221795751
 20
-126.7910496905244
 30
0.0
 10
170.5448031490396
 20
-127.3678413570469
 30
0.0
 10
170.5226134273835
 20
-127.6562371903079
 30
0.0
 10
170.524765371773
 20
-127.6658680236393
 30
0.0
 10
170.5306610684785
 20
-127.692467468077
 30
0.0
 10
170.5551748154417
 20
-127.7910688569408
 30
0.0
 10
170.5063194018178
 20
-127.8684330235884
 30
0.0
 10
170.4832787061648
 20
-127.9049808013572
 30
0.0
 10
170.4472248181957
 20
-127.9314391346835
 30
0.0
 10
170.4326550963452
 20
-127.9421283013476
 30
0.0
 10
170.4087720413992
 20
-127.9596613568993
 30
0.0
 10
170.3697548201724
 20
-127.9876366346699
 30
0.0
 10
170.3129575993989
 20
-127.9973733013339
 30
0.0
 10
170.2576773230315
 20
-128.006863023554
 30
0.0
 10
170.2135801019342
 20
-127.9942335791128
 30
0.0
 10
170.1932248246758
 20
-127.9881658013365
 30
0.0
 10
170.0840048274622
 20
-127.9555691346775
 30
0.0
 10
170.0268548289202
 20
-127.8701263569215
 30
0.0
 10
170.0182823291389
 20
-127.8776405235864
 30
0.0
 10
170.0105212182258
 20
-127.8844491346958
 30
0.0
 10
170.0553239948606
 20
-127.9556396902332
 30
0.0
 10
170.0643198279644
 20
-127.9513358013456
 30
0.0
 10
170.0769139943098
 20
-127.9453033013468
 30
0.0
 10
170.0134492737067
 20
-127.794173301385
 30
0.0
 10
169.9906598298436
 20
-127.730320523623
 30
0.0
  0
HATCH
  5
36A
330
1F
100
AcDbEntity
  8
Photoreceptor
 62
     7
420
 16777215
100
AcDbHatch
 10
0.0
 20
0.0
 30
0.0
210
0.0
220
0.0
230
1.0
  2
SOLID
 70
     1
 71
     0
 91
        1
 92
        1
 93
        1
 72
     4
 94
        3
 73
     0
 74
     1
 95
       92
 96
       88
 40
0.0
 40
0.0
 40
0.0
 40
0.0
 40
1.0
 40
1.0
 40
1.0
 40
2.0
 40
2.0
 40
2.0
 40
3.0
 40
3.0
 40
3.0
 40
4.0
 40
4.0
 40
4.0
 40
5.0
 40
5.0
 40
5.0
 40
6.0
 40
6.0
 40
6.0
 40
7.0
 40
7.0
 40
7.0
 40
8.0
 40
8.0
 40
8.0
 40
9.0
 40
9.0
 40
9.0
 40
10.0
 40
10.0
 40
10.0
 40
11.0
 40
11.0
 40
11.0
 40
12.0
 40
12.0
 40
12.0
 40
13.0
 40
13.0
 40
13.0
 40
14.0
 40
14.0
 40
14.0
 40
15.0
 40
15.0
 40
15.0
 40
16.0
 40
16.0
 40
16.0
 40
17.0
 40
17.0
 40
17.0
 40
18.0
 40
18.0
 40
18.0
 40
19.0
 40
19.0
 40
19.0
 40
20.0
 40
20.0
 40
20.0
 40
21.0
 40
21.0
 40
21.0
 40
22.0
 40
22.0
 40
22.0
 40
23.0
 40
23.0
 40
23.0
 40
24.0
 40
24.0
 40
24.0
 40
25.0
 40
25.0
 40
25.0
 40
26.0
 40
26.0
 40
26.0
 40
27.0
 40
27.0
 40
27.0
 40
28.0
 40
28.0
 40
28.0
 40
29.0
 40
29.0
 40
29.0
 40
29.0
 10
169.9906598298436
 20
-127.730320523623
 10
169.8925876101234
 20
-127.4556124681359
 10
169.9784537190439
 20
-127.2015066348664
 10
170.0459048284342
 20
-126.8647096905061
 10
170.0769492720866
 20
-126.709734412767
 10
170.1034471796964
 20
-126.4145299683967
 10
170.1563948256154
 20
-125.8241210796554
 10
170.1903673247487
 20
-125.4458021908608
 10
170.2073359354269
 20
-125.2566427464634
 10
170.211639824206
 20
-125.0137552465241
 10
170.2198948239954
 20
-124.5512283021956
 10
170.1846876026713
 20
-124.1848685800648
 10
170.1563948256154
 20
-123.8995066356917
 10
170.1223164931515
 20
-123.5557952468888
 10
170.0822805130348
 20
-123.3083921913949
 10
170.0735273277295
 20
-123.2549110802974
 10
170.0140489959136
 20
-122.8917616359439
 10
169.9843098300056
 20
-122.7101869137672
 10
169.916964553946
 20
-122.499790247153
 10
169.8503953889776
 20
-122.2917219138718
 10
169.8039698346065
 20
-122.0767391361473
 10
169.7236070588789
 20
-121.8736096917541
 10
169.7127767813775
 20
-121.8461988584271
 10
169.6737638464705
 20
-121.7492555251182
 10
169.6775342822766
 20
-121.624971914038
 10
169.6780281711529
 20
-121.6098730251532
 10
169.6805681710881
 20
-121.5463024696133
 10
169.7051920593487
 20
-121.4684091362997
 10
169.7213888464587
 20
-121.4171152474232
 10
169.734260947496
 20
-121.3778510807668
 10
169.7696445577044
 20
-121.3395041363317
 10
169.7865426128289
 20
-121.321159691892
 10
169.8188570564489
 20
-121.2861288585675
 10
169.8709270551205
 20
-121.2750516363481
 10
169.9497728864423
 20
-121.2582594141301
 10
170.0187409402383
 20
-121.3081069141174
 10
170.0366973286691
 20
-121.3210891363363
 10
170.0672126056684
 20
-121.3431377474419
 10
170.1103573267899
 20
-121.38554163632
 10
170.1103573267899
 20
-121.38554163632
 10
170.1103573267899
 20
-121.38554163632
 10
170.1103573267899
 20
-121.38554163632
 10
170.1103573267899
 20
-121.38554163632
 10
170.1103573267899
 20
-121.38554163632
 10
170.1997555130057
 20
-121.637036914035
 10
170.2577126008083
 20
-121.8275721917652
 10
170.2964475998201
 20
-121.9549955250665
 10
170.3183550992612
 20
-122.0459416361553
 10
170.3774100977546
 20
-122.3063974694232
 10
170.4699832907158
 20
-122.7145613582104
 10
170.5162634275455
 20
-122.9186433026037
 10
170.5431803713032
 20
-123.0523108025702
 10
170.636454813368
 20
-123.5155433024542
 10
170.6859142565507
 20
-123.7612177468374
 10
170.71812286684
 20
-124.1021069134189
 10
170.7521306437502
 20
-124.4620108022181
 10
170.7488850882775
 20
-124.7374596910377
 10
170.7457453661353
 20
-124.9493027465404
 10
170.7401714773887
 20
-125.3272688575573
 10
170.7124078669859
 20
-125.6127366352636
 10
170.6720853680146
 20
-126.026721357382
 10
170.6255187025359
 20
-126.5048763572625
 10
170.615111758357
 20
-126.45464080172
 10
170.5892221795751
 20
-126.7910496905244
 10
170.5448031490396
 20
-127.3678413570469
 10
170.5226134273835
 20
-127.6562371903079
 10
170.524765371773
 20
-127.6658680236393
 10
170.5306610684785
 20
-127.692467468077
 10
170.5551748154417
 20
-127.7910688569408
 10
170.5063194018178
 20
-127.8684330235884
 10
170.4832787061648
 20
-127.9049808013572
 10
170.4472248181957
 20
-127.9314391346835
 10
170.4326550963452
 20
-127.9421283013476
 10
170.4087720413992
 20
-127.9596613568993
 10
170.3697548201724
 20
-127.9876366346699
 10
170.3129575993989
 20
-127.9973733013339
 10
170.2576773230315
 20
-128.006863023554
 10
170.2135801019342
 20
-127.9942335791128
 10
170.1932248246758
 20
-127.9881658013365
 10
170.0840048274622
 20
-127.9555691346775
 10
170.0268548289202
 20
-127.8701263569215
 10
170.0182823291389
 20
-127.8776405235864
 10
170.0105212182258
 20
-127.8844491346958
 10
170.0553239948606
 20
-127.9556396902332
 10
170.0643198279644
 20
-127.9513358013456
 10
170.0769139943098
 20
-127.9453033013468
 10
170.0134492737067
 20
-127.794173301385
 10
169.9906598298436
 20
-127.730320523623
 97
        0
 97
        0
 75
     2
 76
     1
 98
        0
  0
SPLINE
  5
36B
330
1F
100
AcDbEntity
  8
Photoreceptor
370
     0
100
AcDbSpline
210
0.0
220
0.0
230
1.0
 70
    11
 71
     3
 72
    86
 73
    82
 74
     0
 42
0.0000000001
 43
0.0000000001
 12
1.0
 22
0.0
 32
0.0
 13
1.0
 23
0.0
 33
0.0
 40
0.0
 40
0.0
 40
0.0
 40
0.0
 40
1.0
 40
1.0
 40
1.0
 40
2.0
 40
2.0
 40
2.0
 40
3.0
 40
3.0
 40
3.0
 40
4.0
 40
4.0
 40
4.0
 40
5.0
 40
5.0
 40
5.0
 40
6.0
 40
6.0
 40
6.0
 40
7.0
 40
7.0
 40
7.0
 40
8.0
 40
8.0
 40
8.0
 40
9.0
 40
9.0
 40
9.0
 40
10.0
 40
10.0
 40
10.0
 40
11.0
 40
11.0
 40
11.0
 40
12.0
 40
12.0
 40
12.0
 40
13.0
 40
13.0
 40
13.0
 40
14.0
 40
14.0
 40
14.0
 40
15.0
 40
15.0
 40
15.0
 40
16.0
 40
16.0
 40
16.0
 40
17.0
 40
17.0
 40
17.0
 40
18.0
 40
18.0
 40
18.0
 40
19.0
 40
19.0
 40
19.0
 40
20.0
 40
20.0
 40
20.0
 40
21.0
 40
21.0
 40
21.0
 40
22.0
 40
22.0
 40
22.0
 40
23.0
 40
23.0
 40
23.0
 40
24.0
 40
24.0
 40
24.0
 40
25.0
 40
25.0
 40
25.0
 40
26.0
 40
26.0
 40
26.0
 40
27.0
 40
27.0
 40
27.0
 40
27.0
 10
170.8286481417984
 20
-127.9697508013411
 30
0.0
 10
170.7794003652767
 20
-127.7496174680629
 30
0.0
 10
170.9023081399189
 20
-127.1225549682196
 30
0.0
 10
170.9023081399189
 20
-127.1225549682196
 30
0.0
 10
170.9543075830367
 20
-126.8572660793969
 30
0.0
 10
170.9676778604734
 20
-126.6448585794499
 30
0.0
 10
170.9943831375699
 20
-126.2200788573336
 30
0.0
 10
171.0031320262355
 20
-126.0811549684795
 30
0.0
 10
170.9991103596715
 20
-126.1020746906968
 30
0.0
 10
171.0127981371
 20
-125.80570607966
 30
0.0
 10
171.0433839696531
 20
-125.144706357603
 30
0.0
 10
171.0598277350129
 20
-125.118248024276
 30
0.0
 10
171.0680784134675
 20
-124.7835324688041
 30
0.0
 10
171.0742167466442
 20
-124.5330955244223
 30
0.0
 10
171.0800375798291
 20
-124.2635733022677
 30
0.0
 10
171.0496281361604
 20
-123.9087141356897
 30
0.0
 10
171.0340000810036
 20
-123.7260458024016
 30
0.0
 10
171.0115986926862
 20
-123.5751274691061
 30
0.0
 10
170.9667606382746
 20
-123.2733260802928
 30
0.0
 10
170.9026256399108
 20
-122.8414202470675
 30
0.0
 10
170.8705581407289
 20
-122.6254849693436
 30
0.0
 10
170.819440642033
 20
-122.4261302471713
 30
0.0
 10
170.7143481447141
 20
-122.0165199694962
 30
0.0
 10
170.6618195349431
 20
-121.8116971917692
 30
0.0
 10
170.6352553689542
 20
-121.753876914006
 30
0.0
 10
170.6164523138783
 20
-121.712954691794
 30
0.0
 10
170.5461832906968
 20
-121.5639766362757
 30
0.0
 10
170.5615953708334
 20
-121.38554163632
 30
0.0
 10
170.5687610684691
 20
-121.3024271918963
 30
0.0
 10
170.5921812033864
 20
-121.2402677474675
 30
0.0
 10
170.6352553689542
 20
-121.1921488585908
 30
0.0
 10
170.6533528684925
 20
-121.1719346919291
 30
0.0
 10
170.6914528675205
 20
-121.1305891363843
 30
0.0
 10
170.7549528659004
 20
-121.1184888586091
 30
0.0
 10
170.8333444017363
 20
-121.1035663586131
 30
0.0
 10
170.8950409178821
 20
-121.1436419141589
 30
0.0
 10
170.911515639684
 20
-121.1553188586
 30
0.0
 10
170.951626471994
 20
-121.1837527474821
 30
0.0
 10
170.9681717493497
 20
-121.2171608030292
 30
0.0
 10
170.9943831375699
 20
-121.26584413635
 30
0.0
 10
171.0755220243887
 20
-121.4164096918683
 30
0.0
 10
171.0885395240566
 20
-121.4149633029798
 30
0.0
 10
171.1233277349968
 20
-121.4868241362951
 30
0.0
 10
171.2142342430721
 20
-121.6748546918035
 30
0.0
 10
171.2382584091258
 20
-121.918765247298
 30
0.0
 10
171.2430209090043
 20
-121.9656846917306
 30
0.0
 10
171.2916336855422
 20
-122.4452508027223
 30
0.0
 10
171.3597903504698
 20
-122.3988605249556
 30
0.0
 10
171.4364136818483
 20
-123.0431033025728
 30
0.0
 10
171.4459739593821
 20
-123.1235013581082
 30
0.0
 10
171.4612139589933
 20
-123.3146363580601
 30
0.0
 10
171.4916586804389
 20
-123.6969063579645
 30
0.0
 10
171.5318444015615
 20
-124.2011316356161
 30
0.0
 10
171.5519131233461
 20
-124.4532266355535
 30
0.0
 10
171.5561111787949
 20
-124.553309691084
 30
0.0
 10
171.5679645118255
 20
-124.8354260799022
 30
0.0
 10
171.5578750676384
 20
-125.1404377464929
 30
0.0
 10
171.5376961792643
 20
-125.7504610796737
 30
0.0
 10
171.521327290793
 20
-126.2454435795498
 30
0.0
 10
171.5071499571233
 20
-126.4224674683944
 30
0.0
 10
171.500866180204
 20
-126.4963391350425
 30
0.0
 10
171.4569100702142
 20
-127.0150635793573
 30
0.0
 10
171.4247014599248
 20
-126.9359002460441
 30
0.0
 10
171.4179986823181
 20
-127.214629968196
 30
0.0
 10
171.412530626902
 20
-127.4412191348065
 30
0.0
 10
171.4225847933122
 20
-127.9599435791214
 30
0.0
 10
171.3074777349508
 20
-128.089448301311
 30
0.0
 10
171.2534278531833
 20
-128.1503024679627
 30
0.0
 10
171.1785684106487
 20
-128.1907660790637
 30
0.0
 10
171.1785684106487
 20
-128.1907660790637
 30
0.0
 10
171.1483000780879
 20
-128.2070996901707
 30
0.0
 10
171.1191253566096
 20
-128.2225160790558
 30
0.0
 10
171.0772859132326
 20
-128.2275960790539
 30
0.0
 10
171.0553078582377
 20
-128.2302419123871
 30
0.0
 10
170.9917020265272
 20
-128.2379324679403
 30
0.0
 10
170.9391381389793
 20
-128.1999735790611
 30
0.0
 10
170.9061534175985
 20
-128.1761258012892
 30
0.0
 10
170.8925714735006
 20
-128.1441641346307
 30
0.0
 10
170.8654781408585
 20
-128.080240801313
 30
0.0
 10
170.8427945303264
 20
-128.0267949679931
 30
0.0
 10
170.8314350861714
 20
-127.9822391346709
 30
0.0
 10
170.8286481417984
 20
-127.9697508013411
 30
0.0
  0
HATCH
  5
36C
330
1F
100
AcDbEntity
  8
Photoreceptor
 62
     7
420
 16777215
100
AcDbHatch
 10
0.0
 20
0.0
 30
0.0
210
0.0
220
0.0
230
1.0
  2
SOLID
 70
     1
 71
     0
 91
        1
 92
        1
 93
        1
 72
     4
 94
        3
 73
     0
 74
     1
 95
       86
 96
       82
 40
0.0
 40
0.0
 40
0.0
 40
0.0
 40
1.0
 40
1.0
 40
1.0
 40
2.0
 40
2.0
 40
2.0
 40
3.0
 40
3.0
 40
3.0
 40
4.0
 40
4.0
 40
4.0
 40
5.0
 40
5.0
 40
5.0
 40
6.0
 40
6.0
 40
6.0
 40
7.0
 40
7.0
 40
7.0
 40
8.0
 40
8.0
 40
8.0
 40
9.0
 40
9.0
 40
9.0
 40
10.0
 40
10.0
 40
10.0
 40
11.0
 40
11.0
 40
11.0
 40
12.0
 40
12.0
 40
12.0
 40
13.0
 40
13.0
 40
13.0
 40
14.0
 40
14.0
 40
14.0
 40
15.0
 40
15.0
 40
15.0
 40
16.0
 40
16.0
 40
16.0
 40
17.0
 40
17.0
 40
17.0
 40
18.0
 40
18.0
 40
18.0
 40
19.0
 40
19.0
 40
19.0
 40
20.0
 40
20.0
 40
20.0
 40
21.0
 40
21.0
 40
21.0
 40
22.0
 40
22.0
 40
22.0
 40
23.0
 40
23.0
 40
23.0
 40
24.0
 40
24.0
 40
24.0
 40
25.0
 40
25.0
 40
25.0
 40
26.0
 40
26.0
 40
26.0
 40
27.0
 40
27.0
 40
27.0
 40
27.0
 10
170.8286481417984
 20
-127.9697508013411
 10
170.7794003652767
 20
-127.7496174680629
 10
170.9023081399189
 20
-127.1225549682196
 10
170.9023081399189
 20
-127.1225549682196
 10
170.9543075830367
 20
-126.8572660793969
 10
170.9676778604734
 20
-126.6448585794499
 10
170.9943831375699
 20
-126.2200788573336
 10
171.0031320262355
 20
-126.0811549684795
 10
170.9991103596715
 20
-126.1020746906968
 10
171.0127981371
 20
-125.80570607966
 10
171.0433839696531
 20
-125.144706357603
 10
171.0598277350129
 20
-125.118248024276
 10
171.0680784134675
 20
-124.7835324688041
 10
171.0742167466442
 20
-124.5330955244223
 10
171.0800375798291
 20
-124.2635733022677
 10
171.0496281361604
 20
-123.9087141356897
 10
171.0340000810036
 20
-123.7260458024016
 10
171.0115986926862
 20
-123.5751274691061
 10
170.9667606382746
 20
-123.2733260802928
 10
170.9026256399108
 20
-122.8414202470675
 10
170.8705581407289
 20
-122.6254849693436
 10
170.819440642033
 20
-122.4261302471713
 10
170.7143481447141
 20
-122.0165199694962
 10
170.6618195349431
 20
-121.8116971917692
 10
170.6352553689542
 20
-121.753876914006
 10
170.6164523138783
 20
-121.712954691794
 10
170.5461832906968
 20
-121.5639766362757
 10
170.5615953708334
 20
-121.38554163632
 10
170.5687610684691
 20
-121.3024271918963
 10
170.5921812033864
 20
-121.2402677474675
 10
170.6352553689542
 20
-121.1921488585908
 10
170.6533528684925
 20
-121.1719346919291
 10
170.6914528675205
 20
-121.1305891363843
 10
170.7549528659004
 20
-121.1184888586091
 10
170.8333444017363
 20
-121.1035663586131
 10
170.8950409178821
 20
-121.1436419141589
 10
170.911515639684
 20
-121.1553188586
 10
170.951626471994
 20
-121.1837527474821
 10
170.9681717493497
 20
-121.2171608030292
 10
170.9943831375699
 20
-121.26584413635
 10
171.0755220243887
 20
-121.4164096918683
 10
171.0885395240566
 20
-121.4149633029798
 10
171.1233277349968
 20
-121.4868241362951
 10
171.2142342430721
 20
-121.6748546918035
 10
171.2382584091258
 20
-121.918765247298
 10
171.2430209090043
 20
-121.9656846917306
 10
171.2916336855422
 20
-122.4452508027223
 10
171.3597903504698
 20
-122.3988605249556
 10
171.4364136818483
 20
-123.0431033025728
 10
171.4459739593821
 20
-123.1235013581082
 10
171.4612139589933
 20
-123.3146363580601
 10
171.4916586804389
 20
-123.6969063579645
 10
171.5318444015615
 20
-124.2011316356161
 10
171.5519131233461
 20
-124.4532266355535
 10
171.5561111787949
 20
-124.553309691084
 10
171.5679645118255
 20
-124.8354260799022
 10
171.5578750676384
 20
-125.1404377464929
 10
171.5376961792643
 20
-125.7504610796737
 10
171.521327290793
 20
-126.2454435795498
 10
171.5071499571233
 20
-126.4224674683944
 10
171.500866180204
 20
-126.4963391350425
 10
171.4569100702142
 20
-127.0150635793573
 10
171.4247014599248
 20
-126.9359002460441
 10
171.4179986823181
 20
-127.214629968196
 10
171.412530626902
 20
-127.4412191348065
 10
171.4225847933122
 20
-127.9599435791214
 10
171.3074777349508
 20
-128.089448301311
 10
171.2534278531833
 20
-128.1503024679627
 10
171.1785684106487
 20
-128.1907660790637
 10
171.1785684106487
 20
-128.1907660790637
 10
171.1483000780879
 20
-128.2070996901707
 10
171.1191253566096
 20
-128.2225160790558
 10
171.0772859132326
 20
-128.2275960790539
 10
171.0553078582377
 20
-128.2302419123871
 10
170.9917020265272
 20
-128.2379324679403
 10
170.9391381389793
 20
-128.1999735790611
 10
170.9061534175985
 20
-128.1761258012892
 10
170.8925714735006
 20
-128.1441641346307
 10
170.8654781408585
 20
-128.080240801313
 10
170.8427945303264
 20
-128.0267949679931
 10
170.8314350861714
 20
-127.9822391346709
 10
170.8286481417984
 20
-127.9697508013411
 97
        0
 97
        0
 75
     2
 76
     1
 98
        0
  0
SPLINE
  5
36D
330
1F
100
AcDbEntity
  8
Photoreceptor
370
     0
100
AcDbSpline
210
0.0
220
0.0
230
1.0
 70
    11
 71
     3
 72
    98
 73
    94
 74
     0
 42
0.0000000001
 43
0.0000000001
 12
1.0
 22
0.0
 32
0.0
 13
1.0
 23
0.0
 33
0.0
 40
0.0
 40
0.0
 40
0.0
 40
0.0
 40
1.0
 40
1.0
 40
1.0
 40
2.0
 40
2.0
 40
2.0
 40
3.0
 40
3.0
 40
3.0
 40
4.0
 40
4.0
 40
4.0
 40
5.0
 40
5.0
 40
5.0
 40
6.0
 40
6.0
 40
6.0
 40
7.0
 40
7.0
 40
7.0
 40
8.0
 40
8.0
 40
8.0
 40
9.0
 40
9.0
 40
9.0
 40
10.0
 40
10.0
 40
10.0
 40
11.0
 40
11.0
 40
11.0
 40
12.0
 40
12.0
 40
12.0
 40
13.0
 40
13.0
 40
13.0
 40
14.0
 40
14.0
 40
14.0
 40
15.0
 40
15.0
 40
15.0
 40
16.0
 40
16.0
 40
16.0
 40
17.0
 40
17.0
 40
17.0
 40
18.0
 40
18.0
 40
18.0
 40
19.0
 40
19.0
 40
19.0
 40
20.0
 40
20.0
 40
20.0
 40
21.0
 40
21.0
 40
21.0
 40
22.0
 40
22.0
 40
22.0
 40
23.0
 40
23.0
 40
23.0
 40
24.0
 40
24.0
 40
24.0
 40
25.0
 40
25.0
 40
25.0
 40
26.0
 40
26.0
 40
26.0
 40
27.0
 40
27.0
 40
27.0
 40
28.0
 40
28.0
 40
28.0
 40
29.0
 40
29.0
 40
29.0
 40
30.0
 40
30.0
 40
30.0
 40
31.0
 40
31.0
 40
31.0
 40
31.0
 10
171.6113561773851
 20
-128.2091810790591
 30
0.0
 10
171.6127320106833
 20
-127.7967133013844
 30
0.0
 10
171.7863339506988
 20
-127.1777999682058
 30
0.0
 10
171.7863339506988
 20
-127.1777999682058
 30
0.0
 10
171.8123336722578
 20
-127.0851252460064
 30
0.0
 10
171.7980461726223
 20
-127.1120774682218
 30
0.0
 10
171.8507864490545
 20
-126.2569441351026
 30
0.0
 10
171.9179906140067
 20
-125.1677427464855
 30
0.0
 10
171.9361939468756
 20
-125.2043258020325
 30
0.0
 10
171.9428967244824
 20
-124.8019474687995
 30
0.0
 10
171.9531272797772
 20
-124.1844805245095
 30
0.0
 10
171.9160856140552
 20
-123.7454838579527
 30
0.0
 10
171.906066725422
 20
-123.6324538579808
 30
0.0
 10
171.8809842260619
 20
-123.3500905247181
 30
0.0
 10
171.8485992268881
 20
-123.1217374692194
 30
0.0
 10
171.8139564499941
 20
-122.8773330248364
 30
0.0
 10
171.7669311734161
 20
-122.5455455249192
 30
0.0
 10
171.7424527348421
 20
-122.375612469406
 30
0.0
 10
171.6942589530479
 20
-122.1774924694559
 30
0.0
 10
171.6122028440302
 20
-121.8402016362064
 30
0.0
 10
171.5712100672982
 20
-121.6715385806936
 30
0.0
 10
171.5192811797342
 20
-121.5697269140518
 30
0.0
 10
171.5192811797342
 20
-121.5697269140518
 30
0.0
 10
171.4599086812489
 20
-121.453204414081
 30
0.0
 10
171.4272061820832
 20
-121.2842591363455
 30
0.0
 10
171.4067450714941
 20
-121.1784963585945
 30
0.0
 10
171.4099200714131
 20
-121.1184888586091
 30
0.0
 10
171.4364136818483
 20
-121.0632438586228
 30
0.0
 10
171.4684459032533
 20
-120.9963924697511
 30
0.0
 10
171.5224209018763
 20
-120.9618908030926
 30
0.0
 10
171.5376961792643
 20
-120.9527185808728
 30
0.0
 10
171.5590392342754
 20
-120.9399480253209
 30
0.0
 10
171.6122777348747
 20
-120.909044691995
 30
0.0
 10
171.6850514532828
 20
-120.9158885808819
 30
0.0
 10
171.6948939530317
 20
-120.916841080882
 30
0.0
 10
171.7751156176517
 20
-120.9255546919909
 30
0.0
 10
171.8323714495243
 20
-120.9895838586418
 30
0.0
 10
171.8560075600324
 20
-121.0159716364124
 30
0.0
 10
171.8569600600081
 20
-121.0308235808534
 30
0.0
 10
171.8876164481149
 20
-121.0908663586163
 30
0.0
 10
171.9237408916377
 20
-121.1615983030427
 30
0.0
 10
171.9492467243203
 20
-121.1935952474794
 30
0.0
 10
171.9705192237776
 20
-121.2289788585817
 30
0.0
 10
171.9910861676974
 20
-121.2632688585731
 30
0.0
 10
172.0214999569946
 20
-121.3236996918914
 30
0.0
 10
172.0533867216635
 20
-121.5052391362906
 30
0.0
 10
172.0900050540627
 20
-121.7135544140164
 30
0.0
 10
172.0738831100295
 20
-121.7700341362242
 30
0.0
 10
172.099424220489
 20
-121.9472696917352
 30
0.0
 10
172.1167103311591
 20
-122.0672494139279
 30
0.0
 10
172.1356192195656
 20
-122.1212949694695
 30
0.0
 10
172.1731194963867
 20
-122.2695674694323
 30
0.0
 10
172.2444158834566
 20
-122.5518249693619
 30
0.0
 10
172.2816692158395
 20
-122.7743219137506
 30
0.0
 10
172.3112319928631
 20
-122.9510283025957
 30
0.0
 10
172.3645367137254
 20
-123.2695866358494
 30
0.0
 10
172.3853506020833
 20
-123.5137088580103
 30
0.0
 10
172.4033069905144
 20
-123.7245288579579
 30
0.0
 10
172.416888934612
 20
-123.8838785801402
 30
0.0
 10
172.4342808786131
 20
-124.0876077467557
 30
0.0
 10
172.4401369895745
 20
-124.3507446911344
 30
0.0
 10
172.4472631005038
 20
-124.6677155243889
 30
0.0
 10
172.4299064342799
 20
-124.7229958021527
 30
0.0
 10
172.4125144902792
 20
-125.3268455242239
 30
0.0
 10
172.4018253238852
 20
-125.6993788574642
 30
0.0
 10
172.4069758793094
 20
-125.7281655241235
 30
0.0
 10
172.394099490749
 20
-126.0727588573708
 30
0.0
 10
172.3769192134095
 20
-126.5326752461449
 30
0.0
 10
172.360056436062
 20
-126.6867685794395
 30
0.0
 10
172.3480619919235
 20
-126.781842190527
 30
0.0
 10
172.3036119930575
 20
-127.1340555237718
 30
0.0
 10
172.276060049316
 20
-127.0731660793426
 30
0.0
 10
172.2467794945075
 20
-127.361985245937
 30
0.0
 10
172.1939686625214
 20
-127.8827910791402
 30
0.0
 10
172.1675808854169
 20
-128.1432116346306
 30
0.0
 10
172.1731194963867
 20
-128.1999735790611
 30
0.0
 10
172.1762239407519
 20
-128.2322527457198
 30
0.0
 10
172.1868072738152
 20
-128.3191771901426
 30
0.0
 10
172.1362542195494
 20
-128.3841235790154
 30
0.0
 10
172.1182978311186
 20
-128.4072305234536
 30
0.0
 10
172.0936033873042
 20
-128.4240933012273
 30
0.0
 10
172.0441792218984
 20
-128.4578188567746
 30
0.0
 10
171.9824783901392
 20
-128.4999052456531
 30
0.0
 10
171.9516499570126
 20
-128.520966078981
 30
0.0
 10
171.9244860681301
 20
-128.5222713567583
 30
0.0
 10
171.8920305125824
 20
-128.52382357898
 30
0.0
 10
171.8819367260376
 20
-128.5092185789836
 30
0.0
 10
171.7679189511686
 20
-128.4394038567792
 30
0.0
 10
171.6847339532909
 20
-128.3884274679029
 30
0.0
 10
171.6749972868726
 20
-128.3869810790143
 30
0.0
 10
171.6574332904189
 20
-128.3657085790199
 30
0.0
 10
171.6177767327769
 20
-128.3178013568097
 30
0.0
 10
171.6112194015418
 20
-128.2575116346022
 30
0.0
 10
171.6113561773851
 20
-128.2091810790591
 30
0.0
  0
HATCH
  5
36E
330
1F
100
AcDbEntity
  8
Photoreceptor
 62
     7
420
 16777215
100
AcDbHatch
 10
0.0
 20
0.0
 30
0.0
210
0.0
220
0.0
230
1.0
  2
SOLID
 70
     1
 71
     0
 91
        1
 92
        1
 93
        1
 72
     4
 94
        3
 73
     0
 74
     1
 95
       98
 96
       94
 40
0.0
 40
0.0
 40
0.0
 40
0.0
 40
1.0
 40
1.0
 40
1.0
 40
2.0
 40
2.0
 40
2.0
 40
3.0
 40
3.0
 40
3.0
 40
4.0
 40
4.0
 40
4.0
 40
5.0
 40
5.0
 40
5.0
 40
6.0
 40
6.0
 40
6.0
 40
7.0
 40
7.0
 40
7.0
 40
8.0
 40
8.0
 40
8.0
 40
9.0
 40
9.0
 40
9.0
 40
10.0
 40
10.0
 40
10.0
 40
11.0
 40
11.0
 40
11.0
 40
12.0
 40
12.0
 40
12.0
 40
13.0
 40
13.0
 40
13.0
 40
14.0
 40
14.0
 40
14.0
 40
15.0
 40
15.0
 40
15.0
 40
16.0
 40
16.0
 40
16.0
 40
17.0
 40
17.0
 40
17.0
 40
18.0
 40
18.0
 40
18.0
 40
19.0
 40
19.0
 40
19.0
 40
20.0
 40
20.0
 40
20.0
 40
21.0
 40
21.0
 40
21.0
 40
22.0
 40
22.0
 40
22.0
 40
23.0
 40
23.0
 40
23.0
 40
24.0
 40
24.0
 40
24.0
 40
25.0
 40
25.0
 40
25.0
 40
26.0
 40
26.0
 40
26.0
 40
27.0
 40
27.0
 40
27.0
 40
28.0
 40
28.0
 40
28.0
 40
29.0
 40
29.0
 40
29.0
 40
30.0
 40
30.0
 40
30.0
 40
31.0
 40
31.0
 40
31.0
 40
31.0
 10
171.6113561773851
 20
-128.2091810790591
 10
171.6127320106833
 20
-127.7967133013844
 10
171.7863339506988
 20
-127.1777999682058
 10
171.7863339506988
 20
-127.1777999682058
 10
171.8123336722578
 20
-127.0851252460064
 10
171.7980461726223
 20
-127.1120774682218
 10
171.8507864490545
 20
-126.2569441351026
 10
171.9179906140067
 20
-125.1677427464855
 10
171.9361939468756
 20
-125.2043258020325
 10
171.9428967244824
 20
-124.8019474687995
 10
171.9531272797772
 20
-124.1844805245095
 10
171.9160856140552
 20
-123.7454838579527
 10
171.906066725422
 20
-123.6324538579808
 10
171.8809842260619
 20
-123.3500905247181
 10
171.8485992268881
 20
-123.1217374692194
 10
171.8139564499941
 20
-122.8773330248364
 10
171.7669311734161
 20
-122.5455455249192
 10
171.7424527348421
 20
-122.375612469406
 10
171.6942589530479
 20
-122.1774924694559
 10
171.6122028440302
 20
-121.8402016362064
 10
171.5712100672982
 20
-121.6715385806936
 10
171.5192811797342
 20
-121.5697269140518
 10
171.5192811797342
 20
-121.5697269140518
 10
171.4599086812489
 20
-121.453204414081
 10
171.4272061820832
 20
-121.2842591363455
 10
171.4067450714941
 20
-121.1784963585945
 10
171.4099200714131
 20
-121.1184888586091
 10
171.4364136818483
 20
-121.0632438586228
 10
171.4684459032533
 20
-120.9963924697511
 10
171.5224209018763
 20
-120.9618908030926
 10
171.5376961792643
 20
-120.9527185808728
 10
171.5590392342754
 20
-120.9399480253209
 10
171.6122777348747
 20
-120.909044691995
 10
171.6850514532828
 20
-120.9158885808819
 10
171.6948939530317
 20
-120.916841080882
 10
171.7751156176517
 20
-120.9255546919909
 10
171.8323714495243
 20
-120.9895838586418
 10
171.8560075600324
 20
-121.0159716364124
 10
171.8569600600081
 20
-121.0308235808534
 10
171.8876164481149
 20
-121.0908663586163
 10
171.9237408916377
 20
-121.1615983030427
 10
171.9492467243203
 20
-121.1935952474794
 10
171.9705192237776
 20
-121.2289788585817
 10
171.9910861676974
 20
-121.2632688585731
 10
172.0214999569946
 20
-121.3236996918914
 10
172.0533867216635
 20
-121.5052391362906
 10
172.0900050540627
 20
-121.7135544140164
 10
172.0738831100295
 20
-121.7700341362242
 10
172.099424220489
 20
-121.9472696917352
 10
172.1167103311591
 20
-122.0672494139279
 10
172.1356192195656
 20
-122.1212949694695
 10
172.1731194963867
 20
-122.2695674694323
 10
172.2444158834566
 20
-122.5518249693619
 10
172.2816692158395
 20
-122.7743219137506
 10
172.3112319928631
 20
-122.9510283025957
 10
172.3645367137254
 20
-123.2695866358494
 10
172.3853506020833
 20
-123.5137088580103
 10
172.4033069905144
 20
-123.7245288579579
 10
172.416888934612
 20
-123.8838785801402
 10
172.4342808786131
 20
-124.0876077467557
 10
172.4401369895745
 20
-124.3507446911344
 10
172.4472631005038
 20
-124.6677155243889
 10
172.4299064342799
 20
-124.7229958021527
 10
172.4125144902792
 20
-125.3268455242239
 10
172.4018253238852
 20
-125.6993788574642
 10
172.4069758793094
 20
-125.7281655241235
 10
172.394099490749
 20
-126.0727588573708
 10
172.3769192134095
 20
-126.5326752461449
 10
172.360056436062
 20
-126.6867685794395
 10
172.3480619919235
 20
-126.781842190527
 10
172.3036119930575
 20
-127.1340555237718
 10
172.276060049316
 20
-127.0731660793426
 10
172.2467794945075
 20
-127.361985245937
 10
172.1939686625214
 20
-127.8827910791402
 10
172.1675808854169
 20
-128.1432116346306
 10
172.1731194963867
 20
-128.1999735790611
 10
172.1762239407519
 20
-128.2322527457198
 10
172.1868072738152
 20
-128.3191771901426
 10
172.1362542195494
 20
-128.3841235790154
 10
172.1182978311186
 20
-128.4072305234536
 10
172.0936033873042
 20
-128.4240933012273
 10
172.0441792218984
 20
-128.4578188567746
 10
171.9824783901392
 20
-128.4999052456531
 10
171.9516499570126
 20
-128.520966078981
 10
171.9244860681301
 20
-128.5222713567583
 10
171.8920305125824
 20
-128.52382357898
 10
171.8819367260376
 20
-128.5092185789836
 10
171.7679189511686
 20
-128.4394038567792
 10
171.6847339532909
 20
-128.3884274679029
 10
171.6749972868726
 20
-128.3869810790143
 10
171.6574332904189
 20
-128.3657085790199
 10
171.6177767327769
 20
-128.3178013568097
 10
171.6112194015418
 20
-128.2575116346022
 10
171.6113561773851
 20
-128.2091810790591
 97
        0
 97
        0
 75
     2
 76
     1
 98
        0
  0
SPLINE
  5
36F
330
1F
100
AcDbEntity
  8
Photoreceptor
370
     0
100
AcDbSpline
210
0.0
220
0.0
230
1.0
 70
    11
 71
     3
 72
    98
 73
    94
 74
     0
 42
0.0000000001
 43
0.0000000001
 12
1.0
 22
0.0
 32
0.0
 13
1.0
 23
0.0
 33
0.0
 40
0.0
 40
0.0
 40
0.0
 40
0.0
 40
1.0
 40
1.0
 40
1.0
 40
2.0
 40
2.0
 40
2.0
 40
3.0
 40
3.0
 40
3.0
 40
4.0
 40
4.0
 40
4.0
 40
5.0
 40
5.0
 40
5.0
 40
6.0
 40
6.0
 40
6.0
 40
7.0
 40
7.0
 40
7.0
 40
8.0
 40
8.0
 40
8.0
 40
9.0
 40
9.0
 40
9.0
 40
10.0
 40
10.0
 40
10.0
 40
11.0
 40
11.0
 40
11.0
 40
12.0
 40
12.0
 40
12.0
 40
13.0
 40
13.0
 40
13.0
 40
14.0
 40
14.0
 40
14.0
 40
15.0
 40
15.0
 40
15.0
 40
16.0
 40
16.0
 40
16.0
 40
17.0
 40
17.0
 40
17.0
 40
18.0
 40
18.0
 40
18.0
 40
19.0
 40
19.0
 40
19.0
 40
20.0
 40
20.0
 40
20.0
 40
21.0
 40
21.0
 40
21.0
 40
22.0
 40
22.0
 40
22.0
 40
23.0
 40
23.0
 40
23.0
 40
24.0
 40
24.0
 40
24.0
 40
25.0
 40
25.0
 40
25.0
 40
26.0
 40
26.0
 40
26.0
 40
27.0
 40
27.0
 40
27.0
 40
28.0
 40
28.0
 40
28.0
 40
29.0
 40
29.0
 40
29.0
 40
30.0
 40
30.0
 40
30.0
 40
31.0
 40
31.0
 40
31.0
 40
31.0
 10
172.4677947666466
 20
-128.4486113567766
 30
0.0
 10
172.4568939335914
 20
-128.1627202457368
 30
0.0
 10
172.6176194850465
 20
-127.3541888570506
 30
0.0
 10
172.6519447619486
 20
-127.1685924682078
 30
0.0
 10
172.7089889271599
 20
-126.8601941349515
 30
0.0
 10
172.7244405934324
 20
-126.6096513572365
 30
0.0
 10
172.7348475376114
 20
-126.4318866350588
 30
0.0
 10
172.7525217038274
 20
-126.1294502462457
 30
0.0
 10
172.7363644820171
 20
-126.0600235795958
 30
0.0
 10
172.7440550373765
 20
-125.6675583019164
 30
0.0
 10
172.7543208704479
 20
-125.1406846909369
 30
0.0
 10
172.7857180918691
 20
-125.1472110798242
 30
0.0
 10
172.7900925362019
 20
-124.7374949688158
 30
0.0
 10
172.7929853139059
 20
-124.4644096911061
 30
0.0
 10
172.7766517032115
 20
-124.2239210800554
 30
0.0
 10
172.7440550373765
 20
-123.7429791357309
 30
0.0
 10
172.737846148646
 20
-123.6517155246425
 30
0.0
 10
172.7423617040863
 20
-123.7255519135131
 30
0.0
 10
172.6611522617137
 20
-122.7944655248567
 30
0.0
 10
172.6244280959839
 20
-122.3731783027398
 30
0.0
 10
172.6151147628882
 20
-122.2620180249899
 30
0.0
 10
172.5690772640627
 20
-122.0854174694787
 30
0.0
 10
172.5013086546805
 20
-121.8253849695436
 30
0.0
 10
172.4401369895745
 20
-121.624971914038
 30
0.0
 10
172.4401369895745
 20
-121.624971914038
 30
0.0
 10
172.4180221791176
 20
-121.5524055251678
 30
0.0
 10
172.3879611575723
 20
-121.4568733029694
 30
0.0
 10
172.3572694916886
 20
-121.3210891363363
 30
0.0
 10
172.336949492207
 20
-121.2311660808033
 30
0.0
 10
172.3163119927335
 20
-121.1234630252746
 30
0.0
 10
172.3204394926282
 20
-120.9895838586418
 30
0.0
 10
172.3235439369935
 20
-120.8887599697776
 30
0.0
 10
172.3392425477041
 20
-120.8210266364615
 30
0.0
 10
172.3848919909839
 20
-120.7685685809191
 30
0.0
 10
172.4161481012976
 20
-120.7326910809277
 30
0.0
 10
172.4499442115465
 20
-120.7170983031544
 30
0.0
 10
172.4585916235522
 20
-120.7133235809329
 30
0.0
 10
172.4699819888131
 20
-120.7083141364898
 30
0.0
 10
172.5292839317446
 20
-120.6835491364959
 30
0.0
 10
172.596699763358
 20
-120.7041160809348
 30
0.0
 10
172.639703373372
 20
-120.7172041364876
 30
0.0
 10
172.6652797616084
 20
-120.7435213587032
 30
0.0
 10
172.7163972603043
 20
-120.796191080912
 30
0.0
 10
172.7323780932299
 20
-120.8125952475746
 30
0.0
 10
172.7701253144891
 20
-120.8529530253425
 30
0.0
 10
172.799300035967
 20
-120.8974735808865
 30
0.0
 10
172.8781458672888
 20
-121.0178413586344
 30
0.0
 10
172.8946911446445
 20
-121.1693241363746
 30
0.0
 10
172.9005825333831
 20
-121.2197713585843
 30
0.0
 10
172.9186447551445
 20
-121.3746760807676
 30
0.0
 10
172.9652466984001
 20
-121.5253474696185
 30
0.0
 10
172.983450031269
 20
-121.6802169140243
 30
0.0
 10
173.0270886412668
 20
-122.0511274694872
 30
0.0
 10
173.0698453068426
 20
-122.0904621916999
 30
0.0
 10
173.1400128050525
 20
-122.5366202471439
 30
0.0
 10
173.2070758588971
 20
-122.9628463581481
 30
0.0
 10
173.2257025250886
 20
-123.2933638580657
 30
0.0
 10
173.250502802234
 20
-123.7337363579554
 30
0.0
 10
173.2618269686114
 20
-123.9346433023494
 30
0.0
 10
173.2545950243515
 20
-123.8645463579229
 30
0.0
 10
173.2781605793058
 20
-124.4520271911095
 30
0.0
 10
173.3125564117616
 20
-125.3102649686723
 30
0.0
 10
173.3237747448088
 20
-125.3524571908839
 30
0.0
 10
173.3149905783662
 20
-125.5846908019373
 30
0.0
 10
173.3077277344507
 20
-125.776848857445
 30
0.0
 10
173.3035605786578
 20
-125.6548935796971
 30
0.0
 10
173.2320878027035
 20
-126.4503016350543
 30
0.0
 10
173.1920166233687
 20
-126.8963891349425
 30
0.0
 10
173.1818522484299
 20
-127.0623358015678
 30
0.0
 10
173.1400128050525
 20
-127.3896077459304
 30
0.0
 10
173.1097091947145
 20
-127.6266391347599
 30
0.0
 10
173.094539750657
 20
-127.7451371902858
 30
0.0
 10
173.0663528069317
 20
-127.9052983013568
 30
0.0
 10
173.0372133632307
 20
-128.0706805235378
 30
0.0
 10
173.0088853083979
 20
-128.2002205235057
 30
0.0
 10
172.983450031269
 20
-128.3933310790128
 30
0.0
 10
172.9798516980274
 20
-128.4208477456724
 30
0.0
 10
172.9558275319737
 20
-128.6051388567373
 30
0.0
 10
172.9558275319737
 20
-128.6051388567373
 30
0.0
 10
172.9558275319737
 20
-128.6051388567373
 30
0.0
 10
172.9558275319737
 20
-128.6051388567373
 30
0.0
 10
172.9558275319737
 20
-128.6051388567373
 30
0.0
 10
172.9558275319737
 20
-128.6051388567373
 30
0.0
 10
172.8915867002793
 20
-128.7170046900428
 30
0.0
 10
172.799300035967
 20
-128.7432866344809
 30
0.0
 10
172.7418325374331
 20
-128.7596555233654
 30
0.0
 10
172.6878222610333
 20
-128.7387358011488
 30
0.0
 10
172.6519447619486
 20
-128.7248716344855
 30
0.0
 10
172.633459206865
 20
-128.7177102455983
 30
0.0
 10
172.5763444860995
 20
-128.694850245604
 30
0.0
 10
172.5322472650023
 20
-128.6419688567282
 30
0.0
 10
172.4790130996938
 20
-128.5781160789669
 30
0.0
 10
172.4697350443749
 20
-128.5004344123191
 30
0.0
 10
172.4677947666466
 20
-128.4486113567766
 30
0.0
  0
HATCH
  5
370
330
1F
100
AcDbEntity
  8
Photoreceptor
 62
     7
420
 16777215
100
AcDbHatch
 10
0.0
 20
0.0
 30
0.0
210
0.0
220
0.0
230
1.0
  2
SOLID
 70
     1
 71
     0
 91
        1
 92
        1
 93
        1
 72
     4
 94
        3
 73
     0
 74
     1
 95
       98
 96
       94
 40
0.0
 40
0.0
 40
0.0
 40
0.0
 40
1.0
 40
1.0
 40
1.0
 40
2.0
 40
2.0
 40
2.0
 40
3.0
 40
3.0
 40
3.0
 40
4.0
 40
4.0
 40
4.0
 40
5.0
 40
5.0
 40
5.0
 40
6.0
 40
6.0
 40
6.0
 40
7.0
 40
7.0
 40
7.0
 40
8.0
 40
8.0
 40
8.0
 40
9.0
 40
9.0
 40
9.0
 40
10.0
 40
10.0
 40
10.0
 40
11.0
 40
11.0
 40
11.0
 40
12.0
 40
12.0
 40
12.0
 40
13.0
 40
13.0
 40
13.0
 40
14.0
 40
14.0
 40
14.0
 40
15.0
 40
15.0
 40
15.0
 40
16.0
 40
16.0
 40
16.0
 40
17.0
 40
17.0
 40
17.0
 40
18.0
 40
18.0
 40
18.0
 40
19.0
 40
19.0
 40
19.0
 40
20.0
 40
20.0
 40
20.0
 40
21.0
 40
21.0
 40
21.0
 40
22.0
 40
22.0
 40
22.0
 40
23.0
 40
23.0
 40
23.0
 40
24.0
 40
24.0
 40
24.0
 40
25.0
 40
25.0
 40
25.0
 40
26.0
 40
26.0
 40
26.0
 40
27.0
 40
27.0
 40
27.0
 40
28.0
 40
28.0
 40
28.0
 40
29.0
 40
29.0
 40
29.0
 40
30.0
 40
30.0
 40
30.0
 40
31.0
 40
31.0
 40
31.0
 40
31.0
 10
172.4677947666466
 20
-128.4486113567766
 10
172.4568939335914
 20
-128.1627202457368
 10
172.6176194850465
 20
-127.3541888570506
 10
172.6519447619486
 20
-127.1685924682078
 10
172.7089889271599
 20
-126.8601941349515
 10
172.7244405934324
 20
-126.6096513572365
 10
172.7348475376114
 20
-126.4318866350588
 10
172.7525217038274
 20
-126.1294502462457
 10
172.7363644820171
 20
-126.0600235795958
 10
172.7440550373765
 20
-125.6675583019164
 10
172.7543208704479
 20
-125.1406846909369
 10
172.7857180918691
 20
-125.1472110798242
 10
172.7900925362019
 20
-124.7374949688158
 10
172.7929853139059
 20
-124.4644096911061
 10
172.7766517032115
 20
-124.2239210800554
 10
172.7440550373765
 20
-123.7429791357309
 10
172.737846148646
 20
-123.6517155246425
 10
172.7423617040863
 20
-123.7255519135131
 10
172.6611522617137
 20
-122.7944655248567
 10
172.6244280959839
 20
-122.3731783027398
 10
172.6151147628882
 20
-122.2620180249899
 10
172.5690772640627
 20
-122.0854174694787
 10
172.5013086546805
 20
-121.8253849695436
 10
172.4401369895745
 20
-121.624971914038
 10
172.4401369895745
 20
-121.624971914038
 10
172.4180221791176
 20
-121.5524055251678
 10
172.3879611575723
 20
-121.4568733029694
 10
172.3572694916886
 20
-121.3210891363363
 10
172.336949492207
 20
-121.2311660808033
 10
172.3163119927335
 20
-121.1234630252746
 10
172.3204394926282
 20
-120.9895838586418
 10
172.3235439369935
 20
-120.8887599697776
 10
172.3392425477041
 20
-120.8210266364615
 10
172.3848919909839
 20
-120.7685685809191
 10
172.4161481012976
 20
-120.7326910809277
 10
172.4499442115465
 20
-120.7170983031544
 10
172.4585916235522
 20
-120.7133235809329
 10
172.4699819888131
 20
-120.7083141364898
 10
172.5292839317446
 20
-120.6835491364959
 10
172.596699763358
 20
-120.7041160809348
 10
172.639703373372
 20
-120.7172041364876
 10
172.6652797616084
 20
-120.7435213587032
 10
172.7163972603043
 20
-120.796191080912
 10
172.7323780932299
 20
-120.8125952475746
 10
172.7701253144891
 20
-120.8529530253425
 10
172.799300035967
 20
-120.8974735808865
 10
172.8781458672888
 20
-121.0178413586344
 10
172.8946911446445
 20
-121.1693241363746
 10
172.9005825333831
 20
-121.2197713585843
 10
172.9186447551445
 20
-121.3746760807676
 10
172.9652466984001
 20
-121.5253474696185
 10
172.983450031269
 20
-121.6802169140243
 10
173.0270886412668
 20
-122.0511274694872
 10
173.0698453068426
 20
-122.0904621916999
 10
173.1400128050525
 20
-122.5366202471439
 10
173.2070758588971
 20
-122.9628463581481
 10
173.2257025250886
 20
-123.2933638580657
 10
173.250502802234
 20
-123.7337363579554
 10
173.2618269686114
 20
-123.9346433023494
 10
173.2545950243515
 20
-123.8645463579229
 10
173.2781605793058
 20
-124.4520271911095
 10
173.3125564117616
 20
-125.3102649686723
 10
173.3237747448088
 20
-125.3524571908839
 10
173.3149905783662
 20
-125.5846908019373
 10
173.3077277344507
 20
-125.776848857445
 10
173.3035605786578
 20
-125.6548935796971
 10
173.2320878027035
 20
-126.4503016350543
 10
173.1920166233687
 20
-126.8963891349425
 10
173.1818522484299
 20
-127.0623358015678
 10
173.1400128050525
 20
-127.3896077459304
 10
173.1097091947145
 20
-127.6266391347599
 10
173.094539750657
 20
-127.7451371902858
 10
173.0663528069317
 20
-127.9052983013568
 10
173.0372133632307
 20
-128.0706805235378
 10
173.0088853083979
 20
-128.2002205235057
 10
172.983450031269
 20
-128.3933310790128
 10
172.9798516980274
 20
-128.4208477456724
 10
172.9558275319737
 20
-128.6051388567373
 10
172.9558275319737
 20
-128.6051388567373
 10
172.9558275319737
 20
-128.6051388567373
 10
172.9558275319737
 20
-128.6051388567373
 10
172.9558275319737
 20
-128.6051388567373
 10
172.9558275319737
 20
-128.6051388567373
 10
172.8915867002793
 20
-128.7170046900428
 10
172.799300035967
 20
-128.7432866344809
 10
172.7418325374331
 20
-128.7596555233654
 10
172.6878222610333
 20
-128.7387358011488
 10
172.6519447619486
 20
-128.7248716344855
 10
172.633459206865
 20
-128.7177102455983
 10
172.5763444860995
 20
-128.694850245604
 10
172.5322472650023
 20
-128.6419688567282
 10
172.4790130996938
 20
-128.5781160789669
 10
172.4697350443749
 20
-128.5004344123191
 10
172.4677947666466
 20
-128.4486113567766
 97
        0
 97
        0
 75
     2
 76
     1
 98
        0
  0
SPLINE
  5
371
330
1F
100
AcDbEntity
  8
Photoreceptor
370
     0
100
AcDbSpline
210
0.0
220
0.0
230
1.0
 70
    11
 71
     3
 72
   104
 73
   100
 74
     0
 42
0.0000000001
 43
0.0000000001
 12
1.0
 22
0.0
 32
0.0
 13
1.0
 23
0.0
 33
0.0
 40
0.0
 40
0.0
 40
0.0
 40
0.0
 40
1.0
 40
1.0
 40
1.0
 40
2.0
 40
2.0
 40
2.0
 40
3.0
 40
3.0
 40
3.0
 40
4.0
 40
4.0
 40
4.0
 40
5.0
 40
5.0
 40
5.0
 40
6.0
 40
6.0
 40
6.0
 40
7.0
 40
7.0
 40
7.0
 40
8.0
 40
8.0
 40
8.0
 40
9.0
 40
9.0
 40
9.0
 40
10.0
 40
10.0
 40
10.0
 40
11.0
 40
11.0
 40
11.0
 40
12.0
 40
12.0
 40
12.0
 40
13.0
 40
13.0
 40
13.0
 40
14.0
 40
14.0
 40
14.0
 40
15.0
 40
15.0
 40
15.0
 40
16.0
 40
16.0
 40
16.0
 40
17.0
 40
17.0
 40
17.0
 40
18.0
 40
18.0
 40
18.0
 40
19.0
 40
19.0
 40
19.0
 40
20.0
 40
20.0
 40
20.0
 40
21.0
 40
21.0
 40
21.0
 40
22.0
 40
22.0
 40
22.0
 40
23.0
 40
23.0
 40
23.0
 40
24.0
 40
24.0
 40
24.0
 40
25.0
 40
25.0
 40
25.0
 40
26.0
 40
26.0
 40
26.0
 40
27.0
 40
27.0
 40
27.0
 40
28.0
 40
28.0
 40
28.0
 40
29.0
 40
29.0
 40
29.0
 40
30.0
 40
30.0
 40
30.0
 40
31.0
 40
31.0
 40
31.0
 40
32.0
 40
32.0
 40
32.0
 40
33.0
 40
33.0
 40
33.0
 40
33.0
 10
173.296575578836
 20
-128.6051388567373
 30
0.0
 10
173.2941061344546
 20
-128.4884399678777
 30
0.0
 10
173.2928714122642
 20
-128.4300905234479
 30
0.0
 10
173.3426130776615
 20
-128.2920485790382
 30
0.0
 10
173.3849464099148
 20
-128.1745383012899
 30
0.0
 10
173.3723875213464
 20
-128.1138605235271
 30
0.0
 10
173.4438999566391
 20
-127.4632677459121
 30
0.0
 10
173.5247875174583
 20
-126.7271616349849
 30
0.0
 10
173.5425675170047
 20
-126.789250523858
 30
0.0
 10
173.591250849096
 20
-126.2845666350954
 30
0.0
 10
173.6166155706711
 20
-126.0216060796057
 30
0.0
 10
173.6484361254149
 20
-125.6838213574678
 30
0.0
 10
173.6557033474517
 20
-125.2347705242467
 30
0.0
 10
173.6623708472816
 20
-124.8221263576831
 30
0.0
 10
173.6456139032647
 20
-124.4794733022135
 30
0.0
 10
173.6372883479215
 20
-124.3323296911389
 30
0.0
 10
173.6194025150445
 20
-124.0163113578845
 30
0.0
 10
173.605679459839
 20
-123.9899235801139
 30
0.0
 10
173.591250849096
 20
-123.6784913579691
 30
0.0
 10
173.5702958496306
 20
-123.2273591358596
 30
0.0
 10
173.5960839045283
 20
-123.218045802529
 30
0.0
 10
173.5728358495661
 20
-122.9049555248293
 30
0.0
 10
173.556608072202
 20
-122.6866566359949
 30
0.0
 10
173.525175573004
 20
-122.4954510804873
 30
0.0
 10
173.4623105746078
 20
-122.1130399694715
 30
0.0
 10
173.4004333539642
 20
-121.7365555251214
 30
0.0
 10
173.3694947436424
 20
-121.5483485807242
 30
0.0
 10
173.3241980781313
 20
-121.4407866363063
 30
0.0
 10
173.2795055122356
 20
-121.3347063585551
 30
0.0
 10
173.2636966907859
 20
-121.2687721919053
 30
0.0
 10
173.2320878027035
 20
-121.1369038586045
 30
0.0
 10
173.2228450251615
 20
-121.098274691948
 30
0.0
 10
173.2043947478544
 20
-121.0171710808571
 30
0.0
 10
173.2136728031733
 20
-120.9158885808819
 30
0.0
 10
173.2194583585812
 20
-120.8529530253425
 30
0.0
 10
173.2328639137948
 20
-120.8161583031291
 30
0.0
 10
173.2412953024686
 20
-120.796191080912
 30
0.0
 10
173.2477158578603
 20
-120.7810921920271
 30
0.0
 10
173.2690236350945
 20
-120.7336435809278
 30
0.0
 10
173.3149905783662
 20
-120.6856658031619
 30
0.0
 10
173.3415547443552
 20
-120.6579374698352
 30
0.0
 10
173.3625097438206
 20
-120.6360652476185
 30
0.0
 10
173.3978580762524
 20
-120.6212133031782
 30
0.0
 10
173.467425852255
 20
-120.5920033031855
 30
0.0
 10
173.5343125172153
 20
-120.6144752476245
 30
0.0
 10
173.5544208500356
 20
-120.6212133031782
 30
0.0
 10
173.6118221788192
 20
-120.6405102476174
 30
0.0
 10
173.6464605699097
 20
-120.6756821920533
 30
0.0
 10
173.6649108472168
 20
-120.6948733031599
 30
0.0
 10
173.7092197349752
 20
-120.7409460809257
 30
0.0
 10
173.729222234465
 20
-120.7894883031358
 30
0.0
 10
173.7385708453376
 20
-120.8146060809074
 30
0.0
 10
173.8239783431586
 20
-121.0437705252948
 30
0.0
 10
173.8214383432234
 20
-121.2473938585771
 30
0.0
 10
173.8214383432234
 20
-121.2473938585771
 30
0.0
 10
173.8183338988582
 20
-121.5013585807358
 30
0.0
 10
173.8910061192264
 20
-121.7505608028954
 30
0.0
 10
173.9227561184164
 20
-122.0025146917215
 30
0.0
 10
173.9520719510018
 20
-122.2352069138858
 30
0.0
 10
173.9505550065961
 20
-122.2056088583378
 30
0.0
 10
174.0056236163023
 20
-122.619487747123
 30
0.0
 10
174.0881030586425
 20
-123.2393183025234
 30
0.0
 10
174.12934717869
 20
-123.5491983024458
 30
0.0
 10
174.1437713905556
 20
-123.6969063579645
 30
0.0
 10
174.2099172222014
 20
-124.375403857795
 30
0.0
 10
174.1897383338273
 20
-124.9294413576564
 30
0.0
 10
174.1621863900858
 20
-125.6860085796894
 30
0.0
 10
174.1522777342397
 20
-125.9578591351769
 30
0.0
 10
174.1404552795291
 20
-126.1423266351314
 30
0.0
 10
174.1345638907905
 20
-126.2293216351092
 30
0.0
 10
174.1095166692073
 20
-126.5979744127948
 30
0.0
 10
174.0787897255468
 20
-126.8612171905066
 30
0.0
 10
174.0332461155976
 20
-127.2514599681869
 30
0.0
 10
173.9808277342826
 20
-127.700722468075
 30
0.0
 10
173.9558466731277
 20
-127.838235245818
 30
0.0
 10
173.9411711179466
 20
-127.9145058013548
 30
0.0
 10
173.8990847301314
 20
-128.133157467967
 30
0.0
 10
173.8780238973354
 20
-128.242483301273
 30
0.0
 10
173.8490961202956
 20
-128.3472935790245
 30
0.0
 10
173.7887005662809
 20
-128.5658394123028
 30
0.0
 10
173.7208305121253
 20
-128.7322094122615
 30
0.0
 10
173.7569858448678
 20
-128.7524941344783
 30
0.0
 10
173.779422510962
 20
-128.7650530233644
 30
0.0
 10
173.830222509666
 20
-128.7149585789325
 30
0.0
 10
173.8306811207654
 20
-128.7156641344881
 30
0.0
 10
173.8311750096417
 20
-128.7164049678211
 30
0.0
 10
173.7622775113994
 20
-128.7689688566967
 30
0.0
 10
173.6557033474517
 20
-128.82615413446
 30
0.0
 10
173.5714600162676
 20
-128.871344967782
 30
0.0
 10
173.5402082899484
 20
-128.8783299677802
 30
0.0
 10
173.5175555731984
 20
-128.8813991344463
 30
0.0
 10
173.4840416851645
 20
-128.8859499677784
 30
0.0
 10
173.4322891864848
 20
-128.8929349677766
 30
0.0
 10
173.388650576487
 20
-128.8629841344508
 30
0.0
 10
173.3543958551387
 20
-128.8394891344567
 30
0.0
 10
173.3420486332315
 20
-128.8048110789099
 30
0.0
 10
173.3241980781313
 20
-128.7524941344783
 30
0.0
 10
173.2985864121181
 20
-128.6773877456087
 30
0.0
 10
173.2967916233424
 20
-128.6151930234016
 30
0.0
 10
173.296575578836
 20
-128.6051388567373
 30
0.0
  0
HATCH
  5
372
330
1F
100
AcDbEntity
  8
Photoreceptor
 62
     7
420
 16777215
100
AcDbHatch
 10
0.0
 20
0.0
 30
0.0
210
0.0
220
0.0
230
1.0
  2
SOLID
 70
     1
 71
     0
 91
        1
 92
        1
 93
        1
 72
     4
 94
        3
 73
     0
 74
     1
 95
      104
 96
      100
 40
0.0
 40
0.0
 40
0.0
 40
0.0
 40
1.0
 40
1.0
 40
1.0
 40
2.0
 40
2.0
 40
2.0
 40
3.0
 40
3.0
 40
3.0
 40
4.0
 40
4.0
 40
4.0
 40
5.0
 40
5.0
 40
5.0
 40
6.0
 40
6.0
 40
6.0
 40
7.0
 40
7.0
 40
7.0
 40
8.0
 40
8.0
 40
8.0
 40
9.0
 40
9.0
 40
9.0
 40
10.0
 40
10.0
 40
10.0
 40
11.0
 40
11.0
 40
11.0
 40
12.0
 40
12.0
 40
12.0
 40
13.0
 40
13.0
 40
13.0
 40
14.0
 40
14.0
 40
14.0
 40
15.0
 40
15.0
 40
15.0
 40
16.0
 40
16.0
 40
16.0
 40
17.0
 40
17.0
 40
17.0
 40
18.0
 40
18.0
 40
18.0
 40
19.0
 40
19.0
 40
19.0
 40
20.0
 40
20.0
 40
20.0
 40
21.0
 40
21.0
 40
21.0
 40
22.0
 40
22.0
 40
22.0
 40
23.0
 40
23.0
 40
23.0
 40
24.0
 40
24.0
 40
24.0
 40
25.0
 40
25.0
 40
25.0
 40
26.0
 40
26.0
 40
26.0
 40
27.0
 40
27.0
 40
27.0
 40
28.0
 40
28.0
 40
28.0
 40
29.0
 40
29.0
 40
29.0
 40
30.0
 40
30.0
 40
30.0
 40
31.0
 40
31.0
 40
31.0
 40
32.0
 40
32.0
 40
32.0
 40
33.0
 40
33.0
 40
33.0
 40
33.0
 10
173.296575578836
 20
-128.6051388567373
 10
173.2941061344546
 20
-128.4884399678777
 10
173.2928714122642
 20
-128.4300905234479
 10
173.3426130776615
 20
-128.2920485790382
 10
173.3849464099148
 20
-128.1745383012899
 10
173.3723875213464
 20
-128.1138605235271
 10
173.4438999566391
 20
-127.4632677459121
 10
173.5247875174583
 20
-126.7271616349849
 10
173.5425675170047
 20
-126.789250523858
 10
173.591250849096
 20
-126.2845666350954
 10
173.6166155706711
 20
-126.0216060796057
 10
173.6484361254149
 20
-125.6838213574678
 10
173.6557033474517
 20
-125.2347705242467
 10
173.6623708472816
 20
-124.8221263576831
 10
173.6456139032647
 20
-124.4794733022135
 10
173.6372883479215
 20
-124.3323296911389
 10
173.6194025150445
 20
-124.0163113578845
 10
173.605679459839
 20
-123.9899235801139
 10
173.591250849096
 20
-123.6784913579691
 10
173.5702958496306
 20
-123.2273591358596
 10
173.5960839045283
 20
-123.218045802529
 10
173.5728358495661
 20
-122.9049555248293
 10
173.556608072202
 20
-122.6866566359949
 10
173.525175573004
 20
-122.4954510804873
 10
173.4623105746078
 20
-122.1130399694715
 10
173.4004333539642
 20
-121.7365555251214
 10
173.3694947436424
 20
-121.5483485807242
 10
173.3241980781313
 20
-121.4407866363063
 10
173.2795055122356
 20
-121.3347063585551
 10
173.2636966907859
 20
-121.2687721919053
 10
173.2320878027035
 20
-121.1369038586045
 10
173.2228450251615
 20
-121.098274691948
 10
173.2043947478544
 20
-121.0171710808571
 10
173.2136728031733
 20
-120.9158885808819
 10
173.2194583585812
 20
-120.8529530253425
 10
173.2328639137948
 20
-120.8161583031291
 10
173.2412953024686
 20
-120.796191080912
 10
173.2477158578603
 20
-120.7810921920271
 10
173.2690236350945
 20
-120.7336435809278
 10
173.3149905783662
 20
-120.6856658031619
 10
173.3415547443552
 20
-120.6579374698352
 10
173.3625097438206
 20
-120.6360652476185
 10
173.3978580762524
 20
-120.6212133031782
 10
173.467425852255
 20
-120.5920033031855
 10
173.5343125172153
 20
-120.6144752476245
 10
173.5544208500356
 20
-120.6212133031782
 10
173.6118221788192
 20
-120.6405102476174
 10
173.6464605699097
 20
-120.6756821920533
 10
173.6649108472168
 20
-120.6948733031599
 10
173.7092197349752
 20
-120.7409460809257
 10
173.729222234465
 20
-120.7894883031358
 10
173.7385708453376
 20
-120.8146060809074
 10
173.8239783431586
 20
-121.0437705252948
 10
173.8214383432234
 20
-121.2473938585771
 10
173.8214383432234
 20
-121.2473938585771
 10
173.8183338988582
 20
-121.5013585807358
 10
173.8910061192264
 20
-121.7505608028954
 10
173.9227561184164
 20
-122.0025146917215
 10
173.9520719510018
 20
-122.2352069138858
 10
173.9505550065961
 20
-122.2056088583378
 10
174.0056236163023
 20
-122.619487747123
 10
174.0881030586425
 20
-123.2393183025234
 10
174.12934717869
 20
-123.5491983024458
 10
174.1437713905556
 20
-123.6969063579645
 10
174.2099172222014
 20
-124.375403857795
 10
174.1897383338273
 20
-124.9294413576564
 10
174.1621863900858
 20
-125.6860085796894
 10
174.1522777342397
 20
-125.9578591351769
 10
174.1404552795291
 20
-126.1423266351314
 10
174.1345638907905
 20
-126.2293216351092
 10
174.1095166692073
 20
-126.5979744127948
 10
174.0787897255468
 20
-126.8612171905066
 10
174.0332461155976
 20
-127.2514599681869
 10
173.9808277342826
 20
-127.700722468075
 10
173.9558466731277
 20
-127.838235245818
 10
173.9411711179466
 20
-127.9145058013548
 10
173.8990847301314
 20
-128.133157467967
 10
173.8780238973354
 20
-128.242483301273
 10
173.8490961202956
 20
-128.3472935790245
 10
173.7887005662809
 20
-128.5658394123028
 10
173.7208305121253
 20
-128.7322094122615
 10
173.7569858448678
 20
-128.7524941344783
 10
173.779422510962
 20
-128.7650530233644
 10
173.830222509666
 20
-128.7149585789325
 10
173.8306811207654
 20
-128.7156641344881
 10
173.8311750096417
 20
-128.7164049678211
 10
173.7622775113994
 20
-128.7689688566967
 10
173.6557033474517
 20
-128.82615413446
 10
173.5714600162676
 20
-128.871344967782
 10
173.5402082899484
 20
-128.8783299677802
 10
173.5175555731984
 20
-128.8813991344463
 10
173.4840416851645
 20
-128.8859499677784
 10
173.4322891864848
 20
-128.8929349677766
 10
173.388650576487
 20
-128.8629841344508
 10
173.3543958551387
 20
-128.8394891344567
 10
173.3420486332315
 20
-128.8048110789099
 10
173.3241980781313
 20
-128.7524941344783
 10
173.2985864121181
 20
-128.6773877456087
 10
173.2967916233424
 20
-128.6151930234016
 10
173.296575578836
 20
-128.6051388567373
 97
        0
 97
        0
 75
     2
 76
     1
 98
        0
  0
SPLINE
  5
373
330
1F
100
AcDbEntity
  8
Photoreceptor
370
     0
100
AcDbSpline
210
0.0
220
0.0
230
1.0
 70
    11
 71
     3
 72
   107
 73
   103
 74
     0
 42
0.0000000001
 43
0.0000000001
 12
1.0
 22
0.0
 32
0.0
 13
1.0
 23
0.0
 33
0.0
 40
0.0
 40
0.0
 40
0.0
 40
0.0
 40
1.0
 40
1.0
 40
1.0
 40
2.0
 40
2.0
 40
2.0
 40
3.0
 40
3.0
 40
3.0
 40
4.0
 40
4.0
 40
4.0
 40
5.0
 40
5.0
 40
5.0
 40
6.0
 40
6.0
 40
6.0
 40
7.0
 40
7.0
 40
7.0
 40
8.0
 40
8.0
 40
8.0
 40
9.0
 40
9.0
 40
9.0
 40
10.0
 40
10.0
 40
10.0
 40
11.0
 40
11.0
 40
11.0
 40
12.0
 40
12.0
 40
12.0
 40
13.0
 40
13.0
 40
13.0
 40
14.0
 40
14.0
 40
14.0
 40
15.0
 40
15.0
 40
15.0
 40
16.0
 40
16.0
 40
16.0
 40
17.0
 40
17.0
 40
17.0
 40
18.0
 40
18.0
 40
18.0
 40
19.0
 40
19.0
 40
19.0
 40
20.0
 40
20.0
 40
20.0
 40
21.0
 40
21.0
 40
21.0
 40
22.0
 40
22.0
 40
22.0
 40
23.0
 40
23.0
 40
23.0
 40
24.0
 40
24.0
 40
24.0
 40
25.0
 40
25.0
 40
25.0
 40
26.0
 40
26.0
 40
26.0
 40
27.0
 40
27.0
 40
27.0
 40
28.0
 40
28.0
 40
28.0
 40
29.0
 40
29.0
 40
29.0
 40
30.0
 40
30.0
 40
30.0
 40
31.0
 40
31.0
 40
31.0
 40
32.0
 40
32.0
 40
32.0
 40
33.0
 40
33.0
 40
33.0
 40
34.0
 40
34.0
 40
34.0
 40
34.0
 10
174.2634688875019
 20
-128.7064213567125
 30
0.0
 10
174.2084708333494
 20
-128.5476008011963
 30
0.0
 10
174.4776402709268
 20
-127.5076824681229
 30
0.0
 10
174.5397291582316
 20
-126.9291621904897
 30
0.0
 10
174.5568036022405
 20
-126.7702005238628
 30
0.0
 10
174.5353194361219
 20
-126.8594180238409
 30
0.0
 10
174.5581441577618
 20
-126.3490191350791
 30
0.0
 10
174.5831208237913
 20
-125.7906071907745
 30
0.0
 10
174.6091558231274
 20
-125.6764483019142
 30
0.0
 10
174.6225966561175
 20
-125.2439780242448
 30
0.0
 10
174.6247133227302
 20
-125.1764210798169
 30
0.0
 10
174.6338502669415
 20
-124.8648124687839
 30
0.0
 10
174.6225966561175
 20
-124.4520271911095
 30
0.0
 10
174.6171638784784
 20
-124.2515435800482
 30
0.0
 10
174.6078505453826
 20
-123.9319621912393
 30
0.0
 10
174.5673516575269
 20
-123.5219638580083
 30
0.0
 10
174.5267469363406
 20
-123.1105544136668
 30
0.0
 10
174.5042397146926
 20
-123.109460802556
 30
0.0
 10
174.4660691601109
 20
-122.6747680248868
 30
0.0
 10
174.4412336051889
 20
-122.3921224694019
 30
0.0
 10
174.4443777341668
 20
-122.3198383027531
 30
0.0
 10
174.4108241615203
 20
-122.1222474694696
 30
0.0
 10
174.3663036071005
 20
-121.8602394139793
 30
0.0
 10
174.3368819411845
 20
-121.8463046917609
 30
0.0
 10
174.2910913867971
 20
-121.5605194140544
 30
0.0
 10
174.2658721786557
 20
-121.4028630252046
 30
0.0
 10
174.2637863874938
 20
-121.3383399696653
 30
0.0
 10
174.2174313886764
 20
-121.2381863585791
 30
0.0
 10
174.1935527342294
 20
-121.1866102474811
 30
0.0
 10
174.1653305120143
 20
-121.1416310808255
 30
0.0
 10
174.1529832897952
 20
-121.0632438586228
 30
0.0
 10
174.1379858351476
 20
-120.968170247536
 30
0.0
 10
174.1575694009051
 20
-120.8953569142205
 30
0.0
 10
174.1621863900858
 20
-120.8790585808917
 30
0.0
 10
174.1867750005696
 20
-120.7924163586911
 30
0.0
 10
174.2335180549326
 20
-120.7381238587042
 30
0.0
 10
174.2634688875019
 20
-120.7041160809348
 30
0.0
 10
174.2957127755681
 20
-120.6674624698328
 30
0.0
 10
174.3202308304982
 20
-120.6396283031736
 30
0.0
 10
174.3647513849179
 20
-120.6212133031782
 30
0.0
 10
174.3808777341826
 20
-120.6145810809577
 30
0.0
 10
174.4381997163778
 20
-120.5918269142966
 30
0.0
 10
174.5028991591712
 20
-120.6120058031802
 30
0.0
 10
174.5500655468568
 20
-120.6267166365097
 30
0.0
 10
174.578287768359
 20
-120.657090803169
 30
0.0
 10
174.6133891563524
 20
-120.6948733031599
 30
0.0
 10
174.6154749563461
 20
-120.697095803159
 30
0.0
 10
174.6482435999077
 20
-120.7326910809277
 30
0.0
 10
174.6686694327199
 20
-120.7685685809191
 30
0.0
 10
174.7225738757891
 20
-120.8633246920063
 30
0.0
 10
174.7015527341023
 20
-120.9800941364216
 30
0.0
 10
174.6962919320152
 20
-121.0172063586346
 30
0.0
 10
174.6783002658075
 20
-121.1437830252696
 30
0.0
 10
174.7263838756919
 20
-121.1711233030403
 30
0.0
 10
174.7975744294313
 20
-121.4776166362971
 30
0.0
 10
174.8190585955501
 20
-121.5702208029409
 30
0.0
 10
174.8134847068031
 20
-121.5624949696096
 30
0.0
 10
174.8988569268473
 20
-122.1590774694604
 30
0.0
 10
174.9317710926743
 20
-122.3888416360695
 30
0.0
 10
174.9482105366993
 20
-122.5037060804853
 30
0.0
 10
174.9633447029799
 20
-122.6010727471275
 30
0.0
 10
175.0177077571485
 20
-122.9511341359289
 30
0.0
 10
175.0465694006827
 20
-123.0745005247872
 30
0.0
 10
175.073834700161
 20
-123.2457035803
 30
0.0
 10
175.1049144215903
 20
-123.4406133024734
 30
0.0
 10
175.117720254597
 20
-123.5957296913232
 30
0.0
 10
175.1382916228821
 20
-124.1297294134117
 30
0.0
 10
175.1674971977715
 20
-124.8880605243335
 30
0.0
 10
175.1821021973989
 20
-125.2672613575719
 30
0.0
 10
175.1751171975771
 20
-125.520238301953
 30
0.0
 10
175.1751171975771
 20
-125.520238301953
 30
0.0
 10
175.1580074757914
 20
-126.1406333017983
 30
0.0
 10
175.073834700161
 20
-126.8094646905198
 30
0.0
 10
175.0397563676971
 20
-127.0803274682297
 30
0.0
 10
175.0001747020403
 20
-127.3251199681686
 30
0.0
 10
175.0001747020403
 20
-127.3251199681686
 30
0.0
 10
174.968213036189
 20
-127.5227813570084
 30
0.0
 10
174.9627802585498
 20
-127.5295899681178
 30
0.0
 10
174.9172719263775
 20
-127.8039805236047
 30
0.0
 10
174.8820294272766
 20
-128.0166349679956
 30
0.0
 10
174.8523960946993
 20
-128.2110508012805
 30
0.0
 10
174.8344044284916
 20
-128.3288785790291
 30
0.0
 10
174.8344044284916
 20
-128.3288785790291
 30
0.0
 10
174.8315116507877
 20
-128.347787467913
 30
0.0
 10
174.7883669296662
 20
-128.6327613567308
 30
0.0
 10
174.7883669296662
 20
-128.6327613567308
 30
0.0
 10
174.7883669296662
 20
-128.6327613567308
 30
0.0
 10
174.7883669296662
 20
-128.6327613567308
 30
0.0
 10
174.7883669296662
 20
-128.6327613567308
 30
0.0
 10
174.7813466520675
 20
-128.7771533011389
 30
0.0
 10
174.7054994317803
 20
-128.8445691344554
 30
0.0
 10
174.696644709784
 20
-128.8524008011199
 30
0.0
 10
174.6319452669901
 20
-128.8683110788941
 30
0.0
 10
174.5028991591712
 20
-128.8998141344417
 30
0.0
 10
174.4411630496352
 20
-128.914877745549
 30
0.0
 10
174.4097305504371
 20
-128.9221449677694
 30
0.0
 10
174.383201662225
 20
-128.9090216344397
 30
0.0
 10
174.3743116624521
 20
-128.9046471899959
 30
0.0
 10
174.353462496317
 20
-128.89240580111
 30
0.0
 10
174.3095063863273
 20
-128.8077391344646
 30
0.0
 10
174.2842474980829
 20
-128.7590558011437
 30
0.0
 10
174.2669966651896
 20
-128.71658135671
 30
0.0
 10
174.2634688875019
 20
-128.7064213567125
 30
0.0
  0
HATCH
  5
374
330
1F
100
AcDbEntity
  8
Photoreceptor
 62
     7
420
 16777215
100
AcDbHatch
 10
0.0
 20
0.0
 30
0.0
210
0.0
220
0.0
230
1.0
  2
SOLID
 70
     1
 71
     0
 91
        1
 92
        1
 93
        1
 72
     4
 94
        3
 73
     0
 74
     1
 95
      107
 96
      103
 40
0.0
 40
0.0
 40
0.0
 40
0.0
 40
1.0
 40
1.0
 40
1.0
 40
2.0
 40
2.0
 40
2.0
 40
3.0
 40
3.0
 40
3.0
 40
4.0
 40
4.0
 40
4.0
 40
5.0
 40
5.0
 40
5.0
 40
6.0
 40
6.0
 40
6.0
 40
7.0
 40
7.0
 40
7.0
 40
8.0
 40
8.0
 40
8.0
 40
9.0
 40
9.0
 40
9.0
 40
10.0
 40
10.0
 40
10.0
 40
11.0
 40
11.0
 40
11.0
 40
12.0
 40
12.0
 40
12.0
 40
13.0
 40
13.0
 40
13.0
 40
14.0
 40
14.0
 40
14.0
 40
15.0
 40
15.0
 40
15.0
 40
16.0
 40
16.0
 40
16.0
 40
17.0
 40
17.0
 40
17.0
 40
18.0
 40
18.0
 40
18.0
 40
19.0
 40
19.0
 40
19.0
 40
20.0
 40
20.0
 40
20.0
 40
21.0
 40
21.0
 40
21.0
 40
22.0
 40
22.0
 40
22.0
 40
23.0
 40
23.0
 40
23.0
 40
24.0
 40
24.0
 40
24.0
 40
25.0
 40
25.0
 40
25.0
 40
26.0
 40
26.0
 40
26.0
 40
27.0
 40
27.0
 40
27.0
 40
28.0
 40
28.0
 40
28.0
 40
29.0
 40
29.0
 40
29.0
 40
30.0
 40
30.0
 40
30.0
 40
31.0
 40
31.0
 40
31.0
 40
32.0
 40
32.0
 40
32.0
 40
33.0
 40
33.0
 40
33.0
 40
34.0
 40
34.0
 40
34.0
 40
34.0
 10
174.2634688875019
 20
-128.7064213567125
 10
174.2084708333494
 20
-128.5476008011963
 10
174.4776402709268
 20
-127.5076824681229
 10
174.5397291582316
 20
-126.9291621904897
 10
174.5568036022405
 20
-126.7702005238628
 10
174.5353194361219
 20
-126.8594180238409
 10
174.5581441577618
 20
-126.3490191350791
 10
174.5831208237913
 20
-125.7906071907745
 10
174.6091558231274
 20
-125.6764483019142
 10
174.6225966561175
 20
-125.2439780242448
 10
174.6247133227302
 20
-125.1764210798169
 10
174.6338502669415
 20
-124.8648124687839
 10
174.6225966561175
 20
-124.4520271911095
 10
174.6171638784784
 20
-124.2515435800482
 10
174.6078505453826
 20
-123.9319621912393
 10
174.5673516575269
 20
-123.5219638580083
 10
174.5267469363406
 20
-123.1105544136668
 10
174.5042397146926
 20
-123.109460802556
 10
174.4660691601109
 20
-122.6747680248868
 10
174.4412336051889
 20
-122.3921224694019
 10
174.4443777341668
 20
-122.3198383027531
 10
174.4108241615203
 20
-122.1222474694696
 10
174.3663036071005
 20
-121.8602394139793
 10
174.3368819411845
 20
-121.8463046917609
 10
174.2910913867971
 20
-121.5605194140544
 10
174.2658721786557
 20
-121.4028630252046
 10
174.2637863874938
 20
-121.3383399696653
 10
174.2174313886764
 20
-121.2381863585791
 10
174.1935527342294
 20
-121.1866102474811
 10
174.1653305120143
 20
-121.1416310808255
 10
174.1529832897952
 20
-121.0632438586228
 10
174.1379858351476
 20
-120.968170247536
 10
174.1575694009051
 20
-120.8953569142205
 10
174.1621863900858
 20
-120.8790585808917
 10
174.1867750005696
 20
-120.7924163586911
 10
174.2335180549326
 20
-120.7381238587042
 10
174.2634688875019
 20
-120.7041160809348
 10
174.2957127755681
 20
-120.6674624698328
 10
174.3202308304982
 20
-120.6396283031736
 10
174.3647513849179
 20
-120.6212133031782
 10
174.3808777341826
 20
-120.6145810809577
 10
174.4381997163778
 20
-120.5918269142966
 10
174.5028991591712
 20
-120.6120058031802
 10
174.5500655468568
 20
-120.6267166365097
 10
174.578287768359
 20
-120.657090803169
 10
174.6133891563524
 20
-120.6948733031599
 10
174.6154749563461
 20
-120.697095803159
 10
174.6482435999077
 20
-120.7326910809277
 10
174.6686694327199
 20
-120.7685685809191
 10
174.7225738757891
 20
-120.8633246920063
 10
174.7015527341023
 20
-120.9800941364216
 10
174.6962919320152
 20
-121.0172063586346
 10
174.6783002658075
 20
-121.1437830252696
 10
174.7263838756919
 20
-121.1711233030403
 10
174.7975744294313
 20
-121.4776166362971
 10
174.8190585955501
 20
-121.5702208029409
 10
174.8134847068031
 20
-121.5624949696096
 10
174.8988569268473
 20
-122.1590774694604
 10
174.9317710926743
 20
-122.3888416360695
 10
174.9482105366993
 20
-122.5037060804853
 10
174.9633447029799
 20
-122.6010727471275
 10
175.0177077571485
 20
-122.9511341359289
 10
175.0465694006827
 20
-123.0745005247872
 10
175.073834700161
 20
-123.2457035803
 10
175.1049144215903
 20
-123.4406133024734
 10
175.117720254597
 20
-123.5957296913232
 10
175.1382916228821
 20
-124.1297294134117
 10
175.1674971977715
 20
-124.8880605243335
 10
175.1821021973989
 20
-125.2672613575719
 10
175.1751171975771
 20
-125.520238301953
 10
175.1751171975771
 20
-125.520238301953
 10
175.1580074757914
 20
-126.1406333017983
 10
175.073834700161
 20
-126.8094646905198
 10
175.0397563676971
 20
-127.0803274682297
 10
175.0001747020403
 20
-127.3251199681686
 10
175.0001747020403
 20
-127.3251199681686
 10
174.968213036189
 20
-127.5227813570084
 10
174.9627802585498
 20
-127.5295899681178
 10
174.9172719263775
 20
-127.8039805236047
 10
174.8820294272766
 20
-128.0166349679956
 10
174.8523960946993
 20
-128.2110508012805
 10
174.8344044284916
 20
-128.3288785790291
 10
174.8344044284916
 20
-128.3288785790291
 10
174.8315116507877
 20
-128.347787467913
 10
174.7883669296662
 20
-128.6327613567308
 10
174.7883669296662
 20
-128.6327613567308
 10
174.7883669296662
 20
-128.6327613567308
 10
174.7883669296662
 20
-128.6327613567308
 10
174.7883669296662
 20
-128.6327613567308
 10
174.7813466520675
 20
-128.7771533011389
 10
174.7054994317803
 20
-128.8445691344554
 10
174.696644709784
 20
-128.8524008011199
 10
174.6319452669901
 20
-128.8683110788941
 10
174.5028991591712
 20
-128.8998141344417
 10
174.4411630496352
 20
-128.914877745549
 10
174.4097305504371
 20
-128.9221449677694
 10
174.383201662225
 20
-128.9090216344397
 10
174.3743116624521
 20
-128.9046471899959
 10
174.353462496317
 20
-128.89240580111
 10
174.3095063863273
 20
-128.8077391344646
 10
174.2842474980829
 20
-128.7590558011437
 10
174.2669966651896
 20
-128.71658135671
 10
174.2634688875019
 20
-128.7064213567125
 97
        0
 97
        0
 75
     2
 76
     1
 98
        0
  0
SPLINE
  5
375
330
1F
100
AcDbEntity
  8
Photoreceptor
370
     0
100
AcDbSpline
210
0.0
220
0.0
230
1.0
 70
    11
 71
     3
 72
   104
 73
   100
 74
     0
 42
0.0000000001
 43
0.0000000001
 12
1.0
 22
0.0
 32
0.0
 13
1.0
 23
0.0
 33
0.0
 40
0.0
 40
0.0
 40
0.0
 40
0.0
 40
1.0
 40
1.0
 40
1.0
 40
2.0
 40
2.0
 40
2.0
 40
3.0
 40
3.0
 40
3.0
 40
4.0
 40
4.0
 40
4.0
 40
5.0
 40
5.0
 40
5.0
 40
6.0
 40
6.0
 40
6.0
 40
7.0
 40
7.0
 40
7.0
 40
8.0
 40
8.0
 40
8.0
 40
9.0
 40
9.0
 40
9.0
 40
10.0
 40
10.0
 40
10.0
 40
11.0
 40
11.0
 40
11.0
 40
12.0
 40
12.0
 40
12.0
 40
13.0
 40
13.0
 40
13.0
 40
14.0
 40
14.0
 40
14.0
 40
15.0
 40
15.0
 40
15.0
 40
16.0
 40
16.0
 40
16.0
 40
17.0
 40
17.0
 40
17.0
 40
18.0
 40
18.0
 40
18.0
 40
19.0
 40
19.0
 40
19.0
 40
20.0
 40
20.0
 40
20.0
 40
21.0
 40
21.0
 40
21.0
 40
22.0
 40
22.0
 40
22.0
 40
23.0
 40
23.0
 40
23.0
 40
24.0
 40
24.0
 40
24.0
 40
25.0
 40
25.0
 40
25.0
 40
26.0
 40
26.0
 40
26.0
 40
27.0
 40
27.0
 40
27.0
 40
28.0
 40
28.0
 40
28.0
 40
29.0
 40
29.0
 40
29.0
 40
30.0
 40
30.0
 40
30.0
 40
31.0
 40
31.0
 40
31.0
 40
32.0
 40
32.0
 40
32.0
 40
33.0
 40
33.0
 40
33.0
 40
33.0
 10
175.1843246973422
 20
-128.7064213567125
 30
0.0
 10
175.2223541408164
 20
-128.4869935789892
 30
0.0
 10
175.273577472843
 20
-128.1699521901796
 30
0.0
 10
175.3224724715955
 20
-127.7855655236093
 30
0.0
 10
175.3684746926442
 20
-127.4239330236994
 30
0.0
 10
175.3967321919232
 20
-127.0975430237812
 30
0.0
 10
175.4513774683069
 20
-126.4595091350517
 30
0.0
 10
175.5063402446825
 20
-125.8180885796566
 30
0.0
 10
175.5338216328702
 20
-125.4926510797377
 30
0.0
 10
175.5342802439696
 20
-125.2623930242402
 30
0.0
 10
175.5350563550613
 20
-124.8601205243404
 30
0.0
 10
175.505317189153
 20
-124.9295824687678
 30
0.0
 10
175.4789999676022
 20
-124.2033894133934
 30
0.0
 10
175.4550110793256
 20
-123.5405905246707
 30
0.0
 10
175.4779416342959
 20
-123.4319702469195
 30
0.0
 10
175.4329624687767
 20
-123.0062733025819
 30
0.0
 10
175.4058691361349
 20
-122.7495921915349
 30
0.0
 10
175.3585263595646
 20
-122.4199213582842
 30
0.0
 10
175.3408874711257
 20
-122.2971899694258
 30
0.0
 10
175.3175027339483
 20
-122.1342419139109
 30
0.0
 10
175.3007413610388
 20
-122.0350760806023
 30
0.0
 10
175.2672274730053
 20
-121.8367796917633
 30
0.0
 10
175.2075021967509
 20
-121.4834374696289
 30
0.0
 10
175.1925091415778
 20
-121.4383171918626
 30
0.0
 10
175.1751171975771
 20
-121.394749136318
 30
0.0
 10
175.1250580321876
 20
-121.2690896919049
 30
0.0
 10
175.0861466442914
 20
-121.2331063585803
 30
0.0
 10
175.0922496996912
 20
-121.1461113586026
 30
0.0
 10
175.1032563660771
 20
-120.9889488586419
 30
0.0
 10
175.2463783068705
 20
-120.8754249697809
 30
0.0
 10
175.2396049737097
 20
-120.8698510808937
 30
0.0
 10
175.2345999561914
 20
-120.8657588586725
 30
0.0
 10
175.1687319199622
 20
-120.9363144142107
 30
0.0
 10
175.1751171975771
 20
-120.9435110808754
 30
0.0
 10
175.1834471784262
 20
-120.9528949697616
 30
0.0
 10
175.2914985834972
 20
-120.8311513586814
 30
0.0
 10
175.368509970421
 20
-120.8606435808963
 30
0.0
 10
175.3926046920285
 20
-120.8698510808937
 30
0.0
 10
175.3862194144137
 20
-120.8833624697792
 30
0.0
 10
175.4513774683069
 20
-120.9435110808754
 30
0.0
 10
175.485702745209
 20
-120.9752258030893
 30
0.0
 10
175.5042235780698
 20
-120.99230024753
 30
0.0
 10
175.5342802439696
 20
-121.0079988586372
 30
0.0
 10
175.5817332894378
 20
-121.0327638586304
 30
0.0
 10
175.5995441311935
 20
-121.023556358633
 30
0.0
 10
175.6263552416206
 20
-121.0448288586274
 30
0.0
 10
175.6630088517966
 20
-121.0738977475094
 30
0.0
 10
175.669253018304
 20
-121.1225458030527
 30
0.0
 10
175.6723971783042
 20
-121.1461113586026
 30
0.0
 10
175.6912310732988
 20
-121.2876810807892
 30
0.0
 10
175.7412196831346
 20
-121.4269577474211
 30
0.0
 10
175.7368452388018
 20
-121.5697269140518
 30
0.0
 10
175.7314124611626
 20
-121.7484441362295
 30
0.0
 10
175.7673252380242
 20
-121.6990552473532
 30
0.0
 10
175.86578551329
 20
-122.3893002471805
 30
0.0
 10
175.8975707902569
 20
-122.6121499693469
 30
0.0
 10
175.915139123142
 20
-122.7665608026418
 30
0.0
 10
175.9486530111759
 20
-123.0615183025682
 30
0.0
 10
175.9935968989182
 20
-123.4568410802466
 30
0.0
 10
176.0206196760065
 20
-123.7501052468405
 30
0.0
 10
176.0315249559922
 20
-123.8718841356989
 30
0.0
 10
176.0654930081951
 20
-124.2500619133822
 30
0.0
 10
176.082532174427
 20
-124.4438427466666
 30
0.0
 10
176.0868007854292
 20
-124.6730424688315
 30
0.0
 10
176.0907166186627
 20
-124.8847444132236
 30
0.0
 10
176.0846841188166
 20
-125.0403546909624
 30
0.0
 10
176.0775932856641
 20
-125.2163555242513
 30
0.0
 10
176.0645052304425
 20
-125.5402055241702
 30
0.0
 10
176.0476777308718
 20
-125.6802583019133
 30
0.0
 10
176.0038980097665
 20
-126.2108713573362
 30
0.0
 10
175.980372178227
 20
-126.4961980239318
 30
0.0
 10
175.9762049549174
 20
-126.5671769128028
 30
0.0
 10
175.9210305118806
 20
-127.2422524681895
 30
0.0
 10
175.8982057902407
 20
-127.5218288570084
 30
0.0
 10
175.8802494018102
 20
-127.7359649680659
 30
0.0
 10
175.8381630139947
 20
-127.9881658013365
 30
0.0
 10
175.7856696820006
 20
-128.3026319123685
 30
0.0
 10
175.7219227391825
 20
-128.5186377456481
 30
0.0
 10
175.7092227395065
 20
-128.5591013567491
 30
0.0
 10
175.7009721782971
 20
-128.5855244122979
 30
0.0
 10
175.6921835732745
 20
-128.6080669122927
 30
0.0
 10
175.6816002402112
 20
-128.6511763567262
 30
0.0
 10
175.6608216296302
 20
-128.7358783011492
 30
0.0
 10
175.668163844972
 20
-128.7564805233662
 30
0.0
 10
175.6447702411508
 20
-128.7893241344691
 30
0.0
 10
175.6205388449838
 20
-128.8233671900167
 30
0.0
 10
175.5858563537649
 20
-128.8389246900125
 30
0.0
 10
175.5526952434998
 20
-128.8537766344535
 30
0.0
 10
175.5294119107605
 20
-128.864218856673
 30
0.0
 10
175.5030946892097
 20
-128.8700749677823
 30
0.0
 10
175.4513774683069
 20
-128.8813991344463
 30
0.0
 10
175.3787758034925
 20
-128.8973094122198
 30
0.0
 10
175.3420516377627
 20
-128.905141078885
 30
0.0
 10
175.3224724715955
 20
-128.8998141344417
 30
0.0
 10
175.2688855285182
 20
-128.8852444122228
 30
0.0
 10
175.2385113626264
 20
-128.8358908011247
 30
0.0
 10
175.221194400639
 20
-128.8077391344646
 30
0.0
 10
175.1967777525801
 20
-128.7680869122522
 30
0.0
 10
175.1879583083606
 20
-128.7301633011506
 30
0.0
 10
175.1843246973422
 20
-128.7064213567125
 30
0.0
  0
HATCH
  5
376
330
1F
100
AcDbEntity
  8
Photoreceptor
 62
     7
420
 16777215
100
AcDbHatch
 10
0.0
 20
0.0
 30
0.0
210
0.0
220
0.0
230
1.0
  2
SOLID
 70
     1
 71
     0
 91
        1
 92
        1
 93
        1
 72
     4
 94
        3
 73
     0
 74
     1
 95
      104
 96
      100
 40
0.0
 40
0.0
 40
0.0
 40
0.0
 40
1.0
 40
1.0
 40
1.0
 40
2.0
 40
2.0
 40
2.0
 40
3.0
 40
3.0
 40
3.0
 40
4.0
 40
4.0
 40
4.0
 40
5.0
 40
5.0
 40
5.0
 40
6.0
 40
6.0
 40
6.0
 40
7.0
 40
7.0
 40
7.0
 40
8.0
 40
8.0
 40
8.0
 40
9.0
 40
9.0
 40
9.0
 40
10.0
 40
10.0
 40
10.0
 40
11.0
 40
11.0
 40
11.0
 40
12.0
 40
12.0
 40
12.0
 40
13.0
 40
13.0
 40
13.0
 40
14.0
 40
14.0
 40
14.0
 40
15.0
 40
15.0
 40
15.0
 40
16.0
 40
16.0
 40
16.0
 40
17.0
 40
17.0
 40
17.0
 40
18.0
 40
18.0
 40
18.0
 40
19.0
 40
19.0
 40
19.0
 40
20.0
 40
20.0
 40
20.0
 40
21.0
 40
21.0
 40
21.0
 40
22.0
 40
22.0
 40
22.0
 40
23.0
 40
23.0
 40
23.0
 40
24.0
 40
24.0
 40
24.0
 40
25.0
 40
25.0
 40
25.0
 40
26.0
 40
26.0
 40
26.0
 40
27.0
 40
27.0
 40
27.0
 40
28.0
 40
28.0
 40
28.0
 40
29.0
 40
29.0
 40
29.0
 40
30.0
 40
30.0
 40
30.0
 40
31.0
 40
31.0
 40
31.0
 40
32.0
 40
32.0
 40
32.0
 40
33.0
 40
33.0
 40
33.0
 40
33.0
 10
175.1843246973422
 20
-128.7064213567125
 10
175.2223541408164
 20
-128.4869935789892
 10
175.273577472843
 20
-128.1699521901796
 10
175.3224724715955
 20
-127.7855655236093
 10
175.3684746926442
 20
-127.4239330236994
 10
175.3967321919232
 20
-127.0975430237812
 10
175.4513774683069
 20
-126.4595091350517
 10
175.5063402446825
 20
-125.8180885796566
 10
175.5338216328702
 20
-125.4926510797377
 10
175.5342802439696
 20
-125.2623930242402
 10
175.5350563550613
 20
-124.8601205243404
 10
175.505317189153
 20
-124.9295824687678
 10
175.4789999676022
 20
-124.2033894133934
 10
175.4550110793256
 20
-123.5405905246707
 10
175.4779416342959
 20
-123.4319702469195
 10
175.4329624687767
 20
-123.0062733025819
 10
175.4058691361349
 20
-122.7495921915349
 10
175.3585263595646
 20
-122.4199213582842
 10
175.3408874711257
 20
-122.2971899694258
 10
175.3175027339483
 20
-122.1342419139109
 10
175.3007413610388
 20
-122.0350760806023
 10
175.2672274730053
 20
-121.8367796917633
 10
175.2075021967509
 20
-121.4834374696289
 10
175.1925091415778
 20
-121.4383171918626
 10
175.1751171975771
 20
-121.394749136318
 10
175.1250580321876
 20
-121.2690896919049
 10
175.0861466442914
 20
-121.2331063585803
 10
175.0922496996912
 20
-121.1461113586026
 10
175.1032563660771
 20
-120.9889488586419
 10
175.2463783068705
 20
-120.8754249697809
 10
175.2396049737097
 20
-120.8698510808937
 10
175.2345999561914
 20
-120.8657588586725
 10
175.1687319199622
 20
-120.9363144142107
 10
175.1751171975771
 20
-120.9435110808754
 10
175.1834471784262
 20
-120.9528949697616
 10
175.2914985834972
 20
-120.8311513586814
 10
175.368509970421
 20
-120.8606435808963
 10
175.3926046920285
 20
-120.8698510808937
 10
175.3862194144137
 20
-120.8833624697792
 10
175.4513774683069
 20
-120.9435110808754
 10
175.485702745209
 20
-120.9752258030893
 10
175.5042235780698
 20
-120.99230024753
 10
175.5342802439696
 20
-121.0079988586372
 10
175.5817332894378
 20
-121.0327638586304
 10
175.5995441311935
 20
-121.023556358633
 10
175.6263552416206
 20
-121.0448288586274
 10
175.6630088517966
 20
-121.0738977475094
 10
175.669253018304
 20
-121.1225458030527
 10
175.6723971783042
 20
-121.1461113586026
 10
175.6912310732988
 20
-121.2876810807892
 10
175.7412196831346
 20
-121.4269577474211
 10
175.7368452388018
 20
-121.5697269140518
 10
175.7314124611626
 20
-121.7484441362295
 10
175.7673252380242
 20
-121.6990552473532
 10
175.86578551329
 20
-122.3893002471805
 10
175.8975707902569
 20
-122.6121499693469
 10
175.915139123142
 20
-122.7665608026418
 10
175.9486530111759
 20
-123.0615183025682
 10
175.9935968989182
 20
-123.4568410802466
 10
176.0206196760065
 20
-123.7501052468405
 10
176.0315249559922
 20
-123.8718841356989
 10
176.0654930081951
 20
-124.2500619133822
 10
176.082532174427
 20
-124.4438427466666
 10
176.0868007854292
 20
-124.6730424688315
 10
176.0907166186627
 20
-124.8847444132236
 10
176.0846841188166
 20
-125.0403546909624
 10
176.0775932856641
 20
-125.2163555242513
 10
176.0645052304425
 20
-125.5402055241702
 10
176.0476777308718
 20
-125.6802583019133
 10
176.0038980097665
 20
-126.2108713573362
 10
175.980372178227
 20
-126.4961980239318
 10
175.9762049549174
 20
-126.5671769128028
 10
175.9210305118806
 20
-127.2422524681895
 10
175.8982057902407
 20
-127.5218288570084
 10
175.8802494018102
 20
-127.7359649680659
 10
175.8381630139947
 20
-127.9881658013365
 10
175.7856696820006
 20
-128.3026319123685
 10
175.7219227391825
 20
-128.5186377456481
 10
175.7092227395065
 20
-128.5591013567491
 10
175.7009721782971
 20
-128.5855244122979
 10
175.6921835732745
 20
-128.6080669122927
 10
175.6816002402112
 20
-128.6511763567262
 10
175.6608216296302
 20
-128.7358783011492
 10
175.668163844972
 20
-128.7564805233662
 10
175.6447702411508
 20
-128.7893241344691
 10
175.6205388449838
 20
-128.8233671900167
 10
175.5858563537649
 20
-128.8389246900125
 10
175.5526952434998
 20
-128.8537766344535
 10
175.5294119107605
 20
-128.864218856673
 10
175.5030946892097
 20
-128.8700749677823
 10
175.4513774683069
 20
-128.8813991344463
 10
175.3787758034925
 20
-128.8973094122198
 10
175.3420516377627
 20
-128.905141078885
 10
175.3224724715955
 20
-128.8998141344417
 10
175.2688855285182
 20
-128.8852444122228
 10
175.2385113626264
 20
-128.8358908011247
 10
175.221194400639
 20
-128.8077391344646
 10
175.1967777525801
 20
-128.7680869122522
 10
175.1879583083606
 20
-128.7301633011506
 10
175.1843246973422
 20
-128.7064213567125
 97
        0
 97
        0
 75
     2
 76
     1
 98
        0
  0
SPLINE
  5
377
330
1F
100
AcDbEntity
  8
Photoreceptor
370
     0
100
AcDbSpline
210
0.0
220
0.0
230
1.0
 70
     8
 71
     3
 72
    89
 73
    85
 74
     0
 42
0.0000000001
 43
0.0000000001
 12
1.0
 22
0.0
 32
0.0
 13
1.0
 23
0.0
 33
0.0
 40
0.0
 40
0.0
 40
0.0
 40
0.0
 40
1.0
 40
1.0
 40
1.0
 40
2.0
 40
2.0
 40
2.0
 40
3.0
 40
3.0
 40
3.0
 40
4.0
 40
4.0
 40
4.0
 40
5.0
 40
5.0
 40
5.0
 40
6.0
 40
6.0
 40
6.0
 40
7.0
 40
7.0
 40
7.0
 40
8.0
 40
8.0
 40
8.0
 40
9.0
 40
9.0
 40
9.0
 40
10.0
 40
10.0
 40
10.0
 40
11.0
 40
11.0
 40
11.0
 40
12.0
 40
12.0
 40
12.0
 40
13.0
 40
13.0
 40
13.0
 40
14.0
 40
14.0
 40
14.0
 40
15.0
 40
15.0
 40
15.0
 40
16.0
 40
16.0
 40
16.0
 40
17.0
 40
17.0
 40
17.0
 40
18.0
 40
18.0
 40
18.0
 40
19.0
 40
19.0
 40
19.0
 40
20.0
 40
20.0
 40
20.0
 40
21.0
 40
21.0
 40
21.0
 40
22.0
 40
22.0
 40
22.0
 40
23.0
 40
23.0
 40
23.0
 40
24.0
 40
24.0
 40
24.0
 40
25.0
 40
25.0
 40
25.0
 40
26.0
 40
26.0
 40
26.0
 40
27.0
 40
27.0
 40
27.0
 40
28.0
 40
28.0
 40
28.0
 40
28.0
 10
176.1328382842547
 20
-128.4486113567766
 30
0.0
 10
176.1328382842547
 20
-128.4486113567766
 30
0.0
 10
176.1328382842547
 20
-128.4486113567766
 30
0.0
 10
176.1328382842547
 20
-128.4486113567766
 30
0.0
 10
176.1286402288063
 20
-128.4035263567878
 30
0.0
 10
176.1238424511509
 20
-128.336463301249
 30
0.0
 10
176.1236307844896
 20
-128.2552185790474
 30
0.0
 10
176.1229252289521
 20
-128.0087680235535
 30
0.0
 10
176.1647646723291
 20
-127.8277224680428
 30
0.0
 10
176.1880832828453
 20
-127.721113023625
 30
0.0
 10
176.2215266153254
 20
-127.5680780236636
 30
0.0
 10
176.2564163366578
 20
-127.3520369126066
 30
0.0
 10
176.3262310570986
 20
-126.9199546904924
 30
0.0
 10
176.3610855006539
 20
-126.7040899683241
 30
0.0
 10
176.3934749559016
 20
-126.5034652461521
 30
0.0
 10
176.4183060547496
 20
-126.2477366351046
 30
0.0
 10
176.4462107762602
 20
-125.9600816351767
 30
0.0
 10
176.4492138447767
 20
-125.7582221907825
 30
0.0
 10
176.45513605381
 20
-125.3544680242167
 30
0.0
 10
176.4623327202931
 20
-124.8666821910052
 30
0.0
 10
176.4500913317165
 20
-124.5088596910951
 30
0.0
 10
176.4459285540449
 20
-124.3967821911233
 30
0.0
 10
176.4351688320972
 20
-124.1080335800839
 30
0.0
 10
176.4193996658328
 20
-123.8784105245862
 30
0.0
 10
176.4090985549845
 20
-123.7429791357309
 30
0.0
 10
176.3839807778475
 20
-123.4128144135911
 30
0.0
 10
176.371421889279
 20
-123.2477496914102
 30
0.0
 10
176.3354385568637
 20
-123.0154808025793
 30
0.0
 10
176.3247493904698
 20
-122.9465480248193
 30
0.0
 10
176.2883780025088
 20
-122.7577060804215
 30
0.0
 10
176.2157057821406
 20
-122.3800927471831
 30
0.0
 10
176.1682218944631
 20
-122.133324691689
 30
0.0
 10
176.1559099503328
 20
-122.0744813583701
 30
0.0
 10
176.1420457840201
 20
-122.0117221917195
 30
0.0
 10
176.119468006818
 20
-121.9095930250781
 30
0.0
 10
176.0769230079034
 20
-121.7250902473467
 30
0.0
 10
176.0131055095316
 20
-121.4960316362925
 30
0.0
 10
176.0131055095316
 20
-121.4960316362925
 30
0.0
 10
176.012682176209
 20
-121.4944794140708
 30
0.0
 10
175.9762755104712
 20
-121.3671266363252
 30
0.0
 10
175.9762755104712
 20
-121.3671266363252
 30
0.0
 10
175.9762755104712
 20
-121.3671266363252
 30
0.0
 10
175.9762755104712
 20
-121.3671266363252
 30
0.0
 10
175.9635049552414
 20
-121.3137513585603
 30
0.0
 10
175.9721832883534
 20
-121.2881044141227
 30
0.0
 10
175.9854830102363
 20
-121.2750516363481
 30
0.0
 10
176.0583668972658
 20
-121.2033319141434
 30
0.0
 10
176.421375221338
 20
-121.3597888585492
 30
0.0
 10
176.5932838280633
 20
-121.6433869140335
 30
0.0
 10
176.6454243822887
 20
-121.7294646917899
 30
0.0
 10
176.6686724372511
 20
-121.8431296917617
 30
0.0
 10
176.7129813250096
 20
-122.0669671917058
 30
0.0
 10
176.7678735458317
 20
-122.3443210805248
 30
0.0
 10
176.7897104897187
 20
-122.5450163582525
 30
0.0
 10
176.814263822426
 20
-122.7484280248685
 30
0.0
 10
176.8703907654382
 20
-123.2133891358631
 30
0.0
 10
176.8763174319537
 20
-123.1593083025433
 30
0.0
 10
176.9155860668824
 20
-123.5035488580128
 30
0.0
 10
176.9319857638668
 20
-123.6475527468657
 30
0.0
 10
176.9691332629191
 20
-123.9777527467837
 30
0.0
 10
176.9892415957397
 20
-124.3691596911298
 30
0.0
 10
177.0153471506289
 20
-124.8778299687803
 30
0.0
 10
177.0006055113055
 20
-125.2555138575751
 30
0.0
 10
176.9800340959743
 20
-125.7504610796737
 30
0.0
 10
176.9565743743506
 20
-126.3146938573101
 30
0.0
 10
176.9448268746503
 20
-126.5968102461283
 30
0.0
 10
176.9063740978535
 20
-126.8647096905061
 30
0.0
 10
176.8070671559426
 20
-127.5558719125553
 30
0.0
 10
176.6300432715699
 20
-128.0623902457624
 30
0.0
 10
176.6301138271237
 20
-128.2644260790448
 30
0.0
 10
176.6301138271237
 20
-128.2791721901525
 30
0.0
 10
176.6310663270994
 20
-128.3521971901344
 30
0.0
 10
176.5932838280633
 20
-128.4301610790036
 30
0.0
 10
176.556136329011
 20
-128.5067844123175
 30
0.0
 10
176.5038944003185
 20
-128.5421327456422
 30
0.0
 10
176.4919660528704
 20
-128.5498938567517
 30
0.0
 10
176.4707993867437
 20
-128.5636521900812
 30
0.0
 10
176.4414129986045
 20
-128.5827374678546
 30
0.0
 10
176.3998910552194
 20
-128.5867238567419
 30
0.0
 10
176.3998910552194
 20
-128.5867238567419
 30
0.0
 10
176.3709985559565
 20
-128.5895108011859
 30
0.0
 10
176.2617432809661
 20
-128.5591013567491
 30
0.0
 10
176.2617432809661
 20
-128.5591013567491
 30
0.0
 10
176.2617432809661
 20
-128.5591013567491
 30
0.0
 10
176.2617432809661
 20
-128.5591013567491
 30
0.0
  0
HATCH
  5
378
330
1F
100
AcDbEntity
  8
Photoreceptor
 62
     7
420
 16777215
100
AcDbHatch
 10
0.0
 20
0.0
 30
0.0
210
0.0
220
0.0
230
1.0
  2
SOLID
 70
     1
 71
     0
 91
        1
 92
        1
 93
        2
 72
     4
 94
        3
 73
     0
 74
     0
 95
       89
 96
       85
 40
0.0
 40
0.0
 40
0.0
 40
0.0
 40
0.3527777776895833
 40
0.3527777776895833
 40
0.3527777776895833
 40
0.7055555553791667
 40
0.7055555553791667
 40
0.7055555553791667
 40
1.05833333306875
 40
1.05833333306875
 40
1.05833333306875
 40
1.411111110758333
 40
1.411111110758333
 40
1.411111110758333
 40
1.763888888447917
 40
1.763888888447917
 40
1.763888888447917
 40
2.1166666661375
 40
2.1166666661375
 40
2.1166666661375
 40
2.469444443827083
 40
2.469444443827083
 40
2.469444443827083
 40
2.822222221516667
 40
2.822222221516667
 40
2.822222221516667
 40
3.17499999920625
 40
3.17499999920625
 40
3.17499999920625
 40
3.527777776895833
 40
3.527777776895833
 40
3.527777776895833
 40
3.880555554585417
 40
3.880555554585417
 40
3.880555554585417
 40
4.233333332275
 40
4.233333332275
 40
4.233333332275
 40
4.586111109964584
 40
4.586111109964584
 40
4.586111109964584
 40
4.938888887654167
 40
4.938888887654167
 40
4.938888887654167
 40
5.29166666534375
 40
5.29166666534375
 40
5.29166666534375
 40
5.644444443033334
 40
5.644444443033334
 40
5.644444443033334
 40
5.997222220722917
 40
5.997222220722917
 40
5.997222220722917
 40
6.349999998412501
 40
6.349999998412501
 40
6.349999998412501
 40
6.702777776102083
 40
6.702777776102083
 40
6.702777776102083
 40
7.055555553791667
 40
7.055555553791667
 40
7.055555553791667
 40
7.40833333148125
 40
7.40833333148125
 40
7.40833333148125
 40
7.761111109170834
 40
7.761111109170834
 40
7.761111109170834
 40
8.113888886860417
 40
8.113888886860417
 40
8.113888886860417
 40
8.46666666455
 40
8.46666666455
 40
8.46666666455
 40
8.819444442239584
 40
8.819444442239584
 40
8.819444442239584
 40
9.172222219929168
 40
9.172222219929168
 40
9.172222219929168
 40
9.52499999761875
 40
9.52499999761875
 40
9.52499999761875
 40
9.877777775308333
 40
9.877777775308333
 40
9.877777775308333
 40
9.877777775308333
 10
176.1328382842547
 20
-128.4486113567766
 10
176.1328382842547
 20
-128.4486113567766
 10
176.1328382842547
 20
-128.4486113567766
 10
176.1328382842547
 20
-128.4486113567766
 10
176.1286402288063
 20
-128.4035263567878
 10
176.1238424511509
 20
-128.336463301249
 10
176.1236307844896
 20
-128.2552185790474
 10
176.1229252289521
 20
-128.0087680235535
 10
176.1647646723291
 20
-127.8277224680428
 10
176.1880832828453
 20
-127.721113023625
 10
176.2215266153254
 20
-127.5680780236636
 10
176.2564163366578
 20
-127.3520369126066
 10
176.3262310570986
 20
-126.9199546904924
 10
176.3610855006539
 20
-126.7040899683241
 10
176.3934749559016
 20
-126.5034652461521
 10
176.4183060547496
 20
-126.2477366351046
 10
176.4462107762602
 20
-125.9600816351767
 10
176.4492138447767
 20
-125.7582221907825
 10
176.45513605381
 20
-125.3544680242167
 10
176.4623327202931
 20
-124.8666821910052
 10
176.4500913317165
 20
-124.5088596910951
 10
176.4459285540449
 20
-124.3967821911233
 10
176.4351688320972
 20
-124.1080335800839
 10
176.4193996658328
 20
-123.8784105245862
 10
176.4090985549845
 20
-123.7429791357309
 10
176.3839807778475
 20
-123.4128144135911
 10
176.371421889279
 20
-123.2477496914102
 10
176.3354385568637
 20
-123.0154808025793
 10
176.3247493904698
 20
-122.9465480248193
 10
176.2883780025088
 20
-122.7577060804215
 10
176.2157057821406
 20
-122.3800927471831
 10
176.1682218944631
 20
-122.133324691689
 10
176.1559099503328
 20
-122.0744813583701
 10
176.1420457840201
 20
-122.0117221917195
 10
176.119468006818
 20
-121.9095930250781
 10
176.0769230079034
 20
-121.7250902473467
 10
176.0131055095316
 20
-121.4960316362925
 10
176.0131055095316
 20
-121.4960316362925
 10
176.012682176209
 20
-121.4944794140708
 10
175.9762755104712
 20
-121.3671266363252
 10
175.9762755104712
 20
-121.3671266363252
 10
175.9762755104712
 20
-121.3671266363252
 10
175.9762755104712
 20
-121.3671266363252
 10
175.9635049552414
 20
-121.3137513585603
 10
175.9721832883534
 20
-121.2881044141227
 10
175.9854830102363
 20
-121.2750516363481
 10
176.0583668972658
 20
-121.2033319141434
 10
176.421375221338
 20
-121.3597888585492
 10
176.5932838280633
 20
-121.6433869140335
 10
176.6454243822887
 20
-121.7294646917899
 10
176.6686724372511
 20
-121.8431296917617
 10
176.7129813250096
 20
-122.0669671917058
 10
176.7678735458317
 20
-122.3443210805248
 10
176.7897104897187
 20
-122.5450163582525
 10
176.814263822426
 20
-122.7484280248685
 10
176.8703907654382
 20
-123.2133891358631
 10
176.8763174319537
 20
-123.1593083025433
 10
176.9155860668824
 20
-123.5035488580128
 10
176.9319857638668
 20
-123.6475527468657
 10
176.9691332629191
 20
-123.9777527467837
 10
176.9892415957397
 20
-124.3691596911298
 10
177.0153471506289
 20
-124.8778299687803
 10
177.0006055113055
 20
-125.2555138575751
 10
176.9800340959743
 20
-125.7504610796737
 10
176.9565743743506
 20
-126.3146938573101
 10
176.9448268746503
 20
-126.5968102461283
 10
176.9063740978535
 20
-126.8647096905061
 10
176.8070671559426
 20
-127.5558719125553
 10
176.6300432715699
 20
-128.0623902457624
 10
176.6301138271237
 20
-128.2644260790448
 10
176.6301138271237
 20
-128.2791721901525
 10
176.6310663270994
 20
-128.3521971901344
 10
176.5932838280633
 20
-128.4301610790036
 10
176.556136329011
 20
-128.5067844123175
 10
176.5038944003185
 20
-128.5421327456422
 10
176.4919660528704
 20
-128.5498938567517
 10
176.4707993867437
 20
-128.5636521900812
 10
176.4414129986045
 20
-128.5827374678546
 10
176.3998910552194
 20
-128.5867238567419
 10
176.3998910552194
 20
-128.5867238567419
 10
176.3709985559565
 20
-128.5895108011859
 10
176.2617432809661
 20
-128.5591013567491
 10
176.2617432809661
 20
-128.5591013567491
 10
176.2617432809661
 20
-128.5591013567491
 10
176.2617432809661
 20
-128.5591013567491
 97
        0
 72
     1
 10
176.2617432809661
 20
-128.5591013567491
 11
176.1328382842547
 21
-128.4486113567766
 97
        0
 75
     2
 76
     1
 98
        0
  0
SPLINE
  5
379
330
1F
100
AcDbEntity
  8
Photoreceptor
370
     0
100
AcDbSpline
210
0.0
220
0.0
230
1.0
 70
     8
 71
     3
 72
    83
 73
    79
 74
     0
 42
0.0000000001
 43
0.0000000001
 12
1.0
 22
0.0
 32
0.0
 13
1.0
 23
0.0
 33
0.0
 40
0.0
 40
0.0
 40
0.0
 40
0.0
 40
1.0
 40
1.0
 40
1.0
 40
2.0
 40
2.0
 40
2.0
 40
3.0
 40
3.0
 40
3.0
 40
4.0
 40
4.0
 40
4.0
 40
5.0
 40
5.0
 40
5.0
 40
6.0
 40
6.0
 40
6.0
 40
7.0
 40
7.0
 40
7.0
 40
8.0
 40
8.0
 40
8.0
 40
9.0
 40
9.0
 40
9.0
 40
10.0
 40
10.0
 40
10.0
 40
11.0
 40
11.0
 40
11.0
 40
12.0
 40
12.0
 40
12.0
 40
13.0
 40
13.0
 40
13.0
 40
14.0
 40
14.0
 40
14.0
 40
15.0
 40
15.0
 40
15.0
 40
16.0
 40
16.0
 40
16.0
 40
17.0
 40
17.0
 40
17.0
 40
18.0
 40
18.0
 40
18.0
 40
19.0
 40
19.0
 40
19.0
 40
20.0
 40
20.0
 40
20.0
 40
21.0
 40
21.0
 40
21.0
 40
22.0
 40
22.0
 40
22.0
 40
23.0
 40
23.0
 40
23.0
 40
24.0
 40
24.0
 40
24.0
 40
25.0
 40
25.0
 40
25.0
 40
26.0
 40
26.0
 40
26.0
 40
26.0
 10
177.04448659433
 20
-127.8960908013594
 30
0.0
 10
177.04448659433
 20
-127.8960908013594
 30
0.0
 10
177.04448659433
 20
-127.8960908013594
 30
0.0
 10
177.04448659433
 20
-127.8960908013594
 30
0.0
 10
177.04448659433
 20
-127.8960908013594
 30
0.0
 10
177.04448659433
 20
-127.8960908013594
 30
0.0
 10
177.04448659433
 20
-127.8960908013594
 30
0.0
 10
177.04448659433
 20
-127.8960908013594
 30
0.0
 10
177.04448659433
 20
-127.8960908013594
 30
0.0
 10
177.04448659433
 20
-127.8960908013594
 30
0.0
 10
177.0210666224116
 20
-127.8758060791419
 30
0.0
 10
176.9895943735082
 20
-127.8427860791501
 30
0.0
 10
176.9708265962092
 20
-127.7947730236067
 30
0.0
 10
176.9233074307548
 20
-127.6732058014147
 30
0.0
 10
176.9920990956665
 20
-127.5447241347802
 30
0.0
 10
177.0260715947998
 20
-127.4724752459095
 30
0.0
 10
177.1081629815943
 20
-127.2979913570643
 30
0.0
 10
177.1110557592986
 20
-127.0960966348926
 30
0.0
 10
177.1642193690534
 20
-126.9107471904943
 30
0.0
 10
177.2206285342806
 20
-126.7140383016546
 30
0.0
 10
177.2264140896886
 20
-126.5780071905776
 30
0.0
 10
177.2747138445704
 20
-125.7504610796737
 30
0.0
 10
177.3408199201032
 20
-124.6179738577341
 30
0.0
 10
177.353872697548
 20
-124.4638805244395
 30
0.0
 10
177.3207468650598
 20
-124.1665594134026
 30
0.0
 10
177.2880090881172
 20
-123.8726249690319
 30
0.0
 10
177.2378793671739
 20
-123.5680013579972
 30
0.0
 10
177.2378793671739
 20
-123.5680013579972
 30
0.0
 10
177.1940996460686
 20
-123.3021127469521
 30
0.0
 10
177.1769944001503
 20
-123.2553344136308
 30
0.0
 10
177.1273540922158
 20
-122.9510283025957
 30
0.0
 10
177.0660060382254
 20
-122.5748260804676
 30
0.0
 10
177.0826924266886
 20
-122.5882669137975
 30
0.0
 10
177.04448659433
 20
-122.4169227471733
 30
0.0
 10
176.9613721520059
 20
-122.0442835806003
 30
0.0
 10
176.8732835431422
 20
-121.9394733028482
 30
0.0
 10
176.9247890973837
 20
-121.8920246917496
 30
0.0
 10
177.0082210396996
 20
-121.8151544139905
 30
0.0
 10
177.3669960305465
 20
-121.9725285806182
 30
0.0
 10
177.5325546374339
 20
-122.260359969435
 30
0.0
 10
177.5813790806327
 20
-122.3452735805249
 30
0.0
 10
177.6026163023131
 20
-122.456257469386
 30
0.0
 10
177.643044634615
 20
-122.6747680248868
 30
0.0
 10
177.6898935223087
 20
-122.9277802470461
 30
0.0
 10
177.700194633157
 20
-123.0828613581183
 30
0.0
 10
177.7351549100429
 20
-123.4022310802608
 30
0.0
 10
177.7750893534685
 20
-123.7671444135024
 30
0.0
 10
177.7776293534037
 20
-123.7106294135171
 30
0.0
 10
177.7996074083986
 20
-123.9363366356826
 30
0.0
 10
177.8109668525532
 20
-124.0530002467647
 30
0.0
 10
177.8404237962461
 20
-124.3775205244609
 30
0.0
 10
177.8456449072241
 20
-124.8019474687995
 30
0.0
 10
177.8499135182266
 20
-125.1489396909348
 30
0.0
 10
177.8318512964648
 20
-125.0627560798451
 30
0.0
 10
177.8272299076939
 20
-125.6215208019282
 30
0.0
 10
177.824301852213
 20
-125.9781438573943
 30
0.0
 10
177.8308282409354
 20
-126.1122346906943
 30
0.0
 10
177.7996074083986
 20
-126.3582266350771
 30
0.0
 10
177.7895885197653
 20
-126.4370371906133
 30
0.0
 10
177.7940687974291
 20
-126.3828152461821
 30
0.0
 10
177.7259474102778
 20
-126.7910496905244
 30
0.0
 10
177.6905285222925
 20
-127.003069134916
 30
0.0
 10
177.6413865791018
 20
-127.2130424681968
 30
0.0
 10
177.6154221353197
 20
-127.4264377459213
 30
0.0
 10
177.6098835243499
 20
-127.4718755236879
 30
0.0
 10
177.5841307472292
 20
-127.5764388569948
 30
0.0
 10
177.5325546374339
 20
-127.7855655236093
 30
0.0
 10
177.5276863042247
 20
-127.8053563569376
 30
0.0
 10
177.516644360062
 20
-127.8485363569269
 30
0.0
 10
177.4865171386084
 20
-127.8960908013594
 30
0.0
 10
177.4760749166525
 20
-127.9125302457996
 30
0.0
 10
177.453708806112
 20
-127.9471377457907
 30
0.0
 10
177.4128218627107
 20
-127.9789583013385
 30
0.0
 10
177.3556365863919
 20
-128.0234788568831
 30
0.0
 10
177.2972518656591
 20
-128.0351910791024
 30
0.0
 10
177.2562943667041
 20
-128.0434108013228
 30
0.0
 10
177.2147018677655
 20
-128.0517716346539
 30
0.0
 10
177.1793535353337
 20
-128.0530416346536
 30
0.0
 10
177.155011869288
 20
-128.0526183013202
 30
0.0
  0
HATCH
  5
37A
330
1F
100
AcDbEntity
  8
Photoreceptor
 62
     7
420
 16777215
100
AcDbHatch
 10
0.0
 20
0.0
 30
0.0
210
0.0
220
0.0
230
1.0
  2
SOLID
 70
     1
 71
     0
 91
        1
 92
        1
 93
        2
 72
     4
 94
        3
 73
     0
 74
     0
 95
       83
 96
       79
 40
0.0
 40
0.0
 40
0.0
 40
0.0
 40
0.3527777776895833
 40
0.3527777776895833
 40
0.3527777776895833
 40
0.7055555553791667
 40
0.7055555553791667
 40
0.7055555553791667
 40
1.05833333306875
 40
1.05833333306875
 40
1.05833333306875
 40
1.411111110758333
 40
1.411111110758333
 40
1.411111110758333
 40
1.763888888447917
 40
1.763888888447917
 40
1.763888888447917
 40
2.1166666661375
 40
2.1166666661375
 40
2.1166666661375
 40
2.469444443827083
 40
2.469444443827083
 40
2.469444443827083
 40
2.822222221516667
 40
2.822222221516667
 40
2.822222221516667
 40
3.17499999920625
 40
3.17499999920625
 40
3.17499999920625
 40
3.527777776895833
 40
3.527777776895833
 40
3.527777776895833
 40
3.880555554585417
 40
3.880555554585417
 40
3.880555554585417
 40
4.233333332275
 40
4.233333332275
 40
4.233333332275
 40
4.586111109964584
 40
4.586111109964584
 40
4.586111109964584
 40
4.938888887654167
 40
4.938888887654167
 40
4.938888887654167
 40
5.29166666534375
 40
5.29166666534375
 40
5.29166666534375
 40
5.644444443033334
 40
5.644444443033334
 40
5.644444443033334
 40
5.997222220722917
 40
5.997222220722917
 40
5.997222220722917
 40
6.349999998412501
 40
6.349999998412501
 40
6.349999998412501
 40
6.702777776102083
 40
6.702777776102083
 40
6.702777776102083
 40
7.055555553791667
 40
7.055555553791667
 40
7.055555553791667
 40
7.40833333148125
 40
7.40833333148125
 40
7.40833333148125
 40
7.761111109170834
 40
7.761111109170834
 40
7.761111109170834
 40
8.113888886860417
 40
8.113888886860417
 40
8.113888886860417
 40
8.46666666455
 40
8.46666666455
 40
8.46666666455
 40
8.819444442239584
 40
8.819444442239584
 40
8.819444442239584
 40
9.172222219929168
 40
9.172222219929168
 40
9.172222219929168
 40
9.172222219929168
 10
177.04448659433
 20
-127.8960908013594
 10
177.04448659433
 20
-127.8960908013594
 10
177.04448659433
 20
-127.8960908013594
 10
177.04448659433
 20
-127.8960908013594
 10
177.04448659433
 20
-127.8960908013594
 10
177.04448659433
 20
-127.8960908013594
 10
177.04448659433
 20
-127.8960908013594
 10
177.04448659433
 20
-127.8960908013594
 10
177.04448659433
 20
-127.8960908013594
 10
177.04448659433
 20
-127.8960908013594
 10
177.0210666224116
 20
-127.8758060791419
 10
176.9895943735082
 20
-127.8427860791501
 10
176.9708265962092
 20
-127.7947730236067
 10
176.9233074307548
 20
-127.6732058014147
 10
176.9920990956665
 20
-127.5447241347802
 10
177.0260715947998
 20
-127.4724752459095
 10
177.1081629815943
 20
-127.2979913570643
 10
177.1110557592986
 20
-127.0960966348926
 10
177.1642193690534
 20
-126.9107471904943
 10
177.2206285342806
 20
-126.7140383016546
 10
177.2264140896886
 20
-126.5780071905776
 10
177.2747138445704
 20
-125.7504610796737
 10
177.3408199201032
 20
-124.6179738577341
 10
177.353872697548
 20
-124.4638805244395
 10
177.3207468650598
 20
-124.1665594134026
 10
177.2880090881172
 20
-123.8726249690319
 10
177.2378793671739
 20
-123.5680013579972
 10
177.2378793671739
 20
-123.5680013579972
 10
177.1940996460686
 20
-123.3021127469521
 10
177.1769944001503
 20
-123.2553344136308
 10
177.1273540922158
 20
-122.9510283025957
 10
177.0660060382254
 20
-122.5748260804676
 10
177.0826924266886
 20
-122.5882669137975
 10
177.04448659433
 20
-122.4169227471733
 10
176.9613721520059
 20
-122.0442835806003
 10
176.8732835431422
 20
-121.9394733028482
 10
176.9247890973837
 20
-121.8920246917496
 10
177.0082210396996
 20
-121.8151544139905
 10
177.3669960305465
 20
-121.9725285806182
 10
177.5325546374339
 20
-122.260359969435
 10
177.5813790806327
 20
-122.3452735805249
 10
177.6026163023131
 20
-122.456257469386
 10
177.643044634615
 20
-122.6747680248868
 10
177.6898935223087
 20
-122.9277802470461
 10
177.700194633157
 20
-123.0828613581183
 10
177.7351549100429
 20
-123.4022310802608
 10
177.7750893534685
 20
-123.7671444135024
 10
177.7776293534037
 20
-123.7106294135171
 10
177.7996074083986
 20
-123.9363366356826
 10
177.8109668525532
 20
-124.0530002467647
 10
177.8404237962461
 20
-124.3775205244609
 10
177.8456449072241
 20
-124.8019474687995
 10
177.8499135182266
 20
-125.1489396909348
 10
177.8318512964648
 20
-125.0627560798451
 10
177.8272299076939
 20
-125.6215208019282
 10
177.824301852213
 20
-125.9781438573943
 10
177.8308282409354
 20
-126.1122346906943
 10
177.7996074083986
 20
-126.3582266350771
 10
177.7895885197653
 20
-126.4370371906133
 10
177.7940687974291
 20
-126.3828152461821
 10
177.7259474102778
 20
-126.7910496905244
 10
177.6905285222925
 20
-127.003069134916
 10
177.6413865791018
 20
-127.2130424681968
 10
177.6154221353197
 20
-127.4264377459213
 10
177.6098835243499
 20
-127.4718755236879
 10
177.5841307472292
 20
-127.5764388569948
 10
177.5325546374339
 20
-127.7855655236093
 10
177.5276863042247
 20
-127.8053563569376
 10
177.516644360062
 20
-127.8485363569269
 10
177.4865171386084
 20
-127.8960908013594
 10
177.4760749166525
 20
-127.9125302457996
 10
177.453708806112
 20
-127.9471377457907
 10
177.4128218627107
 20
-127.9789583013385
 10
177.3556365863919
 20
-128.0234788568831
 10
177.2972518656591
 20
-128.0351910791024
 10
177.2562943667041
 20
-128.0434108013228
 10
177.2147018677655
 20
-128.0517716346539
 10
177.1793535353337
 20
-128.0530416346536
 10
177.155011869288
 20
-128.0526183013202
 97
        0
 72
     1
 10
177.155011869288
 20
-128.0526183013202
 11
177.04448659433
 21
-127.8960908013594
 97
        0
 75
     2
 76
     1
 98
        0
  0
SPLINE
  5
37B
330
1F
100
AcDbEntity
  8
Photoreceptor
370
     0
100
AcDbSpline
210
0.0
220
0.0
230
1.0
 70
     8
 71
     3
 72
    74
 73
    70
 74
     0
 42
0.0000000001
 43
0.0000000001
 12
1.0
 22
0.0
 32
0.0
 13
1.0
 23
0.0
 33
0.0
 40
0.0
 40
0.0
 40
0.0
 40
0.0
 40
1.0
 40
1.0
 40
1.0
 40
2.0
 40
2.0
 40
2.0
 40
3.0
 40
3.0
 40
3.0
 40
4.0
 40
4.0
 40
4.0
 40
5.0
 40
5.0
 40
5.0
 40
6.0
 40
6.0
 40
6.0
 40
7.0
 40
7.0
 40
7.0
 40
8.0
 40
8.0
 40
8.0
 40
9.0
 40
9.0
 40
9.0
 40
10.0
 40
10.0
 40
10.0
 40
11.0
 40
11.0
 40
11.0
 40
12.0
 40
12.0
 40
12.0
 40
13.0
 40
13.0
 40
13.0
 40
14.0
 40
14.0
 40
14.0
 40
15.0
 40
15.0
 40
15.0
 40
16.0
 40
16.0
 40
16.0
 40
17.0
 40
17.0
 40
17.0
 40
18.0
 40
18.0
 40
18.0
 40
19.0
 40
19.0
 40
19.0
 40
20.0
 40
20.0
 40
20.0
 40
21.0
 40
21.0
 40
21.0
 40
22.0
 40
22.0
 40
22.0
 40
23.0
 40
23.0
 40
23.0
 40
23.0
 10
177.9653424041703
 20
-127.4080227459259
 30
0.0
 10
177.9913774035061
 20
-127.3815291348214
 30
0.0
 10
178.0240799026718
 20
-127.3430763570531
 30
0.0
 10
178.0535015685878
 20
-127.2914296903995
 30
0.0
 10
178.0571749554858
 20
-127.2850091348454
 30
0.0
 10
178.0943885119892
 20
-127.2187574681953
 30
0.0
 10
178.1126976781887
 20
-127.140969968215
 30
0.0
 10
178.1446946218169
 20
-127.0049741349155
 30
0.0
 10
178.1071943449958
 20
-126.8834421905011
 30
0.0
 10
178.0942826786585
 20
-126.8278796905152
 30
0.0
 10
178.0467282354273
 20
-126.623339135011
 30
0.0
 10
178.1334410109929
 20
-126.4576394128303
 30
0.0
 10
178.1863576763095
 20
-126.2845666350954
 30
0.0
 10
178.3795387824922
 20
-125.6527063574755
 30
0.0
 10
178.325916561638
 20
-124.2560944133803
 30
0.0
 10
178.2416026749001
 20
-123.6324538579808
 30
0.0
 10
178.192848787255
 20
-123.271562191404
 30
0.0
 10
178.1684718434325
 20
-123.0911163581163
 30
0.0
 10
178.1219051779538
 20
-122.9510283025957
 30
0.0
 10
178.0676832348927
 20
-122.7877980248587
 30
0.0
 10
178.0079226808618
 20
-122.6703935804435
 30
0.0
 10
178.0482451798331
 20
-122.6379380248959
 30
0.0
 10
178.1095226782697
 20
-122.5885138582421
 30
0.0
 10
178.3419679501174
 20
-122.7840233026372
 30
0.0
 10
178.3981654486836
 20
-122.8312955248476
 30
0.0
 10
178.4982837794627
 20
-122.9155388581602
 30
0.0
 10
178.5594201667919
 20
-122.9681380248132
 30
0.0
 10
178.6007657212926
 20
-123.0615183025682
 30
0.0
 10
178.6362551648317
 20
-123.1416694136591
 30
0.0
 10
178.6161821097882
 20
-123.1593083025433
 30
0.0
 10
178.6560107198832
 20
-123.3377785802765
 30
0.0
 10
178.6864201635518
 20
-123.4740213580205
 30
0.0
 10
178.7042001630982
 20
-123.4910252469049
 30
0.0
 10
178.729670718004
 20
-123.6048313579874
 30
0.0
 10
178.7590571061435
 20
-123.7360646912883
 30
0.0
 10
178.7629729393766
 20
-123.8369591357076
 30
0.0
 10
178.7665007170644
 20
-123.9271291356852
 30
0.0
 10
178.8038951605548
 20
-124.8831569132236
 30
0.0
 10
178.8057296049525
 20
-124.8854499687784
 30
0.0
 10
178.8033659939017
 20
-124.9953402465287
 30
0.0
 10
178.7916184942013
 20
-125.5356546908381
 30
0.0
 10
178.743817106532
 20
-125.6187691352618
 30
0.0
 10
178.7849157165946
 20
-125.7504610796737
 30
0.0
 10
178.7943701607978
 20
-125.7806941352216
 30
0.0
 10
178.8242504378133
 20
-125.8639144129784
 30
0.0
 10
178.7849157165946
 20
-125.9254035796299
 30
0.0
 10
178.752283772983
 20
-125.9765210796169
 30
0.0
 10
178.6957027331038
 20
-125.9753921907286
 30
0.0
 10
178.6560107198832
 20
-126.0451363573774
 30
0.0
 10
178.6507543311284
 20
-126.0543791351529
 30
0.0
 10
178.6503662755828
 20
-126.0568485795966
 30
0.0
 10
178.6283882205879
 20
-126.1361177462437
 30
0.0
 10
178.5901823882293
 20
-126.2739127462095
 30
0.0
 10
178.5833032217381
 20
-126.2957144128705
 30
0.0
 10
178.5731432219974
 20
-126.3213966350863
 30
0.0
 10
178.554199055814
 20
-126.3691627461858
 30
0.0
 10
178.5350785007462
 20
-126.402182746177
 30
0.0
 10
178.5178629456299
 20
-126.4318866350588
 30
0.0
 10
178.4571146138464
 20
-126.5368027461436
 30
0.0
 10
178.4303035034193
 20
-126.5404716350319
 30
0.0
 10
178.3889579489185
 20
-126.625279412788
 30
0.0
 10
178.3731887826542
 20
-126.6576291350025
 30
0.0
 10
178.3537507275945
 20
-126.6974577461036
 30
0.0
 10
178.3429249554142
 20
-126.754184412756
 30
0.0
 10
178.3300440615326
 20
-126.8216002460725
 30
0.0
 10
178.342073783448
 20
-126.8456596905108
 30
0.0
 10
178.3245054505628
 20
-126.8831246905015
 30
0.0
 10
178.3108529509111
 20
-126.9121935793829
 30
0.0
 10
178.279138229498
 20
-126.9497644127068
 30
0.0
 10
178.1955651760746
 20
-126.9751996904786
 30
0.0
  0
HATCH
  5
37C
330
1F
100
AcDbEntity
  8
Photoreceptor
 62
     7
420
 16777215
100
AcDbHatch
 10
0.0
 20
0.0
 30
0.0
210
0.0
220
0.0
230
1.0
  2
SOLID
 70
     1
 71
     0
 91
        1
 92
        1
 93
        2
 72
     4
 94
        3
 73
     0
 74
     0
 95
       74
 96
       70
 40
0.0
 40
0.0
 40
0.0
 40
0.0
 40
0.3527777776895833
 40
0.3527777776895833
 40
0.3527777776895833
 40
0.7055555553791667
 40
0.7055555553791667
 40
0.7055555553791667
 40
1.05833333306875
 40
1.05833333306875
 40
1.05833333306875
 40
1.411111110758333
 40
1.411111110758333
 40
1.411111110758333
 40
1.763888888447917
 40
1.763888888447917
 40
1.763888888447917
 40
2.1166666661375
 40
2.1166666661375
 40
2.1166666661375
 40
2.469444443827083
 40
2.469444443827083
 40
2.469444443827083
 40
2.822222221516667
 40
2.822222221516667
 40
2.822222221516667
 40
3.17499999920625
 40
3.17499999920625
 40
3.17499999920625
 40
3.527777776895833
 40
3.527777776895833
 40
3.527777776895833
 40
3.880555554585417
 40
3.880555554585417
 40
3.880555554585417
 40
4.233333332275
 40
4.233333332275
 40
4.233333332275
 40
4.586111109964584
 40
4.586111109964584
 40
4.586111109964584
 40
4.938888887654167
 40
4.938888887654167
 40
4.938888887654167
 40
5.29166666534375
 40
5.29166666534375
 40
5.29166666534375
 40
5.644444443033334
 40
5.644444443033334
 40
5.644444443033334
 40
5.997222220722917
 40
5.997222220722917
 40
5.997222220722917
 40
6.349999998412501
 40
6.349999998412501
 40
6.349999998412501
 40
6.702777776102083
 40
6.702777776102083
 40
6.702777776102083
 40
7.055555553791667
 40
7.055555553791667
 40
7.055555553791667
 40
7.40833333148125
 40
7.40833333148125
 40
7.40833333148125
 40
7.761111109170834
 40
7.761111109170834
 40
7.761111109170834
 40
8.113888886860417
 40
8.113888886860417
 40
8.113888886860417
 40
8.113888886860417
 10
177.9653424041703
 20
-127.4080227459259
 10
177.9913774035061
 20
-127.3815291348214
 10
178.0240799026718
 20
-127.3430763570531
 10
178.0535015685878
 20
-127.2914296903995
 10
178.0571749554858
 20
-127.2850091348454
 10
178.0943885119892
 20
-127.2187574681953
 10
178.1126976781887
 20
-127.140969968215
 10
178.1446946218169
 20
-127.0049741349155
 10
178.1071943449958
 20
-126.8834421905011
 10
178.0942826786585
 20
-126.8278796905152
 10
178.0467282354273
 20
-126.623339135011
 10
178.1334410109929
 20
-126.4576394128303
 10
178.1863576763095
 20
-126.2845666350954
 10
178.3795387824922
 20
-125.6527063574755
 10
178.325916561638
 20
-124.2560944133803
 10
178.2416026749001
 20
-123.6324538579808
 10
178.192848787255
 20
-123.271562191404
 10
178.1684718434325
 20
-123.0911163581163
 10
178.1219051779538
 20
-122.9510283025957
 10
178.0676832348927
 20
-122.7877980248587
 10
178.0079226808618
 20
-122.6703935804435
 10
178.0482451798331
 20
-122.6379380248959
 10
178.1095226782697
 20
-122.5885138582421
 10
178.3419679501174
 20
-122.7840233026372
 10
178.3981654486836
 20
-122.8312955248476
 10
178.4982837794627
 20
-122.9155388581602
 10
178.5594201667919
 20
-122.9681380248132
 10
178.6007657212926
 20
-123.0615183025682
 10
178.6362551648317
 20
-123.1416694136591
 10
178.6161821097882
 20
-123.1593083025433
 10
178.6560107198832
 20
-123.3377785802765
 10
178.6864201635518
 20
-123.4740213580205
 10
178.7042001630982
 20
-123.4910252469049
 10
178.729670718004
 20
-123.6048313579874
 10
178.7590571061435
 20
-123.7360646912883
 10
178.7629729393766
 20
-123.8369591357076
 10
178.7665007170644
 20
-123.9271291356852
 10
178.8038951605548
 20
-124.8831569132236
 10
178.8057296049525
 20
-124.8854499687784
 10
178.8033659939017
 20
-124.9953402465287
 10
178.7916184942013
 20
-125.5356546908381
 10
178.743817106532
 20
-125.6187691352618
 10
178.7849157165946
 20
-125.7504610796737
 10
178.7943701607978
 20
-125.7806941352216
 10
178.8242504378133
 20
-125.8639144129784
 10
178.7849157165946
 20
-125.9254035796299
 10
178.752283772983
 20
-125.9765210796169
 10
178.6957027331038
 20
-125.9753921907286
 10
178.6560107198832
 20
-126.0451363573774
 10
178.6507543311284
 20
-126.0543791351529
 10
178.6503662755828
 20
-126.0568485795966
 10
178.6283882205879
 20
-126.1361177462437
 10
178.5901823882293
 20
-126.2739127462095
 10
178.5833032217381
 20
-126.2957144128705
 10
178.5731432219974
 20
-126.3213966350863
 10
178.554199055814
 20
-126.3691627461858
 10
178.5350785007462
 20
-126.402182746177
 10
178.5178629456299
 20
-126.4318866350588
 10
178.4571146138464
 20
-126.5368027461436
 10
178.4303035034193
 20
-126.5404716350319
 10
178.3889579489185
 20
-126.625279412788
 10
178.3731887826542
 20
-126.6576291350025
 10
178.3537507275945
 20
-126.6974577461036
 10
178.3429249554142
 20
-126.754184412756
 10
178.3300440615326
 20
-126.8216002460725
 10
178.342073783448
 20
-126.8456596905108
 10
178.3245054505628
 20
-126.8831246905015
 10
178.3108529509111
 20
-126.9121935793829
 10
178.279138229498
 20
-126.9497644127068
 10
178.1955651760746
 20
-126.9751996904786
 97
        0
 72
     1
 10
178.1955651760746
 20
-126.9751996904786
 11
177.9653424041703
 21
-127.4080227459259
 97
        0
 75
     2
 76
     1
 98
        0
  0
MTEXT
  5
37D
330
1F
100
AcDbEntity
  8
Photoreceptor
 62
     7
420
 16777215
100
AcDbMText
 10
180.5837367050698
 20
-116.6153794437061
 30
0.0
 40
1.9981333328338
 41
0.0
 46
0.0
 71
     7
 72
     1
  1
\fMyriad Pro|b0|i0|c0|p34;\W1;Photo-gain
 73
     1
 44
1.0
  0
INSERT
  5
37F
330
1F
100
AcDbEntity
  8
Photoreceptor
100
AcDbBlockReference
  2
block 109
 10
0.0
 20
0.0
 30
0.0
  0
MTEXT
  5
38D
330
1F
100
AcDbEntity
  8
Photoreceptor
 62
     7
420
 16777215
100
AcDbMText
 10
193.8381346556374
 20
-127.2682387712202
 30
0.0
 40
2.49766666604225
 41
0.0
 46
0.0
 71
     7
 72
     1
  1
\fMyriad Pro|b0|i0|c0|p34;\W0.8713;+
 73
     1
 44
1.0
  0
INSERT
  5
38F
330
1F
100
AcDbEntity
  8
Photoreceptor
100
AcDbBlockReference
  2
block 111
 10
0.0
 20
0.0
 30
0.0
  0
POLYLINE
  5
3A0
330
1F
100
AcDbEntity
  8
Photoreceptor
 62
    18
420
        0
370
    70
100
AcDb2dPolyline
 66
     1
 10
0.0
 20
0.0
 30
0.0
  0
VERTEX
  5
3A1
330
3A0
100
AcDbEntity
  8
Photoreceptor
 62
    18
420
        0
370
    70
100
AcDbVertex
100
AcDb2dVertex
 10
184.4858443983231
 20
-117.8202988594341
 30
0.0
  0
VERTEX
  5
3A2
330
3A0
100
AcDbEntity
  8
Photoreceptor
 62
    18
420
        0
370
    70
100
AcDbVertex
100
AcDb2dVertex
 10
185.2736983288297
 20
-117.8202988594341
 30
0.0
  0
SEQEND
  5
3A3
330
3A0
100
AcDbEntity
  8
Photoreceptor
 62
    18
420
        0
370
    70
  0
INSERT
  5
3A5
330
1F
100
AcDbEntity
  8
Photoreceptor
100
AcDbBlockReference
  2
block 115
 10
0.0
 20
0.0
 30
0.0
  0
POLYLINE
  5
3B7
330
1F
100
AcDbEntity
  8
Photoreceptor
 62
   250
420
  1645085
370
    35
100
AcDb2dPolyline
 66
     1
 10
0.0
 20
0.0
 30
0.0
  0
VERTEX
  5
3B8
330
3B7
100
AcDbEntity
  8
Photoreceptor
 62
   250
420
  1645085
370
    35
100
AcDbVertex
100
AcDb2dVertex
 10
184.5018911262979
 20
-117.8202988594341
 30
0.0
  0
VERTEX
  5
3B9
330
3B7
100
AcDbEntity
  8
Photoreceptor
 62
   250
420
  1645085
370
    35
100
AcDbVertex
100
AcDb2dVertex
 10
185.2736983288297
 20
-117.8202988594341
 30
0.0
  0
SEQEND
  5
3BA
330
3B7
100
AcDbEntity
  8
Photoreceptor
 62
   250
420
  1645085
370
    35
  0
INSERT
  5
3BC
330
1F
100
AcDbEntity
  8
Photoreceptor
100
AcDbBlockReference
  2
block 119
 10
0.0
 20
0.0
 30
0.0
  0
POLYLINE
  5
3CD
330
1F
100
AcDbEntity
  8
Photoreceptor
 62
    18
420
        0
370
    60
100
AcDb2dPolyline
 66
     1
 10
0.0
 20
0.0
 30
0.0
  0
VERTEX
  5
3CE
330
3CD
100
AcDbEntity
  8
Photoreceptor
 62
    18
420
        0
370
    60
100
AcDbVertex
100
AcDb2dVertex
 10
189.7446273814335
 20
-117.7816344149987
 30
0.0
  0
VERTEX
  5
3CF
330
3CD
100
AcDbEntity
  8
Photoreceptor
 62
    18
420
        0
370
    60
100
AcDbVertex
100
AcDb2dVertex
 10
188.9331679576911
 20
-117.7816344149987
 30
0.0
  0
SEQEND
  5
3D0
330
3CD
100
AcDbEntity
  8
Photoreceptor
 62
    18
420
        0
370
    60
  0
INSERT
  5
3D2
330
1F
100
AcDbEntity
  8
Photoreceptor
100
AcDbBlockReference
  2
block 123
 10
0.0
 20
0.0
 30
0.0
  0
POLYLINE
  5
3E4
330
1F
100
AcDbEntity
  8
Photoreceptor
 62
   250
420
  1645085
370
    35
100
AcDb2dPolyline
 66
     1
 10
0.0
 20
0.0
 30
0.0
  0
VERTEX
  5
3E5
330
3E4
100
AcDbEntity
  8
Photoreceptor
 62
   250
420
  1645085
370
    35
100
AcDbVertex
100
AcDb2dVertex
 10
189.7281221747902
 20
-117.7816344149987
 30
0.0
  0
VERTEX
  5
3E6
330
3E4
100
AcDbEntity
  8
Photoreceptor
 62
   250
420
  1645085
370
    35
100
AcDbVertex
100
AcDb2dVertex
 10
188.9331679576911
 20
-117.7816344149987
 30
0.0
  0
SEQEND
  5
3E7
330
3E4
100
AcDbEntity
  8
Photoreceptor
 62
   250
420
  1645085
370
    35
  0
MTEXT
  5
3E8
330
1F
100
AcDbEntity
  8
Photoreceptor
 62
     7
420
 16777215
100
AcDbMText
 10
163.7632410190352
 20
-131.0934255182388
 30
0.0
 40
1.9981333328338
 41
0.0
 46
0.0
 71
     7
 72
     1
  1
\fMyriad Pro|b0|i0|c0|p34;\W1;Photoreceptor
 73
     1
 44
1.0
  0
INSERT
  5
3EA
330
1F
100
AcDbEntity
  8
Photoreceptor
100
AcDbBlockReference
  2
block 127
 10
0.0
 20
0.0
 30
0.0
  0
MTEXT
  5
3F8
330
1F
100
AcDbEntity
  8
Photoreceptor
 62
     7
420
 16777215
100
AcDbMText
 10
179.1561199197945
 20
-127.276377472869
 30
0.0
 40
2.49766666604225
 41
0.0
 46
0.0
 71
     7
 72
     1
  1
\fMyriad Pro|b0|i0|c0|p34;\W0.8713;-
 73
     1
 44
1.0
  0
INSERT
  5
3FB
330
1F
100
AcDbEntity
  8
Axon 2
100
AcDbBlockReference
  2
block 129
 10
0.0
 20
0.0
 30
0.0
  0
INSERT
  5
40F
330
1F
100
AcDbEntity
  8
Axon 2
100
AcDbBlockReference
  2
block 132
 10
0.0
 20
0.0
 30
0.0
  0
INSERT
  5
423
330
1F
100
AcDbEntity
  8
Axon 2
100
AcDbBlockReference
  2
block 135
 10
0.0
 20
0.0
 30
0.0
  0
POLYLINE
  5
45B
330
1F
100
AcDbEntity
  8
Axon 2
 62
    18
420
        0
370
    60
100
AcDb2dPolyline
 66
     1
 10
0.0
 20
0.0
 30
0.0
  0
VERTEX
  5
45C
330
45B
100
AcDbEntity
  8
Axon 2
 62
    18
420
        0
370
    60
100
AcDbVertex
100
AcDb2dVertex
 10
142.4185371999338
 20
-92.84606636567737
 30
0.0
  0
VERTEX
  5
45D
330
45B
100
AcDbEntity
  8
Axon 2
 62
    18
420
        0
370
    60
100
AcDbVertex
100
AcDb2dVertex
 10
141.6070777761913
 20
-92.84606636567737
 30
0.0
  0
SEQEND
  5
45E
330
45B
100
AcDbEntity
  8
Axon 2
 62
    18
420
        0
370
    60
  0
INSERT
  5
460
330
1F
100
AcDbEntity
  8
Axon 2
100
AcDbBlockReference
  2
block 146
 10
0.0
 20
0.0
 30
0.0
  0
POLYLINE
  5
472
330
1F
100
AcDbEntity
  8
Axon 2
 62
   250
420
  1645085
370
    35
100
AcDb2dPolyline
 66
     1
 10
0.0
 20
0.0
 30
0.0
  0
VERTEX
  5
473
330
472
100
AcDbEntity
  8
Axon 2
 62
   250
420
  1645085
370
    35
100
AcDbVertex
100
AcDb2dVertex
 10
142.402027200355
 20
-92.84606636567737
 30
0.0
  0
VERTEX
  5
474
330
472
100
AcDbEntity
  8
Axon 2
 62
   250
420
  1645085
370
    35
100
AcDbVertex
100
AcDb2dVertex
 10
141.6070777761913
 20
-92.84606636567737
 30
0.0
  0
SEQEND
  5
475
330
472
100
AcDbEntity
  8
Axon 2
 62
   250
420
  1645085
370
    35
  0
MTEXT
  5
476
330
1F
100
AcDbEntity
  8
Axon 2
 62
     7
420
 16777215
100
AcDbMText
 10
132.4490402228951
 20
-89.36693567216234
 30
0.0
 40
1.9981333328338
 41
0.0
 46
0.0
 71
     7
 72
     1
  1
\fMyriad Pro|b0|i0|c0|p34;\W1;Synapse In 2
 73
     1
 44
1.0
  0
MTEXT
  5
477
330
1F
100
AcDbEntity
  8
Axon 2
 62
     7
420
 16777215
100
AcDbMText
 10
137.0702913068092
 20
-92.18915789367901
 30
0.0
 40
1.9981333328338
 41
0.0
 46
0.0
 71
     7
 72
     1
  1
\fMyriad Pro|b0|i0|c0|p34;\W1;Gain
 73
     1
 44
1.0
  0
INSERT
  5
479
330
1F
100
AcDbEntity
  8
Axon 2
100
AcDbBlockReference
  2
block 150
 10
0.0
 20
0.0
 30
0.0
  0
INSERT
  5
49C
330
1F
100
AcDbEntity
  8
Axon 2
100
AcDbBlockReference
  2
block 156
 10
0.0
 20
0.0
 30
0.0
  0
INSERT
  5
4C6
330
1F
100
AcDbEntity
  8
Axon 1
100
AcDbBlockReference
  2
block 162
 10
0.0
 20
0.0
 30
0.0
  0
INSERT
  5
566
330
1F
100
AcDbEntity
  8
Axon 1
100
AcDbBlockReference
  2
block 191
 10
0.0
 20
0.0
 30
0.0
  0
INSERT
  5
585
330
1F
100
AcDbEntity
  8
Axon 1
100
AcDbBlockReference
  2
block 196
 10
0.0
 20
0.0
 30
0.0
  0
INSERT
  5
5D6
330
1F
100
AcDbEntity
  8
Neuron
100
AcDbBlockReference
  2
block 210
 10
0.0
 20
0.0
 30
0.0
  0
INSERT
  5
5E4
330
1F
100
AcDbEntity
  8
Neuron
100
AcDbBlockReference
  2
block 212
 10
0.0
 20
0.0
 30
0.0
  0
SPLINE
  5
602
330
1F
100
AcDbEntity
  8
Neuron
370
     0
100
AcDbSpline
210
0.0
220
0.0
230
1.0
 70
    11
 71
     3
 72
   614
 73
   610
 74
     0
 42
0.0000000001
 43
0.0000000001
 12
1.0
 22
0.0
 32
0.0
 13
1.0
 23
0.0
 33
0.0
 40
0.0
 40
0.0
 40
0.0
 40
0.0
 40
1.0
 40
1.0
 40
1.0
 40
2.0
 40
2.0
 40
2.0
 40
3.0
 40
3.0
 40
3.0
 40
4.0
 40
4.0
 40
4.0
 40
5.0
 40
5.0
 40
5.0
 40
6.0
 40
6.0
 40
6.0
 40
7.0
 40
7.0
 40
7.0
 40
8.0
 40
8.0
 40
8.0
 40
9.0
 40
9.0
 40
9.0
 40
10.0
 40
10.0
 40
10.0
 40
11.0
 40
11.0
 40
11.0
 40
12.0
 40
12.0
 40
12.0
 40
13.0
 40
13.0
 40
13.0
 40
14.0
 40
14.0
 40
14.0
 40
15.0
 40
15.0
 40
15.0
 40
16.0
 40
16.0
 40
16.0
 40
17.0
 40
17.0
 40
17.0
 40
18.0
 40
18.0
 40
18.0
 40
19.0
 40
19.0
 40
19.0
 40
20.0
 40
20.0
 40
20.0
 40
21.0
 40
21.0
 40
21.0
 40
22.0
 40
22.0
 40
22.0
 40
23.0
 40
23.0
 40
23.0
 40
24.0
 40
24.0
 40
24.0
 40
25.0
 40
25.0
 40
25.0
 40
26.0
 40
26.0
 40
26.0
 40
27.0
 40
27.0
 40
27.0
 40
28.0
 40
28.0
 40
28.0
 40
29.0
 40
29.0
 40
29.0
 40
30.0
 40
30.0
 40
30.0
 40
31.0
 40
31.0
 40
31.0
 40
32.0
 40
32.0
 40
32.0
 40
33.0
 40
33.0
 40
33.0
 40
34.0
 40
34.0
 40
34.0
 40
35.0
 40
35.0
 40
35.0
 40
36.0
 40
36.0
 40
36.0
 40
37.0
 40
37.0
 40
37.0
 40
38.0
 40
38.0
 40
38.0
 40
39.0
 40
39.0
 40
39.0
 40
40.0
 40
40.0
 40
40.0
 40
41.0
 40
41.0
 40
41.0
 40
42.0
 40
42.0
 40
42.0
 40
43.0
 40
43.0
 40
43.0
 40
44.0
 40
44.0
 40
44.0
 40
45.0
 40
45.0
 40
45.0
 40
46.0
 40
46.0
 40
46.0
 40
47.0
 40
47.0
 40
47.0
 40
48.0
 40
48.0
 40
48.0
 40
49.0
 40
49.0
 40
49.0
 40
50.0
 40
50.0
 40
50.0
 40
51.0
 40
51.0
 40
51.0
 40
52.0
 40
52.0
 40
52.0
 40
53.0
 40
53.0
 40
53.0
 40
54.0
 40
54.0
 40
54.0
 40
55.0
 40
55.0
 40
55.0
 40
56.0
 40
56.0
 40
56.0
 40
57.0
 40
57.0
 40
57.0
 40
58.0
 40
58.0
 40
58.0
 40
59.0
 40
59.0
 40
59.0
 40
60.0
 40
60.0
 40
60.0
 40
61.0
 40
61.0
 40
61.0
 40
62.0
 40
62.0
 40
62.0
 40
63.0
 40
63.0
 40
63.0
 40
64.0
 40
64.0
 40
64.0
 40
65.0
 40
65.0
 40
65.0
 40
66.0
 40
66.0
 40
66.0
 40
67.0
 40
67.0
 40
67.0
 40
68.0
 40
68.0
 40
68.0
 40
69.0
 40
69.0
 40
69.0
 40
70.0
 40
70.0
 40
70.0
 40
71.0
 40
71.0
 40
71.0
 40
72.0
 40
72.0
 40
72.0
 40
73.0
 40
73.0
 40
73.0
 40
74.0
 40
74.0
 40
74.0
 40
75.0
 40
75.0
 40
75.0
 40
76.0
 40
76.0
 40
76.0
 40
77.0
 40
77.0
 40
77.0
 40
78.0
 40
78.0
 40
78.0
 40
79.0
 40
79.0
 40
79.0
 40
80.0
 40
80.0
 40
80.0
 40
81.0
 40
81.0
 40
81.0
 40
82.0
 40
82.0
 40
82.0
 40
83.0
 40
83.0
 40
83.0
 40
84.0
 40
84.0
 40
84.0
 40
85.0
 40
85.0
 40
85.0
 40
86.0
 40
86.0
 40
86.0
 40
87.0
 40
87.0
 40
87.0
 40
88.0
 40
88.0
 40
88.0
 40
89.0
 40
89.0
 40
89.0
 40
90.0
 40
90.0
 40
90.0
 40
91.0
 40
91.0
 40
91.0
 40
92.0
 40
92.0
 40
92.0
 40
93.0
 40
93.0
 40
93.0
 40
94.0
 40
94.0
 40
94.0
 40
95.0
 40
95.0
 40
95.0
 40
96.0
 40
96.0
 40
96.0
 40
97.0
 40
97.0
 40
97.0
 40
98.0
 40
98.0
 40
98.0
 40
99.0
 40
99.0
 40
99.0
 40
100.0
 40
100.0
 40
100.0
 40
101.0
 40
101.0
 40
101.0
 40
102.0
 40
102.0
 40
102.0
 40
103.0
 40
103.0
 40
103.0
 40
104.0
 40
104.0
 40
104.0
 40
105.0
 40
105.0
 40
105.0
 40
106.0
 40
106.0
 40
106.0
 40
107.0
 40
107.0
 40
107.0
 40
108.0
 40
108.0
 40
108.0
 40
109.0
 40
109.0
 40
109.0
 40
110.0
 40
110.0
 40
110.0
 40
111.0
 40
111.0
 40
111.0
 40
112.0
 40
112.0
 40
112.0
 40
113.0
 40
113.0
 40
113.0
 40
114.0
 40
114.0
 40
114.0
 40
115.0
 40
115.0
 40
115.0
 40
116.0
 40
116.0
 40
116.0
 40
117.0
 40
117.0
 40
117.0
 40
118.0
 40
118.0
 40
118.0
 40
119.0
 40
119.0
 40
119.0
 40
120.0
 40
120.0
 40
120.0
 40
121.0
 40
121.0
 40
121.0
 40
122.0
 40
122.0
 40
122.0
 40
123.0
 40
123.0
 40
123.0
 40
124.0
 40
124.0
 40
124.0
 40
125.0
 40
125.0
 40
125.0
 40
126.0
 40
126.0
 40
126.0
 40
127.0
 40
127.0
 40
127.0
 40
128.0
 40
128.0
 40
128.0
 40
129.0
 40
129.0
 40
129.0
 40
130.0
 40
130.0
 40
130.0
 40
131.0
 40
131.0
 40
131.0
 40
132.0
 40
132.0
 40
132.0
 40
133.0
 40
133.0
 40
133.0
 40
134.0
 40
134.0
 40
134.0
 40
135.0
 40
135.0
 40
135.0
 40
136.0
 40
136.0
 40
136.0
 40
137.0
 40
137.0
 40
137.0
 40
138.0
 40
138.0
 40
138.0
 40
139.0
 40
139.0
 40
139.0
 40
140.0
 40
140.0
 40
140.0
 40
141.0
 40
141.0
 40
141.0
 40
142.0
 40
142.0
 40
142.0
 40
143.0
 40
143.0
 40
143.0
 40
144.0
 40
144.0
 40
144.0
 40
145.0
 40
145.0
 40
145.0
 40
146.0
 40
146.0
 40
146.0
 40
147.0
 40
147.0
 40
147.0
 40
148.0
 40
148.0
 40
148.0
 40
149.0
 40
149.0
 40
149.0
 40
150.0
 40
150.0
 40
150.0
 40
151.0
 40
151.0
 40
151.0
 40
152.0
 40
152.0
 40
152.0
 40
153.0
 40
153.0
 40
153.0
 40
154.0
 40
154.0
 40
154.0
 40
155.0
 40
155.0
 40
155.0
 40
156.0
 40
156.0
 40
156.0
 40
157.0
 40
157.0
 40
157.0
 40
158.0
 40
158.0
 40
158.0
 40
159.0
 40
159.0
 40
159.0
 40
160.0
 40
160.0
 40
160.0
 40
161.0
 40
161.0
 40
161.0
 40
162.0
 40
162.0
 40
162.0
 40
163.0
 40
163.0
 40
163.0
 40
164.0
 40
164.0
 40
164.0
 40
165.0
 40
165.0
 40
165.0
 40
166.0
 40
166.0
 40
166.0
 40
167.0
 40
167.0
 40
167.0
 40
168.0
 40
168.0
 40
168.0
 40
169.0
 40
169.0
 40
169.0
 40
170.0
 40
170.0
 40
170.0
 40
171.0
 40
171.0
 40
171.0
 40
172.0
 40
172.0
 40
172.0
 40
173.0
 40
173.0
 40
173.0
 40
174.0
 40
174.0
 40
174.0
 40
175.0
 40
175.0
 40
175.0
 40
176.0
 40
176.0
 40
176.0
 40
177.0
 40
177.0
 40
177.0
 40
178.0
 40
178.0
 40
178.0
 40
179.0
 40
179.0
 40
179.0
 40
180.0
 40
180.0
 40
180.0
 40
181.0
 40
181.0
 40
181.0
 40
182.0
 40
182.0
 40
182.0
 40
183.0
 40
183.0
 40
183.0
 40
184.0
 40
184.0
 40
184.0
 40
185.0
 40
185.0
 40
185.0
 40
186.0
 40
186.0
 40
186.0
 40
187.0
 40
187.0
 40
187.0
 40
188.0
 40
188.0
 40
188.0
 40
189.0
 40
189.0
 40
189.0
 40
190.0
 40
190.0
 40
190.0
 40
191.0
 40
191.0
 40
191.0
 40
192.0
 40
192.0
 40
192.0
 40
193.0
 40
193.0
 40
193.0
 40
194.0
 40
194.0
 40
194.0
 40
195.0
 40
195.0
 40
195.0
 40
196.0
 40
196.0
 40
196.0
 40
197.0
 40
197.0
 40
197.0
 40
198.0
 40
198.0
 40
198.0
 40
199.0
 40
199.0
 40
199.0
 40
200.0
 40
200.0
 40
200.0
 40
201.0
 40
201.0
 40
201.0
 40
202.0
 40
202.0
 40
202.0
 40
203.0
 40
203.0
 40
203.0
 40
203.0
 10
208.0493136754034
 20
-84.67314835780726
 30
0.0
 10
210.4425885133321
 20
-85.88256465380125
 30
0.0
 10
211.9151701559187
 20
-87.89836039403797
 30
0.0
 10
211.955033567003
 20
-92.04924955966699
 30
0.0
 10
211.9757596250239
 20
-94.20740831588915
 30
0.0
 10
211.0616944231273
 20
-94.33196872576292
 30
0.0
 10
210.5748258244373
 20
-96.39310816969207
 30
0.0
 10
210.2885466650742
 20
-97.60497039161129
 30
0.0
 10
210.0885216701773
 20
-98.48409261361316
 30
0.0
 10
210.177774445678
 20
-99.68904039108979
 30
0.0
 10
210.2172203178166
 20
-100.2215231687354
 30
0.0
 10
210.3183269300018
 20
-102.7846301125421
 30
0.0
 10
210.9504640939238
 20
-104.0086631677909
 30
0.0
 10
211.6897099083974
 20
-105.4401295563223
 30
0.0
 10
212.8075568243232
 20
-106.3299762227658
 30
0.0
 10
212.8853090445618
 20
-106.266088167227
 30
0.0
 10
212.9483857096193
 20
-106.2142651116844
 30
0.0
 10
212.2579643383445
 20
-105.5926706673958
 30
0.0
 10
211.8275401826589
 20
-104.398553167694
 30
0.0
 10
211.5491685963606
 20
-103.6263578901089
 30
0.0
 10
211.0311791461281
 20
-99.67302427998301
 30
0.0
 10
211.5307124667172
 20
-97.80044455822951
 30
0.0
 10
211.7718360716768
 20
-96.94298289177732
 30
0.0
 10
212.3276021686091
 20
-95.33036511440194
 30
0.0
 10
213.3167557544848
 20
-94.44108289240259
 30
0.0
 10
213.708056855613
 20
-94.37006872575347
 30
0.0
 10
214.1582012885733
 20
-96.19752816974065
 30
0.0
 10
215.0565145989888
 20
-98.03955733594668
 30
0.0
 10
216.2016665142179
 20
-100.3877520575827
 30
0.0
 10
216.9011189963734
 20
-100.3523684464798
 30
0.0
 10
217.4435203160095
 20
-102.1858956682439
 30
0.0
 10
217.8274428616298
 20
-103.4838003901421
 30
0.0
 10
217.807475639917
 20
-104.6188981676361
 30
0.0
 10
217.7933998069428
 20
-105.4197390007685
 30
0.0
 10
217.7562875856674
 20
-107.5288562224642
 30
0.0
 10
217.2368223211423
 20
-107.9562112223574
 30
0.0
 10
217.48711814809
 20
-109.6685239997061
 30
0.0
 10
217.6716209211607
 20
-110.9306570549467
 30
0.0
 10
218.1106528544045
 20
-111.771079554737
 30
0.0
 10
218.4131245133545
 20
-112.2470120546178
 30
0.0
 10
218.9579192216779
 20
-113.1041914988473
 30
0.0
 10
219.702774202675
 20
-113.7906617764543
 30
0.0
 10
219.81333475541
 20
-113.7099814986955
 30
0.0
 10
219.8966255866183
 20
-113.6491978876002
 30
0.0
 10
219.5719289282354
 20
-113.1873412210491
 30
0.0
 10
219.107391162309
 20
-112.1082998324295
 30
0.0
 10
218.6628911736491
 20
-111.0757898326885
 30
0.0
 10
218.5092688570056
 20
-110.6022209439175
 30
0.0
 10
218.4709571913163
 20
-109.9029095552036
 30
0.0
 10
218.432680803404
 20
-109.2047623331561
 30
0.0
 10
218.6888301790817
 20
-107.9831036210255
 30
0.0
 10
218.8397837863416
 20
-107.2402241767663
 30
0.0
 10
218.9907373936016
 20
-106.4973094547303
 30
0.0
 10
218.9084597784952
 20
-105.81075788956
 30
0.0
 10
218.8831656124739
 20
-105.1671501119426
 30
0.0
 10
218.8376572803016
 20
-104.0083456677887
 30
0.0
 10
218.6719928400836
 20
-103.086854834685
 30
0.0
 10
218.5547295097419
 20
-102.5389909459331
 30
0.0
 10
218.3886417362014
 20
-101.7629503905721
 30
0.0
 10
218.274165350233
 20
-101.2281392795948
 30
0.0
 10
217.9771970244759
 20
-100.5332023353241
 30
0.0
 10
217.5348489802056
 20
-99.49815233558246
 30
0.0
 10
217.3136980938196
 20
-98.98066261348981
 30
0.0
 10
216.8581506641363
 20
-98.34679150253714
 30
0.0
 10
216.6700848356009
 20
-98.08506566926893
 30
0.0
 10
216.5359587279117
 20
-97.93291261375134
 30
0.0
 10
216.5906040042953
 20
-97.8425662248855
 30
0.0
 10
216.7342903895185
 20
-97.60521733605584
 30
0.0
 10
218.0299020231313
 20
-98.04622483594599
 30
0.0
 10
219.0232183866786
 20
-98.6411845580194
 30
0.0
 10
220.005245861625
 20
-99.22940622453847
 30
0.0
 10
220.6200669570507
 20
-99.92511927991976
 30
0.0
 10
220.9002783387908
 20
-100.2728170576106
 30
0.0
 10
221.6977324851127
 20
-101.2622881684749
 30
0.0
 10
221.9305008704437
 20
-102.0953728904886
 30
0.0
 10
221.9982991441113
 20
-102.0675387238287
 30
0.0
 10
222.0828599752873
 20
-102.0328253905044
 30
0.0
 10
221.8387024815163
 20
-100.6886715019516
 30
0.0
 10
220.963143337187
 20
-99.42869039115574
 30
0.0
 10
220.1901719680183
 20
-98.31634678032287
 30
0.0
 10
219.2229314266757
 20
-97.69828011381058
 30
0.0
 10
218.9482531108133
 20
-97.53085178051862
 30
0.0
 10
218.5678230935062
 20
-97.29897094724363
 30
0.0
 10
218.601437286328
 20
-97.37425372500279
 30
0.0
 10
217.3353531519619
 20
-96.71036122516864
 30
0.0
 10
216.0883895726634
 20
-96.05652289199878
 30
0.0
 10
215.8827554112429
 20
-95.89276344759452
 30
0.0
 10
215.7018862491906
 20
-95.71224705875107
 30
0.0
 10
215.3080451481272
 20
-95.3192173366275
 30
0.0
 10
215.1259765416611
 20
-94.92858650339194
 30
0.0
 10
214.7618040509519
 20
-94.1473601146977
 30
0.0
 10
214.367539616566
 20
-93.30146955935403
 30
0.0
 10
214.1717832326713
 20
-92.63076844841052
 30
0.0
 10
214.0023440703273
 20
-92.04095928189088
 30
0.0
 10
214.0023440703273
 20
-92.04095928189088
 30
0.0
 10
213.7253076885062
 20
-91.07653539324374
 30
0.0
 10
213.6092790803553
 20
-89.40084094921791
 30
0.0
 10
213.5927690807765
 20
-89.16257483816634
 30
0.0
 10
213.5805629699768
 20
-88.9101976160072
 30
0.0
 10
213.6970203169465
 20
-88.85551706046539
 30
0.0
 10
213.9145729614555
 20
-88.75335261604647
 30
0.0
 10
214.3424923949828
 20
-89.45396928253794
 30
0.0
 10
215.0201432110278
 20
-90.15712594902878
 30
0.0
 10
215.8294859681575
 20
-90.99694872659643
 30
0.0
 10
216.6160040036473
 20
-91.44709317092891
 30
0.0
 10
217.6407230937384
 20
-92.03355094855982
 30
0.0
 10
218.6716047845379
 20
-92.62353650396832
 30
0.0
 10
218.978944776697
 20
-92.6121770595262
 30
0.0
 10
220.3286019644866
 20
-93.55434067040134
 30
0.0
 10
221.6782647593956
 20
-94.49650428127775
 30
0.0
 10
221.6615821975397
 20
-94.53731213393004
 30
0.0
 10
222.9688738568585
 20
-95.550463169902
 30
0.0
 10
224.1447997824907
 20
-96.46180576226762
 30
0.0
 10
224.9081091197889
 20
-96.97150200359238
 30
0.0
 10
225.7763019053153
 20
-98.12280113222488
 30
0.0
 10
226.4524593125534
 20
-99.01944465051966
 30
0.0
 10
226.7267450812887
 20
-99.96715863176132
 30
0.0
 10
226.768513969112
 20
-100.3007452983456
 30
0.0
 10
226.8298973008793
 20
-100.7908594648893
 30
0.0
 10
226.8703256331812
 20
-101.1137216870306
 30
0.0
 10
226.7831189687394
 20
-101.5202275202629
 30
0.0
 10
226.5331759195604
 20
-102.6855583533047
 30
0.0
 10
225.5089265974235
 20
-103.2586458531608
 30
0.0
 10
225.5551701111781
 20
-103.3116683531479
 30
0.0
 10
225.6029714988475
 20
-103.3664547420226
 30
0.0
 10
226.7439253586282
 20
-102.8084308532733
 30
0.0
 10
227.292071455755
 20
-101.5878550202458
 30
0.0
 10
227.3667897871821
 20
-101.4214497425089
 30
0.0
 10
227.5246988191418
 20
-100.9707055759554
 30
0.0
 10
227.5843831149641
 20
-100.3717594649934
 30
0.0
 10
227.8019411649693
 20
-98.18824140998487
 30
0.0
 10
225.9233877450088
 20
-96.30011594749237
 30
0.0
 10
223.9243136714347
 20
-94.55092613311528
 30
0.0
 10
222.0288911339707
 20
-92.892431412835
 30
0.0
 10
220.2196641894881
 20
-92.13758511520011
 30
0.0
 10
219.4604158755248
 20
-91.09689067101623
 30
0.0
 10
218.955273388412
 20
-90.40445844896702
 30
0.0
 10
219.8353480881817
 20
-90.80958844886575
 30
0.0
 10
220.7797694529764
 20
-90.98181455993341
 30
0.0
 10
221.7241908177711
 20
-91.15404067100138
 30
0.0
 10
223.9684108936459
 20
-90.6997687266712
 30
0.0
 10
224.7474618193773
 20
-90.35577609049004
 30
0.0
 10
225.3885725589814
 20
-90.07269142154703
 30
0.0
 10
227.4913313017637
 20
-89.19290401929824
 30
0.0
 10
229.0248923738635
 20
-86.91657101928351
 30
0.0
 10
227.3932951520491
 20
-88.23512050171531
 30
0.0
 10
224.9238507082221
 20
-89.30844982365817
 30
0.0
 10
223.6918088231285
 20
-89.54290456029402
 30
0.0
 10
222.942746152879
 20
-89.68544946335481
 30
0.0
 10
221.8988863688698
 20
-89.91942428242169
 30
0.0
 10
220.329342797801
 20
-89.68390983803587
 30
0.0
 10
219.1051036489278
 20
-89.50018317141539
 30
0.0
 10
218.247883406459
 20
-89.17495733816325
 30
0.0
 10
218.0324420230665
 20
-89.0909609492952
 30
0.0
 10
217.6248480937423
 20
-88.93199928266854
 30
0.0
 10
216.8932873299066
 20
-88.64159261607423
 30
0.0
 10
216.0880015171178
 20
-88.07531372732691
 30
0.0
 10
215.9091784661244
 20
-87.94954844958063
 30
0.0
 10
215.8906929110404
 20
-87.92552428292015
 30
0.0
 10
214.5005368353952
 20
-86.86507428318515
 30
0.0
 10
213.9925721261322
 20
-86.47758317217095
 30
0.0
 10
214.0110576812162
 20
-86.49303483883358
 30
0.0
 10
213.9909493483958
 20
-86.47645428328231
 30
0.0
 10
213.0007374292138
 20
-85.66019706126418
 30
0.0
 10
215.6345299993003
 20
-84.9194294829504
 30
0.0
 10
217.4383472378712
 20
-83.97494233946351
 30
0.0
 10
219.2464438210498
 20
-83.0282145111235
 30
0.0
 10
220.0621319594375
 20
-82.0677374788292
 30
0.0
 10
220.4700312648911
 20
-81.80315414556202
 30
0.0
 10
220.8779305703447
 20
-81.53857081229484
 30
0.0
 10
221.6918058185973
 20
-80.86608817357407
 30
0.0
 10
221.9595641450995
 20
-81.95844928441205
 30
0.0
 10
222.2281976278727
 20
-83.0543807293221
 30
0.0
 10
221.9065416464522
 20
-84.3661039079281
 30
0.0
 10
221.9595641450995
 20
-84.37305363014853
 30
0.0
 10
222.0045785883956
 20
-84.378945019036
 30
0.0
 10
222.6824403587055
 20
-82.8960773397331
 30
0.0
 10
222.8386510671166
 20
-82.40949095096599
 30
0.0
 10
222.9948617755277
 20
-81.9229045621989
 30
0.0
 10
222.9907031952044
 20
-80.65662636807087
 30
0.0
 10
222.3256797298989
 20
-80.0282409515613
 30
0.0
 10
221.6606562645934
 20
-79.39985553505173
 30
0.0
 10
220.1282777927543
 20
-79.9951680349029
 30
0.0
 10
218.882531265288
 20
-81.20784164571084
 30
0.0
 10
217.6367847378216
 20
-82.42051525651878
 30
0.0
 10
213.8575998519792
 20
-83.11606956189996
 30
0.0
 10
212.8412118223538
 20
-82.97277122860265
 30
0.0
 10
211.8248237927285
 20
-82.82947289530469
 30
0.0
 10
209.021693297956
 20
-81.98130104366561
 30
0.0
 10
206.5647071942935
 20
-80.58680576623637
 30
0.0
 10
198.9588838324574
 20
-76.27000521175995
 30
0.0
 10
200.6469471720608
 20
-69.47619664929776
 30
0.0
 10
202.7135495505687
 20
-67.21086942764181
 30
0.0
 10
204.2128550678738
 20
-65.71156387246108
 30
0.0
 10
206.4618133438314
 20
-64.87371665044832
 30
0.0
 10
210.6510493480662
 20
-64.87371665044832
 30
0.0
 10
214.840285352301
 20
-64.87371665044832
 30
0.0
 10
219.3366496820337
 20
-64.87371665044832
 30
0.0
 10
221.3666740746879
 20
-64.87371665044832
 30
0.0
 10
224.4093823303952
 20
-64.87371665044832
 30
0.0
 10
236.9050531227152
 20
-66.34751637230217
 30
0.0
 10
253.5121371434777
 20
-66.3507266500789
 30
0.0
 10
253.578706308446
 20
-66.3507266500789
 30
0.0
 10
253.8218054689107
 20
-66.3507266500789
 30
0.0
 10
253.8869635228039
 20
-66.3507266500789
 30
0.0
 10
253.8869635228039
 20
-66.3507266500789
 30
0.0
 10
255.05553988188
 20
-66.3507266500789
 30
0.0
 10
255.05553988188
 20
-66.3507266500789
 30
0.0
 10
255.05553988188
 20
-66.3507266500789
 30
0.0
 10
255.0541640485817
 20
-64.13115470618942
 30
0.0
 10
255.0541640485817
 20
-64.13115470618942
 30
0.0
 10
235.5669670457415
 20
-63.55341053966711
 30
0.0
 10
225.8948236813874
 20
-61.15339276248956
 30
0.0
 10
222.5599801553552
 20
-60.3664866515749
 30
0.0
 10
218.4719913707596
 20
-59.40185109626073
 30
0.0
 10
210.1953663041361
 20
-57.70058026335263
 30
0.0
 10
205.9326466906649
 20
-55.30461943061837
 30
0.0
 10
202.8316999492921
 20
-53.56168554216525
 30
0.0
 10
202.3920631698816
 20
-52.5264944313129
 30
0.0
 10
203.198618982638
 20
-48.50835554342844
 30
0.0
 10
203.198618982638
 20
-48.50835554342844
 30
0.0
 10
200.4792668297922
 20
-48.50835554342844
 30
0.0
 10
200.4792668297922
 20
-48.50835554342844
 30
0.0
 10
195.2611191851405
 20
-58.60485554090427
 30
0.0
 10
186.7765316238226
 20
-53.78813359766406
 30
0.0
 10
187.7904854868434
 20
-48.50835554342844
 30
0.0
 10
187.7904854868434
 20
-48.50835554342844
 30
0.0
 10
183.79478336656
 20
-48.50835554342844
 30
0.0
 10
183.79478336656
 20
-48.50835554342844
 30
0.0
 10
183.79478336656
 20
-48.50835554342844
 30
0.0
 10
183.79478336656
 20
-48.50835554342844
 30
0.0
 10
183.79478336656
 20
-48.50835554342844
 30
0.0
 10
184.0019697501631
 20
-49.75069776534009
 30
0.0
 10
183.99364419482
 20
-51.43337720936387
 30
0.0
 10
183.0314781082558
 20
-52.48056276465754
 30
0.0
 10
182.1789200744508
 20
-53.40843887553687
 30
0.0
 10
178.7981448829237
 20
-54.34919137530159
 30
0.0
 10
177.1371613141879
 20
-54.06989720870483
 30
0.0
 10
175.332456082452
 20
-53.76643776433622
 30
0.0
 10
169.6874826153561
 20
-50.47008220960474
 30
0.0
 10
168.2524884852992
 20
-49.8512747097594
 30
0.0
 10
167.2440732332482
 20
-49.41637026542377
 30
0.0
 10
163.6411538807219
 20
-48.98739248775311
 30
0.0
 10
162.2095816950221
 20
-48.50842609898412
 30
0.0
 10
162.2095816950221
 20
-48.50842609898412
 30
0.0
 10
162.2095816950221
 20
-48.50842609898412
 30
0.0
 10
162.2095816950221
 20
-48.50842609898412
 30
0.0
 10
162.2095816950221
 20
-48.50842609898412
 30
0.0
 10
158.1771201312321
 20
-48.50835554342844
 30
0.0
 10
158.1771201312321
 20
-48.50835554342844
 30
0.0
 10
156.6496629479786
 20
-50.38361637629299
 30
0.0
 10
157.5655798690561
 20
-50.57298748735671
 30
0.0
 10
156.5129615625773
 20
-51.3135738760604
 30
0.0
 10
155.0424074334275
 20
-52.34816526469075
 30
0.0
 10
151.5717797441929
 20
-50.6303138762314
 30
0.0
 10
151.5717797441929
 20
-50.6303138762314
 30
0.0
 10
151.5717797441929
 20
-50.6303138762314
 30
0.0
 10
153.2254255353382
 20
-52.47135526465983
 30
0.0
 10
154.984269657133
 20
-52.78345776458198
 30
0.0
 10
155.2955254825255
 20
-52.80705859790935
 30
0.0
 10
156.9847312727636
 20
-53.05185109784823
 30
0.0
 10
157.9828806917432
 20
-51.72512443151324
 30
0.0
 10
158.4298148470076
 20
-51.04503943168312
 30
0.0
 10
158.322323460861
 20
-50.85079998728738
 30
0.0
 10
158.7472090055768
 20
-50.13762443191011
 30
0.0
 10
159.1720945502927
 20
-49.42448415431068
 30
0.0
 10
159.7922425900269
 20
-49.14571915438024
 30
0.0
 10
160.1583200806875
 20
-49.3732960987677
 30
0.0
 10
160.524432849125
 20
-49.60087304315547
 30
0.0
 10
160.7383925658886
 20
-49.70074443201926
 30
0.0
 10
160.9644878378982
 20
-50.68541776510631
 30
0.0
 10
161.1905831099078
 20
-51.67012637597152
 30
0.0
 10
160.9909814483334
 20
-52.06615470920573
 30
0.0
 10
160.589661458572
 20
-52.5264944313129
 30
0.0
 10
160.3397889649467
 20
-52.81312637568569
 30
0.0
 10
160.081978971524
 20
-52.97614498675595
 30
0.0
 10
159.751814257725
 20
-52.98951526453048
 30
0.0
 10
159.421649543926
 20
-53.00288554230469
 30
0.0
 10
157.9181106933956
 20
-52.90132082010809
 30
0.0
 10
157.9181106933956
 20
-52.90132082010809
 30
0.0
 10
157.9181106933956
 20
-52.90132082010809
 30
0.0
 10
160.0403864725851
 20
-54.08347915314576
 30
0.0
 10
161.1946047764719
 20
-53.23180304224751
 30
0.0
 10
162.1058650310015
 20
-52.55937332019334
 30
0.0
 10
162.1199408639757
 20
-51.79892554260598
 30
0.0
 10
162.144106141137
 20
-51.35058026494013
 30
0.0
 10
162.189583292786
 20
-50.50564220959591
 30
0.0
 10
163.3050272226305
 20
-50.53333526514441
 30
0.0
 10
164.2166755327058
 20
-50.56416804291459
 30
0.0
 10
164.8844527365567
 20
-50.58674582068652
 30
0.0
 10
165.6548799404586
 20
-50.76179415397627
 30
0.0
 10
166.3994879770176
 20
-51.00514026502658
 30
0.0
 10
166.8279055138486
 20
-51.14515776499148
 30
0.0
 10
166.9440357409028
 20
-51.401274431594
 30
0.0
 10
167.2761054546532
 20
-51.62719332042649
 30
0.0
 10
167.6409482231231
 20
-51.87544304258665
 30
0.0
 10
167.3975315626665
 20
-52.01069804255274
 30
0.0
 10
167.8179368297189
 20
-52.17371665362332
 30
0.0
 10
168.0880277357559
 20
-52.27845637581914
 30
0.0
 10
169.0379481874827
 20
-51.49754748712578
 30
0.0
 10
169.8023117790932
 20
-52.37949193134974
 30
0.0
 10
170.3526803761633
 20
-53.01452720896857
 30
0.0
 10
170.5636414818923
 20
-53.19409109781257
 30
0.0
 10
171.3898117385927
 20
-54.39328859751279
 30
0.0
 10
172.2159819952932
 20
-55.59245081943516
 30
0.0
 10
172.3452397697733
 20
-56.56872804141354
 30
0.0
 10
171.9630756128564
 20
-57.00970026352552
 30
0.0
 10
171.7040661750199
 20
-57.30853831900635
 30
0.0
 10
171.503723680131
 20
-57.39518054120666
 30
0.0
 10
171.663038120511
 20
-57.69789915224222
 30
0.0
 10
171.828420338514
 20
-58.01208304105247
 30
0.0
 10
173.4840769629413
 20
-58.04693748548812
 30
0.0
 10
175.2262699740499
 20
-58.72949192976224
 30
0.0
 10
176.9684629851584
 20
-59.41208165181357
 30
0.0
 10
184.9717558365329
 20
-68.09281387186577
 30
0.0
 10
172.8597308677586
 20
-76.73586942526056
 30
0.0
 10
172.8597308677586
 20
-76.73586942526056
 30
0.0
 10
171.1324250784926
 20
-78.03712553604618
 30
0.0
 10
169.7067795593082
 20
-79.18326525798204
 30
0.0
 10
168.5808187547006
 20
-80.0884577577556
 30
0.0
 10
167.9883637698154
 20
-80.51376664653826
 30
0.0
 10
167.3034810095104
 20
-81.05739720195795
 30
0.0
 10
166.6323918599646
 20
-81.58201303515992
 30
0.0
 10
164.6507332994098
 20
-83.28794053473362
 30
0.0
 10
163.3921280537417
 20
-82.41679109050699
 30
0.0
 10
163.0486636180598
 20
-82.17905414612206
 30
0.0
 10
161.6437614316796
 20
-80.83482970201356
 30
0.0
 10
161.3393142172245
 20
-79.98802192444732
 30
0.0
 10
161.0067194041928
 20
-79.06296803578978
 30
0.0
 10
161.5676360707192
 20
-78.22473275822173
 30
0.0
 10
161.7031339301649
 20
-76.94531359187467
 30
0.0
 10
161.8386005933755
 20
-75.66589442552792
 30
0.0
 10
161.3283075508386
 20
-74.17823053701109
 30
0.0
 10
160.1045920265027
 20
-73.04270942618366
 30
0.0
 10
158.8809117799436
 20
-71.90722359313439
 30
0.0
 10
157.2773251541878
 20
-70.95151331559553
 30
0.0
 10
157.2773251541878
 20
-70.95151331559553
 30
0.0
 10
157.2773251541878
 20
-70.95151331559553
 30
0.0
 10
158.2084115193227
 20
-72.0505219264317
 30
0.0
 10
159.1454951065268
 20
-73.29628609278713
 30
0.0
 10
160.0825434159541
 20
-74.54201498136439
 30
0.0
 10
160.5455642374748
 20
-75.15937609232115
 30
0.0
 10
160.5566061816375
 20
-76.73586942526056
 30
0.0
 10
160.5676128480234
 20
-78.31232748042181
 30
0.0
 10
160.0421150836522
 20
-79.99906386888921
 30
0.0
 10
159.6085159280475
 20
-80.02111247999481
 30
0.0
 10
159.174881494666
 20
-80.0431610911004
 30
0.0
 10
158.3264509607557
 20
-79.1821363690934
 30
0.0
 10
157.453714038577
 20
-78.30107386931353
 30
0.0
 10
156.487349896564
 20
-77.32546692511315
 30
0.0
 10
155.3876004801765
 20
-76.12609303652405
 30
0.0
 10
154.6365366104488
 20
-74.45382053694199
 30
0.0
 10
153.8855080184981
 20
-72.78154803736024
 30
0.0
 10
153.5143505279671
 20
-71.77468498205623
 30
0.0
 10
153.5143505279671
 20
-71.77468498205623
 30
0.0
 10
153.5143505279671
 20
-71.77468498205623
 30
0.0
 10
153.4520146962241
 20
-73.3336452594443
 30
0.0
 10
153.8671282967447
 20
-74.7732960924177
 30
0.0
 10
154.1892143996388
 20
-75.89026109213866
 30
0.0
 10
154.7999785507235
 20
-77.339966091776
 30
0.0
 10
156.2777646241332
 20
-79.00662942469269
 30
0.0
 10
160.7550436765749
 20
-84.05600831231942
 30
0.0
 10
164.6574360770166
 20
-84.21045442339181
 30
0.0
 10
164.6576477436779
 20
-84.21034859005862
 30
0.0
 10
163.5331686056991
 20
-84.71746664548739
 30
0.0
 10
162.2648619713896
 20
-84.53705608997682
 30
0.0
 10
161.9125780914882
 20
-84.8828135898903
 30
0.0
 10
161.6478183760206
 20
-85.14266970093651
 30
0.0
 10
162.4321844671208
 20
-85.79068720077458
 30
0.0
 10
162.2653558602659
 20
-86.29392470064863
 30
0.0
 10
162.1021608644294
 20
-86.78636720052567
 30
0.0
 10
161.7724547617297
 20
-87.36834470038016
 30
0.0
 10
160.3691753530859
 20
-88.26157803349024
 30
0.0
 10
159.0025142768413
 20
-89.13152803327256
 30
0.0
 10
158.5281340111659
 20
-89.24843858879889
 30
0.0
 10
157.8115365294478
 20
-89.2043413665877
 30
0.0
 10
157.5170416272875
 20
-89.18624386659219
 30
0.0
 10
156.9978193279853
 20
-88.53162942231144
 30
0.0
 10
156.6650087809204
 20
-88.77790358891673
 30
0.0
 10
156.3122310121427
 20
-89.03899442218479
 30
0.0
 10
156.7862937778262
 20
-89.1786238665944
 30
0.0
 10
156.7054371132223
 20
-89.77393636644557
 30
0.0
 10
156.633964337268
 20
-90.30017497742497
 30
0.0
 10
156.3526593444447
 20
-90.92046414393673
 30
0.0
 10
155.779395470181
 20
-91.15566108832228
 30
0.0
 10
154.9161129922051
 20
-91.50981469934474
 30
0.0
 10
154.1184119014451
 20
-90.99398303280707
 30
0.0
 10
153.8538285748618
 20
-90.56768636624713
 30
0.0
 10
153.4325060856107
 20
-89.88890664419455
 30
0.0
 10
153.1546583149214
 20
-88.20975497794774
 30
0.0
 10
151.7619975171178
 20
-87.96503303356421
 30
0.0
 10
150.4289208844607
 20
-87.73078858917842
 30
0.0
 10
148.7826481486829
 20
-91.08217747722946
 30
0.0
 10
148.7826481486829
 20
-91.08217747722946
 30
0.0
 10
148.7826481486829
 20
-91.08217747722946
 30
0.0
 10
150.1706522799386
 20
-89.47770886651948
 30
0.0
 10
150.72292587696
 20
-89.21538331102957
 30
0.0
 10
151.3108653064049
 20
-88.93608914443281
 30
0.0
 10
151.8738280698203
 20
-89.02326053329976
 30
0.0
 10
152.1634233402099
 20
-89.47996664429677
 30
0.0
 10
152.5455874971267
 20
-90.08261692192396
 30
0.0
 10
152.6705413828278
 20
-90.67792942177513
 30
0.0
 10
153.03411415133
 20
-91.24759497718806
 30
0.0
 10
153.2778483117785
 20
-91.6295121993147
 30
0.0
 10
153.8368638504298
 20
-92.43836108800176
 30
0.0
 10
155.1606585415218
 20
-92.41218497689687
 30
0.0
 10
156.2140529590919
 20
-92.39133581023526
 30
0.0
 10
156.6907262802643
 20
-91.65544136597504
 30
0.0
 10
156.6907262802643
 20
-91.65544136597504
 30
0.0
 10
156.6907262802643
 20
-91.65544136597504
 30
0.0
 10
156.4322812868578
 20
-92.66763136572169
 30
0.0
 10
154.8533538271396
 20
-93.18413331003738
 30
0.0
 10
154.4504463374186
 20
-93.31593108778186
 30
0.0
 10
153.2259194242145
 20
-93.26276747668463
 30
0.0
 10
152.9277869318205
 20
-93.14003608782619
 30
0.0
 10
152.1781341731679
 20
-92.86074192122943
 30
0.0
 10
151.6195458540857
 20
-92.75787192125497
 30
0.0
 10
151.6195458540857
 20
-92.75787192125497
 30
0.0
 10
151.6195458540857
 20
-92.75787192125497
 30
0.0
 10
152.120384452419
 20
-93.4806077544074
 30
0.0
 10
153.3177827552041
 20
-93.76427636544803
 30
0.0
 10
153.9436105170157
 20
-93.91254886541087
 30
0.0
 10
154.7597305168657
 20
-93.94087692095921
 30
0.0
 10
155.794106303139
 20
-93.68334914324598
 30
0.0
 10
157.191847100813
 20
-93.33536914333305
 30
0.0
 10
157.5579951470273
 20
-91.41026081048088
 30
0.0
 10
158.5414337330488
 20
-90.7952633106346
 30
0.0
 10
158.8294415034789
 20
-90.57505942180069
 30
0.0
 10
159.270413714451
 20
-90.54563775514154
 30
0.0
 10
159.5625489847758
 20
-90.62649442178791
 30
0.0
 10
160.0451489724636
 20
-90.75360025508924
 30
0.0
 10
161.2153833870529
 20
-91.11886636610895
 30
0.0
 10
161.5120342128181
 20
-93.08122803228542
 30
0.0
 10
161.8037108720434
 20
-95.01074608735833
 30
0.0
 10
161.7999714276944
 20
-95.46776969835524
 30
0.0
 10
161.4826478246789
 20
-96.44739830922171
 30
0.0
 10
161.2290711644815
 20
-97.23014164235892
 30
0.0
 10
161.3413603282834
 20
-97.03678414240726
 30
0.0
 10
161.2033536651376
 20
-97.32927219788999
 30
0.0
 10
160.9496711716096
 20
-97.86690553108872
 30
0.0
 10
160.9387703385547
 20
-97.82905247554274
 30
0.0
 10
160.7917678423047
 20
-98.10601830880653
 30
0.0
 10
160.3565106311868
 20
-98.92601497526867
 30
0.0
 10
154.9299066029643
 20
-100.2318571971645
 30
0.0
 10
155.0444535444865
 20
-100.5042721970962
 30
0.0
 10
155.1589652082317
 20
-100.7766871970279
 30
0.0
 10
161.3944533824845
 20
-99.79871664171708
 30
0.0
 10
162.4513755777423
 20
-98.350599142079
 30
0.0
 10
163.2437497241939
 20
-97.16706497570813
 30
0.0
 10
163.1825780590878
 20
-96.73343053137218
 30
0.0
 10
163.2157391693529
 20
-95.46956886502157
 30
0.0
 10
163.2941616673522
 20
-92.48027108799134
 30
0.0
 10
161.8699978147968
 20
-91.76797747705784
 30
0.0
 10
162.392602801464
 20
-89.76635164422498
 30
0.0
 10
162.662442516802
 20
-88.73267747781688
 30
0.0
 10
163.2656219458581
 20
-88.06709164464993
 30
0.0
 10
163.8037138765746
 20
-87.4732960892427
 30
0.0
 10
165.1111435654416
 20
-86.03047025627009
 30
0.0
 10
167.1464638471024
 20
-83.19113831253551
 30
0.0
 10
167.6254612790738
 20
-83.65151331242053
 30
0.0
 10
167.7678423865524
 20
-83.78835581238621
 30
0.0
 10
167.7220165543882
 20
-84.01215803455246
 30
0.0
 10
167.684269333129
 20
-84.3570688677997
 30
0.0
 10
167.5710629471286
 20
-85.39095470087452
 30
0.0
 10
166.9948004618299
 20
-86.4593069228297
 30
0.0
 10
167.9208421048713
 20
-87.62788331142644
 30
0.0
 10
168.8468837479127
 20
-88.79645970002319
 30
0.0
 10
169.0232726323015
 20
-89.30357775545197
 30
0.0
 10
168.9791754112043
 20
-90.31781386630952
 30
0.0
 10
168.9077731908037
 20
-91.95988858812092
 30
0.0
 10
166.105271317857
 20
-92.5976049768508
 30
0.0
 10
166.2341057590147
 20
-92.65496664350302
 30
0.0
 10
166.3529565893159
 20
-92.70788331015632
 30
0.0
 10
168.2910823732038
 20
-93.29913886556388
 30
0.0
 10
169.523017619552
 20
-91.61134414376383
 30
0.0
 10
170.181618436083
 20
-90.60289358846055
 30
0.0
 10
170.4343837074122
 20
-89.41382081097997
 30
0.0
 10
170.0375087175373
 20
-88.46573053343921
 30
0.0
 10
169.6406337276624
 20
-87.51764025589846
 30
0.0
 10
168.839581248099
 20
-87.50409358923504
 30
0.0
 10
168.8248351373641
 20
-85.90809164518973
 30
0.0
 10
168.8174973597735
 20
-85.11532942316578
 30
0.0
 10
170.0646020501794
 20
-82.53017386825636
 30
0.0
 10
170.7416531440175
 20
-81.65246275736457
 30
0.0
 10
171.399266182796
 20
-80.79997525757791
 30
0.0
 10
172.1283519975288
 20
-80.35829747991042
 30
0.0
 10
172.6231580960163
 20
-80.06496275776145
 30
0.0
 10
174.1611280567795
 20
-78.85952109139633
 30
0.0
 10
176.2543702255986
 20
-78.8345797025136
 30
0.0
 10
179.4302168112427
 20
-79.29350831351005
 30
0.0
 10
181.1134606571885
 20
-79.53674859122684
 30
0.0
 10
182.9841353316858
 20
-80.2009585910609
 30
0.0
 10
184.5258447367979
 20
-81.08787720195039
 30
0.0
 10
185.0793177782332
 20
-81.40625914631497
 30
0.0
 10
184.898131116189
 20
-82.73026942376202
 30
0.0
 10
185.3429133270639
 20
-83.09687609033678
 30
0.0
 10
185.8997777313029
 20
-83.55591053466642
 30
0.0
 10
187.0449602280855
 20
-83.06868914589948
 30
0.0
 10
187.3471143870436
 20
-83.57093886799623
 30
0.0
 10
188.5628218560283
 20
-85.59179108971324
 30
0.0
 10
187.4353441070149
 20
-87.14648275599129
 30
0.0
 10
185.7655058162827
 20
-89.95032525529037
 30
0.0
 10
185.0599502787273
 20
-90.94988581059586
 30
0.0
 10
184.1672860650693
 20
-92.21558192139031
 30
0.0
 10
183.6768497584576
 20
-92.6473466435049
 30
0.0
 10
183.4828572634068
 20
-92.81816164346183
 30
0.0
 10
180.1940512362001
 20
-95.73729192051044
 30
0.0
 10
179.7033373598304
 20
-96.21213080928047
 30
0.0
 10
179.1690907067935
 20
-96.72909136470648
 30
0.0
 10
178.1539726771357
 20
-97.38832719787533
 30
0.0
 10
177.1864090907095
 20
-98.85845803084082
 30
0.0
 10
176.2188499559453
 20
-100.3286241415845
 30
0.0
 10
177.0048696508962
 20
-104.0100013628865
 30
0.0
 10
177.1397365918999
 20
-103.9513696962346
 30
0.0
 10
177.2746035329036
 20
-103.8927733073602
 30
0.0
 10
176.2040993935478
 20
-101.6445910856997
 30
0.0
 10
177.939448515942
 20
-99.79871664171708
 30
0.0
 10
178.7047646075283
 20
-98.98468191969808
 30
0.0
 10
179.4397418109997
 20
-98.48959358648878
 30
0.0
 10
180.114927732749
 20
-98.03482775326916
 30
0.0
 10
181.311549954672
 20
-97.2288010868042
 30
0.0
 10
182.1891506297453
 20
-95.93611747601612
 30
0.0
 10
182.5597083980694
 20
-96.23393247594151
 30
0.0
 10
183.1569305097665
 20
-96.71388664248843
 30
0.0
 10
181.5585956458321
 20
-99.56725914177488
 30
0.0
 10
181.3837942614028
 20
-99.87929108614136
 30
0.0
 10
180.6070527326261
 20
-101.2659546969055
 30
0.0
 10
179.6515848611507
 20
-102.9716705298124
 30
0.0
 10
177.7384357432925
 20
-103.9950435851123
 30
0.0
 10
176.8431563216886
 20
-104.4739041405485
 30
0.0
 10
176.6025618833822
 20
-104.3410127516925
 30
0.0
 10
175.4453802462377
 20
-104.9945688626403
 30
0.0
 10
174.8768435940756
 20
-105.3156671958935
 30
0.0
 10
173.7668636223935
 20
-105.9425533068479
 30
0.0
 10
172.8583197566835
 20
-106.9936546954738
 30
0.0
 10
170.9112686952458
 20
-109.2462466393551
 30
0.0
 10
170.8536953633813
 20
-112.3316058052504
 30
0.0
 10
171.0944309127952
 20
-112.4029021941216
 30
0.0
 10
171.250680512743
 20
-112.4491866385544
 30
0.0
 10
171.4174695156652
 20
-111.1921688610907
 30
0.0
 10
172.5055419879059
 20
-109.6982960836864
 30
0.0
 10
174.3836602733244
 20
-107.1197374732203
 30
0.0
 10
177.5251463042895
 20
-105.8694577513103
 30
0.0
 10
177.7972085195709
 20
-106.2292910845539
 30
0.0
 10
177.8837801840289
 20
-106.3438027511919
 30
0.0
 10
177.6546863009847
 20
-106.5880660844641
 30
0.0
 10
177.2680418664044
 20
-107.1700435843186
 30
0.0
 10
175.8427491249888
 20
-109.3153910837822
 30
0.0
 10
175.3811746923201
 20
-111.3766716388227
 30
0.0
 10
175.1513752537384
 20
-112.4029021941216
 30
0.0
 10
174.7450810974371
 20
-114.217414693668
 30
0.0
 10
174.7302291533719
 20
-116.0155935821074
 30
0.0
 10
174.9162135930712
 20
-116.0482960820989
 30
0.0
 10
175.0436369231537
 20
-116.0706621932048
 30
0.0
 10
175.2401341403628
 20
-115.2595555267404
 30
0.0
 10
175.6805419069049
 20
-113.9904021937247
 30
0.0
 10
176.1256416177717
 20
-112.7078080273784
 30
0.0
 10
176.5456588292784
 20
-111.7830363609429
 30
0.0
 10
177.3856579745149
 20
-109.9334577502945
 30
0.0
 10
178.9084277330506
 20
-106.5804813622435
 30
0.0
 10
182.9592292212101
 20
-98.74539275309138
 30
0.0
 10
183.6768497584576
 20
-99.05615469745817
 30
0.0
 10
183.7992636442235
 20
-99.10917719744468
 30
0.0
 10
183.7361517013891
 20
-99.36084886404862
 30
0.0
 10
183.6768497584576
 20
-100.5260738637573
 30
0.0
 10
183.6238978153641
 20
-101.5663802523859
 30
0.0
 10
183.538772539758
 20
-103.2388644186347
 30
0.0
 10
183.6768497584576
 20
-104.5830183071875
 30
0.0
 10
183.9095772525203
 20
-106.8488394177322
 30
0.0
 10
184.8328672289651
 20
-107.2644116398505
 30
0.0
 10
185.6479249859491
 20
-107.8905569174719
 30
0.0
 10
186.5950274617865
 20
-108.6181610839567
 30
0.0
 10
186.7739916238874
 20
-109.2020435838107
 30
0.0
 10
187.0282385618455
 20
-109.7570688614497
 30
0.0
 10
187.8541971518846
 20
-111.5601866387765
 30
0.0
 10
186.1922963609499
 20
-112.911008027328
 30
0.0
 10
186.4637235762474
 20
-112.9396888606541
 30
0.0
 10
186.7407999533148
 20
-112.9689694162025
 30
0.0
 10
187.9988360370834
 20
-111.9077080275784
 30
0.0
 10
188.5006271353928
 20
-110.5035466390408
 30
0.0
 10
188.7148337965946
 20
-109.9041771947461
 30
0.0
 10
188.6866115750924
 20
-109.360476083771
 30
0.0
 10
188.4040013045246
 20
-108.7725013616958
 30
0.0
 10
188.0673102020032
 20
-108.0720610840929
 30
0.0
 10
187.8040721752713
 20
-107.6565946953079
 30
0.0
 10
186.8165013450251
 20
-106.9204180288255
 30
0.0
 10
185.6038277648519
 20
-106.016424973496
 30
0.0
 10
184.5435894585675
 20
-104.8678863626721
 30
0.0
 10
185.2055416639019
 20
-104.2890133072612
 30
0.0
 10
185.589363876332
 20
-103.9533805295673
 30
0.0
 10
186.5719557957084
 20
-104.4598988627738
 30
0.0
 10
187.3810163306231
 20
-104.8769880293363
 30
0.0
 10
189.0104615668303
 20
-105.7169871957932
 30
0.0
 10
188.7567790733023
 20
-107.6480221953103
 30
0.0
 10
188.9331679576911
 20
-107.6700708064159
 30
0.0
 10
189.1095568420799
 20
-107.6921194175215
 30
0.0
 10
189.4688962773569
 20
-104.8706380293379
 30
0.0
 10
188.678638797518
 20
-103.965586640675
 30
0.0
 10
188.4475693589687
 20
-103.7009680296303
 30
0.0
 10
188.2429582530776
 20
-103.5994385852112
 30
0.0
 10
187.3810163306231
 20
-102.8779021965028
 30
0.0
 10
186.4291513549072
 20
-102.0811183078128
 30
0.0
 10
186.4944857976848
 20
-102.1859638633424
 30
0.0
 10
186.3814910783454
 20
-102.0547658078196
 30
0.0
 10
184.9129477824777
 20
-100.6512746970594
 30
0.0
 10
186.1494980333142
 20
-95.08038442067394
 30
0.0
 10
187.4705866061158
 20
-91.30266358828545
 30
0.0
 10
188.7916751789174
 20
-87.52494275589665
 30
0.0
 10
192.4904152935895
 20
-76.81062251979465
 30
0.0
 10
208.0493136754034
 20
-84.67314835780726
 30
0.0
  0
HATCH
  5
603
330
1F
100
AcDbEntity
  8
Neuron
 62
     7
420
 16777215
100
AcDbHatch
 10
0.0
 20
0.0
 30
0.0
210
0.0
220
0.0
230
1.0
  2
SOLID
 70
     1
 71
     0
 91
        1
 92
        1
 93
        1
 72
     4
 94
        3
 73
     0
 74
     1
 95
      614
 96
      610
 40
0.0
 40
0.0
 40
0.0
 40
0.0
 40
1.0
 40
1.0
 40
1.0
 40
2.0
 40
2.0
 40
2.0
 40
3.0
 40
3.0
 40
3.0
 40
4.0
 40
4.0
 40
4.0
 40
5.0
 40
5.0
 40
5.0
 40
6.0
 40
6.0
 40
6.0
 40
7.0
 40
7.0
 40
7.0
 40
8.0
 40
8.0
 40
8.0
 40
9.0
 40
9.0
 40
9.0
 40
10.0
 40
10.0
 40
10.0
 40
11.0
 40
11.0
 40
11.0
 40
12.0
 40
12.0
 40
12.0
 40
13.0
 40
13.0
 40
13.0
 40
14.0
 40
14.0
 40
14.0
 40
15.0
 40
15.0
 40
15.0
 40
16.0
 40
16.0
 40
16.0
 40
17.0
 40
17.0
 40
17.0
 40
18.0
 40
18.0
 40
18.0
 40
19.0
 40
19.0
 40
19.0
 40
20.0
 40
20.0
 40
20.0
 40
21.0
 40
21.0
 40
21.0
 40
22.0
 40
22.0
 40
22.0
 40
23.0
 40
23.0
 40
23.0
 40
24.0
 40
24.0
 40
24.0
 40
25.0
 40
25.0
 40
25.0
 40
26.0
 40
26.0
 40
26.0
 40
27.0
 40
27.0
 40
27.0
 40
28.0
 40
28.0
 40
28.0
 40
29.0
 40
29.0
 40
29.0
 40
30.0
 40
30.0
 40
30.0
 40
31.0
 40
31.0
 40
31.0
 40
32.0
 40
32.0
 40
32.0
 40
33.0
 40
33.0
 40
33.0
 40
34.0
 40
34.0
 40
34.0
 40
35.0
 40
35.0
 40
35.0
 40
36.0
 40
36.0
 40
36.0
 40
37.0
 40
37.0
 40
37.0
 40
38.0
 40
38.0
 40
38.0
 40
39.0
 40
39.0
 40
39.0
 40
40.0
 40
40.0
 40
40.0
 40
41.0
 40
41.0
 40
41.0
 40
42.0
 40
42.0
 40
42.0
 40
43.0
 40
43.0
 40
43.0
 40
44.0
 40
44.0
 40
44.0
 40
45.0
 40
45.0
 40
45.0
 40
46.0
 40
46.0
 40
46.0
 40
47.0
 40
47.0
 40
47.0
 40
48.0
 40
48.0
 40
48.0
 40
49.0
 40
49.0
 40
49.0
 40
50.0
 40
50.0
 40
50.0
 40
51.0
 40
51.0
 40
51.0
 40
52.0
 40
52.0
 40
52.0
 40
53.0
 40
53.0
 40
53.0
 40
54.0
 40
54.0
 40
54.0
 40
55.0
 40
55.0
 40
55.0
 40
56.0
 40
56.0
 40
56.0
 40
57.0
 40
57.0
 40
57.0
 40
58.0
 40
58.0
 40
58.0
 40
59.0
 40
59.0
 40
59.0
 40
60.0
 40
60.0
 40
60.0
 40
61.0
 40
61.0
 40
61.0
 40
62.0
 40
62.0
 40
62.0
 40
63.0
 40
63.0
 40
63.0
 40
64.0
 40
64.0
 40
64.0
 40
65.0
 40
65.0
 40
65.0
 40
66.0
 40
66.0
 40
66.0
 40
67.0
 40
67.0
 40
67.0
 40
68.0
 40
68.0
 40
68.0
 40
69.0
 40
69.0
 40
69.0
 40
70.0
 40
70.0
 40
70.0
 40
71.0
 40
71.0
 40
71.0
 40
72.0
 40
72.0
 40
72.0
 40
73.0
 40
73.0
 40
73.0
 40
74.0
 40
74.0
 40
74.0
 40
75.0
 40
75.0
 40
75.0
 40
76.0
 40
76.0
 40
76.0
 40
77.0
 40
77.0
 40
77.0
 40
78.0
 40
78.0
 40
78.0
 40
79.0
 40
79.0
 40
79.0
 40
80.0
 40
80.0
 40
80.0
 40
81.0
 40
81.0
 40
81.0
 40
82.0
 40
82.0
 40
82.0
 40
83.0
 40
83.0
 40
83.0
 40
84.0
 40
84.0
 40
84.0
 40
85.0
 40
85.0
 40
85.0
 40
86.0
 40
86.0
 40
86.0
 40
87.0
 40
87.0
 40
87.0
 40
88.0
 40
88.0
 40
88.0
 40
89.0
 40
89.0
 40
89.0
 40
90.0
 40
90.0
 40
90.0
 40
91.0
 40
91.0
 40
91.0
 40
92.0
 40
92.0
 40
92.0
 40
93.0
 40
93.0
 40
93.0
 40
94.0
 40
94.0
 40
94.0
 40
95.0
 40
95.0
 40
95.0
 40
96.0
 40
96.0
 40
96.0
 40
97.0
 40
97.0
 40
97.0
 40
98.0
 40
98.0
 40
98.0
 40
99.0
 40
99.0
 40
99.0
 40
100.0
 40
100.0
 40
100.0
 40
101.0
 40
101.0
 40
101.0
 40
102.0
 40
102.0
 40
102.0
 40
103.0
 40
103.0
 40
103.0
 40
104.0
 40
104.0
 40
104.0
 40
105.0
 40
105.0
 40
105.0
 40
106.0
 40
106.0
 40
106.0
 40
107.0
 40
107.0
 40
107.0
 40
108.0
 40
108.0
 40
108.0
 40
109.0
 40
109.0
 40
109.0
 40
110.0
 40
110.0
 40
110.0
 40
111.0
 40
111.0
 40
111.0
 40
112.0
 40
112.0
 40
112.0
 40
113.0
 40
113.0
 40
113.0
 40
114.0
 40
114.0
 40
114.0
 40
115.0
 40
115.0
 40
115.0
 40
116.0
 40
116.0
 40
116.0
 40
117.0
 40
117.0
 40
117.0
 40
118.0
 40
118.0
 40
118.0
 40
119.0
 40
119.0
 40
119.0
 40
120.0
 40
120.0
 40
120.0
 40
121.0
 40
121.0
 40
121.0
 40
122.0
 40
122.0
 40
122.0
 40
123.0
 40
123.0
 40
123.0
 40
124.0
 40
124.0
 40
124.0
 40
125.0
 40
125.0
 40
125.0
 40
126.0
 40
126.0
 40
126.0
 40
127.0
 40
127.0
 40
127.0
 40
128.0
 40
128.0
 40
128.0
 40
129.0
 40
129.0
 40
129.0
 40
130.0
 40
130.0
 40
130.0
 40
131.0
 40
131.0
 40
131.0
 40
132.0
 40
132.0
 40
132.0
 40
133.0
 40
133.0
 40
133.0
 40
134.0
 40
134.0
 40
134.0
 40
135.0
 40
135.0
 40
135.0
 40
136.0
 40
136.0
 40
136.0
 40
137.0
 40
137.0
 40
137.0
 40
138.0
 40
138.0
 40
138.0
 40
139.0
 40
139.0
 40
139.0
 40
140.0
 40
140.0
 40
140.0
 40
141.0
 40
141.0
 40
141.0
 40
142.0
 40
142.0
 40
142.0
 40
143.0
 40
143.0
 40
143.0
 40
144.0
 40
144.0
 40
144.0
 40
145.0
 40
145.0
 40
145.0
 40
146.0
 40
146.0
 40
146.0
 40
147.0
 40
147.0
 40
147.0
 40
148.0
 40
148.0
 40
148.0
 40
149.0
 40
149.0
 40
149.0
 40
150.0
 40
150.0
 40
150.0
 40
151.0
 40
151.0
 40
151.0
 40
152.0
 40
152.0
 40
152.0
 40
153.0
 40
153.0
 40
153.0
 40
154.0
 40
154.0
 40
154.0
 40
155.0
 40
155.0
 40
155.0
 40
156.0
 40
156.0
 40
156.0
 40
157.0
 40
157.0
 40
157.0
 40
158.0
 40
158.0
 40
158.0
 40
159.0
 40
159.0
 40
159.0
 40
160.0
 40
160.0
 40
160.0
 40
161.0
 40
161.0
 40
161.0
 40
162.0
 40
162.0
 40
162.0
 40
163.0
 40
163.0
 40
163.0
 40
164.0
 40
164.0
 40
164.0
 40
165.0
 40
165.0
 40
165.0
 40
166.0
 40
166.0
 40
166.0
 40
167.0
 40
167.0
 40
167.0
 40
168.0
 40
168.0
 40
168.0
 40
169.0
 40
169.0
 40
169.0
 40
170.0
 40
170.0
 40
170.0
 40
171.0
 40
171.0
 40
171.0
 40
172.0
 40
172.0
 40
172.0
 40
173.0
 40
173.0
 40
173.0
 40
174.0
 40
174.0
 40
174.0
 40
175.0
 40
175.0
 40
175.0
 40
176.0
 40
176.0
 40
176.0
 40
177.0
 40
177.0
 40
177.0
 40
178.0
 40
178.0
 40
178.0
 40
179.0
 40
179.0
 40
179.0
 40
180.0
 40
180.0
 40
180.0
 40
181.0
 40
181.0
 40
181.0
 40
182.0
 40
182.0
 40
182.0
 40
183.0
 40
183.0
 40
183.0
 40
184.0
 40
184.0
 40
184.0
 40
185.0
 40
185.0
 40
185.0
 40
186.0
 40
186.0
 40
186.0
 40
187.0
 40
187.0
 40
187.0
 40
188.0
 40
188.0
 40
188.0
 40
189.0
 40
189.0
 40
189.0
 40
190.0
 40
190.0
 40
190.0
 40
191.0
 40
191.0
 40
191.0
 40
192.0
 40
192.0
 40
192.0
 40
193.0
 40
193.0
 40
193.0
 40
194.0
 40
194.0
 40
194.0
 40
195.0
 40
195.0
 40
195.0
 40
196.0
 40
196.0
 40
196.0
 40
197.0
 40
197.0
 40
197.0
 40
198.0
 40
198.0
 40
198.0
 40
199.0
 40
199.0
 40
199.0
 40
200.0
 40
200.0
 40
200.0
 40
201.0
 40
201.0
 40
201.0
 40
202.0
 40
202.0
 40
202.0
 40
203.0
 40
203.0
 40
203.0
 40
203.0
 10
208.0493136754034
 20
-84.67314835780726
 10
210.4425885133321
 20
-85.88256465380125
 10
211.9151701559187
 20
-87.89836039403797
 10
211.955033567003
 20
-92.04924955966699
 10
211.9757596250239
 20
-94.20740831588915
 10
211.0616944231273
 20
-94.33196872576292
 10
210.5748258244373
 20
-96.39310816969207
 10
210.2885466650742
 20
-97.60497039161129
 10
210.0885216701773
 20
-98.48409261361316
 10
210.177774445678
 20
-99.68904039108979
 10
210.2172203178166
 20
-100.2215231687354
 10
210.3183269300018
 20
-102.7846301125421
 10
210.9504640939238
 20
-104.0086631677909
 10
211.6897099083974
 20
-105.4401295563223
 10
212.8075568243232
 20
-106.3299762227658
 10
212.8853090445618
 20
-106.266088167227
 10
212.9483857096193
 20
-106.2142651116844
 10
212.2579643383445
 20
-105.5926706673958
 10
211.8275401826589
 20
-104.398553167694
 10
211.5491685963606
 20
-103.6263578901089
 10
211.0311791461281
 20
-99.67302427998301
 10
211.5307124667172
 20
-97.80044455822951
 10
211.7718360716768
 20
-96.94298289177732
 10
212.3276021686091
 20
-95.33036511440194
 10
213.3167557544848
 20
-94.44108289240259
 10
213.708056855613
 20
-94.37006872575347
 10
214.1582012885733
 20
-96.19752816974065
 10
215.0565145989888
 20
-98.03955733594668
 10
216.2016665142179
 20
-100.3877520575827
 10
216.9011189963734
 20
-100.3523684464798
 10
217.4435203160095
 20
-102.1858956682439
 10
217.8274428616298
 20
-103.4838003901421
 10
217.807475639917
 20
-104.6188981676361
 10
217.7933998069428
 20
-105.4197390007685
 10
217.7562875856674
 20
-107.5288562224642
 10
217.2368223211423
 20
-107.9562112223574
 10
217.48711814809
 20
-109.6685239997061
 10
217.6716209211607
 20
-110.9306570549467
 10
218.1106528544045
 20
-111.771079554737
 10
218.4131245133545
 20
-112.2470120546178
 10
218.9579192216779
 20
-113.1041914988473
 10
219.702774202675
 20
-113.7906617764543
 10
219.81333475541
 20
-113.7099814986955
 10
219.8966255866183
 20
-113.6491978876002
 10
219.5719289282354
 20
-113.1873412210491
 10
219.107391162309
 20
-112.1082998324295
 10
218.6628911736491
 20
-111.0757898326885
 10
218.5092688570056
 20
-110.6022209439175
 10
218.4709571913163
 20
-109.9029095552036
 10
218.432680803404
 20
-109.2047623331561
 10
218.6888301790817
 20
-107.9831036210255
 10
218.8397837863416
 20
-107.2402241767663
 10
218.9907373936016
 20
-106.4973094547303
 10
218.9084597784952
 20
-105.81075788956
 10
218.8831656124739
 20
-105.1671501119426
 10
218.8376572803016
 20
-104.0083456677887
 10
218.6719928400836
 20
-103.086854834685
 10
218.5547295097419
 20
-102.5389909459331
 10
218.3886417362014
 20
-101.7629503905721
 10
218.274165350233
 20
-101.2281392795948
 10
217.9771970244759
 20
-100.5332023353241
 10
217.5348489802056
 20
-99.49815233558246
 10
217.3136980938196
 20
-98.98066261348981
 10
216.8581506641363
 20
-98.34679150253714
 10
216.6700848356009
 20
-98.08506566926893
 10
216.5359587279117
 20
-97.93291261375134
 10
216.5906040042953
 20
-97.8425662248855
 10
216.7342903895185
 20
-97.60521733605584
 10
218.0299020231313
 20
-98.04622483594599
 10
219.0232183866786
 20
-98.6411845580194
 10
220.005245861625
 20
-99.22940622453847
 10
220.6200669570507
 20
-99.92511927991976
 10
220.9002783387908
 20
-100.2728170576106
 10
221.6977324851127
 20
-101.2622881684749
 10
221.9305008704437
 20
-102.0953728904886
 10
221.9982991441113
 20
-102.0675387238287
 10
222.0828599752873
 20
-102.0328253905044
 10
221.8387024815163
 20
-100.6886715019516
 10
220.963143337187
 20
-99.42869039115574
 10
220.1901719680183
 20
-98.31634678032287
 10
219.2229314266757
 20
-97.69828011381058
 10
218.9482531108133
 20
-97.53085178051862
 10
218.5678230935062
 20
-97.29897094724363
 10
218.601437286328
 20
-97.37425372500279
 10
217.3353531519619
 20
-96.71036122516864
 10
216.0883895726634
 20
-96.05652289199878
 10
215.8827554112429
 20
-95.89276344759452
 10
215.7018862491906
 20
-95.71224705875107
 10
215.3080451481272
 20
-95.3192173366275
 10
215.1259765416611
 20
-94.92858650339194
 10
214.7618040509519
 20
-94.1473601146977
 10
214.367539616566
 20
-93.30146955935403
 10
214.1717832326713
 20
-92.63076844841052
 10
214.0023440703273
 20
-92.04095928189088
 10
214.0023440703273
 20
-92.04095928189088
 10
213.7253076885062
 20
-91.07653539324374
 10
213.6092790803553
 20
-89.40084094921791
 10
213.5927690807765
 20
-89.16257483816634
 10
213.5805629699768
 20
-88.9101976160072
 10
213.6970203169465
 20
-88.85551706046539
 10
213.9145729614555
 20
-88.75335261604647
 10
214.3424923949828
 20
-89.45396928253794
 10
215.0201432110278
 20
-90.15712594902878
 10
215.8294859681575
 20
-90.99694872659643
 10
216.6160040036473
 20
-91.44709317092891
 10
217.6407230937384
 20
-92.03355094855982
 10
218.6716047845379
 20
-92.62353650396832
 10
218.978944776697
 20
-92.6121770595262
 10
220.3286019644866
 20
-93.55434067040134
 10
221.6782647593956
 20
-94.49650428127775
 10
221.6615821975397
 20
-94.53731213393004
 10
222.9688738568585
 20
-95.550463169902
 10
224.1447997824907
 20
-96.46180576226762
 10
224.9081091197889
 20
-96.97150200359238
 10
225.7763019053153
 20
-98.12280113222488
 10
226.4524593125534
 20
-99.01944465051966
 10
226.7267450812887
 20
-99.96715863176132
 10
226.768513969112
 20
-100.3007452983456
 10
226.8298973008793
 20
-100.7908594648893
 10
226.8703256331812
 20
-101.1137216870306
 10
226.7831189687394
 20
-101.5202275202629
 10
226.5331759195604
 20
-102.6855583533047
 10
225.5089265974235
 20
-103.2586458531608
 10
225.5551701111781
 20
-103.3116683531479
 10
225.6029714988475
 20
-103.3664547420226
 10
226.7439253586282
 20
-102.8084308532733
 10
227.292071455755
 20
-101.5878550202458
 10
227.3667897871821
 20
-101.4214497425089
 10
227.5246988191418
 20
-100.9707055759554
 10
227.5843831149641
 20
-100.3717594649934
 10
227.8019411649693
 20
-98.18824140998487
 10
225.9233877450088
 20
-96.30011594749237
 10
223.9243136714347
 20
-94.55092613311528
 10
222.0288911339707
 20
-92.892431412835
 10
220.2196641894881
 20
-92.13758511520011
 10
219.4604158755248
 20
-91.09689067101623
 10
218.955273388412
 20
-90.40445844896702
 10
219.8353480881817
 20
-90.80958844886575
 10
220.7797694529764
 20
-90.98181455993341
 10
221.7241908177711
 20
-91.15404067100138
 10
223.9684108936459
 20
-90.6997687266712
 10
224.7474618193773
 20
-90.35577609049004
 10
225.3885725589814
 20
-90.07269142154703
 10
227.4913313017637
 20
-89.19290401929824
 10
229.0248923738635
 20
-86.91657101928351
 10
227.3932951520491
 20
-88.23512050171531
 10
224.9238507082221
 20
-89.30844982365817
 10
223.6918088231285
 20
-89.54290456029402
 10
222.942746152879
 20
-89.68544946335481
 10
221.8988863688698
 20
-89.91942428242169
 10
220.329342797801
 20
-89.68390983803587
 10
219.1051036489278
 20
-89.50018317141539
 10
218.247883406459
 20
-89.17495733816325
 10
218.0324420230665
 20
-89.0909609492952
 10
217.6248480937423
 20
-88.93199928266854
 10
216.8932873299066
 20
-88.64159261607423
 10
216.0880015171178
 20
-88.07531372732691
 10
215.9091784661244
 20
-87.94954844958063
 10
215.8906929110404
 20
-87.92552428292015
 10
214.5005368353952
 20
-86.86507428318515
 10
213.9925721261322
 20
-86.47758317217095
 10
214.0110576812162
 20
-86.49303483883358
 10
213.9909493483958
 20
-86.47645428328231
 10
213.0007374292138
 20
-85.66019706126418
 10
215.6345299993003
 20
-84.9194294829504
 10
217.4383472378712
 20
-83.97494233946351
 10
219.2464438210498
 20
-83.0282145111235
 10
220.0621319594375
 20
-82.0677374788292
 10
220.4700312648911
 20
-81.80315414556202
 10
220.8779305703447
 20
-81.53857081229484
 10
221.6918058185973
 20
-80.86608817357407
 10
221.9595641450995
 20
-81.95844928441205
 10
222.2281976278727
 20
-83.0543807293221
 10
221.9065416464522
 20
-84.3661039079281
 10
221.9595641450995
 20
-84.37305363014853
 10
222.0045785883956
 20
-84.378945019036
 10
222.6824403587055
 20
-82.8960773397331
 10
222.8386510671166
 20
-82.40949095096599
 10
222.9948617755277
 20
-81.9229045621989
 10
222.9907031952044
 20
-80.65662636807087
 10
222.3256797298989
 20
-80.0282409515613
 10
221.6606562645934
 20
-79.39985553505173
 10
220.1282777927543
 20
-79.9951680349029
 10
218.882531265288
 20
-81.20784164571084
 10
217.6367847378216
 20
-82.42051525651878
 10
213.8575998519792
 20
-83.11606956189996
 10
212.8412118223538
 20
-82.97277122860265
 10
211.8248237927285
 20
-82.82947289530469
 10
209.021693297956
 20
-81.98130104366561
 10
206.5647071942935
 20
-80.58680576623637
 10
198.9588838324574
 20
-76.27000521175995
 10
200.6469471720608
 20
-69.47619664929776
 10
202.7135495505687
 20
-67.21086942764181
 10
204.2128550678738
 20
-65.71156387246108
 10
206.4618133438314
 20
-64.87371665044832
 10
210.6510493480662
 20
-64.87371665044832
 10
214.840285352301
 20
-64.87371665044832
 10
219.3366496820337
 20
-64.87371665044832
 10
221.3666740746879
 20
-64.87371665044832
 10
224.4093823303952
 20
-64.87371665044832
 10
236.9050531227152
 20
-66.34751637230217
 10
253.5121371434777
 20
-66.3507266500789
 10
253.578706308446
 20
-66.3507266500789
 10
253.8218054689107
 20
-66.3507266500789
 10
253.8869635228039
 20
-66.3507266500789
 10
253.8869635228039
 20
-66.3507266500789
 10
255.05553988188
 20
-66.3507266500789
 10
255.05553988188
 20
-66.3507266500789
 10
255.05553988188
 20
-66.3507266500789
 10
255.0541640485817
 20
-64.13115470618942
 10
255.0541640485817
 20
-64.13115470618942
 10
235.5669670457415
 20
-63.55341053966711
 10
225.8948236813874
 20
-61.15339276248956
 10
222.5599801553552
 20
-60.3664866515749
 10
218.4719913707596
 20
-59.40185109626073
 10
210.1953663041361
 20
-57.70058026335263
 10
205.9326466906649
 20
-55.30461943061837
 10
202.8316999492921
 20
-53.56168554216525
 10
202.3920631698816
 20
-52.5264944313129
 10
203.198618982638
 20
-48.50835554342844
 10
203.198618982638
 20
-48.50835554342844
 10
200.4792668297922
 20
-48.50835554342844
 10
200.4792668297922
 20
-48.50835554342844
 10
195.2611191851405
 20
-58.60485554090427
 10
186.7765316238226
 20
-53.78813359766406
 10
187.7904854868434
 20
-48.50835554342844
 10
187.7904854868434
 20
-48.50835554342844
 10
183.79478336656
 20
-48.50835554342844
 10
183.79478336656
 20
-48.50835554342844
 10
183.79478336656
 20
-48.50835554342844
 10
183.79478336656
 20
-48.50835554342844
 10
183.79478336656
 20
-48.50835554342844
 10
184.0019697501631
 20
-49.75069776534009
 10
183.99364419482
 20
-51.43337720936387
 10
183.0314781082558
 20
-52.48056276465754
 10
182.1789200744508
 20
-53.40843887553687
 10
178.7981448829237
 20
-54.34919137530159
 10
177.1371613141879
 20
-54.06989720870483
 10
175.332456082452
 20
-53.76643776433622
 10
169.6874826153561
 20
-50.47008220960474
 10
168.2524884852992
 20
-49.8512747097594
 10
167.2440732332482
 20
-49.41637026542377
 10
163.6411538807219
 20
-48.98739248775311
 10
162.2095816950221
 20
-48.50842609898412
 10
162.2095816950221
 20
-48.50842609898412
 10
162.2095816950221
 20
-48.50842609898412
 10
162.2095816950221
 20
-48.50842609898412
 10
162.2095816950221
 20
-48.50842609898412
 10
158.1771201312321
 20
-48.50835554342844
 10
158.1771201312321
 20
-48.50835554342844
 10
156.6496629479786
 20
-50.38361637629299
 10
157.5655798690561
 20
-50.57298748735671
 10
156.5129615625773
 20
-51.3135738760604
 10
155.0424074334275
 20
-52.34816526469075
 10
151.5717797441929
 20
-50.6303138762314
 10
151.5717797441929
 20
-50.6303138762314
 10
151.5717797441929
 20
-50.6303138762314
 10
153.2254255353382
 20
-52.47135526465983
 10
154.984269657133
 20
-52.78345776458198
 10
155.2955254825255
 20
-52.80705859790935
 10
156.9847312727636
 20
-53.05185109784823
 10
157.9828806917432
 20
-51.72512443151324
 10
158.4298148470076
 20
-51.04503943168312
 10
158.322323460861
 20
-50.85079998728738
 10
158.7472090055768
 20
-50.13762443191011
 10
159.1720945502927
 20
-49.42448415431068
 10
159.7922425900269
 20
-49.14571915438024
 10
160.1583200806875
 20
-49.3732960987677
 10
160.524432849125
 20
-49.60087304315547
 10
160.7383925658886
 20
-49.70074443201926
 10
160.9644878378982
 20
-50.68541776510631
 10
161.1905831099078
 20
-51.67012637597152
 10
160.9909814483334
 20
-52.06615470920573
 10
160.589661458572
 20
-52.5264944313129
 10
160.3397889649467
 20
-52.81312637568569
 10
160.081978971524
 20
-52.97614498675595
 10
159.751814257725
 20
-52.98951526453048
 10
159.421649543926
 20
-53.00288554230469
 10
157.9181106933956
 20
-52.90132082010809
 10
157.9181106933956
 20
-52.90132082010809
 10
157.9181106933956
 20
-52.90132082010809
 10
160.0403864725851
 20
-54.08347915314576
 10
161.1946047764719
 20
-53.23180304224751
 10
162.1058650310015
 20
-52.55937332019334
 10
162.1199408639757
 20
-51.79892554260598
 10
162.144106141137
 20
-51.35058026494013
 10
162.189583292786
 20
-50.50564220959591
 10
163.3050272226305
 20
-50.53333526514441
 10
164.2166755327058
 20
-50.56416804291459
 10
164.8844527365567
 20
-50.58674582068652
 10
165.6548799404586
 20
-50.76179415397627
 10
166.3994879770176
 20
-51.00514026502658
 10
166.8279055138486
 20
-51.14515776499148
 10
166.9440357409028
 20
-51.401274431594
 10
167.2761054546532
 20
-51.62719332042649
 10
167.6409482231231
 20
-51.87544304258665
 10
167.3975315626665
 20
-52.01069804255274
 10
167.8179368297189
 20
-52.17371665362332
 10
168.0880277357559
 20
-52.27845637581914
 10
169.0379481874827
 20
-51.49754748712578
 10
169.8023117790932
 20
-52.37949193134974
 10
170.3526803761633
 20
-53.01452720896857
 10
170.5636414818923
 20
-53.19409109781257
 10
171.3898117385927
 20
-54.39328859751279
 10
172.2159819952932
 20
-55.59245081943516
 10
172.3452397697733
 20
-56.56872804141354
 10
171.9630756128564
 20
-57.00970026352552
 10
171.7040661750199
 20
-57.30853831900635
 10
171.503723680131
 20
-57.39518054120666
 10
171.663038120511
 20
-57.69789915224222
 10
171.828420338514
 20
-58.01208304105247
 10
173.4840769629413
 20
-58.04693748548812
 10
175.2262699740499
 20
-58.72949192976224
 10
176.9684629851584
 20
-59.41208165181357
 10
184.9717558365329
 20
-68.09281387186577
 10
172.8597308677586
 20
-76.73586942526056
 10
172.8597308677586
 20
-76.73586942526056
 10
171.1324250784926
 20
-78.03712553604618
 10
169.7067795593082
 20
-79.18326525798204
 10
168.5808187547006
 20
-80.0884577577556
 10
167.9883637698154
 20
-80.51376664653826
 10
167.3034810095104
 20
-81.05739720195795
 10
166.6323918599646
 20
-81.58201303515992
 10
164.6507332994098
 20
-83.28794053473362
 10
163.3921280537417
 20
-82.41679109050699
 10
163.0486636180598
 20
-82.17905414612206
 10
161.6437614316796
 20
-80.83482970201356
 10
161.3393142172245
 20
-79.98802192444732
 10
161.0067194041928
 20
-79.06296803578978
 10
161.5676360707192
 20
-78.22473275822173
 10
161.7031339301649
 20
-76.94531359187467
 10
161.8386005933755
 20
-75.66589442552792
 10
161.3283075508386
 20
-74.17823053701109
 10
160.1045920265027
 20
-73.04270942618366
 10
158.8809117799436
 20
-71.90722359313439
 10
157.2773251541878
 20
-70.95151331559553
 10
157.2773251541878
 20
-70.95151331559553
 10
157.2773251541878
 20
-70.95151331559553
 10
158.2084115193227
 20
-72.0505219264317
 10
159.1454951065268
 20
-73.29628609278713
 10
160.0825434159541
 20
-74.54201498136439
 10
160.5455642374748
 20
-75.15937609232115
 10
160.5566061816375
 20
-76.73586942526056
 10
160.5676128480234
 20
-78.31232748042181
 10
160.0421150836522
 20
-79.99906386888921
 10
159.6085159280475
 20
-80.02111247999481
 10
159.174881494666
 20
-80.0431610911004
 10
158.3264509607557
 20
-79.1821363690934
 10
157.453714038577
 20
-78.30107386931353
 10
156.487349896564
 20
-77.32546692511315
 10
155.3876004801765
 20
-76.12609303652405
 10
154.6365366104488
 20
-74.45382053694199
 10
153.8855080184981
 20
-72.78154803736024
 10
153.5143505279671
 20
-71.77468498205623
 10
153.5143505279671
 20
-71.77468498205623
 10
153.5143505279671
 20
-71.77468498205623
 10
153.4520146962241
 20
-73.3336452594443
 10
153.8671282967447
 20
-74.7732960924177
 10
154.1892143996388
 20
-75.89026109213866
 10
154.7999785507235
 20
-77.339966091776
 10
156.2777646241332
 20
-79.00662942469269
 10
160.7550436765749
 20
-84.05600831231942
 10
164.6574360770166
 20
-84.21045442339181
 10
164.6576477436779
 20
-84.21034859005862
 10
163.5331686056991
 20
-84.71746664548739
 10
162.2648619713896
 20
-84.53705608997682
 10
161.9125780914882
 20
-84.8828135898903
 10
161.6478183760206
 20
-85.14266970093651
 10
162.4321844671208
 20
-85.79068720077458
 10
162.2653558602659
 20
-86.29392470064863
 10
162.1021608644294
 20
-86.78636720052567
 10
161.7724547617297
 20
-87.36834470038016
 10
160.3691753530859
 20
-88.26157803349024
 10
159.0025142768413
 20
-89.13152803327256
 10
158.5281340111659
 20
-89.24843858879889
 10
157.8115365294478
 20
-89.2043413665877
 10
157.5170416272875
 20
-89.18624386659219
 10
156.9978193279853
 20
-88.53162942231144
 10
156.6650087809204
 20
-88.77790358891673
 10
156.3122310121427
 20
-89.03899442218479
 10
156.7862937778262
 20
-89.1786238665944
 10
156.7054371132223
 20
-89.77393636644557
 10
156.633964337268
 20
-90.30017497742497
 10
156.3526593444447
 20
-90.92046414393673
 10
155.779395470181
 20
-91.15566108832228
 10
154.9161129922051
 20
-91.50981469934474
 10
154.1184119014451
 20
-90.99398303280707
 10
153.8538285748618
 20
-90.56768636624713
 10
153.4325060856107
 20
-89.88890664419455
 10
153.1546583149214
 20
-88.20975497794774
 10
151.7619975171178
 20
-87.96503303356421
 10
150.4289208844607
 20
-87.73078858917842
 10
148.7826481486829
 20
-91.08217747722946
 10
148.7826481486829
 20
-91.08217747722946
 10
148.7826481486829
 20
-91.08217747722946
 10
150.1706522799386
 20
-89.47770886651948
 10
150.72292587696
 20
-89.21538331102957
 10
151.3108653064049
 20
-88.93608914443281
 10
151.8738280698203
 20
-89.02326053329976
 10
152.1634233402099
 20
-89.47996664429677
 10
152.5455874971267
 20
-90.08261692192396
 10
152.6705413828278
 20
-90.67792942177513
 10
153.03411415133
 20
-91.24759497718806
 10
153.2778483117785
 20
-91.6295121993147
 10
153.8368638504298
 20
-92.43836108800176
 10
155.1606585415218
 20
-92.41218497689687
 10
156.2140529590919
 20
-92.39133581023526
 10
156.6907262802643
 20
-91.65544136597504
 10
156.6907262802643
 20
-91.65544136597504
 10
156.6907262802643
 20
-91.65544136597504
 10
156.4322812868578
 20
-92.66763136572169
 10
154.8533538271396
 20
-93.18413331003738
 10
154.4504463374186
 20
-93.31593108778186
 10
153.2259194242145
 20
-93.26276747668463
 10
152.9277869318205
 20
-93.14003608782619
 10
152.1781341731679
 20
-92.86074192122943
 10
151.6195458540857
 20
-92.75787192125497
 10
151.6195458540857
 20
-92.75787192125497
 10
151.6195458540857
 20
-92.75787192125497
 10
152.120384452419
 20
-93.4806077544074
 10
153.3177827552041
 20
-93.76427636544803
 10
153.9436105170157
 20
-93.91254886541087
 10
154.7597305168657
 20
-93.94087692095921
 10
155.794106303139
 20
-93.68334914324598
 10
157.191847100813
 20
-93.33536914333305
 10
157.5579951470273
 20
-91.41026081048088
 10
158.5414337330488
 20
-90.7952633106346
 10
158.8294415034789
 20
-90.57505942180069
 10
159.270413714451
 20
-90.54563775514154
 10
159.5625489847758
 20
-90.62649442178791
 10
160.0451489724636
 20
-90.75360025508924
 10
161.2153833870529
 20
-91.11886636610895
 10
161.5120342128181
 20
-93.08122803228542
 10
161.8037108720434
 20
-95.01074608735833
 10
161.7999714276944
 20
-95.46776969835524
 10
161.4826478246789
 20
-96.44739830922171
 10
161.2290711644815
 20
-97.23014164235892
 10
161.3413603282834
 20
-97.03678414240726
 10
161.2033536651376
 20
-97.32927219788999
 10
160.9496711716096
 20
-97.86690553108872
 10
160.9387703385547
 20
-97.82905247554274
 10
160.7917678423047
 20
-98.10601830880653
 10
160.3565106311868
 20
-98.92601497526867
 10
154.9299066029643
 20
-100.2318571971645
 10
155.0444535444865
 20
-100.5042721970962
 10
155.1589652082317
 20
-100.7766871970279
 10
161.3944533824845
 20
-99.79871664171708
 10
162.4513755777423
 20
-98.350599142079
 10
163.2437497241939
 20
-97.16706497570813
 10
163.1825780590878
 20
-96.73343053137218
 10
163.2157391693529
 20
-95.46956886502157
 10
163.2941616673522
 20
-92.48027108799134
 10
161.8699978147968
 20
-91.76797747705784
 10
162.392602801464
 20
-89.76635164422498
 10
162.662442516802
 20
-88.73267747781688
 10
163.2656219458581
 20
-88.06709164464993
 10
163.8037138765746
 20
-87.4732960892427
 10
165.1111435654416
 20
-86.03047025627009
 10
167.1464638471024
 20
-83.19113831253551
 10
167.6254612790738
 20
-83.65151331242053
 10
167.7678423865524
 20
-83.78835581238621
 10
167.7220165543882
 20
-84.01215803455246
 10
167.684269333129
 20
-84.3570688677997
 10
167.5710629471286
 20
-85.39095470087452
 10
166.9948004618299
 20
-86.4593069228297
 10
167.9208421048713
 20
-87.62788331142644
 10
168.8468837479127
 20
-88.79645970002319
 10
169.0232726323015
 20
-89.30357775545197
 10
168.9791754112043
 20
-90.31781386630952
 10
168.9077731908037
 20
-91.95988858812092
 10
166.105271317857
 20
-92.5976049768508
 10
166.2341057590147
 20
-92.65496664350302
 10
166.3529565893159
 20
-92.70788331015632
 10
168.2910823732038
 20
-93.29913886556388
 10
169.523017619552
 20
-91.61134414376383
 10
170.181618436083
 20
-90.60289358846055
 10
170.4343837074122
 20
-89.41382081097997
 10
170.0375087175373
 20
-88.46573053343921
 10
169.6406337276624
 20
-87.51764025589846
 10
168.839581248099
 20
-87.50409358923504
 10
168.8248351373641
 20
-85.90809164518973
 10
168.8174973597735
 20
-85.11532942316578
 10
170.0646020501794
 20
-82.53017386825636
 10
170.7416531440175
 20
-81.65246275736457
 10
171.399266182796
 20
-80.79997525757791
 10
172.1283519975288
 20
-80.35829747991042
 10
172.6231580960163
 20
-80.06496275776145
 10
174.1611280567795
 20
-78.85952109139633
 10
176.2543702255986
 20
-78.8345797025136
 10
179.4302168112427
 20
-79.29350831351005
 10
181.1134606571885
 20
-79.53674859122684
 10
182.9841353316858
 20
-80.2009585910609
 10
184.5258447367979
 20
-81.08787720195039
 10
185.0793177782332
 20
-81.40625914631497
 10
184.898131116189
 20
-82.73026942376202
 10
185.3429133270639
 20
-83.09687609033678
 10
185.8997777313029
 20
-83.55591053466642
 10
187.0449602280855
 20
-83.06868914589948
 10
187.3471143870436
 20
-83.57093886799623
 10
188.5628218560283
 20
-85.59179108971324
 10
187.4353441070149
 20
-87.14648275599129
 10
185.7655058162827
 20
-89.95032525529037
 10
185.0599502787273
 20
-90.94988581059586
 10
184.1672860650693
 20
-92.21558192139031
 10
183.6768497584576
 20
-92.6473466435049
 10
183.4828572634068
 20
-92.81816164346183
 10
180.1940512362001
 20
-95.73729192051044
 10
179.7033373598304
 20
-96.21213080928047
 10
179.1690907067935
 20
-96.72909136470648
 10
178.1539726771357
 20
-97.38832719787533
 10
177.1864090907095
 20
-98.85845803084082
 10
176.2188499559453
 20
-100.3286241415845
 10
177.0048696508962
 20
-104.0100013628865
 10
177.1397365918999
 20
-103.9513696962346
 10
177.2746035329036
 20
-103.8927733073602
 10
176.2040993935478
 20
-101.6445910856997
 10
177.939448515942
 20
-99.79871664171708
 10
178.7047646075283
 20
-98.98468191969808
 10
179.4397418109997
 20
-98.48959358648878
 10
180.114927732749
 20
-98.03482775326916
 10
181.311549954672
 20
-97.2288010868042
 10
182.1891506297453
 20
-95.93611747601612
 10
182.5597083980694
 20
-96.23393247594151
 10
183.1569305097665
 20
-96.71388664248843
 10
181.5585956458321
 20
-99.56725914177488
 10
181.3837942614028
 20
-99.87929108614136
 10
180.6070527326261
 20
-101.2659546969055
 10
179.6515848611507
 20
-102.9716705298124
 10
177.7384357432925
 20
-103.9950435851123
 10
176.8431563216886
 20
-104.4739041405485
 10
176.6025618833822
 20
-104.3410127516925
 10
175.4453802462377
 20
-104.9945688626403
 10
174.8768435940756
 20
-105.3156671958935
 10
173.7668636223935
 20
-105.9425533068479
 10
172.8583197566835
 20
-106.9936546954738
 10
170.9112686952458
 20
-109.2462466393551
 10
170.8536953633813
 20
-112.3316058052504
 10
171.0944309127952
 20
-112.4029021941216
 10
171.250680512743
 20
-112.4491866385544
 10
171.4174695156652
 20
-111.1921688610907
 10
172.5055419879059
 20
-109.6982960836864
 10
174.3836602733244
 20
-107.1197374732203
 10
177.5251463042895
 20
-105.8694577513103
 10
177.7972085195709
 20
-106.2292910845539
 10
177.8837801840289
 20
-106.3438027511919
 10
177.6546863009847
 20
-106.5880660844641
 10
177.2680418664044
 20
-107.1700435843186
 10
175.8427491249888
 20
-109.3153910837822
 10
175.3811746923201
 20
-111.3766716388227
 10
175.1513752537384
 20
-112.4029021941216
 10
174.7450810974371
 20
-114.217414693668
 10
174.7302291533719
 20
-116.0155935821074
 10
174.9162135930712
 20
-116.0482960820989
 10
175.0436369231537
 20
-116.0706621932048
 10
175.2401341403628
 20
-115.2595555267404
 10
175.6805419069049
 20
-113.9904021937247
 10
176.1256416177717
 20
-112.7078080273784
 10
176.5456588292784
 20
-111.7830363609429
 10
177.3856579745149
 20
-109.9334577502945
 10
178.9084277330506
 20
-106.5804813622435
 10
182.9592292212101
 20
-98.74539275309138
 10
183.6768497584576
 20
-99.05615469745817
 10
183.7992636442235
 20
-99.10917719744468
 10
183.7361517013891
 20
-99.36084886404862
 10
183.6768497584576
 20
-100.5260738637573
 10
183.6238978153641
 20
-101.5663802523859
 10
183.538772539758
 20
-103.2388644186347
 10
183.6768497584576
 20
-104.5830183071875
 10
183.9095772525203
 20
-106.8488394177322
 10
184.8328672289651
 20
-107.2644116398505
 10
185.6479249859491
 20
-107.8905569174719
 10
186.5950274617865
 20
-108.6181610839567
 10
186.7739916238874
 20
-109.2020435838107
 10
187.0282385618455
 20
-109.7570688614497
 10
187.8541971518846
 20
-111.5601866387765
 10
186.1922963609499
 20
-112.911008027328
 10
186.4637235762474
 20
-112.9396888606541
 10
186.7407999533148
 20
-112.9689694162025
 10
187.9988360370834
 20
-111.9077080275784
 10
188.5006271353928
 20
-110.5035466390408
 10
188.7148337965946
 20
-109.9041771947461
 10
188.6866115750924
 20
-109.360476083771
 10
188.4040013045246
 20
-108.7725013616958
 10
188.0673102020032
 20
-108.0720610840929
 10
187.8040721752713
 20
-107.6565946953079
 10
186.8165013450251
 20
-106.9204180288255
 10
185.6038277648519
 20
-106.016424973496
 10
184.5435894585675
 20
-104.8678863626721
 10
185.2055416639019
 20
-104.2890133072612
 10
185.589363876332
 20
-103.9533805295673
 10
186.5719557957084
 20
-104.4598988627738
 10
187.3810163306231
 20
-104.8769880293363
 10
189.0104615668303
 20
-105.7169871957932
 10
188.7567790733023
 20
-107.6480221953103
 10
188.9331679576911
 20
-107.6700708064159
 10
189.1095568420799
 20
-107.6921194175215
 10
189.4688962773569
 20
-104.8706380293379
 10
188.678638797518
 20
-103.965586640675
 10
188.4475693589687
 20
-103.7009680296303
 10
188.2429582530776
 20
-103.5994385852112
 10
187.3810163306231
 20
-102.8779021965028
 10
186.4291513549072
 20
-102.0811183078128
 10
186.4944857976848
 20
-102.1859638633424
 10
186.3814910783454
 20
-102.0547658078196
 10
184.9129477824777
 20
-100.6512746970594
 10
186.1494980333142
 20
-95.08038442067394
 10
187.4705866061158
 20
-91.30266358828545
 10
188.7916751789174
 20
-87.52494275589665
 10
192.4904152935895
 20
-76.81062251979465
 10
208.0493136754034
 20
-84.67314835780726
 97
        0
 97
        0
 75
     2
 76
     1
 98
        0
  0
SPLINE
  5
604
330
1F
100
AcDbEntity
  8
Neuron
 62
    18
420
        0
370
    18
100
AcDbSpline
210
0.0
220
0.0
230
1.0
 70
    11
 71
     3
 72
    17
 73
    13
 74
     0
 42
0.0000000001
 43
0.0000000001
 12
1.0
 22
0.0
 32
0.0
 13
1.0
 23
0.0
 33
0.0
 40
0.0
 40
0.0
 40
0.0
 40
0.0
 40
1.0
 40
1.0
 40
1.0
 40
2.0
 40
2.0
 40
2.0
 40
3.0
 40
3.0
 40
3.0
 40
4.0
 40
4.0
 40
4.0
 40
4.0
 10
194.717241699016
 20
-66.75747942775507
 30
0.0
 10
194.7118441991537
 20
-69.67403442702583
 30
0.0
 10
192.8977198009914
 20
-72.03503498199125
 30
0.0
 10
190.6652362468357
 20
-72.03090748199227
 30
0.0
 10
188.4327879704568
 20
-72.0267799819933
 30
0.0
 10
186.6273771831834
 20
-69.65911192702954
 30
0.0
 10
186.6327394052688
 20
-66.74255692775877
 30
0.0
 10
186.6381416200071
 20
-63.82600192848801
 30
0.0
 10
188.4522613032934
 20
-61.4650013735226
 30
0.0
 10
190.6847448574491
 20
-61.46912887352157
 30
0.0
 10
192.9171931338279
 20
-61.47325637352054
 30
0.0
 10
194.7226039211014
 20
-63.84092442848431
 30
0.0
 10
194.717241699016
 20
-66.75747942775507
 30
0.0
  0
SPLINE
  5
605
330
1F
100
AcDbEntity
  8
Neuron
 62
   250
420
  1645085
370
    35
100
AcDbSpline
210
0.0
220
0.0
230
1.0
 70
    11
 71
     3
 72
    29
 73
    25
 74
     0
 42
0.0000000001
 43
0.0000000001
 12
1.0
 22
0.0
 32
0.0
 13
1.0
 23
0.0
 33
0.0
 40
0.0
 40
0.0
 40
0.0
 40
0.0
 40
1.0
 40
1.0
 40
1.0
 40
2.0
 40
2.0
 40
2.0
 40
3.0
 40
3.0
 40
3.0
 40
4.0
 40
4.0
 40
4.0
 40
5.0
 40
5.0
 40
5.0
 40
6.0
 40
6.0
 40
6.0
 40
7.0
 40
7.0
 40
7.0
 40
8.0
 40
8.0
 40
8.0
 40
8.0
 10
251.440978862984
 20
-67.89437637191538
 30
0.0
 10
251.440978862984
 20
-67.89437637191538
 30
0.0
 10
248.1189764477353
 20
-67.89437637191538
 30
0.0
 10
248.1189764477353
 20
-67.89437637191538
 30
0.0
 10
246.457611049497
 20
-67.89437637191538
 30
0.0
 10
245.0983168025766
 20
-66.53508831669956
 30
0.0
 10
245.0983168025766
 20
-64.87371665044832
 30
0.0
 10
245.0983168025766
 20
-64.87371665044832
 30
0.0
 10
245.0983168025766
 20
-64.87371665044832
 30
0.0
 10
245.0983168025766
 20
-64.87371665044832
 30
0.0
 10
245.0983168025766
 20
-63.21234498419678
 30
0.0
 10
246.457611049497
 20
-61.85305692898127
 30
0.0
 10
248.1189764477353
 20
-61.85305692898127
 30
0.0
 10
248.1189764477353
 20
-61.85305692898127
 30
0.0
 10
251.440978862984
 20
-61.85305692898127
 30
0.0
 10
251.440978862984
 20
-61.85305692898127
 30
0.0
 10
253.1023152094887
 20
-61.85305692898127
 30
0.0
 10
254.4616385081428
 20
-63.21234498419678
 30
0.0
 10
254.4616385081428
 20
-64.87371665044832
 30
0.0
 10
254.4616385081428
 20
-64.87371665044832
 30
0.0
 10
254.4616385081428
 20
-64.87371665044832
 30
0.0
 10
254.4616385081428
 20
-64.87371665044832
 30
0.0
 10
254.4616385081428
 20
-66.53508831669956
 30
0.0
 10
253.1023152094887
 20
-67.89437637191538
 30
0.0
 10
251.440978862984
 20
-67.89437637191538
 30
0.0
  0
HATCH
  5
606
330
1F
100
AcDbEntity
  8
Neuron
 62
     7
420
 16777215
100
AcDbHatch
 10
0.0
 20
0.0
 30
0.0
210
0.0
220
0.0
230
1.0
  2
SOLID
 70
     1
 71
     0
 91
        1
 92
        1
 93
        1
 72
     4
 94
        3
 73
     0
 74
     1
 95
       29
 96
       25
 40
0.0
 40
0.0
 40
0.0
 40
0.0
 40
1.0
 40
1.0
 40
1.0
 40
2.0
 40
2.0
 40
2.0
 40
3.0
 40
3.0
 40
3.0
 40
4.0
 40
4.0
 40
4.0
 40
5.0
 40
5.0
 40
5.0
 40
6.0
 40
6.0
 40
6.0
 40
7.0
 40
7.0
 40
7.0
 40
8.0
 40
8.0
 40
8.0
 40
8.0
 10
251.440978862984
 20
-67.89437637191538
 10
251.440978862984
 20
-67.89437637191538
 10
248.1189764477353
 20
-67.89437637191538
 10
248.1189764477353
 20
-67.89437637191538
 10
246.457611049497
 20
-67.89437637191538
 10
245.0983168025766
 20
-66.53508831669956
 10
245.0983168025766
 20
-64.87371665044832
 10
245.0983168025766
 20
-64.87371665044832
 10
245.0983168025766
 20
-64.87371665044832
 10
245.0983168025766
 20
-64.87371665044832
 10
245.0983168025766
 20
-63.21234498419678
 10
246.457611049497
 20
-61.85305692898127
 10
248.1189764477353
 20
-61.85305692898127
 10
248.1189764477353
 20
-61.85305692898127
 10
251.440978862984
 20
-61.85305692898127
 10
251.440978862984
 20
-61.85305692898127
 10
253.1023152094887
 20
-61.85305692898127
 10
254.4616385081428
 20
-63.21234498419678
 10
254.4616385081428
 20
-64.87371665044832
 10
254.4616385081428
 20
-64.87371665044832
 10
254.4616385081428
 20
-64.87371665044832
 10
254.4616385081428
 20
-64.87371665044832
 10
254.4616385081428
 20
-66.53508831669956
 10
253.1023152094887
 20
-67.89437637191538
 10
251.440978862984
 20
-67.89437637191538
 97
        0
 97
        0
 75
     2
 76
     1
 98
        0
  0
SPLINE
  5
607
330
1F
100
AcDbEntity
  8
Neuron
 62
     7
420
 16777215
370
    35
100
AcDbSpline
210
0.0
220
0.0
230
1.0
 70
    11
 71
     3
 72
    29
 73
    25
 74
     0
 42
0.0000000001
 43
0.0000000001
 12
1.0
 22
0.0
 32
0.0
 13
1.0
 23
0.0
 33
0.0
 40
0.0
 40
0.0
 40
0.0
 40
0.0
 40
1.0
 40
1.0
 40
1.0
 40
2.0
 40
2.0
 40
2.0
 40
3.0
 40
3.0
 40
3.0
 40
4.0
 40
4.0
 40
4.0
 40
5.0
 40
5.0
 40
5.0
 40
6.0
 40
6.0
 40
6.0
 40
7.0
 40
7.0
 40
7.0
 40
8.0
 40
8.0
 40
8.0
 40
8.0
 10
251.440978862984
 20
-67.89437637191538
 30
0.0
 10
251.440978862984
 20
-67.89437637191538
 30
0.0
 10
248.1189764477353
 20
-67.89437637191538
 30
0.0
 10
248.1189764477353
 20
-67.89437637191538
 30
0.0
 10
246.457611049497
 20
-67.89437637191538
 30
0.0
 10
245.0983168025766
 20
-66.53508831669956
 30
0.0
 10
245.0983168025766
 20
-64.87371665044832
 30
0.0
 10
245.0983168025766
 20
-64.87371665044832
 30
0.0
 10
245.0983168025766
 20
-64.87371665044832
 30
0.0
 10
245.0983168025766
 20
-64.87371665044832
 30
0.0
 10
245.0983168025766
 20
-63.21234498419678
 30
0.0
 10
246.457611049497
 20
-61.85305692898127
 30
0.0
 10
248.1189764477353
 20
-61.85305692898127
 30
0.0
 10
248.1189764477353
 20
-61.85305692898127
 30
0.0
 10
251.440978862984
 20
-61.85305692898127
 30
0.0
 10
251.440978862984
 20
-61.85305692898127
 30
0.0
 10
253.1023152094887
 20
-61.85305692898127
 30
0.0
 10
254.4616385081428
 20
-63.21234498419678
 30
0.0
 10
254.4616385081428
 20
-64.87371665044832
 30
0.0
 10
254.4616385081428
 20
-64.87371665044832
 30
0.0
 10
254.4616385081428
 20
-64.87371665044832
 30
0.0
 10
254.4616385081428
 20
-64.87371665044832
 30
0.0
 10
254.4616385081428
 20
-66.53508831669956
 30
0.0
 10
253.1023152094887
 20
-67.89437637191538
 30
0.0
 10
251.440978862984
 20
-67.89437637191538
 30
0.0
  0
SPLINE
  5
608
330
1F
100
AcDbEntity
  8
Neuron
 62
   250
420
  1645085
370
    35
100
AcDbSpline
210
0.0
220
0.0
230
1.0
 70
    11
 71
     3
 72
    29
 73
    25
 74
     0
 42
0.0000000001
 43
0.0000000001
 12
1.0
 22
0.0
 32
0.0
 13
1.0
 23
0.0
 33
0.0
 40
0.0
 40
0.0
 40
0.0
 40
0.0
 40
1.0
 40
1.0
 40
1.0
 40
2.0
 40
2.0
 40
2.0
 40
3.0
 40
3.0
 40
3.0
 40
4.0
 40
4.0
 40
4.0
 40
5.0
 40
5.0
 40
5.0
 40
6.0
 40
6.0
 40
6.0
 40
7.0
 40
7.0
 40
7.0
 40
8.0
 40
8.0
 40
8.0
 40
8.0
 10
239.7922569379454
 20
-67.49753664979244
 30
0.0
 10
239.7922569379454
 20
-67.49753664979244
 30
0.0
 10
236.4823900779427
 20
-67.21365637208542
 30
0.0
 10
236.4823900779427
 20
-67.21365637208542
 30
0.0
 10
234.827121509061
 20
-67.07169859434315
 30
0.0
 10
233.5889420962052
 20
-65.60117970582205
 30
0.0
 10
233.7309351481382
 20
-63.94591109512468
 30
0.0
 10
233.7309351481382
 20
-63.94591109512468
 30
0.0
 10
233.7309351481382
 20
-63.94591109512468
 30
0.0
 10
233.7309351481382
 20
-63.94591109512468
 30
0.0
 10
233.8728929222943
 20
-62.29060720664947
 30
0.0
 10
235.3434117736671
 20
-61.05246304029248
 30
0.0
 10
236.9986803425488
 20
-61.19445609581258
 30
0.0
 10
236.9986803425488
 20
-61.19445609581258
 30
0.0
 10
240.3085119247746
 20
-61.47833637351928
 30
0.0
 10
240.3085119247746
 20
-61.47833637351928
 30
0.0
 10
241.9638157714332
 20
-61.62029415126155
 30
0.0
 10
243.2019599065122
 20
-63.09077776200514
 30
0.0
 10
243.0600082725682
 20
-64.74608165048002
 30
0.0
 10
243.0600082725682
 20
-64.74608165048002
 30
0.0
 10
243.0600082725682
 20
-64.74608165048002
 30
0.0
 10
243.0600082725682
 20
-64.74608165048002
 30
0.0
 10
242.918009080423
 20
-66.40138553895524
 30
0.0
 10
241.4475255068271
 20
-67.63952970531223
 30
0.0
 10
239.7922569379454
 20
-67.49753664979244
 30
0.0
  0
HATCH
  5
609
330
1F
100
AcDbEntity
  8
Neuron
 62
     7
420
 16777215
100
AcDbHatch
 10
0.0
 20
0.0
 30
0.0
210
0.0
220
0.0
230
1.0
  2
SOLID
 70
     1
 71
     0
 91
        1
 92
        1
 93
        1
 72
     4
 94
        3
 73
     0
 74
     1
 95
       29
 96
       25
 40
0.0
 40
0.0
 40
0.0
 40
0.0
 40
1.0
 40
1.0
 40
1.0
 40
2.0
 40
2.0
 40
2.0
 40
3.0
 40
3.0
 40
3.0
 40
4.0
 40
4.0
 40
4.0
 40
5.0
 40
5.0
 40
5.0
 40
6.0
 40
6.0
 40
6.0
 40
7.0
 40
7.0
 40
7.0
 40
8.0
 40
8.0
 40
8.0
 40
8.0
 10
239.7922569379454
 20
-67.49753664979244
 10
239.7922569379454
 20
-67.49753664979244
 10
236.4823900779427
 20
-67.21365637208542
 10
236.4823900779427
 20
-67.21365637208542
 10
234.827121509061
 20
-67.07169859434315
 10
233.5889420962052
 20
-65.60117970582205
 10
233.7309351481382
 20
-63.94591109512468
 10
233.7309351481382
 20
-63.94591109512468
 10
233.7309351481382
 20
-63.94591109512468
 10
233.7309351481382
 20
-63.94591109512468
 10
233.8728929222943
 20
-62.29060720664947
 10
235.3434117736671
 20
-61.05246304029248
 10
236.9986803425488
 20
-61.19445609581258
 10
236.9986803425488
 20
-61.19445609581258
 10
240.3085119247746
 20
-61.47833637351928
 10
240.3085119247746
 20
-61.47833637351928
 10
241.9638157714332
 20
-61.62029415126155
 10
243.2019599065122
 20
-63.09077776200514
 10
243.0600082725682
 20
-64.74608165048002
 10
243.0600082725682
 20
-64.74608165048002
 10
243.0600082725682
 20
-64.74608165048002
 10
243.0600082725682
 20
-64.74608165048002
 10
242.918009080423
 20
-66.40138553895524
 10
241.4475255068271
 20
-67.63952970531223
 10
239.7922569379454
 20
-67.49753664979244
 97
        0
 97
        0
 75
     2
 76
     1
 98
        0
  0
SPLINE
  5
60A
330
1F
100
AcDbEntity
  8
Neuron
 62
     7
420
 16777215
370
    35
100
AcDbSpline
210
0.0
220
0.0
230
1.0
 70
    11
 71
     3
 72
    29
 73
    25
 74
     0
 42
0.0000000001
 43
0.0000000001
 12
1.0
 22
0.0
 32
0.0
 13
1.0
 23
0.0
 33
0.0
 40
0.0
 40
0.0
 40
0.0
 40
0.0
 40
1.0
 40
1.0
 40
1.0
 40
2.0
 40
2.0
 40
2.0
 40
3.0
 40
3.0
 40
3.0
 40
4.0
 40
4.0
 40
4.0
 40
5.0
 40
5.0
 40
5.0
 40
6.0
 40
6.0
 40
6.0
 40
7.0
 40
7.0
 40
7.0
 40
8.0
 40
8.0
 40
8.0
 40
8.0
 10
239.7922569379454
 20
-67.49753664979244
 30
0.0
 10
239.7922569379454
 20
-67.49753664979244
 30
0.0
 10
236.4823900779427
 20
-67.21365637208542
 30
0.0
 10
236.4823900779427
 20
-67.21365637208542
 30
0.0
 10
234.827121509061
 20
-67.07169859434315
 30
0.0
 10
233.5889420962052
 20
-65.60117970582205
 30
0.0
 10
233.7309351481382
 20
-63.94591109512468
 30
0.0
 10
233.7309351481382
 20
-63.94591109512468
 30
0.0
 10
233.7309351481382
 20
-63.94591109512468
 30
0.0
 10
233.7309351481382
 20
-63.94591109512468
 30
0.0
 10
233.8728929222943
 20
-62.29060720664947
 30
0.0
 10
235.3434117736671
 20
-61.05246304029248
 30
0.0
 10
236.9986803425488
 20
-61.19445609581258
 30
0.0
 10
236.9986803425488
 20
-61.19445609581258
 30
0.0
 10
240.3085119247746
 20
-61.47833637351928
 30
0.0
 10
240.3085119247746
 20
-61.47833637351928
 30
0.0
 10
241.9638157714332
 20
-61.62029415126155
 30
0.0
 10
243.2019599065122
 20
-63.09077776200514
 30
0.0
 10
243.0600082725682
 20
-64.74608165048002
 30
0.0
 10
243.0600082725682
 20
-64.74608165048002
 30
0.0
 10
243.0600082725682
 20
-64.74608165048002
 30
0.0
 10
243.0600082725682
 20
-64.74608165048002
 30
0.0
 10
242.918009080423
 20
-66.40138553895524
 30
0.0
 10
241.4475255068271
 20
-67.63952970531223
 30
0.0
 10
239.7922569379454
 20
-67.49753664979244
 30
0.0
  0
SPLINE
  5
60B
330
1F
100
AcDbEntity
  8
Neuron
 62
   250
420
  1645085
370
    35
100
AcDbSpline
210
0.0
220
0.0
230
1.0
 70
    11
 71
     3
 72
    29
 73
    25
 74
     0
 42
0.0000000001
 43
0.0000000001
 12
1.0
 22
0.0
 32
0.0
 13
1.0
 23
0.0
 33
0.0
 40
0.0
 40
0.0
 40
0.0
 40
0.0
 40
1.0
 40
1.0
 40
1.0
 40
2.0
 40
2.0
 40
2.0
 40
3.0
 40
3.0
 40
3.0
 40
4.0
 40
4.0
 40
4.0
 40
5.0
 40
5.0
 40
5.0
 40
6.0
 40
6.0
 40
6.0
 40
7.0
 40
7.0
 40
7.0
 40
8.0
 40
8.0
 40
8.0
 40
8.0
 10
228.5463013915203
 20
-66.24535192788323
 30
0.0
 10
228.5463013915203
 20
-66.24535192788323
 30
0.0
 10
225.24352536467
 20
-65.88865831686108
 30
0.0
 10
225.24352536467
 20
-65.88865831686108
 30
0.0
 10
223.5917492956993
 20
-65.71025859468355
 30
0.0
 10
222.3862723820091
 20
-64.21289331728019
 30
0.0
 10
222.5646777221366
 20
-62.56111720658196
 30
0.0
 10
222.5646777221366
 20
-62.56111720658196
 30
0.0
 10
222.5646777221366
 20
-62.56111720658196
 30
0.0
 10
222.5646777221366
 20
-62.56111720658196
 30
0.0
 10
222.7430365395739
 20
-60.90937637366157
 30
0.0
 10
224.2404370569276
 20
-59.70386415174077
 30
0.0
 10
225.8921778481215
 20
-59.88226387391829
 30
0.0
 10
225.8921778481215
 20
-59.88226387391829
 30
0.0
 10
229.1949891527487
 20
-60.23895748494012
 30
0.0
 10
229.1949891527487
 20
-60.23895748494012
 30
0.0
 10
230.8467299439426
 20
-60.41735720711797
 30
0.0
 10
232.0522421354096
 20
-61.91472248452133
 30
0.0
 10
231.8738424177388
 20
-63.56649859521956
 30
0.0
 10
231.8738424177388
 20
-63.56649859521956
 30
0.0
 10
231.8738424177388
 20
-63.56649859521956
 30
0.0
 10
231.8738424177388
 20
-63.56649859521956
 30
0.0
 10
231.6954427000679
 20
-65.21827470591779
 30
0.0
 10
230.1980832757841
 20
-66.42375165006075
 30
0.0
 10
228.5463013915203
 20
-66.24535192788323
 30
0.0
  0
HATCH
  5
60C
330
1F
100
AcDbEntity
  8
Neuron
 62
     7
420
 16777215
100
AcDbHatch
 10
0.0
 20
0.0
 30
0.0
210
0.0
220
0.0
230
1.0
  2
SOLID
 70
     1
 71
     0
 91
        1
 92
        1
 93
        1
 72
     4
 94
        3
 73
     0
 74
     1
 95
       29
 96
       25
 40
0.0
 40
0.0
 40
0.0
 40
0.0
 40
1.0
 40
1.0
 40
1.0
 40
2.0
 40
2.0
 40
2.0
 40
3.0
 40
3.0
 40
3.0
 40
4.0
 40
4.0
 40
4.0
 40
5.0
 40
5.0
 40
5.0
 40
6.0
 40
6.0
 40
6.0
 40
7.0
 40
7.0
 40
7.0
 40
8.0
 40
8.0
 40
8.0
 40
8.0
 10
228.5463013915203
 20
-66.24535192788323
 10
228.5463013915203
 20
-66.24535192788323
 10
225.24352536467
 20
-65.88865831686108
 10
225.24352536467
 20
-65.88865831686108
 10
223.5917492956993
 20
-65.71025859468355
 10
222.3862723820091
 20
-64.21289331728019
 10
222.5646777221366
 20
-62.56111720658196
 10
222.5646777221366
 20
-62.56111720658196
 10
222.5646777221366
 20
-62.56111720658196
 10
222.5646777221366
 20
-62.56111720658196
 10
222.7430365395739
 20
-60.90937637366157
 10
224.2404370569276
 20
-59.70386415174077
 10
225.8921778481215
 20
-59.88226387391829
 10
225.8921778481215
 20
-59.88226387391829
 10
229.1949891527487
 20
-60.23895748494012
 10
229.1949891527487
 20
-60.23895748494012
 10
230.8467299439426
 20
-60.41735720711797
 10
232.0522421354096
 20
-61.91472248452133
 10
231.8738424177388
 20
-63.56649859521956
 10
231.8738424177388
 20
-63.56649859521956
 10
231.8738424177388
 20
-63.56649859521956
 10
231.8738424177388
 20
-63.56649859521956
 10
231.6954427000679
 20
-65.21827470591779
 10
230.1980832757841
 20
-66.42375165006075
 10
228.5463013915203
 20
-66.24535192788323
 97
        0
 97
        0
 75
     2
 76
     1
 98
        0
  0
SPLINE
  5
60D
330
1F
100
AcDbEntity
  8
Neuron
 62
     7
420
 16777215
370
    35
100
AcDbSpline
210
0.0
220
0.0
230
1.0
 70
    11
 71
     3
 72
    29
 73
    25
 74
     0
 42
0.0000000001
 43
0.0000000001
 12
1.0
 22
0.0
 32
0.0
 13
1.0
 23
0.0
 33
0.0
 40
0.0
 40
0.0
 40
0.0
 40
0.0
 40
1.0
 40
1.0
 40
1.0
 40
2.0
 40
2.0
 40
2.0
 40
3.0
 40
3.0
 40
3.0
 40
4.0
 40
4.0
 40
4.0
 40
5.0
 40
5.0
 40
5.0
 40
6.0
 40
6.0
 40
6.0
 40
7.0
 40
7.0
 40
7.0
 40
8.0
 40
8.0
 40
8.0
 40
8.0
 10
228.5463013915203
 20
-66.24535192788323
 30
0.0
 10
228.5463013915203
 20
-66.24535192788323
 30
0.0
 10
225.24352536467
 20
-65.88865831686108
 30
0.0
 10
225.24352536467
 20
-65.88865831686108
 30
0.0
 10
223.5917492956993
 20
-65.71025859468355
 30
0.0
 10
222.3862723820091
 20
-64.21289331728019
 30
0.0
 10
222.5646777221366
 20
-62.56111720658196
 30
0.0
 10
222.5646777221366
 20
-62.56111720658196
 30
0.0
 10
222.5646777221366
 20
-62.56111720658196
 30
0.0
 10
222.5646777221366
 20
-62.56111720658196
 30
0.0
 10
222.7430365395739
 20
-60.90937637366157
 30
0.0
 10
224.2404370569276
 20
-59.70386415174077
 30
0.0
 10
225.8921778481215
 20
-59.88226387391829
 30
0.0
 10
225.8921778481215
 20
-59.88226387391829
 30
0.0
 10
229.1949891527487
 20
-60.23895748494012
 30
0.0
 10
229.1949891527487
 20
-60.23895748494012
 30
0.0
 10
230.8467299439426
 20
-60.41735720711797
 30
0.0
 10
232.0522421354096
 20
-61.91472248452133
 30
0.0
 10
231.8738424177388
 20
-63.56649859521956
 30
0.0
 10
231.8738424177388
 20
-63.56649859521956
 30
0.0
 10
231.8738424177388
 20
-63.56649859521956
 30
0.0
 10
231.8738424177388
 20
-63.56649859521956
 30
0.0
 10
231.6954427000679
 20
-65.21827470591779
 30
0.0
 10
230.1980832757841
 20
-66.42375165006075
 30
0.0
 10
228.5463013915203
 20
-66.24535192788323
 30
0.0
  0
SPLINE
  5
60F
330
1F
100
AcDbEntity
  8
Boutons
370
     0
100
AcDbSpline
210
0.0
220
0.0
230
1.0
 70
    11
 71
     3
 72
    29
 73
    25
 74
     0
 42
0.0000000001
 43
0.0000000001
 12
1.0
 22
0.0
 32
0.0
 13
1.0
 23
0.0
 33
0.0
 40
0.0
 40
0.0
 40
0.0
 40
0.0
 40
1.0
 40
1.0
 40
1.0
 40
2.0
 40
2.0
 40
2.0
 40
3.0
 40
3.0
 40
3.0
 40
4.0
 40
4.0
 40
4.0
 40
5.0
 40
5.0
 40
5.0
 40
6.0
 40
6.0
 40
6.0
 40
7.0
 40
7.0
 40
7.0
 40
8.0
 40
8.0
 40
8.0
 40
8.0
 10
173.4392170628514
 20
-50.50902887626152
 30
0.0
 10
173.4392170628514
 20
-50.50902887626152
 30
0.0
 10
168.7494952380517
 20
-50.50902887626152
 30
0.0
 10
168.7494952380517
 20
-50.50902887626152
 30
0.0
 10
168.4749988561658
 20
-50.50902887626152
 30
0.0
 10
168.2525061241876
 20
-50.2865319318728
 30
0.0
 10
168.2525061241876
 20
-50.01207082083022
 30
0.0
 10
168.2525061241876
 20
-50.01207082083022
 30
0.0
 10
168.2525061241876
 20
-49.00929998774767
 30
0.0
 10
168.2525061241876
 20
-49.00929998774767
 30
0.0
 10
168.2525061241876
 20
-48.73261637670564
 30
0.0
 10
168.4767980227865
 20
-48.50835554342844
 30
0.0
 10
168.7534505685068
 20
-48.50835554342844
 30
0.0
 10
168.7534505685068
 20
-48.50835554342844
 30
0.0
 10
173.4392170628514
 20
-48.50835554342844
 30
0.0
 10
173.4392170628514
 20
-48.50835554342844
 30
0.0
 10
173.7137134447373
 20
-48.50835554342844
 30
0.0
 10
173.9362103835053
 20
-48.73085248781715
 30
0.0
 10
173.9362103835053
 20
-49.00534887663758
 30
0.0
 10
173.9362103835053
 20
-49.00534887663758
 30
0.0
 10
173.9362103835053
 20
-50.01207082083022
 30
0.0
 10
173.9362103835053
 20
-50.01207082083022
 30
0.0
 10
173.9362103835053
 20
-50.2865319318728
 30
0.0
 10
173.7137134447373
 20
-50.50902887626152
 30
0.0
 10
173.4392170628514
 20
-50.50902887626152
 30
0.0
  0
MTEXT
  5
610
330
1F
100
AcDbEntity
  8
Boutons
 62
     7
420
 16777215
100
AcDbMText
 10
168.4639607664614
 20
-50.22160152824318
 30
0.0
 40
1.49859999962535
 41
0.0
 46
0.0
 71
     7
 72
     1
  1
\fMyriad Pro|b0|i0|c0|p34;\W1.02922;Reset
 73
     1
 44
1.0
  0
MTEXT
  5
611
330
1F
100
AcDbEntity
  8
Boutons
 62
     7
420
 16777215
100
AcDbMText
 10
207.8506124103299
 20
-50.30278466505725
 30
0.0
 40
1.49859999962535
 41
0.0
 46
0.0
 71
     7
 72
     1
  1
\fMyriad Pro|b0|i0|c0|p34;\W1;Buzzer
 73
     1
 44
1.0
  0
INSERT
  5
613
330
1F
100
AcDbEntity
  8
Boutons
100
AcDbBlockReference
  2
block 217
 10
0.0
 20
0.0
 30
0.0
  0
SPLINE
  5
618
330
1F
100
AcDbEntity
  8
Knobs and Screws layout
370
     0
100
AcDbSpline
210
0.0
220
0.0
230
1.0
 70
    11
 71
     3
 72
    17
 73
    13
 74
     0
 42
0.0000000001
 43
0.0000000001
 12
1.0
 22
0.0
 32
0.0
 13
1.0
 23
0.0
 33
0.0
 40
0.0
 40
0.0
 40
0.0
 40
0.0
 40
1.0
 40
1.0
 40
1.0
 40
2.0
 40
2.0
 40
2.0
 40
3.0
 40
3.0
 40
3.0
 40
4.0
 40
4.0
 40
4.0
 40
4.0
 10
15.00000527402772
 20
32.73611971403811
 30
0.0
 10
15.00000527402772
 20
29.42240749264448
 30
0.0
 10
12.31370833025482
 20
26.73611054887159
 30
0.0
 10
8.99999610886119
 20
26.73611054887159
 30
0.0
 10
5.686283887467243
 20
26.73611054887159
 30
0.0
 10
3.000001054805415
 20
29.42240749264448
 30
0.0
 10
3.000001054805415
 20
32.73611971403811
 30
0.0
 10
3.000001054805415
 20
36.04983102473663
 30
0.0
 10
5.686283887467243
 20
38.73609262287106
 30
0.0
 10
8.99999610886119
 20
38.73609262287106
 30
0.0
 10
12.31370833025482
 20
38.73609262287106
 30
0.0
 10
15.00000527402772
 20
36.04983102473663
 30
0.0
 10
15.00000527402772
 20
32.73611971403811
 30
0.0
  0
HATCH
  5
619
330
1F
100
AcDbEntity
  8
Knobs and Screws layout
 62
   161
420
  6789876
100
AcDbHatch
 10
0.0
 20
0.0
 30
0.0
210
0.0
220
0.0
230
1.0
  2
SOLID
 70
     1
 71
     0
 91
        1
 92
        1
 93
        1
 72
     4
 94
        3
 73
     0
 74
     1
 95
       17
 96
       13
 40
0.0
 40
0.0
 40
0.0
 40
0.0
 40
1.0
 40
1.0
 40
1.0
 40
2.0
 40
2.0
 40
2.0
 40
3.0
 40
3.0
 40
3.0
 40
4.0
 40
4.0
 40
4.0
 40
4.0
 10
15.00000527402772
 20
32.73611971403811
 10
15.00000527402772
 20
29.42240749264448
 10
12.31370833025482
 20
26.73611054887159
 10
8.99999610886119
 20
26.73611054887159
 10
5.686283887467243
 20
26.73611054887159
 10
3.000001054805415
 20
29.42240749264448
 10
3.000001054805415
 20
32.73611971403811
 10
3.000001054805415
 20
36.04983102473663
 10
5.686283887467243
 20
38.73609262287106
 10
8.99999610886119
 20
38.73609262287106
 10
12.31370833025482
 20
38.73609262287106
 10
15.00000527402772
 20
36.04983102473663
 10
15.00000527402772
 20
32.73611971403811
 97
        0
 97
        0
 75
     2
 76
     1
 98
        0
  0
SPLINE
  5
61A
330
1F
100
AcDbEntity
  8
Knobs and Screws layout
370
     0
100
AcDbSpline
210
0.0
220
0.0
230
1.0
 70
    11
 71
     3
 72
    17
 73
    13
 74
     0
 42
0.0000000001
 43
0.0000000001
 12
1.0
 22
0.0
 32
0.0
 13
1.0
 23
0.0
 33
0.0
 40
0.0
 40
0.0
 40
0.0
 40
0.0
 40
1.0
 40
1.0
 40
1.0
 40
2.0
 40
2.0
 40
2.0
 40
3.0
 40
3.0
 40
3.0
 40
4.0
 40
4.0
 40
4.0
 40
4.0
 10
15.00000527402772
 20
61.19999316088032
 30
0.0
 10
15.00000527402772
 20
57.88628102319794
 30
0.0
 10
12.31370833025482
 20
55.19998414728664
 30
0.0
 10
8.99999610886119
 20
55.19998414728664
 30
0.0
 10
5.686283887467243
 20
55.19998414728664
 30
0.0
 10
3.000001054805415
 20
57.88628102319794
 30
0.0
 10
3.000001054805415
 20
61.19999316088032
 30
0.0
 10
3.000001054805415
 20
64.5137052985627
 30
0.0
 10
5.686283887467243
 20
67.20000217447401
 30
0.0
 10
8.99999610886119
 20
67.20000217447401
 30
0.0
 10
12.31370833025482
 20
67.20000217447401
 30
0.0
 10
15.00000527402772
 20
64.5137052985627
 30
0.0
 10
15.00000527402772
 20
61.19999316088032
 30
0.0
  0
HATCH
  5
61B
330
1F
100
AcDbEntity
  8
Knobs and Screws layout
 62
   161
420
  6789876
100
AcDbHatch
 10
0.0
 20
0.0
 30
0.0
210
0.0
220
0.0
230
1.0
  2
SOLID
 70
     1
 71
     0
 91
        1
 92
        1
 93
        1
 72
     4
 94
        3
 73
     0
 74
     1
 95
       17
 96
       13
 40
0.0
 40
0.0
 40
0.0
 40
0.0
 40
1.0
 40
1.0
 40
1.0
 40
2.0
 40
2.0
 40
2.0
 40
3.0
 40
3.0
 40
3.0
 40
4.0
 40
4.0
 40
4.0
 40
4.0
 10
15.00000527402772
 20
61.19999316088032
 10
15.00000527402772
 20
57.88628102319794
 10
12.31370833025482
 20
55.19998414728664
 10
8.99999610886119
 20
55.19998414728664
 10
5.686283887467243
 20
55.19998414728664
 10
3.000001054805415
 20
57.88628102319794
 10
3.000001054805415
 20
61.19999316088032
 10
3.000001054805415
 20
64.5137052985627
 10
5.686283887467243
 20
67.20000217447401
 10
8.99999610886119
 20
67.20000217447401
 10
12.31370833025482
 20
67.20000217447401
 10
15.00000527402772
 20
64.5137052985627
 10
15.00000527402772
 20
61.19999316088032
 97
        0
 97
        0
 75
     2
 76
     1
 98
        0
  0
SPLINE
  5
61C
330
1F
100
AcDbEntity
  8
Knobs and Screws layout
370
     0
100
AcDbSpline
210
0.0
220
0.0
230
1.0
 70
    11
 71
     3
 72
    17
 73
    13
 74
     0
 42
0.0000000001
 43
0.0000000001
 12
1.0
 22
0.0
 32
0.0
 13
1.0
 23
0.0
 33
0.0
 40
0.0
 40
0.0
 40
0.0
 40
0.0
 40
1.0
 40
1.0
 40
1.0
 40
2.0
 40
2.0
 40
2.0
 40
3.0
 40
3.0
 40
3.0
 40
4.0
 40
4.0
 40
4.0
 40
4.0
 10
62.11943785964555
 20
7.599997498100097
 30
0.0
 10
62.11943785964555
 20
4.28628527670615
 30
0.0
 10
59.43314098373425
 20
1.599998916266634
 30
0.0
 10
56.11942884605187
 20
1.599998916266634
 30
0.0
 10
52.80575198614636
 20
1.599998916266634
 30
0.0
 10
50.11945511023507
 20
4.28628527670615
 30
0.0
 10
50.11945511023507
 20
7.599997498100097
 30
0.0
 10
50.11945511023507
 20
10.91370971949372
 30
0.0
 10
52.80575198614636
 20
13.60000666326662
 30
0.0
 10
56.11942884605187
 20
13.60000666326662
 30
0.0
 10
59.43314098373425
 20
13.60000666326662
 30
0.0
 10
62.11943785964555
 20
10.91370971949372
 30
0.0
 10
62.11943785964555
 20
7.599997498100097
 30
0.0
  0
HATCH
  5
61D
330
1F
100
AcDbEntity
  8
Knobs and Screws layout
 62
   161
420
  6789876
100
AcDbHatch
 10
0.0
 20
0.0
 30
0.0
210
0.0
220
0.0
230
1.0
  2
SOLID
 70
     1
 71
     0
 91
        1
 92
        1
 93
        1
 72
     4
 94
        3
 73
     0
 74
     1
 95
       17
 96
       13
 40
0.0
 40
0.0
 40
0.0
 40
0.0
 40
1.0
 40
1.0
 40
1.0
 40
2.0
 40
2.0
 40
2.0
 40
3.0
 40
3.0
 40
3.0
 40
4.0
 40
4.0
 40
4.0
 40
4.0
 10
62.11943785964555
 20
7.599997498100097
 10
62.11943785964555
 20
4.28628527670615
 10
59.43314098373425
 20
1.599998916266634
 10
56.11942884605187
 20
1.599998916266634
 10
52.80575198614636
 20
1.599998916266634
 10
50.11945511023507
 20
4.28628527670615
 10
50.11945511023507
 20
7.599997498100097
 10
50.11945511023507
 20
10.91370971949372
 10
52.80575198614636
 20
13.60000666326662
 10
56.11942884605187
 20
13.60000666326662
 10
59.43314098373425
 20
13.60000666326662
 10
62.11943785964555
 20
10.91370971949372
 10
62.11943785964555
 20
7.599997498100097
 97
        0
 97
        0
 75
     2
 76
     1
 98
        0
  0
SPLINE
  5
61E
330
1F
100
AcDbEntity
  8
Knobs and Screws layout
370
     0
100
AcDbSpline
210
0.0
220
0.0
230
1.0
 70
    11
 71
     3
 72
    17
 73
    13
 74
     0
 42
0.0000000001
 43
0.0000000001
 12
1.0
 22
0.0
 32
0.0
 13
1.0
 23
0.0
 33
0.0
 40
0.0
 40
0.0
 40
0.0
 40
0.0
 40
1.0
 40
1.0
 40
1.0
 40
2.0
 40
2.0
 40
2.0
 40
3.0
 40
3.0
 40
3.0
 40
4.0
 40
4.0
 40
4.0
 40
4.0
 10
84.50001228866954
 20
7.599997498100097
 30
0.0
 10
84.50001228866954
 20
4.28628527670615
 30
0.0
 10
81.81371541275823
 20
1.599998916266634
 30
0.0
 10
78.50000327507584
 20
1.599998916266634
 30
0.0
 10
75.18629113739347
 20
1.599998916266634
 30
0.0
 10
72.49999426148216
 20
4.28628527670615
 30
0.0
 10
72.49999426148216
 20
7.599997498100097
 30
0.0
 10
72.49999426148216
 20
10.91370971949372
 30
0.0
 10
75.18629113739347
 20
13.60000666326662
 30
0.0
 10
78.50000327507584
 20
13.60000666326662
 30
0.0
 10
81.81371541275823
 20
13.60000666326662
 30
0.0
 10
84.50001228866954
 20
10.91370971949372
 30
0.0
 10
84.50001228866954
 20
7.599997498100097
 30
0.0
  0
HATCH
  5
61F
330
1F
100
AcDbEntity
  8
Knobs and Screws layout
 62
   161
420
  6789876
100
AcDbHatch
 10
0.0
 20
0.0
 30
0.0
210
0.0
220
0.0
230
1.0
  2
SOLID
 70
     1
 71
     0
 91
        1
 92
        1
 93
        1
 72
     4
 94
        3
 73
     0
 74
     1
 95
       17
 96
       13
 40
0.0
 40
0.0
 40
0.0
 40
0.0
 40
1.0
 40
1.0
 40
1.0
 40
2.0
 40
2.0
 40
2.0
 40
3.0
 40
3.0
 40
3.0
 40
4.0
 40
4.0
 40
4.0
 40
4.0
 10
84.50001228866954
 20
7.599997498100097
 10
84.50001228866954
 20
4.28628527670615
 10
81.81371541275823
 20
1.599998916266634
 10
78.50000327507584
 20
1.599998916266634
 10
75.18629113739347
 20
1.599998916266634
 10
72.49999426148216
 20
4.28628527670615
 10
72.49999426148216
 20
7.599997498100097
 10
72.49999426148216
 20
10.91370971949372
 10
75.18629113739347
 20
13.60000666326662
 10
78.50000327507584
 20
13.60000666326662
 10
81.81371541275823
 20
13.60000666326662
 10
84.50001228866954
 20
10.91370971949372
 10
84.50001228866954
 20
7.599997498100097
 97
        0
 97
        0
 75
     2
 76
     1
 98
        0
  0
SPLINE
  5
620
330
1F
100
AcDbEntity
  8
Knobs and Screws layout
370
     0
100
AcDbSpline
210
0.0
220
0.0
230
1.0
 70
    11
 71
     3
 72
    17
 73
    13
 74
     0
 42
0.0000000001
 43
0.0000000001
 12
1.0
 22
0.0
 32
0.0
 13
1.0
 23
0.0
 33
0.0
 40
0.0
 40
0.0
 40
0.0
 40
0.0
 40
1.0
 40
1.0
 40
1.0
 40
2.0
 40
2.0
 40
2.0
 40
3.0
 40
3.0
 40
3.0
 40
4.0
 40
4.0
 40
4.0
 40
4.0
 10
121.0014694129953
 20
22.99998221647213
 30
0.0
 10
121.0014694129953
 20
19.68630527285634
 30
0.0
 10
118.315172537084
 20
17.00000832908344
 30
0.0
 10
115.0014603994017
 20
17.00000832908344
 30
0.0
 10
111.6877482617193
 20
17.00000832908344
 30
0.0
 10
109.001451385808
 20
19.68630527285634
 30
0.0
 10
109.001451385808
 20
22.99998221647213
 30
0.0
 10
109.001451385808
 20
26.31369443786607
 30
0.0
 10
111.6877482617193
 20
28.99999138163897
 30
0.0
 10
115.0014603994017
 20
28.99999138163897
 30
0.0
 10
118.315172537084
 20
28.99999138163897
 30
0.0
 10
121.0014694129953
 20
26.31369443786607
 30
0.0
 10
121.0014694129953
 20
22.99998221647213
 30
0.0
  0
HATCH
  5
621
330
1F
100
AcDbEntity
  8
Knobs and Screws layout
 62
   161
420
  6789876
100
AcDbHatch
 10
0.0
 20
0.0
 30
0.0
210
0.0
220
0.0
230
1.0
  2
SOLID
 70
     1
 71
     0
 91
        1
 92
        1
 93
        1
 72
     4
 94
        3
 73
     0
 74
     1
 95
       17
 96
       13
 40
0.0
 40
0.0
 40
0.0
 40
0.0
 40
1.0
 40
1.0
 40
1.0
 40
2.0
 40
2.0
 40
2.0
 40
3.0
 40
3.0
 40
3.0
 40
4.0
 40
4.0
 40
4.0
 40
4.0
 10
121.0014694129953
 20
22.99998221647213
 10
121.0014694129953
 20
19.68630527285634
 10
118.315172537084
 20
17.00000832908344
 10
115.0014603994017
 20
17.00000832908344
 10
111.6877482617193
 20
17.00000832908344
 10
109.001451385808
 20
19.68630527285634
 10
109.001451385808
 20
22.99998221647213
 10
109.001451385808
 20
26.31369443786607
 10
111.6877482617193
 20
28.99999138163897
 10
115.0014603994017
 20
28.99999138163897
 10
118.315172537084
 20
28.99999138163897
 10
121.0014694129953
 20
26.31369443786607
 10
121.0014694129953
 20
22.99998221647213
 97
        0
 97
        0
 75
     2
 76
     1
 98
        0
  0
SPLINE
  5
622
330
1F
100
AcDbEntity
  8
Knobs and Screws layout
370
     0
100
AcDbSpline
210
0.0
220
0.0
230
1.0
 70
    11
 71
     3
 72
    17
 73
    13
 74
     0
 42
0.0000000001
 43
0.0000000001
 12
1.0
 22
0.0
 32
0.0
 13
1.0
 23
0.0
 33
0.0
 40
0.0
 40
0.0
 40
0.0
 40
0.0
 40
1.0
 40
1.0
 40
1.0
 40
2.0
 40
2.0
 40
2.0
 40
3.0
 40
3.0
 40
3.0
 40
4.0
 40
4.0
 40
4.0
 40
4.0
 10
120.998682468622
 20
48.62776959273558
 30
0.0
 10
120.998682468622
 20
45.3140574550532
 30
0.0
 10
118.3123855927107
 20
42.62776057914189
 30
0.0
 10
114.9986734550283
 20
42.62776057914189
 30
0.0
 10
111.6849613173459
 20
42.62776057914189
 30
0.0
 10
108.9986644414346
 20
45.3140574550532
 30
0.0
 10
108.9986644414346
 20
48.62776959273558
 30
0.0
 10
108.9986644414346
 20
51.94148173041796
 30
0.0
 10
111.6849613173459
 20
54.62777860632926
 30
0.0
 10
114.9986734550283
 20
54.62777860632926
 30
0.0
 10
118.3123855927107
 20
54.62777860632926
 30
0.0
 10
120.998682468622
 20
51.94148173041796
 30
0.0
 10
120.998682468622
 20
48.62776959273558
 30
0.0
  0
HATCH
  5
623
330
1F
100
AcDbEntity
  8
Knobs and Screws layout
 62
   161
420
  6789876
100
AcDbHatch
 10
0.0
 20
0.0
 30
0.0
210
0.0
220
0.0
230
1.0
  2
SOLID
 70
     1
 71
     0
 91
        1
 92
        1
 93
        1
 72
     4
 94
        3
 73
     0
 74
     1
 95
       17
 96
       13
 40
0.0
 40
0.0
 40
0.0
 40
0.0
 40
1.0
 40
1.0
 40
1.0
 40
2.0
 40
2.0
 40
2.0
 40
3.0
 40
3.0
 40
3.0
 40
4.0
 40
4.0
 40
4.0
 40
4.0
 10
120.998682468622
 20
48.62776959273558
 10
120.998682468622
 20
45.3140574550532
 10
118.3123855927107
 20
42.62776057914189
 10
114.9986734550283
 20
42.62776057914189
 10
111.6849613173459
 20
42.62776057914189
 10
108.9986644414346
 20
45.3140574550532
 10
108.9986644414346
 20
48.62776959273558
 10
108.9986644414346
 20
51.94148173041796
 10
111.6849613173459
 20
54.62777860632926
 10
114.9986734550283
 20
54.62777860632926
 10
118.3123855927107
 20
54.62777860632926
 10
120.998682468622
 20
51.94148173041796
 10
120.998682468622
 20
48.62776959273558
 97
        0
 97
        0
 75
     2
 76
     1
 98
        0
  0
SPLINE
  5
624
330
1F
100
AcDbEntity
  8
Knobs and Screws layout
370
     0
100
AcDbSpline
210
0.0
220
0.0
230
1.0
 70
    11
 71
     3
 72
    17
 73
    13
 74
     0
 42
0.0000000001
 43
0.0000000001
 12
1.0
 22
0.0
 32
0.0
 13
1.0
 23
0.0
 33
0.0
 40
0.0
 40
0.0
 40
0.0
 40
0.0
 40
1.0
 40
1.0
 40
1.0
 40
2.0
 40
2.0
 40
2.0
 40
3.0
 40
3.0
 40
3.0
 40
4.0
 40
4.0
 40
4.0
 40
4.0
 10
26.60000888223894
 20
7.599997498100097
 30
0.0
 10
26.60000888223894
 20
4.28628527670615
 30
0.0
 10
23.91371193846604
 20
1.599998916266634
 30
0.0
 10
20.59999971707209
 20
1.599998916266634
 30
0.0
 10
17.28628749567847
 20
1.599998916266634
 30
0.0
 10
14.59999055190556
 20
4.28628527670615
 30
0.0
 10
14.59999055190556
 20
7.599997498100097
 30
0.0
 10
14.59999055190556
 20
10.91370971949372
 30
0.0
 10
17.28628749567847
 20
13.60000666326662
 30
0.0
 10
20.59999971707209
 20
13.60000666326662
 30
0.0
 10
23.91371193846604
 20
13.60000666326662
 30
0.0
 10
26.60000888223894
 20
10.91370971949372
 30
0.0
 10
26.60000888223894
 20
7.599997498100097
 30
0.0
  0
HATCH
  5
625
330
1F
100
AcDbEntity
  8
Knobs and Screws layout
 62
   161
420
  6789876
100
AcDbHatch
 10
0.0
 20
0.0
 30
0.0
210
0.0
220
0.0
230
1.0
  2
SOLID
 70
     1
 71
     0
 91
        1
 92
        1
 93
        1
 72
     4
 94
        3
 73
     0
 74
     1
 95
       17
 96
       13
 40
0.0
 40
0.0
 40
0.0
 40
0.0
 40
1.0
 40
1.0
 40
1.0
 40
2.0
 40
2.0
 40
2.0
 40
3.0
 40
3.0
 40
3.0
 40
4.0
 40
4.0
 40
4.0
 40
4.0
 10
26.60000888223894
 20
7.599997498100097
 10
26.60000888223894
 20
4.28628527670615
 10
23.91371193846604
 20
1.599998916266634
 10
20.59999971707209
 20
1.599998916266634
 10
17.28628749567847
 20
1.599998916266634
 10
14.59999055190556
 20
4.28628527670615
 10
14.59999055190556
 20
7.599997498100097
 10
14.59999055190556
 20
10.91370971949372
 10
17.28628749567847
 20
13.60000666326662
 10
20.59999971707209
 20
13.60000666326662
 10
23.91371193846604
 20
13.60000666326662
 10
26.60000888223894
 20
10.91370971949372
 10
26.60000888223894
 20
7.599997498100097
 97
        0
 97
        0
 75
     2
 76
     1
 98
        0
  0
INSERT
  5
627
330
1F
100
AcDbEntity
  8
Knobs and Screws layout
100
AcDbBlockReference
  2
block 218
 10
0.0
 20
0.0
 30
0.0
  0
SPLINE
  5
632
330
1F
100
AcDbEntity
  8
Knobs and Screws layout
370
     0
100
AcDbSpline
210
0.0
220
0.0
230
1.0
 70
    11
 71
     3
 72
    17
 73
    13
 74
     0
 42
0.0000000001
 43
0.0000000001
 12
1.0
 22
0.0
 32
0.0
 13
1.0
 23
0.0
 33
0.0
 40
0.0
 40
0.0
 40
0.0
 40
0.0
 40
1.0
 40
1.0
 40
1.0
 40
2.0
 40
2.0
 40
2.0
 40
3.0
 40
3.0
 40
3.0
 40
4.0
 40
4.0
 40
4.0
 40
4.0
 10
81.49999014298425
 20
70.99998318863952
 30
0.0
 10
81.49999014298425
 20
69.61928331592836
 30
0.0
 10
80.38069683820648
 20
68.49998825241971
 30
0.0
 10
78.99999720247219
 20
68.49998825241971
 30
0.0
 10
77.6192935753224
 20
68.49998825241971
 30
0.0
 10
76.50000027054462
 20
69.61928331592836
 30
0.0
 10
76.50000027054462
 20
70.99998318863952
 30
0.0
 10
76.50000027054462
 20
72.38072009785843
 30
0.0
 10
77.6192935753224
 20
73.49997812485934
 30
0.0
 10
78.99999720247219
 20
73.49997812485934
 30
0.0
 10
80.38069683820648
 20
73.49997812485934
 30
0.0
 10
81.49999014298425
 20
72.38072009785843
 30
0.0
 10
81.49999014298425
 20
70.99998318863952
 30
0.0
  0
HATCH
  5
633
330
1F
100
AcDbEntity
  8
Knobs and Screws layout
 62
   161
420
  6789876
100
AcDbHatch
 10
0.0
 20
0.0
 30
0.0
210
0.0
220
0.0
230
1.0
  2
SOLID
 70
     1
 71
     0
 91
        1
 92
        1
 93
        1
 72
     4
 94
        3
 73
     0
 74
     1
 95
       17
 96
       13
 40
0.0
 40
0.0
 40
0.0
 40
0.0
 40
1.0
 40
1.0
 40
1.0
 40
2.0
 40
2.0
 40
2.0
 40
3.0
 40
3.0
 40
3.0
 40
4.0
 40
4.0
 40
4.0
 40
4.0
 10
81.49999014298425
 20
70.99998318863952
 10
81.49999014298425
 20
69.61928331592836
 10
80.38069683820648
 20
68.49998825241971
 10
78.99999720247219
 20
68.49998825241971
 10
77.6192935753224
 20
68.49998825241971
 10
76.50000027054462
 20
69.61928331592836
 10
76.50000027054462
 20
70.99998318863952
 10
76.50000027054462
 20
72.38072009785843
 10
77.6192935753224
 20
73.49997812485934
 10
78.99999720247219
 20
73.49997812485934
 10
80.38069683820648
 20
73.49997812485934
 10
81.49999014298425
 20
72.38072009785843
 10
81.49999014298425
 20
70.99998318863952
 97
        0
 97
        0
 75
     2
 76
     1
 98
        0
  0
SPLINE
  5
634
330
1F
100
AcDbEntity
  8
Knobs and Screws layout
370
     0
100
AcDbSpline
210
0.0
220
0.0
230
1.0
 70
    11
 71
     3
 72
    17
 73
    13
 74
     0
 42
0.0000000001
 43
0.0000000001
 12
1.0
 22
0.0
 32
0.0
 13
1.0
 23
0.0
 33
0.0
 40
0.0
 40
0.0
 40
0.0
 40
0.0
 40
1.0
 40
1.0
 40
1.0
 40
2.0
 40
2.0
 40
2.0
 40
3.0
 40
3.0
 40
3.0
 40
4.0
 40
4.0
 40
4.0
 40
4.0
 10
94.25001370659294
 20
70.49999125695093
 30
0.0
 10
94.25001370659294
 20
67.32435633796813
 30
0.0
 10
91.67561793893792
 20
64.74999584808998
 30
0.0
 10
88.49998301995511
 20
64.74999584808998
 30
0.0
 10
85.3243481009723
 20
64.74999584808998
 30
0.0
 10
82.74998761109416
 20
67.32435633796813
 30
0.0
 10
82.74998761109416
 20
70.49999125695093
 30
0.0
 10
82.74998761109416
 20
73.67562617593374
 30
0.0
 10
85.3243481009723
 20
76.24998666581189
 30
0.0
 10
88.49998301995511
 20
76.24998666581189
 30
0.0
 10
91.67561793893792
 20
76.24998666581189
 30
0.0
 10
94.25001370659294
 20
73.67562617593374
 30
0.0
 10
94.25001370659294
 20
70.49999125695093
 30
0.0
  0
HATCH
  5
635
330
1F
100
AcDbEntity
  8
Knobs and Screws layout
 62
   161
420
  6789876
100
AcDbHatch
 10
0.0
 20
0.0
 30
0.0
210
0.0
220
0.0
230
1.0
  2
SOLID
 70
     1
 71
     0
 91
        1
 92
        1
 93
        1
 72
     4
 94
        3
 73
     0
 74
     1
 95
       17
 96
       13
 40
0.0
 40
0.0
 40
0.0
 40
0.0
 40
1.0
 40
1.0
 40
1.0
 40
2.0
 40
2.0
 40
2.0
 40
3.0
 40
3.0
 40
3.0
 40
4.0
 40
4.0
 40
4.0
 40
4.0
 10
94.25001370659294
 20
70.49999125695093
 10
94.25001370659294
 20
67.32435633796813
 10
91.67561793893792
 20
64.74999584808998
 10
88.49998301995511
 20
64.74999584808998
 10
85.3243481009723
 20
64.74999584808998
 10
82.74998761109416
 20
67.32435633796813
 10
82.74998761109416
 20
70.49999125695093
 10
82.74998761109416
 20
73.67562617593374
 10
85.3243481009723
 20
76.24998666581189
 10
88.49998301995511
 20
76.24998666581189
 10
91.67561793893792
 20
76.24998666581189
 10
94.25001370659294
 20
73.67562617593374
 10
94.25001370659294
 20
70.49999125695093
 97
        0
 97
        0
 75
     2
 76
     1
 98
        0
  0
SPLINE
  5
637
330
1F
100
AcDbEntity
  8
Laser Cut
 62
    18
420
        0
370
     9
100
AcDbSpline
210
0.0
220
0.0
230
1.0
 70
    11
 71
     3
 72
    17
 73
    13
 74
     0
 42
0.0000000001
 43
0.0000000001
 12
1.0
 22
0.0
 32
0.0
 13
1.0
 23
0.0
 33
0.0
 40
0.0
 40
0.0
 40
0.0
 40
0.0
 40
1.0
 40
1.0
 40
1.0
 40
2.0
 40
2.0
 40
2.0
 40
3.0
 40
3.0
 40
3.0
 40
4.0
 40
4.0
 40
4.0
 40
4.0
 10
175.5138896889343
 20
-124.9083452465509
 30
0.0
 10
175.5138896889343
 20
-126.2890469128725
 30
0.0
 10
174.3945963841565
 20
-127.4083402459255
 30
0.0
 10
173.0138947527145
 20
-127.4083402459255
 30
0.0
 10
171.6331578434956
 20
-127.4083402459255
 30
0.0
 10
170.5138998164947
 20
-126.2890469128725
 30
0.0
 10
170.5138998164947
 20
-124.9083452465509
 30
0.0
 10
170.5138998164947
 20
-123.5276435802293
 30
0.0
 10
171.6331578434956
 20
-122.4083502471757
 30
0.0
 10
173.0138947527145
 20
-122.4083502471757
 30
0.0
 10
174.3945963841565
 20
-122.4083502471757
 30
0.0
 10
175.5138896889343
 20
-123.5276435802293
 30
0.0
 10
175.5138896889343
 20
-124.9083452465509
 30
0.0
  0
SPLINE
  5
638
330
1F
100
AcDbEntity
  8
Laser Cut
 62
    18
420
        0
370
     9
100
AcDbSpline
210
0.0
220
0.0
230
1.0
 70
    11
 71
     3
 72
    17
 73
    13
 74
     0
 42
0.0000000001
 43
0.0000000001
 12
1.0
 22
0.0
 32
0.0
 13
1.0
 23
0.0
 33
0.0
 40
0.0
 40
0.0
 40
0.0
 40
0.0
 40
1.0
 40
1.0
 40
1.0
 40
2.0
 40
2.0
 40
2.0
 40
3.0
 40
3.0
 40
3.0
 40
4.0
 40
4.0
 40
4.0
 40
4.0
 10
190.6750081910308
 20
-124.9083452465509
 30
0.0
 10
190.6750081910308
 20
-126.8413558016233
 30
0.0
 10
189.1080046198973
 20
-128.4083594123426
 30
0.0
 10
187.174994113657
 20
-128.4083594123426
 30
0.0
 10
185.2419836074166
 20
-128.4083594123426
 30
0.0
 10
183.6749800362831
 20
-126.8413558016233
 30
0.0
 10
183.6749800362831
 20
-124.9083452465509
 30
0.0
 10
183.6749800362831
 20
-122.9753699692561
 30
0.0
 10
185.2419836074166
 20
-121.4083663585368
 30
0.0
 10
187.174994113657
 20
-121.4083663585368
 30
0.0
 10
189.1080046198973
 20
-121.4083663585368
 30
0.0
 10
190.6750081910308
 20
-122.9753699692561
 30
0.0
 10
190.6750081910308
 20
-124.9083452465509
 30
0.0
  0
SPLINE
  5
639
330
1F
100
AcDbEntity
  8
Laser Cut
 62
    18
420
        0
370
     9
100
AcDbSpline
210
0.0
220
0.0
230
1.0
 70
    11
 71
     3
 72
    17
 73
    13
 74
     0
 42
0.0000000001
 43
0.0000000001
 12
1.0
 22
0.0
 32
0.0
 13
1.0
 23
0.0
 33
0.0
 40
0.0
 40
0.0
 40
0.0
 40
0.0
 40
1.0
 40
1.0
 40
1.0
 40
2.0
 40
2.0
 40
2.0
 40
3.0
 40
3.0
 40
3.0
 40
4.0
 40
4.0
 40
4.0
 40
4.0
 10
155.1555471834332
 20
-124.9083452465509
 30
0.0
 10
155.1555471834332
 20
-126.8413558016233
 30
0.0
 10
153.588539692741
 20
-128.4083594123426
 30
0.0
 10
151.6555644642775
 20
-128.4083594123426
 30
0.0
 10
149.7225539580375
 20
-128.4083594123426
 30
0.0
 10
148.1555503869037
 20
-126.8413558016233
 30
0.0
 10
148.1555503869037
 20
-124.9083452465509
 30
0.0
 10
148.1555503869037
 20
-122.9753699692561
 30
0.0
 10
149.7225539580375
 20
-121.4083663585368
 30
0.0
 10
151.6555644642775
 20
-121.4083663585368
 30
0.0
 10
153.588539692741
 20
-121.4083663585368
 30
0.0
 10
155.1555471834332
 20
-122.9753699692561
 30
0.0
 10
155.1555471834332
 20
-124.9083452465509
 30
0.0
  0
INSERT
  5
63B
330
1F
100
AcDbEntity
  8
Laser Cut
100
AcDbBlockReference
  2
block 219
 10
0.0
 20
0.0
 30
0.0
  0
SPLINE
  5
63F
330
1F
100
AcDbEntity
  8
Laser Cut
 62
     1
420
 16711680
370
     9
100
AcDbSpline
210
0.0
220
0.0
230
1.0
 70
    11
 71
     3
 72
    17
 73
    13
 74
     0
 42
0.0000000001
 43
0.0000000001
 12
1.0
 22
0.0
 32
0.0
 13
1.0
 23
0.0
 33
0.0
 40
0.0
 40
0.0
 40
0.0
 40
0.0
 40
1.0
 40
1.0
 40
1.0
 40
2.0
 40
2.0
 40
2.0
 40
3.0
 40
3.0
 40
3.0
 40
4.0
 40
4.0
 40
4.0
 40
4.0
 10
220.5555636722767
 20
-62.00835554005422
 30
0.0
 10
220.5555636722767
 20
-62.56064028971576
 30
0.0
 10
220.1078484221885
 20
-63.00835553980399
 30
0.0
 10
219.555563672527
 20
-63.00835553980399
 30
0.0
 10
219.0032789228654
 20
-63.00835553980399
 30
0.0
 10
218.5555636727772
 20
-62.56064028971576
 30
0.0
 10
218.5555636727772
 20
-62.00835554005422
 30
0.0
 10
218.5555636727772
 20
-61.45607079039171
 30
0.0
 10
219.0032789228654
 20
-61.0083555403038
 30
0.0
 10
219.555563672527
 20
-61.0083555403038
 30
0.0
 10
220.1078484221885
 20
-61.0083555403038
 30
0.0
 10
220.5555636722767
 20
-61.45607079039171
 30
0.0
 10
220.5555636722767
 20
-62.00835554005422
 30
0.0
  0
SPLINE
  5
640
330
1F
100
AcDbEntity
  8
Laser Cut
 62
     1
420
 16711680
370
     9
100
AcDbSpline
210
0.0
220
0.0
230
1.0
 70
    11
 71
     3
 72
    17
 73
    13
 74
     0
 42
0.0000000001
 43
0.0000000001
 12
1.0
 22
0.0
 32
0.0
 13
1.0
 23
0.0
 33
0.0
 40
0.0
 40
0.0
 40
0.0
 40
0.0
 40
1.0
 40
1.0
 40
1.0
 40
2.0
 40
2.0
 40
2.0
 40
3.0
 40
3.0
 40
3.0
 40
4.0
 40
4.0
 40
4.0
 40
4.0
 10
175.513897843388
 20
-124.9083555243294
 30
0.0
 10
175.513897843388
 20
-126.2890671117256
 30
0.0
 10
174.3946093481231
 20
-127.408355004481
 30
0.0
 10
173.0138970174963
 20
-127.408355004481
 30
0.0
 10
171.6331846868682
 20
-127.408355004481
 30
0.0
 10
170.5138961916026
 20
-126.2890671117256
 30
0.0
 10
170.5138961916026
 20
-124.9083555243294
 30
0.0
 10
170.5138961916026
 20
-123.5276439369331
 30
0.0
 10
171.6331846868682
 20
-122.4083560441764
 30
0.0
 10
173.0138970174963
 20
-122.4083560441764
 30
0.0
 10
174.3946093481231
 20
-122.4083560441764
 30
0.0
 10
175.513897843388
 20
-123.5276439369331
 30
0.0
 10
175.513897843388
 20
-124.9083555243294
 30
0.0
  0
SPLINE
  5
641
330
1F
100
AcDbEntity
  8
Laser Cut
 62
     1
420
 16711680
370
     9
100
AcDbSpline
210
0.0
220
0.0
230
1.0
 70
    11
 71
     3
 72
    17
 73
    13
 74
     0
 42
0.0000000001
 43
0.0000000001
 12
1.0
 22
0.0
 32
0.0
 13
1.0
 23
0.0
 33
0.0
 40
0.0
 40
0.0
 40
0.0
 40
0.0
 40
1.0
 40
1.0
 40
1.0
 40
2.0
 40
2.0
 40
2.0
 40
3.0
 40
3.0
 40
3.0
 40
4.0
 40
4.0
 40
4.0
 40
4.0
 10
249.5570203531667
 20
-83.8805777568087
 30
0.0
 10
249.5570203531667
 20
-85.81357438062605
 30
0.0
 10
247.9900169778579
 20
-87.38057775593323
 30
0.0
 10
246.0570203540422
 20
-87.38057775593323
 30
0.0
 10
244.1240237302265
 20
-87.38057775593323
 30
0.0
 10
242.5570203549164
 20
-85.81357438062605
 30
0.0
 10
242.5570203549164
 20
-83.8805777568087
 30
0.0
 10
242.5570203549164
 20
-81.94758113299169
 30
0.0
 10
244.1240237302265
 20
-80.3805777576829
 30
0.0
 10
246.0570203540422
 20
-80.3805777576829
 30
0.0
 10
247.9900169778579
 20
-80.3805777576829
 30
0.0
 10
249.5570203531667
 20
-81.94758113299169
 30
0.0
 10
249.5570203531667
 20
-83.8805777568087
 30
0.0
  0
SPLINE
  5
642
330
1F
100
AcDbEntity
  8
Laser Cut
 62
     1
420
 16711680
370
     9
100
AcDbSpline
210
0.0
220
0.0
230
1.0
 70
    11
 71
     3
 72
    17
 73
    13
 74
     0
 42
0.0000000001
 43
0.0000000001
 12
1.0
 22
0.0
 32
0.0
 13
1.0
 23
0.0
 33
0.0
 40
0.0
 40
0.0
 40
0.0
 40
0.0
 40
1.0
 40
1.0
 40
1.0
 40
2.0
 40
2.0
 40
2.0
 40
3.0
 40
3.0
 40
3.0
 40
4.0
 40
4.0
 40
4.0
 40
4.0
 10
249.5570203531667
 20
-109.5083555281796
 30
0.0
 10
249.5570203531667
 20
-111.4413521519967
 30
0.0
 10
247.9900169778579
 20
-113.0083555273042
 30
0.0
 10
246.0570203540422
 20
-113.0083555273042
 30
0.0
 10
244.1240237302265
 20
-113.0083555273042
 30
0.0
 10
242.5570203549164
 20
-111.4413521519967
 30
0.0
 10
242.5570203549164
 20
-109.5083555281796
 30
0.0
 10
242.5570203549164
 20
-107.5753589043626
 30
0.0
 10
244.1240237302265
 20
-106.0083555290538
 30
0.0
 10
246.0570203540422
 20
-106.0083555290538
 30
0.0
 10
247.9900169778579
 20
-106.0083555290538
 30
0.0
 10
249.5570203531667
 20
-107.5753589043626
 30
0.0
 10
249.5570203531667
 20
-109.5083555281796
 30
0.0
  0
SPLINE
  5
643
330
1F
100
AcDbEntity
  8
Laser Cut
 62
     1
420
 16711680
370
     9
100
AcDbSpline
210
0.0
220
0.0
230
1.0
 70
    11
 71
     3
 72
    17
 73
    13
 74
     0
 42
0.0000000001
 43
0.0000000001
 12
1.0
 22
0.0
 32
0.0
 13
1.0
 23
0.0
 33
0.0
 40
0.0
 40
0.0
 40
0.0
 40
0.0
 40
1.0
 40
1.0
 40
1.0
 40
2.0
 40
2.0
 40
2.0
 40
3.0
 40
3.0
 40
3.0
 40
4.0
 40
4.0
 40
4.0
 40
4.0
 10
213.0555620057087
 20
-124.9023586336945
 30
0.0
 10
213.0589060360382
 20
-126.8353513631048
 30
0.0
 10
211.4946142799187
 20
-128.4050612373144
 30
0.0
 10
209.5616185775584
 20
-128.4084037673136
 30
0.0
 10
207.6286228751981
 20
-128.4117462973129
 30
0.0
 10
206.0589093746742
 20
-126.8474557349898
 30
0.0
 10
206.0555653443447
 20
-124.9144630055801
 30
0.0
 10
206.0522213140152
 20
-122.9814702761704
 30
0.0
 10
207.6165130701366
 20
-121.4117604019589
 30
0.0
 10
209.5495087724962
 20
-121.4084178719597
 30
0.0
 10
211.4825044748565
 20
-121.4050753419604
 30
0.0
 10
213.0522179753792
 20
-122.9693659042848
 30
0.0
 10
213.0555620057087
 20
-124.9023586336945
 30
0.0
  0
SPLINE
  5
644
330
1F
100
AcDbEntity
  8
Laser Cut
 62
     1
420
 16711680
370
     9
100
AcDbSpline
210
0.0
220
0.0
230
1.0
 70
    11
 71
     3
 72
    17
 73
    13
 74
     0
 42
0.0000000001
 43
0.0000000001
 12
1.0
 22
0.0
 32
0.0
 13
1.0
 23
0.0
 33
0.0
 40
0.0
 40
0.0
 40
0.0
 40
0.0
 40
1.0
 40
1.0
 40
1.0
 40
2.0
 40
2.0
 40
2.0
 40
3.0
 40
3.0
 40
3.0
 40
4.0
 40
4.0
 40
4.0
 40
4.0
 10
190.6750081241915
 20
-124.9083555243294
 30
0.0
 10
190.6750081241915
 20
-126.8413521481464
 30
0.0
 10
189.1080047488827
 20
-128.4083555234539
 30
0.0
 10
187.1750081250666
 20
-128.4083555234539
 30
0.0
 10
185.2420115012505
 20
-128.4083555234539
 30
0.0
 10
183.6750081259414
 20
-126.8413521481464
 30
0.0
 10
183.6750081259414
 20
-124.9083555243294
 30
0.0
 10
183.6750081259414
 20
-122.9753589005123
 30
0.0
 10
185.2420115012505
 20
-121.4083555252035
 30
0.0
 10
187.1750081250666
 20
-121.4083555252035
 30
0.0
 10
189.1080047488827
 20
-121.4083555252035
 30
0.0
 10
190.6750081241915
 20
-122.9753589005123
 30
0.0
 10
190.6750081241915
 20
-124.9083555243294
 30
0.0
  0
SPLINE
  5
645
330
1F
100
AcDbEntity
  8
Laser Cut
 62
     1
420
 16711680
370
     9
100
AcDbSpline
210
0.0
220
0.0
230
1.0
 70
    11
 71
     3
 72
    17
 73
    13
 74
     0
 42
0.0000000001
 43
0.0000000001
 12
1.0
 22
0.0
 32
0.0
 13
1.0
 23
0.0
 33
0.0
 40
0.0
 40
0.0
 40
0.0
 40
0.0
 40
1.0
 40
1.0
 40
1.0
 40
2.0
 40
2.0
 40
2.0
 40
3.0
 40
3.0
 40
3.0
 40
4.0
 40
4.0
 40
4.0
 40
4.0
 10
155.1555636886272
 20
-124.9083555243294
 30
0.0
 10
155.1555636886272
 20
-126.8413521481464
 30
0.0
 10
153.5885603133184
 20
-128.4083555234539
 30
0.0
 10
151.6555636895027
 20
-128.4083555234539
 30
0.0
 10
149.7225670656869
 20
-128.4083555234539
 30
0.0
 10
148.1555636903768
 20
-126.8413521481464
 30
0.0
 10
148.1555636903768
 20
-124.9083555243294
 30
0.0
 10
148.1555636903768
 20
-122.9753589005123
 30
0.0
 10
149.7225670656869
 20
-121.4083555252035
 30
0.0
 10
151.6555636895027
 20
-121.4083555252035
 30
0.0
 10
153.5885603133184
 20
-121.4083555252035
 30
0.0
 10
155.1555636886272
 20
-122.9753589005123
 30
0.0
 10
155.1555636886272
 20
-124.9083555243294
 30
0.0
  0
SPLINE
  5
646
330
1F
100
AcDbEntity
  8
Laser Cut
 62
     1
420
 16711680
370
     9
100
AcDbSpline
210
0.0
220
0.0
230
1.0
 70
    11
 71
     3
 72
    17
 73
    13
 74
     0
 42
0.0000000001
 43
0.0000000001
 12
1.0
 22
0.0
 32
0.0
 13
1.0
 23
0.0
 33
0.0
 40
0.0
 40
0.0
 40
0.0
 40
0.0
 40
1.0
 40
1.0
 40
1.0
 40
2.0
 40
2.0
 40
2.0
 40
3.0
 40
3.0
 40
3.0
 40
4.0
 40
4.0
 40
4.0
 40
4.0
 10
143.5555636915266
 20
-99.77224441950229
 30
0.0
 10
143.5555636915266
 20
-101.7052410433193
 30
0.0
 10
141.9885603162178
 20
-103.2722444186268
 30
0.0
 10
140.0555636924021
 20
-103.2722444186268
 30
0.0
 10
138.1225670685863
 20
-103.2722444186268
 30
0.0
 10
136.5555636932763
 20
-101.7052410433193
 30
0.0
 10
136.5555636932763
 20
-99.77224441950229
 30
0.0
 10
136.5555636932763
 20
-97.83924779568527
 30
0.0
 10
138.1225670685863
 20
-96.27224442037648
 30
0.0
 10
140.0555636924021
 20
-96.27224442037648
 30
0.0
 10
141.9885603162178
 20
-96.27224442037648
 30
0.0
 10
143.5555636915266
 20
-97.83924779568527
 30
0.0
 10
143.5555636915266
 20
-99.77224441950229
 30
0.0
  0
SPLINE
  5
647
330
1F
100
AcDbEntity
  8
Laser Cut
 62
     1
420
 16711680
370
     9
100
AcDbSpline
210
0.0
220
0.0
230
1.0
 70
    11
 71
     3
 72
    17
 73
    13
 74
     0
 42
0.0000000001
 43
0.0000000001
 12
1.0
 22
0.0
 32
0.0
 13
1.0
 23
0.0
 33
0.0
 40
0.0
 40
0.0
 40
0.0
 40
0.0
 40
1.0
 40
1.0
 40
1.0
 40
2.0
 40
2.0
 40
2.0
 40
3.0
 40
3.0
 40
3.0
 40
4.0
 40
4.0
 40
4.0
 40
4.0
 10
143.5555636915269
 20
-71.30835553772935
 30
0.0
 10
143.5555636915269
 20
-73.24135216154637
 30
0.0
 10
141.9885603162181
 20
-74.80835553685387
 30
0.0
 10
140.0555636924024
 20
-74.80835553685387
 30
0.0
 10
138.1225670685866
 20
-74.80835553685387
 30
0.0
 10
136.5555636932766
 20
-73.24135216154637
 30
0.0
 10
136.5555636932766
 20
-71.30835553772935
 30
0.0
 10
136.5555636932766
 20
-69.37535891391201
 30
0.0
 10
138.1225670685866
 20
-67.80835553860354
 30
0.0
 10
140.0555636924024
 20
-67.80835553860354
 30
0.0
 10
141.9885603162181
 20
-67.80835553860354
 30
0.0
 10
143.5555636915269
 20
-69.37535891391201
 30
0.0
 10
143.5555636915269
 20
-71.30835553772935
 30
0.0
  0
INSERT
  5
649
330
1F
100
AcDbEntity
  8
Laser Cut
100
AcDbBlockReference
  2
block 220
 10
0.0
 20
0.0
 30
0.0
  0
SPLINE
  5
650
330
1F
100
AcDbEntity
  8
Laser Cut
 62
     1
420
 16711680
370
     9
100
AcDbSpline
210
0.0
220
0.0
230
1.0
 70
    11
 71
     3
 72
    29
 73
    25
 74
     0
 42
0.0000000001
 43
0.0000000001
 12
1.0
 22
0.0
 32
0.0
 13
1.0
 23
0.0
 33
0.0
 40
0.0
 40
0.0
 40
0.0
 40
0.0
 40
1.0
 40
1.0
 40
1.0
 40
2.0
 40
2.0
 40
2.0
 40
3.0
 40
3.0
 40
3.0
 40
4.0
 40
4.0
 40
4.0
 40
5.0
 40
5.0
 40
5.0
 40
6.0
 40
6.0
 40
6.0
 40
7.0
 40
7.0
 40
7.0
 40
8.0
 40
8.0
 40
8.0
 40
8.0
 10
250.9111192202436
 20
-132.5083543356335
 30
0.0
 10
250.9111192202436
 20
-132.5083543356335
 30
0.0
 10
135.3777859157935
 20
-132.5083543356335
 30
0.0
 10
135.3777859157935
 20
-132.5083543356335
 30
0.0
 10
133.0494525830421
 20
-132.5083543356335
 30
0.0
 10
131.1444525835185
 20
-130.6033543361105
 30
0.0
 10
131.1444525835185
 20
-128.2750210033585
 30
0.0
 10
131.1444525835185
 20
-128.2750210033585
 30
0.0
 10
131.1444525835185
 20
-52.74168768890866
 30
0.0
 10
131.1444525835185
 20
-52.74168768890866
 30
0.0
 10
131.1444525835185
 20
-50.4133543561576
 30
0.0
 10
133.0494525830421
 20
-48.50835435663365
 30
0.0
 10
135.3777859157935
 20
-48.50835435663365
 30
0.0
 10
135.3777859157935
 20
-48.50835435663365
 30
0.0
 10
250.9111192202436
 20
-48.50835435663365
 30
0.0
 10
250.9111192202436
 20
-48.50835435663365
 30
0.0
 10
253.2394525529949
 20
-48.50835435663365
 30
0.0
 10
255.1444525525186
 20
-50.4133543561576
 30
0.0
 10
255.1444525525186
 20
-52.74168768890866
 30
0.0
 10
255.1444525525186
 20
-52.74168768890866
 30
0.0
 10
255.1444525525186
 20
-128.2750210033585
 30
0.0
 10
255.1444525525186
 20
-128.2750210033585
 30
0.0
 10
255.1444525525186
 20
-130.6033543361105
 30
0.0
 10
253.2394525529949
 20
-132.5083543356335
 30
0.0
 10
250.9111192202436
 20
-132.5083543356335
 30
0.0
  0
ENDSEC
  0
SECTION
  2
OBJECTS
  0
DICTIONARY
  5
C
330
0
100
AcDbDictionary
281
     1
  3
ACAD_GROUP
350
D
  3
ACAD_IMAGE_DICT
350
215
  3
ACAD_IMAGE_VARS
350
217
  3
ACAD_LAYOUT
350
1A
  3
ACAD_MATERIAL
350
3B
  3
ACAD_MLEADERSTYLE
350
657
  3
ACAD_MLINESTYLE
350
17
  3
ACAD_PLOTSETTINGS
350
19
  3
ACAD_PLOTSTYLENAME
350
E
  3
ACAD_TABLESTYLE
350
656
  3
ACAD_VISUALSTYLE
350
2A
  0
SUN
  5
3F
330
29
100
AcDbSun
 90
        1
290
     0
 63
     7
421
 16777215
 40
1.0
291
     1
 91
  2455826
 92
 54000000
292
     0
 70
     2
 71
   256
280
     1
  0
IMAGEDEF_REACTOR
  5
219
330
218
100
AcDbRasterImageDefReactor
 90
        2
330
218
  0
DICTIONARY
  5
D
102
{ACAD_REACTORS
330
C
102
}
330
C
100
AcDbDictionary
281
     1
  0
DICTIONARY
  5
215
102
{ACAD_REACTORS
330
C
102
}
330
C
100
AcDbDictionary
281
     1
  3
C:\Users\mjyzi\Documents\GitHub\Spikeling-V2\Hardware\Design\Spikeling-v3_Cover_1.png
350
216
  0
RASTERVARIABLES
  5
217
102
{ACAD_REACTORS
330
C
102
}
330
C
100
AcDbRasterVariables
 90
        0
 70
     0
 71
     1
 72
     0
  0
DICTIONARY
  5
1A
102
{ACAD_REACTORS
330
C
102
}
330
C
100
AcDbDictionary
281
     1
  3
Layout1
350
1E
  3
Layout2
350
26
  3
Model
350
22
  0
DICTIONARY
  5
3B
102
{ACAD_REACTORS
330
C
102
}
330
C
100
AcDbDictionary
281
     1
  3
ByBlock
350
3D
  3
ByLayer
350
3C
  3
Global
350
3E
  0
DICTIONARY
  5
657
102
{ACAD_REACTORS
330
C
102
}
330
C
100
AcDbDictionary
281
     1
  0
DICTIONARY
  5
17
102
{ACAD_REACTORS
330
C
102
}
330
C
100
AcDbDictionary
281
     1
  3
Standard
350
18
  0
DICTIONARY
  5
19
102
{ACAD_REACTORS
330
C
102
}
330
C
100
AcDbDictionary
281
     1
  0
ACDBDICTIONARYWDFLT
  5
E
102
{ACAD_REACTORS
330
C
102
}
330
C
100
AcDbDictionary
281
     1
  3
Normal
350
F
100
AcDbDictionaryWithDefault
340
F
  0
DICTIONARY
  5
656
102
{ACAD_REACTORS
330
C
102
}
330
C
100
AcDbDictionary
281
     1
  0
DICTIONARY
  5
2A
102
{ACAD_REACTORS
330
C
102
}
330
C
100
AcDbDictionary
281
     1
  3
2dWireframe
350
2F
  3
3D Hidden
350
31
  3
3dWireframe
350
30
  3
Basic
350
32
  3
Brighten
350
36
  3
ColorChange
350
3A
  3
Conceptual
350
34
  3
Dim
350
35
  3
Facepattern
350
39
  3
Flat
350
2B
  3
FlatWithEdges
350
2C
  3
Gouraud
350
2D
  3
GouraudWithEdges
350
2E
  3
Linepattern
350
38
  3
Realistic
350
33
  3
Thicken
350
37
  0
IMAGEDEF
  5
216
102
{ACAD_REACTORS
330
215
330
219
102
}
330
215
100
AcDbRasterImageDef
 90
        0
  1
C:\Users\mjyzi\Documents\GitHub\Spikeling-V2\Hardware\Design\Spikeling-v3_Cover_1.png
 10
467.0
 20
337.0
 11
0.3527777777777777
 21
0.3527777777777777
280
     1
281
     5
  0
LAYOUT
  5
1E
102
{ACAD_REACTORS
330
1A
102
}
330
1A
100
AcDbPlotSettings
  1

  2
none_device
  4

  6

 40
0.0
 41
0.0
 42
0.0
 43
0.0
 44
0.0
 45
0.0
 46
0.0
 47
0.0
 48
0.0
 49
0.0
140
0.0
141
0.0
142
1.0
143
1.0
 70
   688
 72
     0
 73
     0
 74
     5
  7

 75
    16
 76
     0
 77
     2
 78
   300
147
1.0
148
0.0
149
0.0
100
AcDbLayout
  1
Layout1
 70
     1
 71
     1
 10
0.0
 20
0.0
 11
12.0
 21
9.0
 12
0.0
 22
0.0
 32
0.0
 14
1.000000000000000E+20
 24
1.000000000000000E+20
 34
1.000000000000000E+20
 15
-1.000000000000000E+20
 25
-1.000000000000000E+20
 35
-1.000000000000000E+20
146
0.0
 13
0.0
 23
0.0
 33
0.0
 16
1.0
 26
0.0
 36
0.0
 17
0.0
 27
1.0
 37
0.0
 76
     0
330
1B
  0
LAYOUT
  5
26
102
{ACAD_REACTORS
330
1A
102
}
330
1A
100
AcDbPlotSettings
  1

  2
none_device
  4

  6

 40
0.0
 41
0.0
 42
0.0
 43
0.0
 44
0.0
 45
0.0
 46
0.0
 47
0.0
 48
0.0
 49
0.0
140
0.0
141
0.0
142
1.0
143
1.0
 70
   688
 72
     0
 73
     0
 74
     5
  7

 75
    16
 76
     0
 77
     2
 78
   300
147
1.0
148
0.0
149
0.0
100
AcDbLayout
  1
Layout2
 70
     1
 71
     2
 10
0.0
 20
0.0
 11
0.0
 21
0.0
 12
0.0
 22
0.0
 32
0.0
 14
0.0
 24
0.0
 34
0.0
 15
0.0
 25
0.0
 35
0.0
146
0.0
 13
0.0
 23
0.0
 33
0.0
 16
1.0
 26
0.0
 36
0.0
 17
0.0
 27
1.0
 37
0.0
 76
     0
330
23
  0
LAYOUT
  5
22
102
{ACAD_REACTORS
330
1A
102
}
330
1A
100
AcDbPlotSettings
  1

  2
none_device
  4

  6

 40
0.0
 41
0.0
 42
0.0
 43
0.0
 44
0.0
 45
0.0
 46
0.0
 47
0.0
 48
0.0
 49
0.0
140
0.0
141
0.0
142
1.0
143
1.0
 70
  1712
 72
     0
 73
     0
 74
     0
  7

 75
     0
 76
     0
 77
     2
 78
   300
147
1.0
148
0.0
149
0.0
100
AcDbLayout
  1
Model
 70
     1
 71
     0
 10
0.0
 20
0.0
 11
12.0
 21
9.0
 12
0.0
 22
0.0
 32
0.0
 14
1.000000000000000E+20
 24
1.000000000000000E+20
 34
1.000000000000000E+20
 15
-1.000000000000000E+20
 25
-1.000000000000000E+20
 35
-1.000000000000000E+20
146
0.0
 13
0.0
 23
0.0
 33
0.0
 16
1.0
 26
0.0
 36
0.0
 17
0.0
 27
1.0
 37
0.0
 76
     0
330
1F
331
29
  0
MATERIAL
  5
3D
102
{ACAD_REACTORS
330
3B
102
}
330
3B
100
AcDbMaterial
  1
ByBlock
 72
     1
 94
      127
  0
MATERIAL
  5
3C
102
{ACAD_REACTORS
330
3B
102
}
330
3B
100
AcDbMaterial
  1
ByLayer
 72
     1
 94
      127
  0
MATERIAL
  5
3E
102
{ACAD_REACTORS
330
3B
102
}
330
3B
100
AcDbMaterial
  1
Global
 72
     1
 94
      127
  0
MLINESTYLE
  5
18
102
{ACAD_REACTORS
330
17
102
}
330
17
100
AcDbMlineStyle
  2
Standard
 70
     0
  3

 62
   256
 51
90.0
 52
90.0
 71
     2
 49
0.5
 62
   256
  6
BYLAYER
 49
-0.5
 62
   256
  6
BYLAYER
  0
ACDBPLACEHOLDER
  5
F
102
{ACAD_REACTORS
330
E
102
}
330
E
  0
VISUALSTYLE
  5
2F
102
{ACAD_REACTORS
330
2A
102
}
330
2A
100
AcDbVisualStyle
  2
2dWireframe
 70
     4
177
     2
291
     0
 71
     0
176
     1
 72
     2
176
     1
 73
     0
176
     1
 90
        0
176
     1
 40
-0.6
176
     1
 41
-30.0
176
     1
 62
     5
 63
     7
421
 16777215
176
     1
 74
     1
176
     1
 91
        4
176
     1
 64
     7
176
     1
 65
   257
176
     1
 75
     1
176
     1
175
     1
176
     1
 42
1.0
176
     1
 92
        0
176
     1
 66
   257
176
     1
 43
1.0
176
     1
 76
     1
176
     1
 77
     6
176
     1
 78
     2
176
     1
 67
     7
176
     1
 79
     5
176
     1
170
     0
176
     1
171
     0
176
     1
290
     0
176
     1
 93
        1
176
     1
 44
0.0
176
     1
173
     0
176
     1
  0
VISUALSTYLE
  5
31
102
{ACAD_REACTORS
330
2A
102
}
330
2A
100
AcDbVisualStyle
  2
3D Hidden
 70
     6
177
     2
291
     0
 71
     1
176
     1
 72
     2
176
     1
 73
     2
176
     1
 90
        0
176
     1
 40
-0.6
176
     1
 41
-30.0
176
     1
 62
     5
 63
     7
421
 16777215
176
     1
 74
     2
176
     1
 91
        2
176
     1
 64
     7
176
     1
 65
   257
176
     1
 75
     2
176
     1
175
     1
176
     1
 42
40.0
176
     1
 92
        0
176
     1
 66
   257
176
     1
 43
1.0
176
     1
 76
     1
176
     1
 77
     6
176
     1
 78
     2
176
     1
 67
     7
176
     1
 79
     3
176
     1
170
     0
176
     1
171
     0
176
     1
290
     0
176
     1
 93
        1
176
     1
 44
0.0
176
     1
173
     0
176
     1
  0
VISUALSTYLE
  5
30
102
{ACAD_REACTORS
330
2A
102
}
330
2A
100
AcDbVisualStyle
  2
3dWireframe
 70
     5
177
     2
291
     0
 71
     0
176
     1
 72
     2
176
     1
 73
     0
176
     1
 90
        0
176
     1
 40
-0.6
176
     1
 41
-30.0
176
     1
 62
     5
 63
     7
421
 16777215
176
     1
 74
     1
176
     1
 91
        4
176
     1
 64
     7
176
     1
 65
   257
176
     1
 75
     1
176
     1
175
     1
176
     1
 42
1.0
176
     1
 92
        0
176
     1
 66
   257
176
     1
 43
1.0
176
     1
 76
     1
176
     1
 77
     6
176
     1
 78
     2
176
     1
 67
     7
176
     1
 79
     5
176
     1
170
     0
176
     1
171
     0
176
     1
290
     0
176
     1
 93
        1
176
     1
 44
0.0
176
     1
173
     0
176
     1
  0
VISUALSTYLE
  5
32
102
{ACAD_REACTORS
330
2A
102
}
330
2A
100
AcDbVisualStyle
  2
Basic
 70
     7
177
     2
291
     1
 71
     1
176
     1
 72
     0
176
     1
 73
     1
176
     1
 90
        0
176
     1
 40
-0.6
176
     1
 41
-30.0
176
     1
 62
     5
 63
     7
421
 16777215
176
     1
 74
     0
176
     1
 91
        4
176
     1
 64
     7
176
     1
 65
   257
176
     1
 75
     1
176
     1
175
     1
176
     1
 42
1.0
176
     1
 92
        8
176
     1
 66
     7
176
     1
 43
1.0
176
     1
 76
     1
176
     1
 77
     6
176
     1
 78
     2
176
     1
 67
     7
176
     1
 79
     5
176
     1
170
     0
176
     1
171
     0
176
     1
290
     0
176
     1
 93
        1
176
     1
 44
0.0
176
     1
173
     0
176
     1
  0
VISUALSTYLE
  5
36
102
{ACAD_REACTORS
330
2A
102
}
330
2A
100
AcDbVisualStyle
  2
Brighten
 70
    12
177
     2
291
     1
 71
     2
176
     1
 72
     2
176
     1
 73
     0
176
     1
 90
        0
176
     1
 40
-0.6
176
     1
 41
-30.0
176
     1
 62
     5
 63
     7
421
 16777215
176
     1
 74
     1
176
     1
 91
        4
176
     1
 64
     7
176
     1
 65
   257
176
     1
 75
     1
176
     1
175
     1
176
     1
 42
1.0
176
     1
 92
        8
176
     1
 66
     7
176
     1
 43
1.0
176
     1
 76
     1
176
     1
 77
     6
176
     1
 78
     2
176
     1
 67
     7
176
     1
 79
     5
176
     1
170
     0
176
     1
171
     0
176
     1
290
     0
176
     1
 93
        1
176
     1
 44
50.0
176
     1
173
     0
176
     1
  0
VISUALSTYLE
  5
3A
102
{ACAD_REACTORS
330
2A
102
}
330
2A
100
AcDbVisualStyle
  2
ColorChange
 70
    16
177
     2
291
     1
 71
     2
176
     1
 72
     2
176
     1
 73
     3
176
     1
 90
        0
176
     1
 40
-0.6
176
     1
 41
-30.0
176
     1
 62
     5
 63
     8
421
  8421504
176
     1
 74
     1
176
     1
 91
        4
176
     1
 64
     7
176
     1
 65
   257
176
     1
 75
     1
176
     1
175
     1
176
     1
 42
1.0
176
     1
 92
        8
176
     1
 66
     8
424
  8421504
176
     1
 43
1.0
176
     1
 76
     1
176
     1
 77
     6
176
     1
 78
     2
176
     1
 67
     7
176
     1
 79
     5
176
     1
170
     0
176
     1
171
     0
176
     1
290
     0
176
     1
 93
        1
176
     1
 44
0.0
176
     1
173
     0
176
     1
  0
VISUALSTYLE
  5
34
102
{ACAD_REACTORS
330
2A
102
}
330
2A
100
AcDbVisualStyle
  2
Conceptual
 70
     9
177
     2
291
     0
 71
     3
176
     1
 72
     2
176
     1
 73
     0
176
     1
 90
        0
176
     1
 40
-0.6
176
     1
 41
-30.0
176
     1
 62
     5
 63
     7
421
 16777215
176
     1
 74
     2
176
     1
 91
        2
176
     1
 64
     7
176
     1
 65
   257
176
     1
 75
     1
176
     1
175
     1
176
     1
 42
40.0
176
     1
 92
        8
176
     1
 66
     7
176
     1
 43
1.0
176
     1
 76
     1
176
     1
 77
     6
176
     1
 78
     2
176
     1
 67
     7
176
     1
 79
     3
176
     1
170
     0
176
     1
171
     0
176
     1
290
     0
176
     1
 93
        1
176
     1
 44
0.0
176
     1
173
     0
176
     1
  0
VISUALSTYLE
  5
35
102
{ACAD_REACTORS
330
2A
102
}
330
2A
100
AcDbVisualStyle
  2
Dim
 70
    11
177
     2
291
     1
 71
     2
176
     1
 72
     2
176
     1
 73
     0
176
     1
 90
        0
176
     1
 40
-0.6
176
     1
 41
-30.0
176
     1
 62
     5
 63
     7
421
 16777215
176
     1
 74
     1
176
     1
 91
        4
176
     1
 64
     7
176
     1
 65
   257
176
     1
 75
     1
176
     1
175
     1
176
     1
 42
1.0
176
     1
 92
        8
176
     1
 66
     7
176
     1
 43
1.0
176
     1
 76
     1
176
     1
 77
     6
176
     1
 78
     2
176
     1
 67
     7
176
     1
 79
     5
176
     1
170
     0
176
     1
171
     0
176
     1
290
     0
176
     1
 93
        1
176
     1
 44
-50.0
176
     1
173
     0
176
     1
  0
VISUALSTYLE
  5
39
102
{ACAD_REACTORS
330
2A
102
}
330
2A
100
AcDbVisualStyle
  2
Facepattern
 70
    15
177
     2
291
     1
 71
     2
176
     1
 72
     2
176
     1
 73
     0
176
     1
 90
        0
176
     1
 40
-0.6
176
     1
 41
-30.0
176
     1
 62
     5
 63
     7
421
 16777215
176
     1
 74
     1
176
     1
 91
        4
176
     1
 64
     7
176
     1
 65
   257
176
     1
 75
     1
176
     1
175
     1
176
     1
 42
1.0
176
     1
 92
        8
176
     1
 66
     7
176
     1
 43
1.0
176
     1
 76
     1
176
     1
 77
     6
176
     1
 78
     2
176
     1
 67
     7
176
     1
 79
     5
176
     1
170
     0
176
     1
171
     0
176
     1
290
     0
176
     1
 93
        1
176
     1
 44
0.0
176
     1
173
     0
176
     1
  0
VISUALSTYLE
  5
2B
102
{ACAD_REACTORS
330
2A
102
}
330
2A
100
AcDbVisualStyle
  2
Flat
 70
     0
177
     2
291
     1
 71
     2
176
     1
 72
     1
176
     1
 73
     1
176
     1
 90
        2
176
     1
 40
-0.6
176
     1
 41
30.0
176
     1
 62
     5
 63
     7
421
 16777215
176
     1
 74
     0
176
     1
 91
        4
176
     1
 64
     7
176
     1
 65
   257
176
     1
 75
     1
176
     1
175
     1
176
     1
 42
1.0
176
     1
 92
        8
176
     1
 66
     7
176
     1
 43
1.0
176
     1
 76
     1
176
     1
 77
     6
176
     1
 78
     2
176
     1
 67
     7
176
     1
 79
     5
176
     1
170
     0
176
     1
171
     0
176
     1
290
     0
176
     1
 93
       13
176
     1
 44
0.0
176
     1
173
     0
176
     1
  0
VISUALSTYLE
  5
2C
102
{ACAD_REACTORS
330
2A
102
}
330
2A
100
AcDbVisualStyle
  2
FlatWithEdges
 70
     1
177
     2
291
     1
 71
     2
176
     1
 72
     1
176
     1
 73
     1
176
     1
 90
        2
176
     1
 40
-0.6
176
     1
 41
30.0
176
     1
 62
     5
 63
     7
421
 16777215
176
     1
 74
     1
176
     1
 91
        4
176
     1
 64
     7
176
     1
 65
   257
176
     1
 75
     1
176
     1
175
     1
176
     1
 42
1.0
176
     1
 92
        0
176
     1
 66
   257
176
     1
 43
1.0
176
     1
 76
     1
176
     1
 77
     6
176
     1
 78
     2
176
     1
 67
     7
176
     1
 79
     5
176
     1
170
     0
176
     1
171
     0
176
     1
290
     0
176
     1
 93
       13
176
     1
 44
0.0
176
     1
173
     0
176
     1
  0
VISUALSTYLE
  5
2D
102
{ACAD_REACTORS
330
2A
102
}
330
2A
100
AcDbVisualStyle
  2
Gouraud
 70
     2
177
     2
291
     1
 71
     2
176
     1
 72
     2
176
     1
 73
     1
176
     1
 90
        2
176
     1
 40
-0.6
176
     1
 41
30.0
176
     1
 62
     5
 63
     7
421
 16777215
176
     1
 74
     0
176
     1
 91
        4
176
     1
 64
     7
176
     1
 65
   257
176
     1
 75
     1
176
     1
175
     1
176
     1
 42
1.0
176
     1
 92
        0
176
     1
 66
     7
176
     1
 43
1.0
176
     1
 76
     1
176
     1
 77
     6
176
     1
 78
     2
176
     1
 67
     7
176
     1
 79
     5
176
     1
170
     0
176
     1
171
     0
176
     1
290
     0
176
     1
 93
       13
176
     1
 44
0.0
176
     1
173
     0
176
     1
  0
VISUALSTYLE
  5
2E
102
{ACAD_REACTORS
330
2A
102
}
330
2A
100
AcDbVisualStyle
  2
GouraudWithEdges
 70
     3
177
     2
291
     1
 71
     2
176
     1
 72
     2
176
     1
 73
     1
176
     1
 90
        2
176
     1
 40
-0.6
176
     1
 41
30.0
176
     1
 62
     5
 63
     7
421
 16777215
176
     1
 74
     1
176
     1
 91
        4
176
     1
 64
     7
176
     1
 65
   257
176
     1
 75
     1
176
     1
175
     1
176
     1
 42
1.0
176
     1
 92
        0
176
     1
 66
   257
176
     1
 43
1.0
176
     1
 76
     1
176
     1
 77
     6
176
     1
 78
     2
176
     1
 67
     7
176
     1
 79
     5
176
     1
170
     0
176
     1
171
     0
176
     1
290
     0
176
     1
 93
       13
176
     1
 44
0.0
176
     1
173
     0
176
     1
  0
VISUALSTYLE
  5
38
102
{ACAD_REACTORS
330
2A
102
}
330
2A
100
AcDbVisualStyle
  2
Linepattern
 70
    14
177
     2
291
     1
 71
     2
176
     1
 72
     2
176
     1
 73
     0
176
     1
 90
        0
176
     1
 40
-0.6
176
     1
 41
-30.0
176
     1
 62
     5
 63
     7
421
 16777215
176
     1
 74
     1
176
     1
 91
        4
176
     1
 64
     7
176
     1
 65
   257
176
     1
 75
     7
176
     1
175
     7
176
     1
 42
1.0
176
     1
 92
        8
176
     1
 66
     7
176
     1
 43
1.0
176
     1
 76
     1
176
     1
 77
     6
176
     1
 78
     2
176
     1
 67
     7
176
     1
 79
     5
176
     1
170
     0
176
     1
171
     0
176
     1
290
     0
176
     1
 93
        1
176
     1
 44
0.0
176
     1
173
     0
176
     1
  0
VISUALSTYLE
  5
33
102
{ACAD_REACTORS
330
2A
102
}
330
2A
100
AcDbVisualStyle
  2
Realistic
 70
     8
177
     2
291
     0
 71
     2
176
     1
 72
     2
176
     1
 73
     0
176
     1
 90
        0
176
     1
 40
-0.6
176
     1
 41
-30.0
176
     1
 62
     5
 63
     7
421
 16777215
176
     1
 74
     1
176
     1
 91
        0
176
     1
 64
     7
176
     1
 65
   257
176
     1
 75
     1
176
     1
175
     1
176
     1
 42
1.0
176
     1
 92
        8
176
     1
 66
     8
424
  7895160
176
     1
 43
1.0
176
     1
 76
     1
176
     1
 77
     6
176
     1
 78
     2
176
     1
 67
     7
176
     1
 79
     5
176
     1
170
     0
176
     1
171
     0
176
     1
290
     0
176
     1
 93
       13
176
     1
 44
0.0
176
     1
173
     0
176
     1
  0
VISUALSTYLE
  5
37
102
{ACAD_REACTORS
330
2A
102
}
330
2A
100
AcDbVisualStyle
  2
Thicken
 70
    13
177
     2
291
     1
 71
     2
176
     1
 72
     2
176
     1
 73
     0
176
     1
 90
        0
176
     1
 40
-0.6
176
     1
 41
-30.0
176
     1
 62
     5
 63
     7
421
 16777215
176
     1
 74
     1
176
     1
 91
        4
176
     1
 64
     7
176
     1
 65
   257
176
     1
 75
     1
176
     1
175
     1
176
     1
 42
1.0
176
     1
 92
       12
176
     1
 66
     7
176
     1
 43
1.0
176
     1
 76
     1
176
     1
 77
     6
176
     1
 78
     2
176
     1
 67
     7
176
     1
 79
     5
176
     1
170
     0
176
     1
171
     0
176
     1
290
     0
176
     1
 93
        1
176
     1
 44
0.0
176
     1
173
     0
176
     1
  0
ENDSEC
  0
EOF
